open_timestamp,logistic,hist_gradient_boosting,buy_and_hold,cash,24h_momentum
2023-01-01 02:00:00,1.0,0.9993,0.9993,1.0,0.9993
2023-01-01 03:00:00,1.0,0.998816630917495,0.998816630917495,1.0,0.999783369082505
2023-01-01 04:00:00,1.0,0.9980130298178302,0.9980130298178302,1.0,1.0005869701821697
2023-01-01 05:00:00,1.0,0.9973242288752605,0.9973242288752605,1.0,1.0012757711247395
2023-01-01 06:00:00,1.0,0.9977955137307029,0.9977955137307029,1.0,1.000804486269297
2023-01-01 07:00:00,1.0,0.9983815987432403,0.9983815987432403,1.0,1.0002184012567596
2023-01-01 08:00:00,1.0,0.9974269448052928,0.9974269448052928,1.0,1.0011730551947071
2023-01-01 09:00:00,1.0,0.9965085435485332,0.9965085435485332,1.0,1.002091456451467
2023-01-01 10:00:00,1.0,0.9982245037914262,0.9982245037914262,1.0,1.0003754962085738
2023-01-01 11:00:00,1.0,0.9988407993716203,0.9988407993716203,1.0,0.9997592006283796
2023-01-01 12:00:00,1.0,0.9992577052052807,0.9992577052052807,1.0,0.9993422947947191
2023-01-01 13:00:00,1.0,0.9994993897465333,0.9994993897465333,1.0,0.9991006102534666
2023-01-01 14:00:00,1.0,0.9986595359656808,0.9986595359656808,1.0,0.9999404640343191
2023-01-01 15:00:00,1.0,0.9982547143590829,0.9982547143590829,1.0,1.0003452856409172
2023-01-01 16:00:00,1.0,0.9994510528382828,0.9994510528382828,1.0,0.9991489471617171
2023-01-01 17:00:00,1.0,0.9996383583577534,0.9996383583577534,1.0,0.9989616416422465
2023-01-01 18:00:00,1.0,1.0006655176580768,1.0006655176580768,1.0,0.9979344823419233
2023-01-01 19:00:00,1.0,1.0013422343735838,1.0013422343735838,1.0,0.9972577656264161
2023-01-01 20:00:00,1.0,1.0020552037702788,1.0020552037702788,1.0,0.9965447962297213
2023-01-01 21:00:00,1.0,1.0019101930455274,1.0019101930455274,1.0,0.9966898069544726
2023-01-01 22:00:00,1.0,1.0021458354732484,1.0021458354732484,1.0,0.9964541645267515
2023-01-01 23:00:00,1.0,1.0019524878402466,1.0019524878402466,1.0,0.9966475121597533
2023-01-02 00:00:00,1.0,1.0029192260052568,1.0029192260052568,1.0,0.9956807739947432
2023-01-02 01:00:00,1.0,1.0009615812211112,1.0009615812211112,1.0,0.9976384187788888
2023-01-02 02:00:00,1.0,0.9989622730431104,0.9996625268118787,1.0,0.9975384533657593
2023-01-02 03:00:00,1.0,0.9989622730431104,1.0011065919458628,1.0,0.9989794505296601
2023-01-02 04:00:00,1.0,0.9989622730431104,1.0055958822996285,1.0,1.0034592032191088
2023-01-02 05:00:00,1.0,0.9989622730431104,1.0042122383009577,1.0,1.002078498823572
2023-01-02 06:00:00,1.0,0.9989622730431104,1.0047137337240566,1.0,1.0025789288009936
2023-01-02 07:00:00,1.0,0.9989622730431104,1.004254533095677,1.0,1.0021207037614268
2023-01-02 08:00:00,1.0,0.9989622730431104,1.0090942660342588,1.0,1.0069501545073871
2023-01-02 09:00:00,1.0,0.9989622730431104,1.0098193196580163,1.0,1.0076736677277556
2023-01-02 10:00:00,1.0,0.9989622730431104,1.0089371710824446,1.0,1.0067933933096407
2023-01-02 11:00:00,1.0,0.9989622730431104,1.0095474245491072,1.0,1.0074023502701175
2023-01-02 12:00:00,1.0,0.9989622730431104,1.0100489199722065,1.0,1.007902780247539
2023-01-02 13:00:00,1.0,0.9989622730431104,1.0091305187154467,1.0,1.0069863301684057
2023-01-02 14:00:00,1.0,0.9989622730431104,1.007589779764962,1.0,1.0054488645751223
2023-01-02 15:00:00,1.0,0.9989622730431104,1.0080127277121538,1.0,1.0058709139536708
2023-01-02 16:00:00,1.0,0.9989622730431104,1.010097256880457,1.0,1.0079510144622303
2023-01-02 17:00:00,1.0,0.9989622730431104,1.0085806863840971,1.0,1.0064376659762926
2023-01-02 18:00:00,1.0,0.9989622730431104,1.0089371710824446,1.0,1.0067933933096407
2023-01-02 19:00:00,1.0,0.9989622730431104,1.0094386665055437,1.0,1.007293823287062
2023-01-02 20:00:00,1.0,0.9989622730431104,1.010175804356364,1.0,1.0080293950611037
2023-01-02 21:00:00,1.0,0.9989622730431104,1.0097045195009215,1.0,1.0075591114678641
2023-01-02 22:00:00,1.0,0.9989622730431104,1.0114688166520651,1.0,1.0093196603040944
2023-01-02 23:00:00,1.0,0.9989622730431104,1.0080066855986225,1.0,1.005864884676834
2023-01-03 00:00:00,1.0,0.9989622730431104,1.0062725990151355,1.0,1.0041344822247862
2023-01-03 01:00:00,1.0,0.9989622730431104,1.0076683272408689,1.0,1.0055272451739956
2023-01-03 02:00:00,1.0,0.9989622730431104,1.0065444941240447,1.0,1.0029996349278687
2023-01-03 03:00:00,1.0,0.9989622730431104,1.0063088516963234,1.0,1.0027648212051448
2023-01-03 04:00:00,1.0,0.9989622730431104,1.0073903900184287,1.0,1.0038425559838007
2023-01-03 05:00:00,1.0,0.9989622730431104,1.0069976526388933,1.0,1.0034511997792608
2023-01-03 06:00:00,1.0,0.9989622730431104,1.0095413824355761,1.0,1.0059859838117422
2023-01-03 07:00:00,1.0,0.9989622730431104,1.0095292982085133,1.0,1.0059739420823717
2023-01-03 08:00:00,1.0,0.9989622730431104,1.0097286879550467,1.0,1.0061726306169843
2023-01-03 09:00:00,1.0,0.9989622730431104,1.008943213195976,1.0,1.0053899182079045
2023-01-03 10:00:00,1.0,0.9989622730431104,1.0103208150811156,1.0,1.0067626753561367
2023-01-03 11:00:00,1.0,0.9989622730431104,1.0094326243920124,1.0,1.0058776082474081
2023-01-03 12:00:00,1.0,0.9989622730431104,1.00919093985076,1.0,1.005636773659999
2023-01-03 13:00:00,1.0,0.9989622730431104,1.0085625600435033,1.0,1.005010603732735
2023-01-03 14:00:00,1.0,0.9989622730431104,1.0094326243920124,1.0,1.0058776082474081
2023-01-03 15:00:00,1.0,0.9989622730431104,1.0054992084831273,1.0,1.001958025337324
2023-01-03 16:00:00,1.0,0.9989622730431104,1.0065747046917013,1.0,1.0030297392512948
2023-01-03 17:00:00,1.0,0.9989622730431104,1.0033361318389173,1.0,0.9998025557800122
2023-01-03 18:00:00,1.0,0.9989622730431104,1.0038678378296728,1.0,1.0003323918723122
2023-01-03 19:00:00,1.0,0.9989622730431104,1.004562680885774,1.0,1.0010247913111134
2023-01-03 20:00:00,1.0,0.9989622730431104,1.004562680885774,1.0,1.0010247913111134
2023-01-03 21:00:00,1.0,0.9989622730431104,1.0056744297755356,1.0,1.0021326304131957
2023-01-03 22:00:00,1.0,0.9989622730431104,1.0058436089544123,1.0,1.002301214624382
2023-01-03 23:00:00,1.0,0.9989622730431104,1.0065324098969821,1.0,1.0029875931984982
2023-01-04 00:00:00,1.0,0.9989622730431104,1.006357188604574,1.0,1.0028129881226264
2023-01-04 01:00:00,1.0,0.9989622730431104,1.0056502613214102,1.0,1.0021085469544546
2023-01-04 02:00:00,1.0,0.9982629994519802,1.0080973173015921,1.0,1.003140632114167
2023-01-04 03:00:00,1.0,0.9962885410449017,1.0100912147669254,1.0,1.0011565262666626
2023-01-04 04:00:00,1.0,0.9887018341958849,1.0177526147246307,1.0,0.9935327498586765
2023-01-04 05:00:00,1.0,0.9889052632438871,1.0175471828645661,1.0,0.9937371728853891
2023-01-04 06:00:00,1.0,0.9891565579502425,1.0172934140962508,1.0,0.9939896954477988
2023-01-04 07:00:00,1.0,0.9876906721631691,1.0187737319114227,1.0,0.9925166471670759
2023-01-04 08:00:00,1.0,0.9883069425144693,1.0181513942176974,1.0,0.9931359286891757
2023-01-04 09:00:00,1.0,0.988630035708355,1.0178251200870063,1.0,0.993460600555131
2023-01-04 10:00:00,1.0,0.989718979435895,1.0167254554243075,1.0,0.9945548649922392
2023-01-04 11:00:00,1.0,0.9897788115088368,1.0166650342889945,1.0,0.9946149894118606
2023-01-04 12:00:00,1.0,0.9904489307257847,1.0159883175734874,1.0,0.9952883829116196
2023-01-04 13:00:00,1.0,0.9915677904897958,1.0148584423431317,1.0,0.9964127095585388
2023-01-04 14:00:00,1.0,0.9908378391999062,1.015595580193952,1.0,0.9956791916391583
2023-01-04 15:00:00,1.0,0.9907959567488469,1.0156378749886712,1.0,0.9956371045454234
2023-01-04 16:00:00,1.0,0.9892642556815376,1.0171846560526874,1.0,0.9940979194031171
2023-01-04 17:00:00,1.0,0.989006977767888,1.0174444669345337,1.0,0.9938393843987454
2023-01-04 18:00:00,1.0,0.9869367880441027,1.0195350382163682,1.0,0.9917590794798469
2023-01-04 19:00:00,1.0,0.9835562759228925,1.0229488323615603,1.0,0.9883620497712411
2023-01-04 20:00:00,1.0,0.9898984756547203,1.0165441920183682,1.0,0.9947352382511032
2023-01-04 21:00:00,1.0,0.9919806317930941,1.014441536509471,1.0,0.9968275680539261
2023-01-04 22:00:00,1.0,0.9908916880655538,1.01554120117217,1.0,0.9957333036168177
2023-01-04 23:00:00,1.0,0.9909275873093188,1.0155049484909822,1.0,0.9957693782685904
2023-01-05 00:00:00,1.0,0.9895215335951872,1.0169248451708408,1.0,0.9943564544074889
2023-01-05 01:00:00,1.0,0.990861772029083,1.0155714117398267,1.0,0.995703241407007
2023-01-05 02:00:00,1.0,0.9898459730107141,1.015885601643455,1.0,0.9939862013375346
2023-01-05 03:00:00,1.0,0.9898459730107141,1.0160608229358632,1.0,0.9941576473517583
2023-01-05 04:00:00,1.0,0.9898459730107141,1.0155230748315762,1.0,0.9936314854460375
2023-01-05 05:00:00,1.0,0.9898459730107141,1.0161272861847075,1.0,0.9942226785985325
2023-01-05 06:00:00,1.0,0.9898459730107141,1.016562318358962,1.0,0.994648337668329
2023-01-05 07:00:00,1.0,0.9898459730107141,1.0150034530678833,1.0,0.9931230593348919
2023-01-05 08:00:00,1.0,0.9898459730107141,1.015347853539168,1.0,0.9934600394318139
2023-01-05 09:00:00,1.0,0.9898459730107141,1.0143690311470954,1.0,0.9925023065247721
2023-01-05 10:00:00,1.0,0.9898459730107141,1.0144173680553459,1.0,0.9925496019769717
2023-01-05 11:00:00,1.0,0.9898459730107141,1.015365979879762,1.0,0.9934777752263889
2023-01-05 12:00:00,1.0,0.9898459730107141,1.0160064439140812,1.0,0.9941044399680335
2023-01-05 13:00:00,1.0,0.9898459730107141,1.0151968007008851,1.0,0.9933122411436901
2023-01-05 14:00:00,1.0,0.9898459730107141,1.0126228603365457,1.0,0.9907937583140615
2023-01-05 15:00:00,1.0,0.9898459730107141,1.0157405909187034,1.0,0.9938443149809357
2023-01-05 16:00:00,1.0,0.9898459730107141,1.0165925289266187,1.0,0.9946778973259538
2023-01-05 17:00:00,1.0,0.9898459730107141,1.01636897072596,1.0,0.9944591558595306
2023-01-05 18:00:00,1.0,0.9898459730107141,1.014785936980756,1.0,0.9929102297999935
2023-01-05 19:00:00,1.0,0.9898459730107141,1.0166106552672125,1.0,0.9946956331205286
2023-01-05 20:00:00,1.0,0.9898459730107141,1.0177767831787559,1.0,0.995836635904844
2023-01-05 21:00:00,1.0,0.9898459730107141,1.01756530920516,1.0,0.9956297183014707
2023-01-05 22:00:00,1.0,0.9898459730107141,1.016791918673152,1.0,0.9948729910662771
2023-01-05 23:00:00,1.0,0.9898459730107141,1.0161816652064894,1.0,0.9942758859822572
2023-01-06 00:00:00,1.0,0.9898459730107141,1.0158130962810792,1.0,0.9939152581592351
2023-01-06 01:00:00,1.0,0.9898459730107141,1.0175230144104408,1.0,0.995588334780796
2023-01-06 02:00:00,1.0,0.9898459730107141,1.0154686958097943,1.0,0.9921872682731433
2023-01-06 03:00:00,1.0,0.9898459730107141,1.0161152019576447,1.0,0.991555577388986
2023-01-06 04:00:00,1.0,0.9898459730107141,1.015885601643455,1.0,0.9917799162076587
2023-01-06 05:00:00,1.0,0.9898459730107141,1.0152451376091358,1.0,0.9924057034386928
2023-01-06 06:00:00,1.0,0.9898459730107141,1.0144536207365338,1.0,0.9931790819978012
2023-01-06 07:00:00,1.0,0.9898459730107141,1.0131183136461135,1.0,0.9944837893379763
2023-01-06 08:00:00,1.0,0.9898459730107141,1.0135050089121174,1.0,0.9941059555381067
2023-01-06 09:00:00,1.0,0.9898459730107141,1.0139339989728409,1.0,0.9936867961663761
2023-01-06 10:00:00,1.0,0.9898459730107141,1.013245198030271,1.0,0.9943598126223941
2023-01-06 11:00:00,1.0,0.9898459730107141,1.011970312075164,1.0,0.9956054834313395
2023-01-06 12:00:00,1.0,0.9898459730107141,1.010236225491677,1.0,0.9972998318776303
2023-01-06 13:00:00,1.0,0.9898459730107141,1.0098011933174225,1.0,0.9977248949024837
2023-01-06 14:00:00,1.0,0.9898459730107141,1.0123751336817621,1.0,0.9952099386721008
2023-01-06 15:00:00,1.0,0.9898459730107141,1.0109310685477781,1.0,0.9966209117684893
2023-01-06 16:00:00,1.0,0.9898459730107141,1.0164354339748043,1.0,0.991242683773469
2023-01-06 17:00:00,1.0,0.9898459730107141,1.0156137065345459,1.0,0.992045580598192
2023-01-06 18:00:00,1.0,0.9898459730107141,1.0152813902903237,1.0,0.9923702815199551
2023-01-06 19:00:00,1.0,0.9898459730107141,1.016888592489653,1.0,0.9907999097892467
2023-01-06 20:00:00,1.0,0.9898459730107141,1.0223929579166793,1.0,0.9854216817942261
2023-01-06 21:00:00,1.0,0.9898459730107141,1.0197283858493702,1.0,0.9880251928214535
2023-01-06 22:00:00,1.0,0.9898459730107141,1.0218068729041418,1.0,0.9859943361471537
2023-01-06 23:00:00,1.0,0.9898459730107141,1.0233657381952208,1.0,0.984471193641429
2023-01-07 00:00:00,1.0,0.9898459730107141,1.0230696746321866,1.0,0.9847604726444541
2023-01-07 01:00:00,1.0,0.9898459730107141,1.0246406241503279,1.0,0.9832255228324833
2023-01-07 02:00:00,1.0,0.9898459730107141,1.0229004954533096,1.0,0.9835367163144466
2023-01-07 03:00:00,1.0,0.9898459730107141,1.0225258844143683,1.0,0.9831765154313532
2023-01-07 04:00:00,1.0,0.9898459730107141,1.0230938430863117,1.0,0.9837226264476562
2023-01-07 05:00:00,1.0,0.9898459730107141,1.0222298208513338,1.0,0.982891840539876
2023-01-07 06:00:00,1.0,0.9898459730107141,1.0220364732183318,1.0,0.9827059304066664
2023-01-07 07:00:00,1.0,0.9898459730107141,1.0219337572882994,1.0,0.9826071656483988
2023-01-07 08:00:00,1.0,0.9898459730107141,1.0228219479774026,1.0,0.9834611903228303
2023-01-07 09:00:00,1.0,0.9898459730107141,1.0217524938823601,1.0,0.9824328748985148
2023-01-07 10:00:00,1.0,0.9898459730107141,1.021867294039455,1.0,0.9825432590401081
2023-01-07 11:00:00,1.0,0.9898459730107141,1.0214564303193259,1.0,0.9821482000070377
2023-01-07 12:00:00,1.0,0.9898459730107141,1.0211603667562914,1.0,0.9818635251155605
2023-01-07 13:00:00,1.0,0.9898459730107141,1.021172450983354,1.0,0.9818751444988861
2023-01-07 14:00:00,1.0,0.9898459730107141,1.0211361983021663,1.0,0.9818402863489095
2023-01-07 15:00:00,1.0,0.9898459730107141,1.0223385788948975,1.0,0.9829964149898064
2023-01-07 16:00:00,1.0,0.9898459730107141,1.022501715960243,1.0,0.983153276664702
2023-01-07 17:00:00,1.0,0.9898459730107141,1.0214080934110754,1.0,0.9821017224737354
2023-01-07 18:00:00,1.0,0.9898459730107141,1.0218189571312046,1.0,0.9824967815068057
2023-01-07 19:00:00,1.0,0.9898459730107141,1.0223567052354914,1.0,0.9830138440647948
2023-01-07 20:00:00,1.0,0.9898459730107141,1.0226708951391197,1.0,0.9833159480312603
2023-01-07 21:00:00,1.0,0.9898459730107141,1.022791737409746,1.0,0.9834321418645162
2023-01-07 22:00:00,1.0,0.9898459730107141,1.0223204525543035,1.0,0.982978985914818
2023-01-07 23:00:00,1.0,0.9898459730107141,1.0222539893054592,1.0,0.9829150793065273
2023-01-08 00:00:00,1.0,0.9898459730107141,1.0226225582308692,1.0,0.983269470497958
2023-01-08 01:00:00,1.0,0.9898459730107141,1.0215833147034834,1.0,0.9822702035319565
2023-01-08 02:00:00,1.0,0.9891530808296066,1.021921673061237,1.0,0.981219912039129
2023-01-08 03:00:00,1.0,0.9891881715884179,1.0219579257424247,1.0,0.9812547213643401
2023-01-08 04:00:00,1.0,0.9899718652018717,1.0227675689556208,1.0,0.9820321296273906
2023-01-08 05:00:00,1.0,0.9894981399579182,1.0222781577595843,1.0,0.9815622037370391
2023-01-08 06:00:00,1.0,0.9898724413852396,1.0226648530255884,1.0,0.9819335032059587
2023-01-08 07:00:00,1.0,0.9903754089282023,1.0231844747892813,1.0,0.9824324368673194
2023-01-08 08:00:00,1.0,0.9903578635487966,1.0231663484486875,1.0,0.9824150322047138
2023-01-08 09:00:00,1.0,0.9899660167420697,1.0227615268420893,1.0,0.9820263280731886
2023-01-08 10:00:00,1.0,0.989299292324654,1.02207272589952,1.0,0.9813649508941756
2023-01-08 11:00:00,1.0,0.9894981399579182,1.0222781577595843,1.0,0.9815622037370391
2023-01-08 12:00:00,1.0,0.9887787794022853,1.021534977795233,1.0,0.9808486125702093
2023-01-08 13:00:00,1.0,0.9885974771484267,1.0213476722757622,1.0,0.9806687643899514
2023-01-08 14:00:00,1.0,0.9891062931511913,1.0218733361529864,1.0,0.9811734996055138
2023-01-08 15:00:00,1.0,0.9903695604684005,1.02317843267575,1.0,0.9824266353131177
2023-01-08 16:00:00,1.0,0.9930130642988565,1.0259094679919036,1.0,0.9850489378123625
2023-01-08 17:00:00,1.0,0.9894572007393049,1.0222358629648651,1.0,0.981521592857626
2023-01-08 18:00:00,1.0,0.9888665062993137,1.0216256094982026,1.0,0.9809356358832373
2023-01-08 19:00:00,1.0,0.9889893239551534,1.0217524938823601,1.0,0.9810574685214765
2023-01-08 20:00:00,1.0,0.9888840516787194,1.0216437358387964,1.0,0.9809530405458429
2023-01-08 21:00:00,1.0,0.9911766479210617,1.0240122443430713,1.0,0.9832272497929755
2023-01-08 22:00:00,1.0,0.9905742565614668,1.0233899066493461,1.0,0.982629689710183
2023-01-08 23:00:00,1.0,0.9910187395064106,1.0238491072777258,1.0,0.983070607829525
2023-01-09 00:00:00,1.0,1.0008324550539882,1.0339877737832694,1.0,0.9928056157802609
2023-01-09 01:00:00,1.0,1.0040081687264166,1.0372686414307726,1.0,0.995955859711876
2023-01-09 02:00:00,1.0,1.0019075718651465,1.0365496299205463,1.0,0.9938721099795126
2023-01-09 03:00:00,1.0,1.0028361842863769,1.037510325972025,1.0,0.9947932747779015
2023-01-09 04:00:00,1.0,1.0031398814304269,1.0378245158756534,1.0,0.9950945362213995
2023-01-09 05:00:00,1.0,1.0047751737445432,1.039516307664421,1.0,0.9967167132248514
2023-01-09 06:00:00,1.0,1.0035428641792628,1.038241421709314,1.0,0.9954942869829645
2023-01-09 07:00:00,1.0,1.0027193776925114,1.0373894837013988,1.0,0.9946774049919406
2023-01-09 08:00:00,1.0,1.0032391670352125,1.0379272318056856,1.0,0.9951930255394662
2023-01-09 09:00:00,1.0,1.0028245036269903,1.0374982417449625,1.0,0.9947816877993053
2023-01-09 10:00:00,1.0,1.005586979571908,1.0403561614452737,1.0,0.9975220082372794
2023-01-09 11:00:00,1.0,1.0070704233139993,1.0418908582822273,1.0,0.9989935545189823
2023-01-09 12:00:00,1.0,1.00571546682516,1.0404890879429625,1.0,0.9976494650018364
2023-01-09 13:00:00,1.0,1.0063228611132602,1.041117467750219,1.0,0.9982519878888327
2023-01-09 14:00:00,1.0,1.0049153416571817,1.0396613183891725,1.0,0.9968557569680045
2023-01-09 15:00:00,1.0,1.007064582984306,1.0418848161686958,1.0,0.9989877610296841
2023-01-09 16:00:00,1.0,1.007362439798663,1.042192963958793,1.0,0.9992832289838844
2023-01-09 17:00:00,1.0,1.010755671350454,1.0457034319204859,1.0,1.002649246266047
2023-01-09 18:00:00,1.0,1.012531131577209,1.0475402344340052,1.0,1.0044104670126521
2023-01-09 19:00:00,1.0,1.01208726652052,1.0470810338056253,1.0,1.0039701618260009
2023-01-09 20:00:00,1.0,1.0088342028813673,1.0437155765686836,1.0,1.000743188286991
2023-01-09 21:00:00,1.0,1.004582442864665,1.0393169179178876,1.0,0.9965255280780161
2023-01-09 22:00:00,1.0,1.0022287899982765,1.0368819461647685,1.0,0.9941907518909049
2023-01-09 23:00:00,1.0,1.0037122337403677,1.038416643001722,1.0,0.9956622981726079
2023-01-10 00:00:00,1.0,1.0020594204371716,1.0367067248723603,1.0,0.9940227407012616
2023-01-10 01:00:00,1.0,1.0044773169301862,1.0392081598743241,1.0,0.9964212452706513
2023-01-10 02:00:00,1.0,1.0016771646393212,1.0377640947403401,1.0,0.99364355065716
2023-01-10 03:00:00,1.0,1.0010881166800272,1.0371538412736776,1.0,0.9930592269584252
2023-01-10 04:00:00,1.0,1.0024236808649614,1.0385374852723483,1.0,0.9943840797011015
2023-01-10 05:00:00,1.0,1.003339329672973,1.0394860970967645,1.0,0.9952923848565606
2023-01-10 06:00:00,1.0,1.0037359164178443,1.039896960816894,1.0,0.9956857909111546
2023-01-10 07:00:00,1.0,1.002248716124577,1.038356221866409,1.0,0.9942105182064278
2023-01-10 08:00:00,1.0,1.0021145764902821,1.0382172532551885,1.0,0.9940774543938444
2023-01-10 09:00:00,1.0,1.0053980814514962,1.0416189631733181,1.0,0.9973346251105552
2023-01-10 10:00:00,1.0,1.0047682083861122,1.0409664149119362,1.0,0.9967098037297295
2023-01-10 11:00:00,1.0,1.0061970870992514,1.0424467327271079,1.0,0.9981272226028983
2023-01-10 12:00:00,1.0,1.0050131590226503,1.0412201836802515,1.0,0.9969527898222728
2023-01-10 13:00:00,1.0,1.0033743226210499,1.0395223497779524,1.0,0.9953270971554955
2023-01-10 14:00:00,1.0,1.0046865581739328,1.0408818253224978,1.0,0.9966288083655485
2023-01-10 15:00:00,1.0,1.007060246485148,1.0433409655297425,1.0,0.9989834593099557
2023-01-10 16:00:00,1.0,1.0092881308460422,1.045649052898704,1.0,1.0011934756754677
2023-01-10 17:00:00,1.0,1.0079234058710442,1.0442351983323768,1.0,0.9998396960170126
2023-01-10 18:00:00,1.0,1.0093464524261704,1.0457094740340172,1.0,1.0012513295070258
2023-01-10 19:00:00,1.0,1.0157035046601366,1.0522953777831485,1.0,1.0075573971468383
2023-01-10 20:00:00,1.0,1.0154993791296882,1.0520839038095526,1.0,1.0073549087363856
2023-01-10 21:00:00,1.0,1.0179780462851338,1.0546518020603608,1.0,1.009813696577597
2023-01-10 22:00:00,1.0,1.0172140335854554,1.0538602851877588,1.0,1.0090558113841883
2023-01-10 23:00:00,1.0,1.0152485963351372,1.051824092927706,1.0,1.0071061372606867
2023-01-11 00:00:00,1.0,1.0157734905562905,1.0523678831455243,1.0,1.0076268217447077
2023-01-11 01:00:00,1.0,1.0174006626418655,1.0540536328207608,1.0,1.0092409436451737
2023-01-11 02:00:00,1.0,1.0155977496884727,1.0536608954412254,1.0,1.0074524903472695
2023-01-11 03:00:00,1.0,1.0115092633983125,1.0494193317422436,1.0,1.0033967943829607
2023-01-11 04:00:00,1.0,1.013122526507108,1.0510929971904173,1.0,1.004997118858906
2023-01-11 05:00:00,1.0,1.012749787016267,1.0507063019244132,1.0,1.0046273687994818
2023-01-11 06:00:00,1.0,1.0125983615981131,1.0505492069725992,1.0,1.0044771578378406
2023-01-11 07:00:00,1.0,1.014252393088719,1.052265167215492,1.0,1.0061179237265352
2023-01-11 08:00:00,1.0,1.0148347985431578,1.0528693785686234,1.0,1.0066956581943856
2023-01-11 09:00:00,1.0,1.0150269923431228,1.0530687683151567,1.0,1.0068863105687762
2023-01-11 10:00:00,1.0,1.0148231504340692,1.0528572943415608,1.0,1.0066841035050287
2023-01-11 11:00:00,1.0,1.0145144755432165,1.052537062324401,1.0,1.006377904237068
2023-01-11 12:00:00,1.0,1.0143397539068848,1.0523557989184618,1.0,1.0062045838967129
2023-01-11 13:00:00,1.0,1.0131749429980073,1.051147376212199,1.0,1.0050491149610123
2023-01-11 14:00:00,1.0,1.0129478048707763,1.050911733784478,1.0,1.0048237985185509
2023-01-11 15:00:00,1.0,1.0130235175798532,1.0509902812603849,1.0,1.0048989039993714
2023-01-11 16:00:00,1.0,1.0083176815079882,1.0461082535270838,1.0,1.0002308094991414
2023-01-11 17:00:00,1.0,1.0091738175260132,1.046996444216187,1.0,1.0010800791668812
2023-01-11 18:00:00,1.0,1.011124875798383,1.049020552249177,1.0,1.0030154896341796
2023-01-11 19:00:00,1.0,1.0171236519791023,1.0552439291864295,1.0,1.008966154653037
2023-01-11 20:00:00,1.0,1.0208685190511435,1.059129008187064,1.0,1.012680987281314
2023-01-11 21:00:00,1.0,1.0209675279783983,1.0592317241170963,1.0,1.0127792021408488
2023-01-11 22:00:00,1.0,1.021264554760162,1.0595398719071931,1.0,1.0130738467194522
2023-01-11 23:00:00,1.0,1.0212936750328838,1.0595700824748497,1.0,1.0131027334428448
2023-01-12 00:00:00,1.0,1.0438677104469305,1.0829893145222198,1.0,1.0354957214167202
2023-01-12 01:00:00,1.0,1.0629880815161556,1.1028255732455214,1.0,1.0544627439962437
2023-01-12 02:00:00,1.0,1.058603601369833,1.0998166007069272,1.0,1.0501134280947013
2023-01-12 03:00:00,1.0,1.0577602709514724,1.0989404942448868,1.0,1.049276861323631
2023-01-12 04:00:00,1.0,1.058778083525356,1.0999978641128667,1.0,1.0502865108749226
2023-01-12 05:00:00,1.0,1.0581499477654734,1.099345315851485,1.0,1.0496634128661257
2023-01-12 06:00:00,1.0,1.0508391454490638,1.0917503791426242,1.0,1.0424112443748477
2023-01-12 07:00:00,1.0,1.0544102135654325,1.0954602368508506,1.0,1.0459536719433797
2023-01-12 08:00:00,1.0,1.053665756368535,1.0946868463188424,1.0,1.045215185414435
2023-01-12 09:00:00,1.0,1.0545905117928063,1.0956475423703211,1.0,1.0461325241496084
2023-01-12 10:00:00,1.0,1.0554338422111669,1.0965236488323615,1.0,1.0469690909206786
2023-01-12 11:00:00,1.0,1.0566028726531704,1.0977381136521556,1.0,1.0481287455481623
2023-01-12 12:00:00,1.0,1.0574578352152328,1.0986263043412587,1.0,1.0489768511712474
2023-01-12 13:00:00,1.0,1.0614651087204088,1.1027893205643335,1.0,1.0529519856903329
2023-01-12 14:00:00,1.0,1.0623026230669188,1.1036593849128427,1.0,1.0537827830353959
2023-01-12 15:00:00,1.0,1.0455523361367198,1.0862580979426604,1.0,1.0371668361341384
2023-01-12 16:00:00,1.0,1.0506646632935408,1.0915691157366847,1.0,1.0422381615946261
2023-01-12 17:00:00,1.0,1.0536192277937289,1.094638509410592,1.0,1.0451690300063758
2023-01-12 18:00:00,1.0,1.0950063950837616,1.137634189299417,1.0,1.0862242654748993
2023-01-12 19:00:00,1.0,1.0921041752302307,1.1346191746472916,1.0,1.083345321897216
2023-01-12 20:00:00,1.0,1.0971757898840966,1.1398878976465967,1.0,1.0883762613756525
2023-01-12 21:00:00,1.0,1.1067664923660054,1.1498513428597326,1.0,1.0978900448618238
2023-01-12 22:00:00,1.0,1.094040927156535,1.1366311984532191,1.0,1.085266540757674
2023-01-12 23:00:00,1.0,1.0989264275111763,1.1417065738195222,1.0,1.0901128586038742
2023-01-13 00:00:00,1.0,1.0948958897185972,1.1375193891423219,1.0,1.086114646380759
2023-01-13 01:00:00,1.0,1.0909060644289734,1.1333744992598411,1.0,1.0821568201396956
2023-01-13 02:00:00,1.0,1.091609057731798,1.1356946708558655,1.0,1.0828541753217502
2023-01-13 03:00:00,1.0,1.0900989626811695,1.137265620374007,1.0,1.0843521591641558
2023-01-13 04:00:00,1.0,1.087915132915645,1.1395374550617807,1.0,1.0865184742593272
2023-01-13 05:00:00,1.0,1.09121410979548,1.1361055345759947,1.0,1.0832459557113023
2023-01-13 06:00:00,1.0,1.0932178897665064,1.1340210054076918,1.0,1.0812582463819564
2023-01-13 07:00:00,1.0,1.0895065407766922,1.1378819159542009,1.0,1.0849398297484842
2023-01-13 08:00:00,1.0,1.0910398680588689,1.1362867979819342,1.0,1.0834188000008107
2023-01-13 09:00:00,1.0,1.0900466901601862,1.1373199993957888,1.0,1.0844040124510084
2023-01-13 10:00:00,1.0,1.0861901397231961,1.1413319627805807,1.0,1.08822963272546
2023-01-13 11:00:00,1.0,1.0783550696335882,1.1494827739343223,1.0,1.0960018642770186
2023-01-13 12:00:00,1.0,1.0855802936450576,1.1419663847013686,1.0,1.088834587738739
2023-01-13 13:00:00,1.0,1.0888676544091185,1.1385465484426451,1.0,1.085573592143348
2023-01-13 14:00:00,1.0,1.0894078037926125,1.137984631884233,1.0,1.0850377748458722
2023-01-13 15:00:00,1.0,1.0810325843195105,1.146697359596387,1.0,1.093345823694907
2023-01-13 16:00:00,1.0,1.0657806243081611,1.1625639497296154,1.0,1.1084754605032046
2023-01-13 17:00:00,1.0,1.0730987772458231,1.1549508866801608,1.0,1.1012160003438538
2023-01-13 18:00:00,1.0,1.0660245627394165,1.1623101809613003,1.0,1.1082334784978929
2023-01-13 19:00:00,1.0,1.0640382069420513,1.1643765837890094,1.0,1.110203903398288
2023-01-13 20:00:00,1.0,1.0598854455528224,1.1686966949638984,1.0,1.1143233589649038
2023-01-13 21:00:00,1.0,1.0535023899349727,1.1753369777348117,1.0,1.1206552214372263
2023-01-13 22:00:00,1.0,1.0334703982825948,1.1961762273043113,1.0,1.1405265532543698
2023-01-13 23:00:00,1.0,1.0315421230641,1.1981822089967071,1.0,1.1424393633915952
2023-01-14 00:00:00,1.0,1.0267678994809586,1.2031488263194465,1.0,1.1471752969241242
2023-01-14 01:00:00,1.0,0.9699941336352084,1.2622104860880337,1.0,1.2034937279222617
2023-01-14 02:00:00,1.0,0.9672554014383509,1.2641741729857103,1.0,1.2036787550653492
2023-01-14 03:00:00,1.0,0.9672554014383509,1.2657149119361952,1.0,1.2051459791411694
2023-01-14 04:00:00,1.0,0.9672554014383509,1.2679142412615934,1.0,1.2072403695866543
2023-01-14 05:00:00,1.0,0.9672554014383509,1.2633282770913266,1.0,1.2028732202786243
2023-01-14 06:00:00,1.0,0.9672554014383509,1.2599446935137912,1.0,1.1996510811317247
2023-01-14 07:00:00,1.0,0.9672554014383509,1.2666151868523612,1.0,1.206003298307041
2023-01-14 08:00:00,1.0,0.9672554014383509,1.2628872028035407,1.0,1.2024531914255463
2023-01-14 09:00:00,1.0,0.9672554014383509,1.2691226639678561,1.0,1.2083911335676898
2023-01-14 10:00:00,1.0,0.9672554014383509,1.240495130056494,1.0,1.1811295348569575
2023-01-14 11:00:00,1.0,0.9672554014383509,1.2387670855865383,1.0,1.1794839423640766
2023-01-14 12:00:00,1.0,0.9672554014383509,1.2520295247877709,1.0,1.1921135770559417
2023-01-14 13:00:00,1.0,0.9672554014383509,1.2633645297725147,1.0,1.2029077431980555
2023-01-14 14:00:00,1.0,0.9672554014383509,1.264875058155343,1.0,1.20434619817435
2023-01-14 15:00:00,1.0,0.9672554014383509,1.258591260082777,1.0,1.198362225472965
2023-01-14 16:00:00,1.0,0.9672554014383509,1.255872308993686,1.0,1.195773006515635
2023-01-14 17:00:00,1.0,0.9672554014383509,1.2574070058306397,1.0,1.19723447677155
2023-01-14 18:00:00,1.0,0.9672554014383509,1.2540052959125103,1.0,1.193995076164935
2023-01-14 19:00:00,1.0,0.9672554014383509,1.2542046856590436,1.0,1.1941849522218058
2023-01-14 20:00:00,1.0,0.9672554014383509,1.2558662668801548,1.0,1.1957672526957297
2023-01-14 21:00:00,1.0,0.9672554014383509,1.2617996223679044,1.0,1.2014175038426143
2023-01-14 22:00:00,1.0,0.9672554014383509,1.2629597081659165,1.0,1.2025222372644084
2023-01-14 23:00:00,1.0,0.9672554014383509,1.2684096945711612,1.0,1.2077121828188788
2023-01-15 00:00:00,1.0,0.9672554014383509,1.2658961753421347,1.0,1.2053185937383248
2023-01-15 01:00:00,1.0,0.9672554014383509,1.2545309597897345,1.0,1.1944956584966855
2023-01-15 02:00:00,1.0,0.9672554014383509,1.2551714238240537,1.0,1.1934324114170012
2023-01-15 03:00:00,1.0,0.9672554014383509,1.2491051418386152,1.0,1.187663692789444
2023-01-15 04:00:00,1.0,0.9672554014383509,1.252222872420773,1.0,1.1906284924028099
2023-01-15 05:00:00,1.0,0.9672554014383509,1.2506337965620375,1.0,1.1891173639177028
2023-01-15 06:00:00,1.0,0.9672554014383509,1.2535460952841306,1.0,1.1918868085177852
2023-01-15 07:00:00,1.0,0.9672554014383509,1.2515582399323284,1.0,1.18999646147748
2023-01-15 08:00:00,1.0,0.9672554014383509,1.2530445998610313,1.0,1.1914099124559452
2023-01-15 09:00:00,1.0,0.9672554014383509,1.245570505422797,1.0,1.1843024374138253
2023-01-15 10:00:00,1.0,0.9672554014383509,1.2543919911785144,1.0,1.1926912115136599
2023-01-15 11:00:00,1.0,0.9672554014383509,1.2529297997039366,1.0,1.1913007434779337
2023-01-15 12:00:00,1.0,0.9672554014383509,1.2522772514425549,1.0,1.1906802040239735
2023-01-15 13:00:00,1.0,0.9672554014383509,1.2504948279508175,1.0,1.188985211996952
2023-01-15 14:00:00,1.0,0.9672554014383509,1.2511896710069184,1.0,1.1896459716007062
2023-01-15 15:00:00,1.0,0.9672554014383509,1.2563858886438477,1.0,1.1945873042896498
2023-01-15 16:00:00,1.0,0.9672554014383509,1.2636122564272982,1.0,1.2014592041686922
2023-01-15 17:00:00,1.0,0.9672554014383509,1.261177284674179,1.0,1.1991436726877105
2023-01-15 18:00:00,1.0,0.9672554014383509,1.2639747832391772,1.0,1.2018039483097813
2023-01-15 19:00:00,1.0,0.9672554014383509,1.2576909851666114,1.0,1.1958283831975705
2023-01-15 20:00:00,1.0,0.9672554014383509,1.2607301682728618,1.0,1.1987184882470339
2023-01-15 21:00:00,1.0,0.9672554014383509,1.2629899187335731,1.0,1.200867393393156
2023-01-15 22:00:00,1.0,0.9672554014383509,1.2628328237817588,1.0,1.2007180042653505
2023-01-15 23:00:00,1.0,0.9672554014383509,1.2637330986979247,1.0,1.2015741188823885
2023-01-16 00:00:00,1.0,0.9672554014383509,1.2610564424035529,1.0,1.1990287579740142
2023-01-16 01:00:00,1.0,0.9672554014383509,1.2670260505724904,1.0,1.2047055448306145
2023-01-16 02:00:00,1.0,0.966578322657344,1.2798051206912178,1.0,1.2151541863963078
2023-01-16 03:00:00,1.0,0.9676873825476356,1.2812733542793269,1.0,1.2137599085224289
2023-01-16 04:00:00,1.0,0.9616172193620885,1.2732373432826802,1.0,1.2213911413300793
2023-01-16 05:00:00,1.0,0.9650813200070738,1.2778233074529473,1.0,1.2170361746375928
2023-01-16 06:00:00,1.0,0.9666924234691024,1.2799561735295006,1.0,1.2150107421706
2023-01-16 07:00:00,1.0,0.9649854753251966,1.2776964230687895,1.0,1.2171566677871875
2023-01-16 08:00:00,1.0,0.9630640176551851,1.2751526932721067,1.0,1.2195722685481054
2023-01-16 09:00:00,1.0,0.9466791410866782,1.253461505694692,1.0,1.240170859359733
2023-01-16 10:00:00,1.0,0.9502345223810701,1.258168312135585,1.0,1.2357011372866806
2023-01-16 11:00:00,1.0,0.9513709664661838,1.259672798404882,1.0,1.2342724327986319
2023-01-16 12:00:00,1.0,0.949636634127456,1.257376795262983,1.0,1.2364527850293892
2023-01-16 13:00:00,1.0,0.9483267568084695,1.2556427086794961,1.0,1.2380995247405138
2023-01-16 14:00:00,1.0,0.9502984188356547,1.2582529017250235,1.0,1.2356208085202844
2023-01-16 15:00:00,1.0,0.9515078874402938,1.2598540618108214,1.0,1.2341002997277826
2023-01-16 16:00:00,1.0,0.9577971241844171,1.268180094256971,1.0,1.2261936540067735
2023-01-16 17:00:00,1.0,0.9579659933858196,1.2684036524576296,1.0,1.225981356552726
2023-01-16 18:00:00,1.0,0.9628221239342574,1.274832461254947,1.0,1.2198763703066056
2023-01-16 19:00:00,1.0,0.970854821082049,1.2854665810700585,1.0,1.2097778968167827
2023-01-16 20:00:00,1.0,0.9721236221088024,1.2871462886317635,1.0,1.208182797026913
2023-01-16 21:00:00,1.0,0.9712245077121462,1.2859559922660948,1.0,1.2093131375254897
2023-01-16 22:00:00,1.0,0.9640498486687776,1.2764577897948703,1.0,1.2183329104379907
2023-01-16 23:00:00,1.0,0.9665600665274626,1.2797809522370924,1.0,1.2151771374724212
2023-01-17 00:00:00,1.0,0.9663592490987679,1.2795150992417148,1.0,1.2154295993096667
2023-01-17 01:00:00,1.0,0.9628038678043759,1.2748082928008218,1.0,1.219899321382719
2023-01-17 02:00:00,1.0,0.9591010349437553,1.2707963294160298,1.0,1.2220079799646042
2023-01-17 03:00:00,1.0,0.9591010349437553,1.2746814084166642,1.0,1.2257444619959614
2023-01-17 04:00:00,1.0,0.9591010349437553,1.275974420712365,1.0,1.2269880190017317
2023-01-17 05:00:00,1.0,0.9591010349437553,1.2778172653394158,1.0,1.228760378285657
2023-01-17 06:00:00,1.0,0.9591010349437553,1.2774305700734119,1.0,1.2283884733867352
2023-01-17 07:00:00,1.0,0.9591010349437553,1.2728385637896138,1.0,1.223972102712036
2023-01-17 08:00:00,1.0,0.9591010349437553,1.2762886106159934,1.0,1.227290191732106
2023-01-17 09:00:00,1.0,0.9591010349437553,1.2802220265248785,1.0,1.2310731618758286
2023-01-17 10:00:00,1.0,0.9591010349437553,1.2786752454608623,1.0,1.2295855422801403
2023-01-17 11:00:00,1.0,0.9591010349437553,1.2758233678740822,1.0,1.2268427436505904
2023-01-17 12:00:00,1.0,0.9591010349437553,1.281351901755234,1.0,1.2321598215023661
2023-01-17 13:00:00,1.0,0.9591010349437553,1.283490809945319,1.0,1.2342169204745286
2023-01-17 14:00:00,1.0,0.9591010349437553,1.28216154496843,1.0,1.2329384973844841
2023-01-17 15:00:00,1.0,0.9591010349437553,1.2852671913235252,1.0,1.2359253586039518
2023-01-17 16:00:00,1.0,0.9591010349437553,1.2787598350503007,1.0,1.2296668964767796
2023-01-17 17:00:00,1.0,0.9591010349437553,1.2778112232258845,1.0,1.2287545672716114
2023-01-17 18:00:00,1.0,0.9591010349437553,1.2815089967070483,1.0,1.2323109078675534
2023-01-17 19:00:00,1.0,0.9591010349437553,1.2900102504456061,1.0,1.2404870046297922
2023-01-17 20:00:00,1.0,0.9591010349437553,1.2885238905169027,1.0,1.2390574951745605
2023-01-17 21:00:00,1.0,0.9591010349437553,1.2919256004350321,1.0,1.2423290960822653
2023-01-17 22:00:00,1.0,0.9591010349437553,1.2867354249116343,1.0,1.2373374350170463
2023-01-17 23:00:00,1.0,0.9591010349437553,1.2820346605842725,1.0,1.2328164660895256
2023-01-18 00:00:00,1.0,0.9591010349437553,1.276046926074741,1.0,1.2270577511702796
2023-01-18 01:00:00,1.0,0.9591010349437553,1.280294531887254,1.0,1.2311428940443763
2023-01-18 02:00:00,1.0,0.9584296642192947,1.2828805564786565,1.0,1.231902931739433
2023-01-18 03:00:00,1.0,0.9606238145541327,1.2858170236548745,1.0,1.2290827141156746
2023-01-18 04:00:00,1.0,0.9588901649068531,1.2834968520588501,1.0,1.2313110342134592
2023-01-18 05:00:00,1.0,0.9600459313383729,1.2850436331228665,1.0,1.2298254874816028
2023-01-18 06:00:00,1.0,0.9613010214476012,1.2867233406845715,1.0,1.2282122765774777
2023-01-18 07:00:00,1.0,0.9590256062855468,1.2836781154647896,1.0,1.2311369467058197
2023-01-18 08:00:00,1.0,0.9613145655854706,1.2867414670251653,1.0,1.2281948678267138
2023-01-18 09:00:00,1.0,0.9585244731843802,1.2830074408628138,1.0,1.2317810704840855
2023-01-18 10:00:00,1.0,0.9576892513491023,1.281889649859521,1.0,1.2328546101145286
2023-01-18 11:00:00,1.0,0.9555492775657417,1.2790256880456783,1.0,1.2356051927352312
2023-01-18 12:00:00,1.0,0.9565244554923364,1.2803307845684422,1.0,1.2343517626802274
2023-01-18 13:00:00,1.0,0.959061723986532,1.2837264523730403,1.0,1.231090523370449
2023-01-18 14:00:00,1.0,0.9655313071754681,1.292384801063412,1.0,1.2227749434222068
2023-01-18 15:00:00,1.0,0.9663755584359922,1.2935146762937677,1.0,1.221689797957921
2023-01-18 16:00:00,1.0,0.949021003112705,1.2702887918793995,1.0,1.2439962106034506
2023-01-18 17:00:00,1.0,0.9407003877482882,1.2591531766411892,1.0,1.2546909864894313
2023-01-18 18:00:00,1.0,0.9424295226829446,1.261467306123682,1.0,1.2524684693085681
2023-01-18 19:00:00,1.0,0.9444069668118726,1.2641137518503973,1.0,1.249926791697033
2023-01-18 20:00:00,1.0,0.9431293031395287,1.2624038337210357,1.0,1.2515690171857647
2023-01-18 21:00:00,1.0,0.9353504532898868,1.251993272106583,1.0,1.2615674430411878
2023-01-18 22:00:00,1.0,0.9375175153489861,1.2548934866016133,1.0,1.2587820429189573
2023-01-18 23:00:00,1.0,0.9389215909747775,1.2567725839098518,1.0,1.256977335756429
2023-01-19 00:00:00,1.0,0.9329757144501236,1.248815120389112,1.0,1.2646197773417989
2023-01-19 01:00:00,1.0,0.9338335098485171,1.2499631219600615,1.0,1.2635172231267493
2023-01-19 02:00:00,1.0,0.9334638768840471,1.251219881574575,1.0,1.2605855374031112
2023-01-19 03:00:00,1.0,0.9355557336995839,1.2540234222531041,1.0,1.2577606134684154
2023-01-19 04:00:00,1.0,0.9347712873937576,1.2529720944986558,1.0,1.2588199599439263
2023-01-19 05:00:00,1.0,0.9376385738909159,1.256814878704571,1.0,1.2549478659299895
2023-01-19 06:00:00,1.0,0.9377422650692722,1.256953847315791,1.0,1.2548078373728817
2023-01-19 07:00:00,1.0,0.9383644121394102,1.2577876589831123,1.0,1.253967666030235
2023-01-19 08:00:00,1.0,0.9378955476807556,1.257159279175856,1.0,1.2546008386362875
2023-01-19 09:00:00,1.0,0.9357225412473745,1.2542469804537628,1.0,1.2575353501374158
2023-01-19 10:00:00,1.0,0.936948802139241,1.2558904353342801,1.0,1.255879360244663
2023-01-19 11:00:00,1.0,0.9369668353876507,1.2559146037884052,1.0,1.2558550074521224
2023-01-19 12:00:00,1.0,0.9344286556739713,1.2525128938702759,1.0,1.2592826630021954
2023-01-19 13:00:00,1.0,0.9338335584764479,1.2517153348841425,1.0,1.2600863051560314
2023-01-19 14:00:00,1.0,0.9360020565977265,1.2546215914927044,1.0,1.2571578818530382
2023-01-19 15:00:00,1.0,0.9371111013749291,1.2561079514214073,1.0,1.2556601851117986
2023-01-19 16:00:00,1.0,0.9402669198466442,1.2603374308933266,1.0,1.251398446417214
2023-01-19 17:00:00,1.0,0.9403886442734104,1.260500567958672,1.0,1.2512340650675657
2023-01-19 18:00:00,1.0,0.9387972101012456,1.2583677018821184,1.0,1.2533831990092634
2023-01-19 19:00:00,1.0,0.9450592556115487,1.2667601975771126,1.0,1.2449266917995807
2023-01-19 20:00:00,1.0,0.9501536482873174,1.2735877858674964,1.0,1.2380470279068942
2023-01-19 21:00:00,1.0,0.9505548880644356,1.2741255339717834,1.0,1.2375051782728683
2023-01-19 22:00:00,1.0,0.9429268239870898,1.2639022778768014,1.0,1.2478064095174928
2023-01-19 23:00:00,1.0,0.9489048458349388,1.271914120419323,1.0,1.2397334587903226
2023-01-20 00:00:00,1.0,0.9491708362489834,1.2722706051176702,1.0,1.2393742551003506
2023-01-20 01:00:00,1.0,0.9484585229367962,1.2713159511797227,1.0,1.2403361904056995
2023-01-20 02:00:00,1.0,0.9506459081807968,1.275140609045044,1.0,1.2347175530443601
2023-01-20 03:00:00,1.0,0.9506459081807968,1.2728023111084257,1.0,1.2324530382624586
2023-01-20 04:00:00,1.0,0.9506459081807968,1.2733521434397754,1.0,1.2329855210664715
2023-01-20 05:00:00,1.0,0.9506459081807968,1.2675698407903084,1.0,1.2273856744352574
2023-01-20 06:00:00,1.0,0.9506459081807968,1.2668931240748014,1.0,1.2267303109841643
2023-01-20 07:00:00,1.0,0.9506459081807968,1.2644641944352135,1.0,1.2243780243114912
2023-01-20 08:00:00,1.0,0.9506459081807968,1.2653705114649103,1.0,1.225255743219205
2023-01-20 09:00:00,1.0,0.9506459081807968,1.2647481737711852,1.0,1.224653042902575
2023-01-20 10:00:00,1.0,0.9506459081807968,1.2655276064167247,1.0,1.225407881163209
2023-01-20 11:00:00,1.0,0.9506459081807968,1.2656544908008822,1.0,1.2255307618102889
2023-01-20 12:00:00,1.0,0.9506459081807968,1.2655759433249751,1.0,1.225454692838287
2023-01-20 13:00:00,1.0,0.9506459081807968,1.2732917223044622,1.0,1.232927006472624
2023-01-20 14:00:00,1.0,0.9506459081807968,1.2713461617473794,1.0,1.2310428365507318
2023-01-20 15:00:00,1.0,0.9506459081807968,1.277086169602127,1.0,1.2366017229662525
2023-01-20 16:00:00,1.0,0.9506459081807968,1.2765846741790279,1.0,1.2361160518373175
2023-01-20 17:00:00,1.0,0.9506459081807968,1.2869952357934806,1.0,1.2461981163572569
2023-01-20 18:00:00,1.0,0.9506459081807968,1.2892247756865354,1.0,1.248357304870233
2023-01-20 19:00:00,1.0,0.9506459081807968,1.2911038729947737,1.0,1.2501771087388929
2023-01-20 20:00:00,1.0,0.9506459081807968,1.297997924534002,1.0,1.2568536238969026
2023-01-20 21:00:00,1.0,0.9506459081807968,1.3459179269508474,1.0,1.3032615482774248
2023-01-20 22:00:00,1.0,0.9506459081807968,1.3472894867224556,1.0,1.304589829557765
2023-01-20 23:00:00,1.0,0.9506459081807968,1.3642436572913206,1.0,1.3210090245913981
2023-01-21 00:00:00,1.0,0.9506459081807968,1.3685033473308965,1.0,1.325134303457653
2023-01-21 01:00:00,1.0,0.9506459081807968,1.3630896136068398,1.0,1.3198913958489094
2023-01-21 02:00:00,1.0,0.9506459081807968,1.362286012507175,1.0,1.3172664346921286
2023-01-21 03:00:00,1.0,0.9506459081807968,1.3614219902721973,1.0,1.316430810012317
2023-01-21 04:00:00,1.0,0.9506459081807968,1.361301148001571,1.0,1.316313939427728
2023-01-21 05:00:00,1.0,0.9506459081807968,1.3644007522431347,1.0,1.319311669922437
2023-01-21 06:00:00,1.0,0.9506459081807968,1.3630352345850578,1.0,1.3179910323165807
2023-01-21 07:00:00,1.0,0.9506459081807968,1.365887112171838,1.0,1.3207491781128824
2023-01-21 08:00:00,1.0,0.9506459081807968,1.3667269659526902,1.0,1.3215614286757762
2023-01-21 09:00:00,1.0,0.9506459081807968,1.3704670342285732,1.0,1.3251785732688073
2023-01-21 10:00:00,1.0,0.9506459081807968,1.3906537355366908,1.0,1.3447018044244077
2023-01-21 11:00:00,1.0,0.9506459081807968,1.375500114800157,1.0,1.330046233116941
2023-01-21 12:00:00,1.0,0.9506459081807968,1.3831554726443311,1.0,1.3374499846506573
2023-01-21 13:00:00,1.0,0.9506459081807968,1.3912096099815716,1.0,1.3452394091135174
2023-01-21 14:00:00,1.0,0.9506459081807968,1.3845874535512523,1.0,1.3388349010780376
2023-01-21 15:00:00,1.0,0.9506459081807968,1.386146318842331,1.0,1.3403425316192363
2023-01-21 16:00:00,1.0,0.9506459081807968,1.3887565118878584,1.0,1.3428669362463597
2023-01-21 17:00:00,1.0,0.9506459081807968,1.4006473913174828,1.0,1.354367001769922
2023-01-21 18:00:00,1.0,0.9506459081807968,1.4023814779009698,1.0,1.3560440946587748
2023-01-21 19:00:00,1.0,0.9506459081807968,1.4038859641702668,1.0,1.3574991334369084
2023-01-21 20:00:00,1.0,0.9506459081807968,1.4054146188936891,1.0,1.35897754633196
2023-01-21 21:00:00,1.0,0.9506459081807968,1.394206498293103,1.0,1.3481377996113257
2023-01-21 22:00:00,1.0,0.9506459081807968,1.4009917917887678,1.0,1.3547000829360007
2023-01-21 23:00:00,1.0,0.9506459081807968,1.3732524485665085,1.0,1.3278724402435846
2023-01-22 00:00:00,1.0,0.9506459081807968,1.3758022204767228,1.0,1.3303384095784136
2023-01-22 01:00:00,1.0,0.9506459081807968,1.3816147336938462,1.0,1.335959884697147
2023-01-22 02:00:00,1.0,0.9506459081807968,1.3767206217334824,1.0,1.3293629155853544
2023-01-22 03:00:00,1.0,0.9506459081807968,1.3715666988912723,1.0,1.3243853269306445
2023-01-22 04:00:00,1.0,0.9506459081807968,1.3748475665387754,1.0,1.327553944327488
2023-01-22 05:00:00,1.0,0.9506459081807968,1.379910857678016,1.0,1.3324440021148818
2023-01-22 06:00:00,1.0,0.9506459081807968,1.3816993232832846,1.0,1.3341712778965866
2023-01-22 07:00:00,1.0,0.9506459081807968,1.3842309688529049,1.0,1.3366163067902834
2023-01-22 08:00:00,1.0,0.9506459081807968,1.3825331349506058,1.0,1.3349765618758949
2023-01-22 09:00:00,1.0,0.9506459081807968,1.3836509259538987,1.0,1.3360561092394603
2023-01-22 10:00:00,1.0,0.9506459081807968,1.380279426603426,1.0,1.3327999609753007
2023-01-22 11:00:00,1.0,0.9506459081807968,1.3812824174496239,1.0,1.3337686359069323
2023-01-22 12:00:00,1.0,0.9506459081807968,1.3760318207909126,1.0,1.3286976809937519
2023-01-22 13:00:00,1.0,0.9506459081807968,1.3813670070390625,1.0,1.333850331383094
2023-01-22 14:00:00,1.0,0.9506459081807968,1.3828775354218907,1.0,1.3353091791716962
2023-01-22 15:00:00,1.0,0.9506459081807968,1.3885752484819192,1.0,1.3408119530303029
2023-01-22 16:00:00,1.0,0.9506459081807968,1.37647893719223,1.0,1.329129499939178
2023-01-22 17:00:00,1.0,0.9506459081807968,1.3777779916014623,1.0,1.3303841090373758
2023-01-22 18:00:00,1.0,0.9506459081807968,1.3844182743723756,1.0,1.3367972039160703
2023-01-22 19:00:00,1.0,0.9506459081807968,1.3790830881242258,1.0,1.3316445535267278
2023-01-22 20:00:00,1.0,0.9506459081807968,1.3720681943143713,1.0,1.3248696643964601
2023-01-22 21:00:00,1.0,0.9506459081807968,1.3566185100148032,1.0,1.309948569214639
2023-01-22 22:00:00,1.0,0.9506459081807968,1.363869046252379,1.0,1.3169510385999286
2023-01-22 23:00:00,1.0,0.9506459081807968,1.3692948642034983,1.0,1.3221912198565868
2023-01-23 00:00:00,1.0,0.9506459081807968,1.3711437509440803,1.0,1.3239768495498359
2023-01-23 01:00:00,1.0,0.9506459081807968,1.3734639225401044,1.0,1.3262176397531285
2023-01-23 02:00:00,1.0,0.9499804560450702,1.370539539590949,1.0,1.3215405568746803
2023-01-23 03:00:00,1.0,0.9524393083238055,1.37408626023383,1.0,1.3181199885997912
2023-01-23 04:00:00,1.0,0.9484263943833823,1.3682979154708317,1.0,1.3237024492596614
2023-01-23 05:00:00,1.0,0.9525482183054871,1.374243355185644,1.0,1.317968481316747
2023-01-23 06:00:00,1.0,0.9510988777800315,1.3721527839038097,1.0,1.3199846936218773
2023-01-23 07:00:00,1.0,0.9532770774136642,1.3752946829400927,1.0,1.3169545479609874
2023-01-23 08:00:00,1.0,0.9498841125997365,1.370400570979729,1.0,1.3216745825481426
2023-01-23 09:00:00,1.0,0.9509564570347555,1.371947352043745,1.0,1.320182818530474
2023-01-23 10:00:00,1.0,0.95377555002213,1.3760136944503187,1.0,1.3162611107808995
2023-01-23 11:00:00,1.0,0.958957151842906,1.3834877888885533,1.0,1.309052860429898
2023-01-23 12:00:00,1.0,0.9588482418612244,1.3833306939367391,1.0,1.3092043677129426
2023-01-23 13:00:00,1.0,0.9589948514519497,1.3835421679103352,1.0,1.3090004156011519
2023-01-23 14:00:00,1.0,0.9542698337851466,1.3767266638470137,1.0,1.3155735008040053
2023-01-23 15:00:00,1.0,0.9475132260754363,1.3669807347210055,1.0,1.3249727795559574
2023-01-23 16:00:00,1.0,0.956573698782258,1.380049826289236,1.0,1.312368539047295
2023-01-23 17:00:00,1.0,0.9591372721972256,1.3837475997703996,1.0,1.3088022906925554
2023-01-23 18:00:00,1.0,0.9657263260889641,1.3932518443551554,1.0,1.299636100068364
2023-01-23 19:00:00,1.0,0.9601635393323025,1.3852279175855715,1.0,1.3073746259100207
2023-01-23 20:00:00,1.0,0.9539556703764496,1.376273505332165,1.0,1.3160105410435567
2023-01-23 21:00:00,1.0,0.9636654141279118,1.3902791244977495,1.0,1.302503084039821
2023-01-23 22:00:00,1.0,0.9624632154839646,1.3885450379142625,1.0,1.3041754913565045
2023-01-23 23:00:00,1.0,0.9595896675057493,1.3844001480317816,1.0,1.3081729527476014
2023-01-24 00:00:00,1.0,0.9591372721972256,1.3837475997703996,1.0,1.3088022906925554
2023-01-24 01:00:00,1.0,0.9619479874937016,1.387801857949911,1.0,1.3048922373493688
2023-01-24 02:00:00,1.0,0.9657656430112358,1.3942850457690101,1.0,1.2967895027640073
2023-01-24 03:00:00,1.0,0.9657656430112358,1.3912156520951031,1.0,1.2939341705794491
2023-01-24 04:00:00,1.0,0.9657656430112358,1.3937110449835353,1.0,1.2962555331625643
2023-01-24 05:00:00,1.0,0.9657656430112358,1.3932276759010302,1.0,1.2958058745508227
2023-01-24 06:00:00,1.0,0.9657656430112358,1.3961278903960606,1.0,1.2985038262212716
2023-01-24 07:00:00,1.0,0.9657656430112358,1.3945508987643878,1.0,1.297036815000465
2023-01-24 08:00:00,1.0,0.9657656430112358,1.3921461375789252,1.0,1.2947997634070512
2023-01-24 09:00:00,1.0,0.9657656430112358,1.3918259055617657,1.0,1.2945018645767725
2023-01-24 10:00:00,1.0,0.9657656430112358,1.3796329204555755,1.0,1.2831592260955944
2023-01-24 11:00:00,1.0,0.9657656430112358,1.3827627352647958,1.0,1.2860707656066201
2023-01-24 12:00:00,1.0,0.9657656430112358,1.3836750944080238,1.0,1.2869194962362822
2023-01-24 13:00:00,1.0,0.9657656430112358,1.3864846772000845,1.0,1.2895331369170293
2023-01-24 14:00:00,1.0,0.9657656430112358,1.3802854687169572,1.0,1.2837662652214452
2023-01-24 15:00:00,1.0,0.9657656430112358,1.380164626446331,1.0,1.2836538505685098
2023-01-24 16:00:00,1.0,0.9657656430112358,1.3843941059182503,1.0,1.2875883634212477
2023-01-24 17:00:00,1.0,0.9657656430112358,1.38112532249781,1.0,1.2845475470593462
2023-01-24 18:00:00,1.0,0.9657656430112358,1.3833065254826138,1.0,1.2865766315448293
2023-01-24 19:00:00,1.0,0.9657656430112358,1.3885510800277938,1.0,1.291455427482224
2023-01-24 20:00:00,1.0,0.9657656430112358,1.3898984713452767,1.0,1.2927088508624534
2023-01-24 21:00:00,1.0,0.9657656430112358,1.3892398809703637,1.0,1.292096191003956
2023-01-24 22:00:00,1.0,0.9657656430112358,1.3827143983565453,1.0,1.286025799745446
2023-01-24 23:00:00,1.0,0.9657656430112358,1.3739231231684845,1.0,1.2778476337443982
2023-01-25 00:00:00,1.0,0.9657656430112358,1.3664792392979064,1.0,1.27092289112358
2023-01-25 01:00:00,1.0,0.9657656430112358,1.3677118304582945,1.0,1.2720695205835206
2023-01-25 02:00:00,1.0,0.9657656430112358,1.3580142382405367,1.0,1.2612799606096814
2023-01-25 03:00:00,1.0,0.9657656430112358,1.3615549167698862,1.0,1.2579908840762684
2023-01-25 04:00:00,1.0,0.9657656430112358,1.367300966738165,1.0,1.252653150657709
2023-01-25 05:00:00,1.0,0.9657656430112358,1.366026080783058,1.0,1.2538374427200811
2023-01-25 06:00:00,1.0,0.9657656430112358,1.3687692003262744,1.0,1.2512892503204744
2023-01-25 07:00:00,1.0,0.9657656430112358,1.3712948037823631,1.0,1.2489431172300876
2023-01-25 08:00:00,1.0,0.9657656430112358,1.3710954140358298,1.0,1.2491283382635392
2023-01-25 09:00:00,1.0,0.9657656430112358,1.368050188816048,1.0,1.251957168592618
2023-01-25 10:00:00,1.0,0.9657656430112358,1.3649203740068276,1.0,1.2548645775419491
2023-01-25 11:00:00,1.0,0.9657656430112358,1.3652406060239872,1.0,1.2545671013367088
2023-01-25 12:00:00,1.0,0.9657656430112358,1.3645638893084802,1.0,1.2551957302987262
2023-01-25 13:00:00,1.0,0.9657656430112358,1.3703764025256036,1.0,1.2497962565356828
2023-01-25 14:00:00,1.0,0.9657656430112358,1.3643101205401649,1.0,1.2554314661594828
2023-01-25 15:00:00,1.0,0.9657656430112358,1.354703160025377,1.0,1.264355752316696
2023-01-25 16:00:00,1.0,0.9657656430112358,1.363210455877466,1.0,1.256452988222761
2023-01-25 17:00:00,1.0,0.9657656430112358,1.3664913235249692,1.0,1.253405260308694
2023-01-25 18:00:00,1.0,0.9657656430112358,1.362878139633244,1.0,1.2567616899451806
2023-01-25 19:00:00,1.0,0.9657656430112358,1.3721165312226218,1.0,1.2481797820619236
2023-01-25 20:00:00,1.0,0.9657656430112358,1.3734820488806987,1.0,1.2469112986207096
2023-01-25 21:00:00,1.0,0.9657656430112358,1.3849137276819432,1.0,1.2362919593694852
2023-01-25 22:00:00,1.0,0.9657656430112358,1.4248339717833298,1.0,1.199208463369041
2023-01-25 23:00:00,1.0,0.9657656430112358,1.3847626748436603,1.0,1.2364322783342212
2023-01-26 00:00:00,1.0,0.9657656430112358,1.392647633002024,1.0,1.2291076283749993
2023-01-26 01:00:00,1.0,0.9657656430112358,1.4032455001359476,1.0,1.2192628498091176
2023-01-26 02:00:00,1.0,0.9657656430112358,1.3985689042627112,1.0,1.2218413514721818
2023-01-26 03:00:00,1.0,0.9657656430112358,1.3995598108818466,1.0,1.2227072170568223
2023-01-26 04:00:00,1.0,0.9657656430112358,1.3968106492250991,1.0,1.220304968026265
2023-01-26 05:00:00,1.0,0.9657656430112358,1.3993845895894383,1.0,1.2225541066790504
2023-01-26 06:00:00,1.0,0.9657656430112358,1.397602166097701,1.0,1.2209966045603375
2023-01-26 07:00:00,1.0,0.9657656430112358,1.3940856560224768,1.0,1.217923837668504
2023-01-26 08:00:00,1.0,0.9657656430112358,1.3866478142654302,1.0,1.2114245661155016
2023-01-26 09:00:00,1.0,0.9657656430112358,1.3888290172502342,1.0,1.2133305263353504
2023-01-26 10:00:00,1.0,0.9657656430112358,1.3868230355578381,1.0,1.2115776764932735
2023-01-26 11:00:00,1.0,0.9657656430112358,1.3848956013413491,1.0,1.2098934623377837
2023-01-26 12:00:00,1.0,0.9657656430112358,1.3881039636264767,1.0,1.2126969661514673
2023-01-26 13:00:00,1.0,0.9657656430112358,1.395976837557778,1.0,1.2195763738147993
2023-01-26 14:00:00,1.0,0.9657656430112358,1.396309153802,1.0,1.2198667555657459
2023-01-26 15:00:00,1.0,0.9657656430112358,1.3907141566720038,1.0,1.2149777828134467
2023-01-26 16:00:00,1.0,0.9657656430112358,1.385795876257515,1.0,1.2106801328994388
2023-01-26 17:00:00,1.0,0.9657656430112358,1.389016322769705,1.0,1.2134941960495202
2023-01-26 18:00:00,1.0,0.9657656430112358,1.38747558381922,1.0,1.2121478806587682
2023-01-26 19:00:00,1.0,0.9657656430112358,1.3908954200779433,1.0,1.2151361728594174
2023-01-26 20:00:00,1.0,0.9657656430112358,1.392816812180901,1.0,1.2168151073467082
2023-01-26 21:00:00,1.0,0.9657656430112358,1.3953847104317092,1.0,1.2190589663312947
2023-01-26 22:00:00,1.0,0.9657656430112358,1.3934270656475636,1.0,1.21734835383481
2023-01-26 23:00:00,1.0,0.9657656430112358,1.3888592278178908,1.0,1.2133569246763456
2023-01-27 00:00:00,1.0,0.9657656430112358,1.3891009123591433,1.0,1.2135681114043066
2023-01-27 01:00:00,1.0,0.9657656430112358,1.3840678317875592,1.0,1.209170147794517
2023-01-27 02:00:00,1.0,0.9657656430112358,1.3672284613757895,1.0,1.1927834611073327
2023-01-27 03:00:00,1.0,0.9657656430112358,1.3752403039183108,1.0,1.1857925345282447
2023-01-27 04:00:00,1.0,0.9657656430112358,1.3746179662245854,1.0,1.1863355703032419
2023-01-27 05:00:00,1.0,0.9657656430112358,1.3763037158998217,1.0,1.1848646287379587
2023-01-27 06:00:00,1.0,0.9657656430112358,1.3907201987855353,1.0,1.1722851786491926
2023-01-27 07:00:00,1.0,0.9657656430112358,1.3885329536871998,1.0,1.1741937121496675
2023-01-27 08:00:00,1.0,0.9657656430112358,1.3931007915168725,1.0,1.1702079350050294
2023-01-27 09:00:00,1.0,0.9657656430112358,1.3865571825624603,1.0,1.1759177189304835
2023-01-27 10:00:00,1.0,0.9657656430112358,1.385523981148606,1.0,1.1768192637608181
2023-01-27 11:00:00,1.0,0.9657656430112358,1.3855360653756685,1.0,1.1768087193768377
2023-01-27 12:00:00,1.0,0.9657656430112358,1.386835119784901,1.0,1.1756751980989313
2023-01-27 13:00:00,1.0,0.9657656430112358,1.3845512008700644,1.0,1.1776680866712506
2023-01-27 14:00:00,1.0,0.9657656430112358,1.3827204404700764,1.0,1.1792655608443001
2023-01-27 15:00:00,1.0,0.9657656430112358,1.3864665508594907,1.0,1.1759968018103373
2023-01-27 16:00:00,1.0,0.9657656430112358,1.3846841273677533,1.0,1.1775520984474648
2023-01-27 17:00:00,1.0,0.9657656430112358,1.3966414700462222,1.0,1.1671184304987354
2023-01-27 18:00:00,1.0,0.9657656430112358,1.4009253285399232,1.0,1.1633804463776396
2023-01-27 19:00:00,1.0,0.9657656430112358,1.3994510528382829,1.0,1.1646668612232633
2023-01-27 20:00:00,1.0,0.9657656430112358,1.4038980483973293,1.0,1.1607865279184304
2023-01-27 21:00:00,1.0,0.9657656430112358,1.395306162955802,1.0,1.1682835849285835
2023-01-27 22:00:00,1.0,0.9657656430112358,1.3936929186429414,1.0,1.1696912601899834
2023-01-27 23:00:00,1.0,0.9657656430112358,1.3890284069967676,1.0,1.173761392406466
2023-01-28 00:00:00,1.0,0.9657656430112358,1.3931007915168725,1.0,1.1702079350050294
2023-01-28 01:00:00,1.0,0.9657656430112358,1.3977834295036404,1.0,1.166121986212576
2023-01-28 02:00:00,1.0,0.9657656430112358,1.393952729524788,1.0,1.1677946705151152
2023-01-28 03:00:00,1.0,0.9657656430112358,1.393608329053503,1.0,1.1680832518629334
2023-01-28 04:00:00,1.0,0.9657656430112358,1.3955659738376485,1.0,1.1664428947279672
2023-01-28 05:00:00,1.0,0.9657656430112358,1.3940554454548202,1.0,1.1677086023938361
2023-01-28 06:00:00,1.0,0.9657656430112358,1.3924482432554908,1.0,1.1690553153503207
2023-01-28 07:00:00,1.0,0.9657656430112358,1.3909075043050059,1.0,1.1703463371695069
2023-01-28 08:00:00,1.0,0.9657656430112358,1.3880375003776322,1.0,1.1727511817346576
2023-01-28 09:00:00,1.0,0.9657656430112358,1.3873366152079998,1.0,1.1733384700916207
2023-01-28 10:00:00,1.0,0.9657656430112358,1.3885631642548564,1.0,1.1723107154669352
2023-01-28 11:00:00,1.0,0.9657656430112358,1.38710701489381,1.0,1.1735308576568326
2023-01-28 12:00:00,1.0,0.9657656430112358,1.3873789100027192,1.0,1.1733030302769762
2023-01-28 13:00:00,1.0,0.9657656430112358,1.3859892238905172,1.0,1.1744674813295757
2023-01-28 14:00:00,1.0,0.9657656430112358,1.3867988671037128,1.0,1.1737890620206701
2023-01-28 15:00:00,1.0,0.9657656430112358,1.3854514757862302,1.0,1.174918073258625
2023-01-28 16:00:00,1.0,0.9657656430112358,1.3892640494244888,1.0,1.1717234271099721
2023-01-28 17:00:00,1.0,0.9657656430112358,1.3895721972145858,1.0,1.1714652227461348
2023-01-28 18:00:00,1.0,0.9657656430112358,1.3897655448475879,1.0,1.1713032121649036
2023-01-28 19:00:00,1.0,0.9657656430112358,1.388454406211293,1.0,1.1724018464188777
2023-01-28 20:00:00,1.0,0.9657656430112358,1.3909920938944444,1.0,1.1702754575402181
2023-01-28 21:00:00,1.0,0.9657656430112358,1.3865148877677411,1.0,1.1740270150618535
2023-01-28 22:00:00,1.0,0.9657656430112358,1.3886175432766383,1.0,1.1722651499909638
2023-01-28 23:00:00,1.0,0.9657656430112358,1.387167436029123,1.0,1.173480229350198
2023-01-29 00:00:00,1.0,0.9657656430112358,1.3899528503670584,1.0,1.171146264414336
2023-01-29 01:00:00,1.0,0.9657656430112358,1.39534241563699,1.0,1.166630219462516
2023-01-29 02:00:00,1.0,0.9657656430112358,1.4030098577082264,1.0,1.1585705785305445
2023-01-29 03:00:00,1.0,0.9657656430112358,1.397559871302982,1.0,1.163071948168767
2023-01-29 04:00:00,1.0,0.9657656430112358,1.4004661279115436,1.0,1.1606715503905132
2023-01-29 05:00:00,1.0,0.9657656430112358,1.4027802573940364,1.0,1.1587602149454586
2023-01-29 06:00:00,1.0,0.9657656430112358,1.403771164013172,1.0,1.157941784102145
2023-01-29 07:00:00,1.0,0.9657656430112358,1.400840738950485,1.0,1.160362143608285
2023-01-29 08:00:00,1.0,0.9657656430112358,1.4010945077188002,1.0,1.160152545465485
2023-01-29 09:00:00,1.0,0.9657656430112358,1.3992335367511555,1.0,1.1616895985126834
2023-01-29 10:00:00,1.0,0.9657656430112358,1.4066895048487962,1.0,1.1555314054599484
2023-01-29 11:00:00,1.0,0.9657656430112358,1.4159883175734873,1.0,1.1478511306559296
2023-01-29 12:00:00,1.0,0.9657656430112358,1.4149672003866953,1.0,1.1486945136591
2023-01-29 13:00:00,1.0,0.9657656430112358,1.4180909730823843,1.0,1.1461144603298747
2023-01-29 14:00:00,1.0,0.9657656430112358,1.4214926830005137,1.0,1.143304847129964
2023-01-29 15:00:00,1.0,0.9657656430112358,1.4216437358387966,1.0,1.1431800863306785
2023-01-29 16:00:00,1.0,0.9657656430112358,1.4205682396302228,1.0,1.1440683832215917
2023-01-29 17:00:00,1.0,0.9657656430112358,1.4243808132684814,1.0,1.1409194206476243
2023-01-29 18:00:00,1.0,0.9657656430112358,1.4246708347179844,1.0,1.140679879912996
2023-01-29 19:00:00,1.0,0.9657656430112358,1.430181242258542,1.0,1.136128605955059
2023-01-29 20:00:00,1.0,0.9657656430112358,1.4431536600102717,1.0,1.1254141485124156
2023-01-29 21:00:00,1.0,0.9657656430112358,1.4313413280565543,1.0,1.135170443016546
2023-01-29 22:00:00,1.0,0.9657656430112358,1.4370692516842392,1.0,1.1304395135076377
2023-01-29 23:00:00,1.0,0.9657656430112358,1.4357158182532253,1.0,1.131557370269236
2023-01-30 00:00:00,1.0,0.9657656430112358,1.4337098365608292,1.0,1.1332141936837483
2023-01-30 01:00:00,1.0,0.9657656430112358,1.4344651007522433,1.0,1.1325903896873206
2023-01-30 02:00:00,1.0,0.9657656430112358,1.4296314099271927,1.0,1.1349607472285588
2023-01-30 03:00:00,1.0,0.9657656430112358,1.4282175553608654,1.0,1.1338380749028518
2023-01-30 04:00:00,1.0,0.9657656430112358,1.4313292438294916,1.0,1.1363089135684035
2023-01-30 05:00:00,1.0,0.9657656430112358,1.4322657714268452,1.0,1.1370525640405598
2023-01-30 06:00:00,1.0,0.9657656430112358,1.4333170991812938,1.0,1.1378873716673676
2023-01-30 07:00:00,1.0,0.9657656430112358,1.4311238119694272,1.0,1.1361457902390273
2023-01-30 08:00:00,1.0,0.9657656430112358,1.4281390078849583,1.0,1.1337757042180903
2023-01-30 09:00:00,1.0,0.9657656430112358,1.4224715053925865,1.0,1.129275419425299
2023-01-30 10:00:00,1.0,0.9657656430112358,1.4006413492039518,1.0,1.1119411668065842
2023-01-30 11:00:00,1.0,0.9657656430112358,1.4038013745808284,1.0,1.1144503874319889
2023-01-30 12:00:00,1.0,0.9657656430112358,1.393529781577596,1.0,1.1062942209631776
2023-01-30 13:00:00,1.0,0.9657656430112358,1.393529781577596,1.0,1.1062942209631776
2023-01-30 14:00:00,1.0,0.9657656430112358,1.3923213588713332,1.0,1.1053346719668469
2023-01-30 15:00:00,1.0,0.9657656430112358,1.4060067460197578,1.0,1.1162015643502925
2023-01-30 16:00:00,1.0,0.9657656430112358,1.3997773269689737,1.0,1.1112550892742075
2023-01-30 17:00:00,1.0,0.9657656430112358,1.3992758315458749,1.0,1.1108568764407303
2023-01-30 18:00:00,1.0,0.9657656430112358,1.3956384792000243,1.0,1.1079686339617747
2023-01-30 19:00:00,1.0,0.9657656430112358,1.3972638077399475,1.0,1.1092592273618396
2023-01-30 20:00:00,1.0,0.9657656430112358,1.3759109785202863,1.0,1.0923039965966752
2023-01-30 21:00:00,1.0,0.9657656430112358,1.3704972447962298,1.0,1.0880052170931134
2023-01-30 22:00:00,1.0,0.9657656430112358,1.3735001752212925,1.0,1.0903896963489954
2023-01-30 23:00:00,1.0,0.9657656430112358,1.3726119845321894,1.0,1.0896844278366922
2023-01-31 00:00:00,1.0,0.9657656430112358,1.3781042657321532,1.0,1.0940455780250156
2023-01-31 01:00:00,1.0,0.9657656430112358,1.3784124135222502,1.0,1.0942902630190798
2023-01-31 02:00:00,0.9993,0.9657656430112358,1.3786118032687835,1.0,1.0929163407284717
2023-01-31 03:00:00,1.0002943797829889,0.9657656430112358,1.3799833630403917,1.0,1.0918288055401215
2023-01-31 04:00:00,0.9992255310294678,0.9657656430112358,1.378509087338751,1.0,1.0929977860950002
2023-01-31 05:00:00,1.0005528309160123,0.9657656430112358,1.3803398477387392,1.0,1.0915461422092285
2023-01-31 06:00:00,0.9957911973296304,0.9657656430112358,1.3737720703302017,1.0,1.0967538547631346
2023-01-31 07:00:00,0.9983187618000465,0.9657656430112358,1.3772583698377694,1.0,1.0939895032050815
2023-01-31 08:00:00,1.0054064555836397,0.9657656430112358,1.3870345095314343,1.0,1.0862378206731405
2023-01-31 09:00:00,1.0026467231462703,0.9657656430112358,1.383227978006707,1.0,1.0892560901386057
2023-01-31 10:00:00,1.0017311928614923,0.9657656430112358,1.3819651762786622,1.0,1.0902573890565141
2023-01-31 11:00:00,0.9989802214794794,0.9657656430112358,1.3781707289809977,1.0,1.0932660767141524
2023-01-31 12:00:00,1.0005572114436907,0.9657656430112358,1.3803458898522705,1.0,1.0915413513053152
2023-01-31 13:00:00,1.0019020334409485,0.9657656430112358,1.3822008187063837,1.0,1.09007054380389
2023-01-31 14:00:00,1.011749459661911,0.9657656430112358,1.3957834899247759,1.0,1.079300591806484
2023-01-31 15:00:00,1.011639946469952,0.9657656430112358,1.395632437086493,1.0,1.0794203644043199
2023-01-31 16:00:00,1.0118151675770863,0.9657656430112358,1.3958741216277455,1.0,1.0792287282477824
2023-01-31 17:00:00,1.0112588405619343,0.9657656430112358,1.3951067732092686,1.0,1.0798371730447889
2023-01-31 18:00:00,1.0130986621868472,0.9657656430112358,1.3976444608924201,1.0,1.0778249934011452
2023-01-31 19:00:00,1.0137601218662802,0.9657656430112358,1.3985568200356486,1.0,1.0771015669102162
2023-01-31 20:00:00,1.0135936618145023,0.9657656430112358,1.3983272197214585,1.0,1.077283621258927
2023-01-31 21:00:00,1.0107813630449927,0.9657656430112358,1.3944481828343556,1.0,1.0803593815713535
2023-01-31 22:00:00,1.0043682705238675,0.9657656430112358,1.3856025286245128,1.0,1.0873732649006251
2023-01-31 23:00:00,1.0146406079296313,0.9657656430112358,1.3997712848554424,1.0,1.0761385952236155
2023-02-01 00:00:00,1.0120560965993965,0.9657656430112358,1.3962064378719676,1.0,1.0789652285325433
2023-02-01 01:00:00,1.0101637086423432,0.9657656430112358,1.3935962448264403,1.0,1.081034899023148
2023-02-01 02:00:00,1.011312147641305,0.9657656430112358,1.3961581009637172,1.0,1.0774734797040952
2023-02-01 03:00:00,1.011312147641305,0.9657656430112358,1.3951671943445818,1.0,1.0767086035161029
2023-02-01 04:00:00,1.011312147641305,0.9657656430112358,1.3966837648409416,1.0,1.0778792371940669
2023-02-01 05:00:00,1.011312147641305,0.9657656430112358,1.3968408597927555,1.0,1.0780004980531386
2023-02-01 06:00:00,1.011312147641305,0.9657656430112358,1.3958378689465576,1.0,1.0772262941067563
2023-02-01 07:00:00,1.011312147641305,0.9657656430112358,1.3926113803208362,1.0,1.0747357826165864
2023-02-01 08:00:00,1.011312147641305,0.9657656430112358,1.3932699706957496,1.0,1.0752441454488495
2023-02-01 09:00:00,1.011312147641305,0.9657656430112358,1.3878441527446301,1.0,1.0710559819316725
2023-02-01 10:00:00,1.011312147641305,0.9657656430112358,1.3885208694601372,1.0,1.0715783364015208
2023-02-01 11:00:00,1.011312147641305,0.9657656430112358,1.3886235853901696,1.0,1.0716576223478371
2023-02-01 12:00:00,1.011312147641305,0.9657656430112358,1.3935841605993777,1.0,1.0754866671669934
2023-02-01 13:00:00,1.011312147641305,0.9657656430112358,1.392508664390804,1.0,1.07465649667027
2023-02-01 14:00:00,1.011312147641305,0.9657656430112358,1.3939708558653818,1.0,1.0757851554354783
2023-02-01 15:00:00,1.011312147641305,0.9657656430112358,1.3949134255762665,1.0,1.0765127205899097
2023-02-01 16:00:00,1.011312147641305,0.9657656430112358,1.3875118365004078,1.0,1.0707994685759432
2023-02-01 17:00:00,1.011312147641305,0.9657656430112358,1.3890284069967676,1.0,1.0719701022539072
2023-02-01 18:00:00,1.011312147641305,0.9657656430112358,1.3883335639406666,1.0,1.0714337561464735
2023-02-01 19:00:00,1.011312147641305,0.9657656430112358,1.393414981420501,1.0,1.0753560785495313
2023-02-01 20:00:00,1.011312147641305,0.9657656430112358,1.411934059393976,1.0,1.089650868282435
2023-02-01 21:00:00,1.011312147641305,0.9657656430112358,1.4235892963958794,1.0,1.0986474912497342
2023-02-01 22:00:00,1.011312147641305,0.9657656430112358,1.4303625056644815,1.0,1.1038756998274128
2023-02-01 23:00:00,1.011312147641305,0.9657656430112358,1.432392655811003,1.0,1.1054427632369581
2023-02-02 00:00:00,1.011312147641305,0.9657656430112358,1.4330995830941664,1.0,1.1059884371027815
2023-02-02 01:00:00,1.011312147641305,0.9657656430112358,1.461153116220054,1.0,1.1276428282055133
2023-02-02 02:00:00,1.011312147641305,0.9657656430112358,1.446905812513217,1.0,1.1150821166962797
2023-02-02 03:00:00,1.011312147641305,0.9657656430112358,1.4429361439231445,1.0,1.1120221627082973
2023-02-02 04:00:00,1.011312147641305,0.9657656430112358,1.4404709616023685,1.0,1.1101219173093675
2023-02-02 05:00:00,1.011312147641305,0.9657656430112358,1.4425131959759525,1.0,1.111696140213383
2023-02-02 06:00:00,1.011312147641305,0.9657656430112358,1.4379211896921544,1.0,1.1081564674114548
2023-02-02 07:00:00,1.011312147641305,0.9657656430112358,1.4369544515271444,1.0,1.1074112731373649
2023-02-02 08:00:00,1.011312147641305,0.9657656430112358,1.4365375456934837,1.0,1.1070899081066634
2023-02-02 09:00:00,1.011312147641305,0.9657656430112358,1.4375405365396816,1.0,1.1078630471660318
2023-02-02 10:00:00,1.011312147641305,0.9657656430112358,1.439727781638017,1.0,1.1095490492111606
2023-02-02 11:00:00,1.011312147641305,0.9657656430112358,1.4364167034228574,1.0,1.1069967588224021
2023-02-02 12:00:00,1.011312147641305,0.9657656430112358,1.438954391106009,1.0,1.1089528937918887
2023-02-02 13:00:00,1.011312147641305,0.9657656430112358,1.4377701368538716,1.0,1.1080400308061282
2023-02-02 14:00:00,1.011312147641305,0.9657656430112358,1.4357218603667563,1.0,1.1064611504378998
2023-02-02 15:00:00,1.011312147641305,0.9657656430112358,1.4259698891272168,1.0,1.0989440031980158
2023-02-02 16:00:00,1.011312147641305,0.9657656430112358,1.4399452977251443,1.0,1.109716717922831
2023-02-02 17:00:00,1.011312147641305,0.9657656430112358,1.4367611038941424,1.0,1.1072622342825467
2023-02-02 18:00:00,1.011312147641305,0.9657656430112358,1.4431717863508655,1.0,1.1122038038126068
2023-02-02 19:00:00,1.011312147641305,0.9657656430112358,1.4529479260445304,1.0,1.119739580909343
2023-02-02 20:00:00,1.011312147641305,0.9657656430112358,1.4376130419020574,1.0,1.1079189367365885
2023-02-02 21:00:00,1.011312147641305,0.9657656430112358,1.4418546056010393,1.0,1.1111884766141589
2023-02-02 22:00:00,1.011312147641305,0.9657656430112358,1.4165502341318994,1.0,1.0916830164898506
2023-02-02 23:00:00,1.011312147641305,0.9657656430112358,1.4227675689556207,1.0,1.0964755471650924
2023-02-03 00:00:00,1.011312147641305,0.9657656430112358,1.4187737319114226,1.0,1.0933969633202578
2023-02-03 01:00:00,1.011312147641305,0.9657656430112358,1.4226104740038066,1.0,1.096354453095553
2023-02-03 02:00:00,1.011312147641305,0.9657656430112358,1.422519842300837,1.0,1.094749783493984
2023-02-03 03:00:00,1.011312147641305,0.9657656430112358,1.417855330654663,1.0,1.0983402689537693
2023-02-03 04:00:00,1.011312147641305,0.9657656430112358,1.4213114195945742,1.0,1.0956799610742394
2023-02-03 05:00:00,1.011312147641305,0.9657656430112358,1.4201634180236247,1.0,1.0965636297754817
2023-02-03 06:00:00,1.011312147641305,0.9657656430112358,1.4208159662850066,1.0,1.096061333882144
2023-02-03 07:00:00,1.011312147641305,0.9657656430112358,1.420018407298873,1.0,1.0966752510851125
2023-02-03 08:00:00,1.011312147641305,0.9657656430112358,1.4166046131536811,1.0,1.0993030027493336
2023-02-03 09:00:00,1.011312147641305,0.9657656430112358,1.414846358116069,1.0,1.1006564111286048
2023-02-03 10:00:00,1.011312147641305,0.9657656430112358,1.4145442524395033,1.0,1.1008889555236685
2023-02-03 11:00:00,1.011312147641305,0.9657656430112358,1.4153961904474186,1.0,1.1002331803295886
2023-02-03 12:00:00,1.011312147641305,0.9657656430112358,1.4211845352104169,1.0,1.095777629720166
2023-02-03 13:00:00,1.011312147641305,0.9657656430112358,1.4208280505120692,1.0,1.0960520321063414
2023-02-03 14:00:00,1.011312147641305,0.9657656430112358,1.410061004199269,1.0,1.1043399143464154
2023-02-03 15:00:00,1.011312147641305,0.9657656430112358,1.4202177970454066,1.0,1.0965217717843703
2023-02-03 16:00:00,1.011312147641305,0.9657656430112358,1.4253052566387723,1.0,1.092605724171496
2023-02-03 17:00:00,1.011312147641305,0.9657656430112358,1.4200607020935925,1.0,1.0966426948698036
2023-02-03 18:00:00,1.011312147641305,0.9657656430112358,1.4194444065133984,1.0,1.0971170854357337
2023-02-03 19:00:00,1.011312147641305,0.9657656430112358,1.4142904836711883,1.0,1.1010842928155222
2023-02-03 20:00:00,1.011312147641305,0.9657656430112358,1.4076079061055558,1.0,1.1062281748343334
2023-02-03 21:00:00,1.011312147641305,0.9657656430112358,1.4093238663484486,1.0,1.1049073226703712
2023-02-03 22:00:00,1.011312147641305,0.9657656430112358,1.4118011328962872,1.0,1.103000458630848
2023-02-03 23:00:00,1.011312147641305,0.9657656430112358,1.4141998519682186,1.0,1.1011540561340414
2023-02-04 00:00:00,1.011312147641305,0.9657656430112358,1.4146469683695357,1.0,1.1008098904293468
2023-02-04 01:00:00,1.011312147641305,0.9657656430112358,1.413668145977463,1.0,1.1015633342693536
2023-02-04 02:00:00,1.011312147641305,0.9657656430112358,1.411390269176158,1.0,1.1017840651134447
2023-02-04 03:00:00,1.011312147641305,0.9657656430112358,1.4123751336817618,1.0,1.1010150858562673
2023-02-04 04:00:00,1.011312147641305,0.9657656430112358,1.409577635116764,1.0,1.103199364359784
2023-02-04 05:00:00,1.011312147641305,0.9657656430112358,1.4093178242349174,1.0,1.1034022239184258
2023-02-04 06:00:00,1.011312147641305,0.9657656430112358,1.4079704329174347,1.0,1.104454263024871
2023-02-04 07:00:00,1.011312147641305,0.9657656430112358,1.4092755294401982,1.0,1.103435247567507
2023-02-04 08:00:00,1.011312147641305,0.9657656430112358,1.4084658862270023,1.0,1.104067414564205
2023-02-04 09:00:00,1.011312147641305,0.9657656430112358,1.4066955469623275,1.0,1.105449690161463
2023-02-04 10:00:00,1.011312147641305,0.9657656430112358,1.4094144980514183,1.0,1.1033267412919543
2023-02-04 11:00:00,1.011312147641305,0.9657656430112358,1.4090519712395395,1.0,1.1036098011412223
2023-02-04 12:00:00,1.011312147641305,0.9657656430112358,1.4106893840065255,1.0,1.1023313141553623
2023-02-04 13:00:00,1.011312147641305,0.9657656430112358,1.4134747983444609,1.0,1.1001564709801548
2023-02-04 14:00:00,1.011312147641305,0.9657656430112358,1.4193839853780852,1.0,1.0955425954370894
2023-02-04 15:00:00,1.011312147641305,0.9657656430112358,1.4169308872843722,1.0,1.0974579670838016
2023-02-04 16:00:00,1.011312147641305,0.9657656430112358,1.4143690311470953,1.0,1.0994582566852942
2023-02-04 17:00:00,1.011312147641305,0.9657656430112358,1.413825240929277,1.0,1.0998828464591959
2023-02-04 18:00:00,1.011312147641305,0.9657656430112358,1.4155170327180449,1.0,1.0985619004959462
2023-02-04 19:00:00,1.011312147641305,0.9657656430112358,1.4159460227787681,1.0,1.098226946340979
2023-02-04 20:00:00,1.011312147641305,0.9657656430112358,1.4148101054348814,1.0,1.0991138672020182
2023-02-04 21:00:00,1.011312147641305,0.9657656430112358,1.4138554514969337,1.0,1.0998592581384237
2023-02-04 22:00:00,1.011312147641305,0.9657656430112358,1.4140427570164045,1.0,1.099713010549635
2023-02-04 23:00:00,1.011312147641305,0.9657656430112358,1.4132391559167399,1.0,1.1003404598821787
2023-02-05 00:00:00,1.011312147641305,0.9657656430112358,1.4084779704540649,1.0,1.1040579792358962
2023-02-05 01:00:00,1.011312147641305,0.9657656430112358,1.406357188604574,1.0,1.105713879354113
2023-02-05 02:00:00,1.011312147641305,0.9657656430112358,1.408151696323374,1.0,1.102770234170031
2023-02-05 03:00:00,1.011312147641305,0.9657656430112358,1.4063994833992932,1.0,1.1041427290968673
2023-02-05 04:00:00,1.011312147641305,0.9657656430112358,1.4097286879550468,1.0,1.1015349887358783
2023-02-05 05:00:00,1.011312147641305,0.9657656430112358,1.4109854475695598,1.0,1.100550578581458
2023-02-05 06:00:00,1.011312147641305,0.9657656430112358,1.4116017431497538,1.0,1.1000678389865017
2023-02-05 07:00:00,1.011312147641305,0.9657656430112358,1.4125986918824205,1.0,1.0992869367005431
2023-02-05 08:00:00,1.011312147641305,0.9657656430112358,1.4117648802150993,1.0,1.099940054976072
2023-02-05 09:00:00,1.011312147641305,0.9657656430112358,1.4126530709042024,1.0,1.0992443420304
2023-02-05 10:00:00,1.011312147641305,0.9657656430112358,1.4108283526177459,1.0,1.1006736298507604
2023-02-05 11:00:00,1.011312147641305,0.9657656430112358,1.4128524606507358,1.0,1.0990881615732082
2023-02-05 12:00:00,1.011312147641305,0.9657656430112358,1.41038727832996,1.0,1.101019119953033
2023-02-05 13:00:00,1.011312147641305,0.9657656430112358,1.3986595359656808,1.0,1.1102053704805819
2023-02-05 14:00:00,1.011312147641305,0.9657656430112358,1.3989072626204648,1.0,1.110011328094374
2023-02-05 15:00:00,1.011312147641305,0.9657656430112358,1.3986474517386183,1.0,1.1102148359628359
2023-02-05 16:00:00,1.011312147641305,0.9657656430112358,1.3946777831485455,1.0,1.1133242468832891
2023-02-05 17:00:00,1.011312147641305,0.9657656430112358,1.393396855079907,1.0,1.1143275880022177
2023-02-05 18:00:00,1.011312147641305,0.9657656430112358,1.3798323102021088,1.0,1.1249525918323813
2023-02-05 19:00:00,1.011312147641305,0.9657656430112358,1.3793247726654785,1.0,1.125350142087051
2023-02-05 20:00:00,1.011312147641305,0.9657656430112358,1.3823156188634784,1.0,1.1230074352291755
2023-02-05 21:00:00,1.011312147641305,0.9657656430112358,1.3819833026192563,1.0,1.1232677359911616
2023-02-05 22:00:00,1.011312147641305,0.9657656430112358,1.382750651037733,1.0,1.1226666778680299
2023-02-05 23:00:00,1.011312147641305,0.9657656430112358,1.3876205945439717,1.0,1.1188520885196502
2023-02-06 00:00:00,1.011312147641305,0.9657656430112358,1.3847143379354099,1.0,1.1211285370017479
2023-02-06 01:00:00,1.011312147641305,0.9657656430112358,1.392007168967705,1.0,1.1154161184614326
2023-02-06 02:00:00,1.011312147641305,0.9650896070611279,1.3874695417056888,1.0,1.1174265207819032
2023-02-06 03:00:00,1.011312147641305,0.9608650207899089,1.381397217606719,1.0,1.1223179471367746
2023-02-06 04:00:00,1.011312147641305,0.9616048488334258,1.38246062958823,1.0,1.1214613391383095
2023-02-06 05:00:00,1.011312147641305,0.9604951067681503,1.3808655116159632,1.0,1.1227462511360071
2023-02-06 06:00:00,1.011312147641305,0.9565437524448211,1.3751859248965288,1.0,1.1273213165823546
2023-02-06 07:00:00,1.011312147641305,0.9567329130241294,1.375457820005438,1.0,1.1271022974918379
2023-02-06 08:00:00,1.011312147641305,0.9608103744003308,1.3813186701308118,1.0,1.1223812193184795
2023-02-06 09:00:00,1.011312147641305,0.9601840427043989,1.3804183952146463,1.0,1.1231064158626345
2023-02-06 10:00:00,1.011312147641305,0.959162575576134,1.3789501616265372,1.0,1.1242891189514241
2023-02-06 11:00:00,1.011312147641305,0.9594694360714564,1.379391235914323,1.0,1.1239338213156973
2023-02-06 12:00:00,1.011312147641305,0.960936481453203,1.381499933536751,1.0,1.1222352065914685
2023-02-06 13:00:00,1.011312147641305,0.9612013062642348,1.381880586689224,1.0,1.121928579864745
2023-02-06 14:00:00,1.011312147641305,0.9588136793965208,1.3784486662034379,1.0,1.124693087496155
2023-02-06 15:00:00,1.011312147641305,0.9593769575660168,1.379258309416634,1.0,1.1240408973155054
2023-02-06 16:00:00,1.011312147641305,0.9678471479506001,1.3914331681822303,1.0,1.1142337091512609
2023-02-06 17:00:00,1.011312147641305,0.9660227992523821,1.3888108909096402,1.0,1.1163460266020213
2023-02-06 18:00:00,1.011312147641305,0.9674604196551253,1.3908772937373493,1.0,1.1146814815140949
2023-02-06 19:00:00,1.011312147641305,0.9667752380011864,1.3898924292317454,1.0,1.115474817330855
2023-02-06 20:00:00,1.011312147641305,0.9672502412336716,1.3905751880607837,1.0,1.1149248360591133
2023-02-06 21:00:00,1.011312147641305,0.9662035526948324,1.3890707017914867,1.0,1.1161367416933052
2023-02-06 22:00:00,1.011312147641305,0.9625758731405417,1.3838563578139633,1.0,1.1203370411403244
2023-02-06 23:00:00,1.011312147641305,0.9610667920745044,1.381687239056222,1.0,1.1220843267735567
2023-02-07 00:00:00,1.011312147641305,0.9559636600016089,1.3743521132292076,1.0,1.1279929751266056
2023-02-07 01:00:00,1.011312147641305,0.9572961911936253,1.376267463218634,1.0,1.1264501073111883
2023-02-07 02:00:00,1.011312147641305,0.9581807460184818,1.37946978339023,1.0,1.1223061488473238
2023-02-07 03:00:00,1.011312147641305,0.9596541269171344,1.381590565239721,1.0,1.1205803946521753
2023-02-07 04:00:00,1.011312147641305,0.9593728832698133,1.381185743633123,1.0,1.120909812119625
2023-02-07 05:00:00,1.011312147641305,0.9590454652923348,1.3807144587776805,1.0,1.1212933130518805
2023-02-07 06:00:00,1.011312147641305,0.96176975077161,1.3846357904595028,1.0,1.118102388628372
2023-02-07 07:00:00,1.011312147641305,0.9612912168045262,1.383946989516933,1.0,1.118662889990899
2023-02-07 08:00:00,1.011312147641305,0.9608252758365763,1.3832763149149574,1.0,1.11920864131757
2023-02-07 09:00:00,1.011312147641305,0.9593099182741445,1.3810951119301533,1.0,1.120983562298905
2023-02-07 10:00:00,1.011312147641305,0.9648592332257648,1.3890827860185493,1.0,1.1144837131650405
2023-02-07 11:00:00,1.011312147641305,0.9638182119640387,1.3875843418627836,1.0,1.1157030494624673
2023-02-07 12:00:00,1.011312147641305,0.9635495613158515,1.3871976465967797,1.0,1.1160177168940613
2023-02-07 13:00:00,1.011312147641305,0.965425918186785,1.3898984713452767,1.0,1.1138199615515216
2023-02-07 14:00:00,1.011312147641305,0.9636796889735672,1.3873849521162502,1.0,1.115865299856883
2023-02-07 15:00:00,1.011312147641305,0.9634614103219149,1.387070762212622,1.0,1.1161209671450532
2023-02-07 16:00:00,1.011312147641305,0.9605482298556332,1.3828775354218907,1.0,1.1195331421064012
2023-02-07 17:00:00,1.011312147641305,0.963574747314119,1.3872338992779676,1.0,1.1159882168223494
2023-02-07 18:00:00,1.011312147641305,0.9764573854279793,1.4057771457055679,1.0,1.1008989301416907
2023-02-07 19:00:00,1.011312147641305,0.9616941927768073,1.384527032415939,1.0,1.1181908888435077
2023-02-07 20:00:00,1.011312147641305,0.9684062613151138,1.394188371952509,1.0,1.110329119732275
2023-02-07 21:00:00,1.011312147641305,0.9727634390154029,1.4004600857980123,1.0,1.1052256073261089
2023-02-07 22:00:00,1.011312147641305,0.9727466483498911,1.400435917343887,1.0,1.1052452740405836
2023-02-07 23:00:00,1.011312147641305,0.9741906455838983,1.4025144043986588,1.0,1.1035539365957656
2023-02-08 00:00:00,1.011312147641305,0.9746188075544469,1.4031306999788526,1.0,1.1030524353766626
2023-02-08 01:00:00,1.011312147641305,0.978220405306709,1.4083148333887194,1.0,1.0988339251218546
2023-02-08 02:00:00,1.011312147641305,0.9758614847089686,1.4059040300897254,1.0,1.0992244618224427
2023-02-08 03:00:00,1.011312147641305,0.9758614847089686,1.4034811425636688,1.0,1.0973297119185117
2023-02-08 04:00:00,1.011312147641305,0.9758614847089686,1.404121606597988,1.0,1.0978305685015957
2023-02-08 05:00:00,1.011312147641305,0.9758614847089686,1.4033844687471677,1.0,1.0972541109248386
2023-02-08 06:00:00,1.011312147641305,0.9758614847089686,1.4021095827920609,1.0,1.0962571228207751
2023-02-08 07:00:00,1.011312147641305,0.9758614847089686,1.4006111386362952,1.0,1.095085307418843
2023-02-08 08:00:00,1.011312147641305,0.9758614847089686,1.4027017099181294,1.0,1.0967201789070227
2023-02-08 09:00:00,1.011312147641305,0.9758614847089686,1.4011972236488324,1.0,1.0955436384429855
2023-02-08 10:00:00,1.011312147641305,0.9758614847089686,1.4009011600857981,1.0,1.095312110399862
2023-02-08 11:00:00,1.011312147641305,0.9758614847089686,1.3982909670402708,1.0,1.0932708835706892
2023-02-08 12:00:00,1.011312147641305,0.9758614847089686,1.398218461677895,1.0,1.0932141828254345
2023-02-08 13:00:00,1.011312147641305,0.9758614847089686,1.3961218482825293,1.0,1.09157458627515
2023-02-08 14:00:00,1.011312147641305,0.9758614847089686,1.3952699102746142,1.0,1.0909083525184062
2023-02-08 15:00:00,1.011312147641305,0.9758614847089686,1.3915479683393253,1.0,1.0879977142619937
2023-02-08 16:00:00,1.011312147641305,0.9758614847089686,1.3806721639829613,1.0,1.0794926024737745
2023-02-08 17:00:00,1.011312147641305,0.9758614847089686,1.386430298178303,1.0,1.083995586659426
2023-02-08 18:00:00,1.011312147641305,0.9758614847089686,1.3887142170931392,1.0,1.085781660134952
2023-02-08 19:00:00,1.011312147641305,0.9758614847089686,1.3821947765928522,1.0,1.080683318124125
2023-02-08 20:00:00,1.011312147641305,0.9758614847089686,1.380974269659527,1.0,1.0797288555790028
2023-02-08 21:00:00,1.011312147641305,0.9758614847089686,1.3783399081598744,1.0,1.077668728501412
2023-02-08 22:00:00,1.011312147641305,0.9758614847089686,1.3858562973928281,1.0,1.0835467057594923
2023-02-08 23:00:00,1.011312147641305,0.9758614847089686,1.384333684782937,1.0,1.0823559901091415
2023-02-09 00:00:00,1.011312147641305,0.9758614847089686,1.3863215401347393,1.0,1.083910535541544
2023-02-09 01:00:00,1.011312147641305,0.9758614847089686,1.387318488867406,1.0,1.0846901707887973
2023-02-09 02:00:00,1.011312147641305,0.9751783816696723,1.385197707017915,1.0,1.0815154217120422
2023-02-09 03:00:00,1.011312147641305,0.9691242650441722,1.3765997794628562,1.0,1.088229701497563
2023-02-09 04:00:00,1.011312147641305,0.9570670854822131,1.3594764297151143,1.0,1.1016016402973992
2023-02-09 05:00:00,1.011312147641305,0.9592921754296037,1.3626364550919914,1.0,1.099133918352334
2023-02-09 06:00:00,1.011312147641305,0.9606365892410288,1.3645457629678863,1.0,1.097642904710574
2023-02-09 07:00:00,1.011312147641305,0.965524979966749,1.3714881514153652,1.0,1.0922214658675917
2023-02-09 08:00:00,1.011312147641305,0.9637551187466449,1.3689746321863387,1.0,1.0941843192694025
2023-02-09 09:00:00,1.011312147641305,0.9655930515521376,1.371584825231866,1.0,1.0921459715059836
2023-02-09 10:00:00,1.011312147641305,0.9664056561027141,1.3727388689163469,1.0,1.091244757564287
2023-02-09 11:00:00,1.011312147641305,0.9646953575198252,1.3703099392767593,1.0,1.0931415533996904
2023-02-09 12:00:00,1.011312147641305,0.9641252579921955,1.3695002960635632,1.0,1.0937738186781585
2023-02-09 13:00:00,1.011312147641305,0.9651122959803304,1.3709020664028277,1.0,1.092679150434841
2023-02-09 14:00:00,1.011312147641305,0.9667843042964384,1.3732766170206339,1.0,1.0908248201778419
2023-02-09 15:00:00,1.011312147641305,0.9644826338154858,1.3700078336001935,1.0,1.093377473279716
2023-02-09 16:00:00,1.011312147641305,0.9609897105902322,1.3650472583909852,1.0,1.0972512777097319
2023-02-09 17:00:00,1.011312147641305,0.9567012007107493,1.3589568079514214,1.0,1.1020074224910426
2023-02-09 18:00:00,1.011312147641305,0.9580073242553935,1.3608117368055348,1.0,1.100558874427687
2023-02-09 19:00:00,1.011312147641305,0.9570841033785603,1.3595005981692396,1.0,1.101582766706997
2023-02-09 20:00:00,1.011312147641305,0.9364626674798958,1.3302144738829642,1.0,1.124452839876653
2023-02-09 21:00:00,1.011312147641305,0.9348544762750897,1.327930554968128,1.0,1.1262363941696445
2023-02-09 22:00:00,1.011312147641305,0.928889703605412,1.3194595117972268,1.0,1.1328515876055547
2023-02-09 23:00:00,1.011312147641305,0.9252095835203399,1.3142330835926408,1.0,1.136933001529993
2023-02-10 00:00:00,1.011312147641305,0.9265071981168104,1.3160759282196912,1.0,1.1354938902618386
2023-02-10 01:00:00,1.011312147641305,0.9276091069052886,1.3176408356243015,1.0,1.1342718252833073
2023-02-10 02:00:00,1.011312147641305,0.9293353770210014,1.3219428204585966,1.0,1.1293981803968665
2023-02-10 03:00:00,1.011312147641305,0.9302700196079127,1.3232720854354856,1.0,1.1282623324962273
2023-02-10 04:00:00,1.011312147641305,0.9262383113580093,1.317538119694269,1.0,1.1331619673039843
2023-02-10 05:00:00,1.011312147641305,0.9246919027142106,1.315338790368871,1.0,1.1350412792850417
2023-02-10 06:00:00,1.011312147641305,0.9250997467521356,1.3159188332678773,1.0,1.1345456365647628
2023-02-10 07:00:00,1.011312147641305,0.9285069438189665,1.3207646083199904,1.0,1.1304049546724328
2023-02-10 08:00:00,1.011312147641305,0.9298281885668273,1.3226437056282287,1.0,1.1287992787765295
2023-02-10 09:00:00,1.011312147641305,0.9289870102386072,1.3214473671490288,1.0,1.1298215418871047
2023-02-10 10:00:00,1.011312147641305,0.9259196832033804,1.3170849611794206,1.0,1.1335491881792021
2023-02-10 11:00:00,1.011312147641305,0.9272664182036116,1.319000311168847,1.0,1.1319125346132812
2023-02-10 12:00:00,1.011312147641305,0.922380786499303,1.3120518806078367,1.0,1.137849921366622
2023-02-10 13:00:00,1.011312147641305,0.9217477785654403,1.311151605691671,1.0,1.1386192001720548
2023-02-10 14:00:00,1.011312147641305,0.92380824063204,1.314082030754358,1.0,1.136115171845646
2023-02-10 15:00:00,1.011312147641305,0.9270200124306986,1.3186498685840309,1.0,1.1322119854234496
2023-02-10 16:00:00,1.011312147641305,0.9190755504419533,1.3073511162804752,1.0,1.1418666925788818
2023-02-10 17:00:00,1.011312147641305,0.9170873107570694,1.3045234071478202,1.0,1.1442829508402417
2023-02-10 18:00:00,1.011312147641305,0.9205709785810112,1.309477940243497,1.0,1.1400493359378596
2023-02-10 19:00:00,1.011312147641305,0.9210850320038124,1.3102090359807863,1.0,1.139424619592508
2023-02-10 20:00:00,1.011312147641305,0.9239654305216569,1.3143055889550166,1.0,1.1359241428805384
2023-02-10 21:00:00,1.011312147641305,0.9219262103320325,1.3114053744599863,1.0,1.1384023564819328
2023-02-10 22:00:00,1.011312147641305,0.9136631201886584,1.299653463641582,1.0,1.1484442845125828
2023-02-10 23:00:00,1.011312147641305,0.9153199865927283,1.302009887918794,1.0,1.14643073596145
2023-02-11 00:00:00,1.011312147641305,0.9177882926972528,1.305520355880487,1.0,1.1434310649147623
2023-02-11 01:00:00,1.011312147641305,0.919219995205385,1.3075565481405396,1.0,1.1416911524487834
2023-02-11 02:00:00,1.011312147641305,0.9176208701706594,1.3061970725959942,1.0,1.1412716510291103
2023-02-11 03:00:00,1.011312147641305,0.9176208701706594,1.307157768647473,1.0,1.1404321180467103
2023-02-11 04:00:00,1.011312147641305,0.9176208701706594,1.3085534968732062,1.0,1.1392124191854878
2023-02-11 05:00:00,1.011312147641305,0.9176208701706594,1.3092543820428388,1.0,1.1385999297140512
2023-02-11 06:00:00,1.011312147641305,0.9176208701706594,1.308221180628984,1.0,1.139502823676255
2023-02-11 07:00:00,1.011312147641305,0.9176208701706594,1.3079009486118245,1.0,1.1397826680037217
2023-02-11 08:00:00,1.011312147641305,0.9176208701706594,1.3093450137458085,1.0,1.1385207284892964
2023-02-11 09:00:00,1.011312147641305,0.9176208701706594,1.309127497658681,1.0,1.138710811428708
2023-02-11 10:00:00,1.011312147641305,0.9176208701706594,1.3100579831425034,1.0,1.1378976788545594
2023-02-11 11:00:00,1.011312147641305,0.9176208701706594,1.3081365910395457,1.0,1.1395767448193594
2023-02-11 12:00:00,1.011312147641305,0.9176208701706594,1.3097860880335943,1.0,1.1381352825288236
2023-02-11 13:00:00,1.011312147641305,0.9176208701706594,1.310571562792665,1.0,1.1374488719142828
2023-02-11 14:00:00,1.011312147641305,0.9176208701706594,1.312752765777469,1.0,1.1355427624385195
2023-02-11 15:00:00,1.011312147641305,0.9176208701706594,1.3129521555240022,1.0,1.135368519744059
2023-02-11 16:00:00,1.011312147641305,0.9176208701706594,1.3120639648348995,1.0,1.136144691746655
2023-02-11 17:00:00,1.011312147641305,0.9176208701706594,1.3094960665840913,1.0,1.1383887264480386
2023-02-11 18:00:00,1.011312147641305,0.9176208701706594,1.3098706776230324,1.0,1.1380613613857193
2023-02-11 19:00:00,1.011312147641305,0.9176208701706594,1.3070731790580346,1.0,1.1405060391898147
2023-02-11 20:00:00,1.011312147641305,0.9176208701706594,1.3075746744811334,1.0,1.1400677924128386
2023-02-11 21:00:00,1.011312147641305,0.9176208701706594,1.3081063804718893,1.0,1.139603145227611
2023-02-11 22:00:00,1.011312147641305,0.9176208701706594,1.3174293616507056,1.0,1.131455979241176
2023-02-11 23:00:00,1.011312147641305,0.9176208701706594,1.317248098244766,1.0,1.1316143816906854
2023-02-12 00:00:00,1.011312147641305,0.9176208701706594,1.3195743119543217,1.0,1.1295815502553146
2023-02-12 01:00:00,1.011312147641305,0.9176208701706594,1.316782855502855,1.0,1.1320209479777597
2023-02-12 02:00:00,1.011312147641305,0.9176208701706594,1.3163176127609437,1.0,1.13082973828702
2023-02-12 03:00:00,1.011312147641305,0.9176208701706594,1.316861402978762,1.0,1.1312969794986558
2023-02-12 04:00:00,1.011312147641305,0.9176208701706594,1.3147950001510529,1.0,1.12952146289444
2023-02-12 05:00:00,1.011312147641305,0.9176208701706594,1.3149762635569922,1.0,1.1296772099649852
2023-02-12 06:00:00,1.011312147641305,0.9176208701706594,1.3159490438355337,1.0,1.1305130525769116
2023-02-12 07:00:00,1.011312147641305,0.9176208701706594,1.3166620132322286,1.0,1.131125657721056
2023-02-12 08:00:00,1.011312147641305,0.9176208701706594,1.3157677804295944,1.0,1.1303573055063663
2023-02-12 09:00:00,1.011312147641305,0.9176208701706594,1.3161726020361924,1.0,1.130705140630584
2023-02-12 10:00:00,1.011312147641305,0.9176208701706594,1.3223113893840066,1.0,1.1359797747530491
2023-02-12 11:00:00,1.011312147641305,0.9176208701706594,1.3206498081628955,1.0,1.134552093273051
2023-02-12 12:00:00,1.011312147641305,0.9176208701706594,1.3211694299265884,1.0,1.1349985682086141
2023-02-12 13:00:00,1.011312147641305,0.9176208701706594,1.3168795293193558,1.0,1.1313125542057103
2023-02-12 14:00:00,1.011312147641305,0.9176208701706594,1.3169520346817316,1.0,1.1313748530339283
2023-02-12 15:00:00,1.011312147641305,0.9176208701706594,1.3233566750249237,1.0,1.1368779161931932
2023-02-12 16:00:00,1.011312147641305,0.9176208701706594,1.324420087006435,1.0,1.137791632340392
2023-02-12 17:00:00,1.011312147641305,0.9176208701706594,1.3280393130116914,1.0,1.1409013821822784
2023-02-12 18:00:00,1.011312147641305,0.9176208701706594,1.327241754025558,1.0,1.1402160950718794
2023-02-12 19:00:00,1.011312147641305,0.9176208701706594,1.3261481314763905,1.0,1.1392764210795898
2023-02-12 20:00:00,1.011312147641305,0.9176208701706594,1.3275438597021239,1.0,1.1404756735227881
2023-02-12 21:00:00,1.011312147641305,0.9176208701706594,1.325852067913356,1.0,1.1390220341976993
2023-02-12 22:00:00,1.011312147641305,0.9176208701706594,1.3121304280837438,1.0,1.1272319809574252
2023-02-12 23:00:00,1.011312147641305,0.9176208701706594,1.3154052536177157,1.0,1.1300458113652758
2023-02-13 00:00:00,1.011312147641305,0.9176208701706594,1.3147285369022084,1.0,1.1294643556352402
2023-02-13 01:00:00,1.011312147641305,0.9176208701706594,1.3164807498262894,1.0,1.130969910650511
2023-02-13 02:00:00,1.011312147641305,0.91697853556154,1.3102513307755055,1.0,1.1240415360745388
2023-02-13 03:00:00,1.011312147641305,0.9192285081517753,1.3134657351741639,1.0,1.1212834969837928
2023-02-13 04:00:00,1.011312147641305,0.9213769782191431,1.3165351288480711,1.0,1.1186498807091705
2023-02-13 05:00:00,1.011312147641305,0.9225231108731915,1.318172541615057,1.0,1.1172449397437718
2023-02-13 06:00:00,1.011312147641305,0.9222059154892297,1.3177193831002085,1.0,1.117633761044159
2023-02-13 07:00:00,1.011312147641305,0.9219563884538464,1.317362898401861,1.0,1.1179396338004635
2023-02-13 08:00:00,1.011312147641305,0.9237538289629631,1.319930796652669,1.0,1.1157363130982698
2023-02-13 09:00:00,1.011312147641305,0.9175917799705327,1.3111274372375459,1.0,1.1232898148937904
2023-02-13 10:00:00,1.011312147641305,0.9117088629159885,1.302722857315489,1.0,1.1305011539449705
2023-02-13 11:00:00,1.011312147641305,0.9123305658685535,1.3036110480045922,1.0,1.1297390641962117
2023-02-13 12:00:00,1.011312147641305,0.9127069710575215,1.3041487961088791,1.0,1.1292776629197523
2023-02-13 13:00:00,1.011312147641305,0.9149950070938323,1.3074175795293195,1.0,1.1264729652729597
2023-02-13 14:00:00,1.011312147641305,0.9113832089884544,1.3022576145735778,1.0,1.130900343813368
2023-02-13 15:00:00,1.011312147641305,0.9155321246106743,1.3081849279477962,1.0,1.1258145612043042
2023-02-13 16:00:00,1.011312147641305,0.9109053012766187,1.3015748557445395,1.0,1.1314861679059514
2023-02-13 17:00:00,1.011312147641305,0.9085242212610124,1.29817314582641,1.0,1.1344049198008574
2023-02-13 18:00:00,1.011312147641305,0.9066633416751034,1.2955146158726323,1.0,1.1366860047631286
2023-02-13 19:00:00,1.011312147641305,0.914094172203381,1.3061306093471499,1.0,1.1275772177660592
2023-02-13 20:00:00,1.011312147641305,0.9127915564932447,1.3042696383795054,1.0,1.129173977239649
2023-02-13 21:00:00,1.011312147641305,0.9152064706831402,1.307719685205885,1.0,1.1262137510727017
2023-02-13 22:00:00,1.011312147641305,0.9130537713439864,1.3046442494184465,1.0,1.1288525516313292
2023-02-13 23:00:00,1.011312147641305,0.9140899429315947,1.3061245672336184,1.0,1.1275824020500644
2023-02-14 00:00:00,1.011312147641305,0.9199051916375603,1.3144324733391741,1.0,1.120454011542967
2023-02-14 01:00:00,1.011312147641305,0.9182811512716762,1.31211230174315,1.0,1.122444776600949
2023-02-14 02:00:00,1.011312147641305,0.9157707859635577,1.310360088819069,1.0,1.122374560857667
2023-02-14 03:00:00,1.011312147641305,0.916074867239247,1.3107951209933237,1.0,1.1220018768918776
2023-02-14 04:00:00,1.011312147641305,0.9154793747410219,1.3099431829854082,1.0,1.1227317163248818
2023-02-14 05:00:00,1.011312147641305,0.9156609788362253,1.3102029938672548,1.0,1.1225091411786465
2023-02-14 06:00:00,1.011312147641305,0.9165563292590885,1.3114839219358931,1.0,1.1214117939460446
2023-02-14 07:00:00,1.011312147641305,0.9173756593630294,1.312656091960968,1.0,1.1204076177048898
2023-02-14 08:00:00,1.011312147641305,0.9183597001579686,1.314063904413764,1.0,1.119201570982266
2023-02-14 09:00:00,1.011312147641305,0.9152090802737426,1.3095564877194044,1.0,1.123062990961139
2023-02-14 10:00:00,1.011312147641305,0.9204164721199234,1.3170064137035136,1.0,1.1166807780469965
2023-02-14 11:00:00,1.011312147641305,0.9200448172274142,1.316474707712758,1.0,1.1171362806718501
2023-02-14 12:00:00,1.011312147641305,0.9200025837169017,1.3164142865774449,1.0,1.1171880423337652
2023-02-14 13:00:00,1.011312147641305,0.922160716104086,1.319501806591946,1.0,1.1145430214098992
2023-02-14 14:00:00,1.011312147641305,0.916302928196014,1.3111213951240144,1.0,1.1217223639175358
2023-02-14 15:00:00,1.011312147641305,0.9386317852039281,1.3430660493640676,1.0,1.0943559732629768
2023-02-14 16:00:00,1.011312147641305,0.9299063419320631,1.3305830428083745,1.0,1.1050499326146541
2023-02-14 17:00:00,1.011312147641305,0.9285506462446145,1.328643524364823,1.0,1.1067114819621318
2023-02-14 18:00:00,1.011312147641305,0.9302357633140599,1.331054327663817,1.0,1.1046461916517158
2023-02-14 19:00:00,1.011312147641305,0.9329767181463156,1.334975659345639,1.0,1.1012868597934202
2023-02-14 20:00:00,1.011312147641305,0.9368072975497916,1.3404558563185403,1.0,1.0965920770577129
2023-02-14 21:00:00,1.011312147641305,0.9387753791396704,1.3432714812241324,1.0,1.094179983612465
2023-02-14 22:00:00,1.011312147641305,0.9382347902051112,1.342498090692124,1.0,1.0948425328849796
2023-02-14 23:00:00,1.011312147641305,0.9359626273395434,1.3392474336122777,1.0,1.0976273102960166
2023-02-15 00:00:00,1.011312147641305,0.936410302550975,1.3398878976465969,1.0,1.0970786366797156
2023-02-15 01:00:00,1.011312147641305,0.9342817336211493,1.336842672426815,1.0,1.099687424440241
2023-02-15 02:00:00,1.011312147641305,0.9320952840875014,1.3346493852149484,1.0,1.0999950585785736
2023-02-15 03:00:00,1.011312147641305,0.9320952840875014,1.3323715084136432,1.0,1.0981173414514034
2023-02-15 04:00:00,1.011312147641305,0.9320952840875014,1.3339364158182534,1.0,1.0994073380984515
2023-02-15 05:00:00,1.011312147641305,0.9320952840875014,1.3330542672426815,1.0,1.0986801585213508
2023-02-15 06:00:00,1.011312147641305,0.9320952840875014,1.3361719978248392,1.0,1.1012501904513772
2023-02-15 07:00:00,1.011312147641305,0.9320952840875014,1.3350360804809522,1.0,1.1003138222288094
2023-02-15 08:00:00,1.011312147641305,0.9320952840875014,1.334449995468415,1.0,1.0998306960714208
2023-02-15 09:00:00,1.011312147641305,0.9320952840875014,1.3334470046222169,1.0,1.0990039028536216
2023-02-15 10:00:00,1.011312147641305,0.9320952840875014,1.338347158696112,1.0,1.1030432359839535
2023-02-15 11:00:00,1.011312147641305,0.9320952840875014,1.3420207637231505,1.0,1.1060714906611935
2023-02-15 12:00:00,1.011312147641305,0.9320952840875014,1.3547273284795023,1.0,1.11654586498066
2023-02-15 13:00:00,1.011312147641305,0.9320952840875014,1.3747025558140238,1.0,1.133011999788153
2023-02-15 14:00:00,1.011312147641305,0.9320952840875014,1.370080338962569,1.0,1.129201778031428
2023-02-15 15:00:00,1.011312147641305,0.9320952840875014,1.3694882118365004,1.0,1.1287136711920045
2023-02-15 16:00:00,1.011312147641305,0.9320952840875014,1.3767810428687957,1.0,1.1347253544081704
2023-02-15 17:00:00,1.011312147641305,0.9320952840875014,1.3739412495090784,1.0,1.1323844338517512
2023-02-15 18:00:00,1.011312147641305,0.9320952840875014,1.3765091477598865,1.0,1.1345012237165983
2023-02-15 19:00:00,1.011312147641305,0.9320952840875014,1.3867565723089936,1.0,1.1429484604478466
2023-02-15 20:00:00,1.011312147641305,0.9320952840875014,1.4077529168303071,1.0,1.1602563305192433
2023-02-15 21:00:00,1.011312147641305,0.9320952840875014,1.4581562279085225,1.0,1.2018051800546652
2023-02-15 22:00:00,1.011312147641305,0.9320952840875014,1.4603434730068579,1.0,1.2036081869513113
2023-02-15 23:00:00,1.011312147641305,0.9320952840875014,1.4588087761699042,1.0,1.202343093714438
2023-02-16 00:00:00,1.011312147641305,0.9320952840875014,1.4695093592338602,1.0,1.2111638815983068
2023-02-16 01:00:00,1.011312147641305,0.9320952840875014,1.4862580979426605,1.0,1.2249703321991445
2023-02-16 02:00:00,1.010604229137956,0.9320952840875014,1.4886326485604666,1.0,1.225210103599553
2023-02-16 03:00:00,1.0086061561136739,0.9320952840875014,1.491575157850216,1.0,1.2276324754702588
2023-02-16 04:00:00,1.0068378409730878,0.9320952840875014,1.4941793087822122,1.0,1.229776299446181
2023-02-16 05:00:00,1.0106575657895283,0.9320952840875014,1.4885541010845595,1.0,1.225145440695407
2023-02-16 06:00:00,1.0087497547909838,0.9320952840875014,1.4913636838766202,1.0,1.2274583830360193
2023-02-16 07:00:00,1.0127089754653824,0.9320952840875014,1.485533044318903,1.0,1.2226584059205552
2023-02-16 08:00:00,1.0113591478986703,0.9320952840875014,1.4875208996707048,1.0,1.2242948748024076
2023-02-16 09:00:00,1.012926424891023,0.9320952840875014,1.4852128123017432,1.0,1.2223947802344206
2023-02-16 10:00:00,1.0100462457061237,0.9320952840875014,1.489454376000725,1.0,1.2258865770583127
2023-02-16 11:00:00,1.0112073435826572,0.9320952840875014,1.4877444578713634,1.0,1.2244789153757465
2023-02-16 12:00:00,1.0134433801293383,0.9320952840875014,1.4844515059967978,1.0,1.221768047471158
2023-02-16 13:00:00,1.0123274132656734,0.9320952840875014,1.486094960877315,1.0,1.2231209943886776
2023-02-16 14:00:00,1.0181575195644512,0.9320952840875014,1.4775091175493187,1.0,1.2160528415585485
2023-02-16 15:00:00,1.0188508960348899,0.9320952840875014,1.476488000362527,1.0,1.2152122238046486
2023-02-16 16:00:00,0.992510795796922,0.9320952840875014,1.515278369233558,1.0,1.2471457503137464
2023-02-16 17:00:00,1.0000928059588792,0.9320952840875014,1.5041125434276912,1.0,1.237953669785894
2023-02-16 18:00:00,1.000462059700533,0.9320952840875014,1.503568753209873,1.0,1.2375060035264207
2023-02-16 19:00:00,0.9971798042191661,0.9320952840875014,1.5084024440349235,1.0,1.2414852591661836
2023-02-16 20:00:00,1.0011718474483784,0.9320952840875014,1.5025234675689556,1.0,1.2366454894943217
2023-02-16 21:00:00,1.0133818378390627,0.9320952840875014,1.4845421376997674,1.0,1.2218426585144035
2023-02-16 22:00:00,1.0145101131607823,0.9320952840875014,1.4828805564786562,1.0,1.220474789388235
2023-02-16 23:00:00,1.0367145714922283,0.9320952840875014,1.4501806380471889,1.0,1.1935551249852387
2023-02-17 00:00:00,1.0566624791802346,0.9320952840875014,1.4208038820579438,1.0,1.1693711988345792
2023-02-17 01:00:00,1.048789168844306,0.9320952840875014,1.432398697924534,1.0,1.1789164383004607
2023-02-17 02:00:00,1.042618670496886,0.9314428173886402,1.4404770037159,1.0,1.183906956386177
2023-02-17 03:00:00,1.042618670496886,0.9285471406564777,1.4359997975891967,1.0,1.1875874956126902
2023-02-17 04:00:00,1.042618670496886,0.9309269883351375,1.4396794447297665,1.0,1.1845625990014264
2023-02-17 05:00:00,1.042618670496886,0.9295944299469225,1.437619084015589,1.0,1.1862563424241537
2023-02-17 06:00:00,1.042618670496886,0.9258663926966082,1.431854907706716,1.0,1.1909948504161825
2023-02-17 07:00:00,1.042618670496886,0.9244400472077562,1.4296495362677866,1.0,1.1928078015871368
2023-02-17 08:00:00,1.042618670496886,0.9229902549437452,1.4274079121476695,1.0,1.194650554695148
2023-02-17 09:00:00,1.042618670496886,0.9295866143552027,1.4376069997885261,1.0,1.1862662764031726
2023-02-17 10:00:00,1.042618670496886,0.9274138798571159,1.434247584665116,1.0,1.1890279225704348
2023-02-17 11:00:00,1.042618670496886,0.9277265035259054,1.434730953747621,1.0,1.1886305634096777
2023-02-17 12:00:00,1.042618670496886,0.9291137710561587,1.436875904051237,1.0,1.1868672821338178
2023-02-17 13:00:00,1.042618670496886,0.9321227738682573,1.4415283314703484,1.0,1.1830427002115305
2023-02-17 14:00:00,1.042618670496886,0.9286760979198535,1.4361991873357303,1.0,1.1874235849588777
2023-02-17 15:00:00,1.042618670496886,0.9319625542380027,1.4412806048155646,1.0,1.1832463467814183
2023-02-17 16:00:00,1.042618670496886,0.9423494756335326,1.4573405425817951,1.0,1.1700440886652625
2023-02-17 17:00:00,1.042618670496886,0.9407629105144261,1.4548874444880822,1.0,1.172060686406105
2023-02-17 18:00:00,1.042618670496886,0.9489888207994488,1.4676060934714965,1.0,1.1616051734886828
2023-02-17 19:00:00,1.042618670496886,0.9513921152532677,1.4713219932932542,1.0,1.1585504749403623
2023-02-17 20:00:00,1.042618670496886,0.9578048082593116,1.4812371015981391,1.0,1.1503996451553316
2023-02-17 21:00:00,1.042618670496886,0.9698564506911453,1.4998709797287093,1.0,1.1350814495081438
2023-02-17 22:00:00,1.042618670496886,0.9561205482437084,1.478632950666143,1.0,1.1525404176339107
2023-02-17 23:00:00,1.042618670496886,0.9639205087800055,1.4906930092746442,1.0,1.1426263065730202
2023-02-18 00:00:00,1.042618670496886,0.9599345570029397,1.4845300534727048,1.0,1.1476926358726736
2023-02-18 01:00:00,1.042618670496886,0.9621541850513449,1.4879619739584906,1.0,1.144871385831298
2023-02-18 02:00:00,1.042618670496886,0.9627025043011858,1.489853155493792,1.0,1.1416592682651117
2023-02-18 03:00:00,1.042618670496886,0.9627025043011858,1.4834183045829432,1.0,1.1367271709142273
2023-02-18 04:00:00,1.042618670496886,0.9627025043011858,1.4868623092957918,1.0,1.1393668849893486
2023-02-18 05:00:00,1.042618670496886,0.9627025043011858,1.487617573487206,1.0,1.1399457696549453
2023-02-18 06:00:00,1.042618670496886,0.9627025043011858,1.4886689012416543,1.0,1.1407515771094558
2023-02-18 07:00:00,1.042618670496886,0.9627025043011858,1.4874725627624543,1.0,1.1398346237991506
2023-02-18 08:00:00,1.042618670496886,0.9627025043011858,1.4809893749433554,1.0,1.134865477829668
2023-02-18 09:00:00,1.042618670496886,0.9627025043011858,1.485134264825836,1.0,1.138042396874463
2023-02-18 10:00:00,1.042618670496886,0.9627025043011858,1.4832491254040663,1.0,1.1365975007491336
2023-02-18 11:00:00,1.042618670496886,0.9627025043011858,1.4773701489380986,1.0,1.1320914625121283
2023-02-18 12:00:00,1.042618670496886,0.9627025043011858,1.4811706383492946,1.0,1.1350044101494114
2023-02-18 13:00:00,1.042618670496886,0.9627025043011858,1.4871462886317635,1.0,1.1395845456236127
2023-02-18 14:00:00,1.042618670496886,0.9627025043011858,1.4849288329657715,1.0,1.1378849402454208
2023-02-18 15:00:00,1.042618670496886,0.9627025043011858,1.4916476632125917,1.0,1.1430346982305695
2023-02-18 16:00:00,1.042618670496886,0.9627025043011858,1.4898894081749796,1.0,1.1416870547290603
2023-02-18 17:00:00,1.042618670496886,0.9627025043011858,1.4887111960363737,1.0,1.1407839946507292
2023-02-18 18:00:00,1.042618670496886,0.9627025043011858,1.4913455575360262,1.0,1.1428031443643307
2023-02-18 19:00:00,1.042618670496886,0.9627025043011858,1.4925298117881636,1.0,1.1437108355199865
2023-02-18 20:00:00,1.042618670496886,0.9627025043011858,1.4862641400561918,1.0,1.1389084083341958
2023-02-18 21:00:00,1.042618670496886,0.9627025043011858,1.4855088758647776,1.0,1.138329523668599
2023-02-18 22:00:00,1.042618670496886,0.9627025043011858,1.4869710673393555,1.0,1.1394502443811945
2023-02-18 23:00:00,1.042618670496886,0.9627025043011858,1.4874967312165797,1.0,1.1398531481084497
2023-02-19 00:00:00,1.042618670496886,0.9627025043011858,1.4878834264825835,1.0,1.1401495370572352
2023-02-19 01:00:00,1.042618670496886,0.9627025043011858,1.4943484879610889,1.0,1.1451047897947435
2023-02-19 02:00:00,1.042618670496886,0.9627025043011858,1.4925479381287574,1.0,1.1421235151437836
2023-02-19 03:00:00,1.042618670496886,0.9627025043011858,1.4911038729947736,1.0,1.1410182358234338
2023-02-19 04:00:00,1.042618670496886,0.9627025043011858,1.4909165674753029,1.0,1.1408748732337652
2023-02-19 05:00:00,1.042618670496886,0.9627025043011858,1.4929285912812302,1.0,1.1424148649227879
2023-02-19 06:00:00,1.042618670496886,0.9627025043011858,1.495701921392103,1.0,1.1445375561698194
2023-02-19 07:00:00,1.042618670496886,0.9627025043011858,1.4874665206489233,1.0,1.1382342268240595
2023-02-19 08:00:00,1.042618670496886,0.9627025043011858,1.484246074136733,1.0,1.1357693152016894
2023-02-19 09:00:00,1.042618670496886,0.9627025043011858,1.4835753995347574,1.0,1.1352559846386818
2023-02-19 10:00:00,1.042618670496886,0.9627025043011858,1.4855511706594968,1.0,1.1367682287297043
2023-02-19 11:00:00,1.042618670496886,0.9627025043011858,1.4889347542370321,1.0,1.139358004543076
2023-02-19 12:00:00,1.042618670496886,0.9627025043011858,1.489605428839008,1.0,1.1398713351060836
2023-02-19 13:00:00,1.042618670496886,0.9627025043011858,1.491726210688499,1.0,1.1414945695891077
2023-02-19 14:00:00,1.042618670496886,0.9627025043011858,1.4896537657472584,1.0,1.1399083319034173
2023-02-19 15:00:00,1.042618670496886,0.9627025043011858,1.4950614573577838,1.0,1.1440473486051455
2023-02-19 16:00:00,1.042618670496886,0.9627025043011858,1.5055807770158003,1.0,1.1520987766249313
2023-02-19 17:00:00,1.042618670496886,0.9627025043011858,1.4966021963082685,1.0,1.145226621520163
2023-02-19 18:00:00,1.042618670496886,0.9627025043011858,1.4707721609619044,1.0,1.12545645794487
2023-02-19 19:00:00,1.042618670496886,0.9627025043011858,1.4771405486239086,1.0,1.130330785993609
2023-02-19 20:00:00,1.042618670496886,0.9627025043011858,1.4803730793631613,1.0,1.1328049468153123
2023-02-19 21:00:00,1.042618670496886,0.9627025043011858,1.480620806017945,1.0,1.1329945554016483
2023-02-19 22:00:00,1.042618670496886,0.9627025043011858,1.4818413129512704,1.0,1.1339287245343288
2023-02-19 23:00:00,1.042618670496886,0.9627025043011858,1.478922972115646,1.0,1.1316950428952959
2023-02-20 00:00:00,1.042618670496886,0.9627025043011858,1.465473227394943,1.0,1.1214006840371433
2023-02-20 01:00:00,1.042618670496886,0.9627025043011858,1.4619748436603124,1.0,1.1187230408301037
2023-02-20 02:00:00,1.042618670496886,0.9627025043011858,1.4633645297725144,1.0,1.118218986430158
2023-02-20 03:00:00,1.042618670496886,0.9627025043011858,1.4700410652246156,1.0,1.1131160293575026
2023-02-20 04:00:00,1.042618670496886,0.9627025043011858,1.4744759765565996,1.0,1.1097263728042637
2023-02-20 05:00:00,1.042618670496886,0.9627025043011858,1.4785483610767047,1.0,1.1066137998929788
2023-02-20 06:00:00,1.042618670496886,0.9627025043011858,1.4791223618621794,1.0,1.1061750841265514
2023-02-20 07:00:00,1.042618670496886,0.9627025043011858,1.4796298993988097,1.0,1.1057871670278157
2023-02-20 08:00:00,1.042618670496886,0.9627025043011858,1.4796238572852785,1.0,1.105791785088515
2023-02-20 09:00:00,1.042618670496886,0.9627025043011858,1.476935116763844,1.0,1.1078468220996749
2023-02-20 10:00:00,1.042618670496886,0.9627025043011858,1.5028618259267092,1.0,1.0880307236392548
2023-02-20 11:00:00,1.042618670496886,0.9627025043011858,1.504922186640887,1.0,1.0864559649408154
2023-02-20 12:00:00,1.042618670496886,0.9627025043011858,1.5035445847557476,1.0,1.087508882780241
2023-02-20 13:00:00,1.042618670496886,0.9627025043011858,1.498904241563699,1.0,1.0910555533972541
2023-02-20 14:00:00,1.042618670496886,0.9627025043011858,1.5011760762514728,1.0,1.0893191625743415
2023-02-20 15:00:00,1.042618670496886,0.9627025043011858,1.5082695175372347,1.0,1.0838975593134388
2023-02-20 16:00:00,1.042618670496886,0.9627025043011858,1.5064870940454973,1.0,1.0852598872197134
2023-02-20 17:00:00,1.042618670496886,0.9627025043011858,1.5031760158303376,1.0,1.0877905844828943
2023-02-20 18:00:00,1.042618670496886,0.9627025043011858,1.4985115041841637,1.0,1.0913557273427044
2023-02-20 19:00:00,1.042618670496886,0.9627025043011858,1.4990734207425758,1.0,1.0909262476976755
2023-02-20 20:00:00,1.042618670496886,0.9627025043011858,1.5024811727742367,1.0,1.0883216614633064
2023-02-20 21:00:00,1.042618670496886,0.9627025043011858,1.4981852300534728,1.0,1.0916051026204632
2023-02-20 22:00:00,1.042618670496886,0.9627025043011858,1.495931521706293,1.0,1.093327639261278
2023-02-20 23:00:00,1.042618670496886,0.9627025043011858,1.4919860215703453,1.0,1.0963432328978788
2023-02-21 00:00:00,1.042618670496886,0.9627025043011858,1.5007591704178123,1.0,1.0896378087625886
2023-02-21 01:00:00,1.042618670496886,0.9627025043011858,1.5014238029062568,1.0,1.0891298220856727
2023-02-21 02:00:00,1.042618670496886,0.9627025043011858,1.501967593124075,1.0,1.0871487044990864
2023-02-21 03:00:00,1.042618670496886,0.9627025043011858,1.5048496812785113,1.0,1.08923529586164
2023-02-21 04:00:00,1.042618670496886,0.9627025043011858,1.5053693030422042,1.0,1.089611494723652
2023-02-21 05:00:00,1.042618670496886,0.9627025043011858,1.5039494063623458,1.0,1.0885835094611778
2023-02-21 06:00:00,1.042618670496886,0.9627025043011858,1.506734820700281,1.0,1.0906001103377758
2023-02-21 07:00:00,1.042618670496886,0.9627025043011858,1.5121606386514002,1.0,1.0945283263620385
2023-02-21 08:00:00,1.042618670496886,0.9627025043011858,1.5101063200507538,1.0,1.0930410285354801
2023-02-21 09:00:00,1.042618670496886,0.9627025043011858,1.490759472523489,1.0,1.0790341825335996
2023-02-21 10:00:00,1.042618670496886,0.9627025043011858,1.4975870608138728,1.0,1.0839772606042195
2023-02-21 11:00:00,1.042618670496886,0.9627025043011858,1.4916778737802483,1.0,1.0796990921501783
2023-02-21 12:00:00,1.042618670496886,0.9627025043011858,1.4840043895954804,1.0,1.0741435973274462
2023-02-21 13:00:00,1.042618670496886,0.9627025043011858,1.487720289417238,1.0,1.0768338566313678
2023-02-21 14:00:00,1.042618670496886,0.9627025043011858,1.483762705054228,1.0,1.073968621112557
2023-02-21 15:00:00,1.042618670496886,0.9627025043011858,1.4908742726805837,1.0,1.0791172962356719
2023-02-21 16:00:00,1.042618670496886,0.9627025043011858,1.4828805564786562,1.0,1.0733299579282114
2023-02-21 17:00:00,1.042618670496886,0.9627025043011858,1.4733823540074318,1.0,1.0664533926830657
2023-02-21 18:00:00,1.042618670496886,0.9627025043011858,1.4890616386211897,1.0,1.0778049746240028
2023-02-21 19:00:00,1.042618670496886,0.9627025043011858,1.4908380199993958,1.0,1.0790910498034385
2023-02-21 20:00:00,1.042618670496886,0.9627025043011858,1.4861251714449715,1.0,1.0756790136130991
2023-02-21 21:00:00,1.042618670496886,0.9627025043011858,1.4776903809552582,1.0,1.0695723437134657
2023-02-21 22:00:00,1.042618670496886,0.9627025043011858,1.4612074952418357,1.0,1.057638965858022
2023-02-21 23:00:00,1.042618670496886,0.9627025043011858,1.472306857798858,1.0,1.0656747485268088
2023-02-22 00:00:00,1.042618670496886,0.9627025043011858,1.4761919367994925,1.0,1.0684874911811526
2023-02-22 01:00:00,1.042618670496886,0.9627025043011858,1.4741799129935653,1.0,1.0670308141922
2023-02-22 02:00:00,1.042618670496886,0.962028612548175,1.4598661460378841,1.0,1.0551884979427557
2023-02-22 03:00:00,1.042618670496886,0.9617060271005146,1.4593767348418478,1.0,1.0555423215708006
2023-02-22 04:00:00,1.042618670496886,0.9630481418642376,1.4614129271019003,1.0,1.0540702405504156
2023-02-22 05:00:00,1.042618670496886,0.9613237036069913,1.4587966919428417,1.0,1.0559616680929282
2023-02-22 06:00:00,1.042618670496886,0.9592846449748662,1.4557031298148093,1.0,1.0581981828776081
2023-02-22 07:00:00,1.042618670496886,0.9530798532778921,1.4462895169330234,1.0,1.0650038274763023
2023-02-22 08:00:00,1.042618670496886,0.9575044512081476,1.4530023050663123,1.0,1.0601507651212645
2023-02-22 09:00:00,1.042618670496886,0.953661303590959,1.4471716655085949,1.0,1.0643660713072336
2023-02-22 10:00:00,1.042618670496886,0.9593364179479474,1.4557816772907164,1.0,1.0581413963694035
2023-02-22 11:00:00,1.042618670496886,0.9622317219041093,1.4601742938279811,1.0,1.0549657201028755
2023-02-22 12:00:00,1.042618670496886,0.9613635289708999,1.458857113078155,1.0,1.05591798616354
2023-02-22 13:00:00,1.042618670496886,0.9602484187814566,1.4571653212893871,1.0,1.0571410801864118
2023-02-22 14:00:00,1.042618670496886,0.9592846449748662,1.4557031298148093,1.0,1.0581981828776081
2023-02-22 15:00:00,1.042618670496886,0.952259450781373,1.4450448415455728,1.0,1.065903675221701
2023-02-22 16:00:00,1.042618670496886,0.9434859231122883,1.4317340654360897,1.0,1.0755268042659394
2023-02-22 17:00:00,1.042618670496886,0.9403158241451566,1.4269245430651643,1.0,1.0790038858452466
2023-02-22 18:00:00,1.042618670496886,0.944712544320676,1.433595036403734,1.0,1.0741814008407804
2023-02-22 19:00:00,1.042618670496886,0.9443302208271527,1.433014993504728,1.0,1.0746007473629078
2023-02-22 20:00:00,1.042618670496886,0.9464409651143133,1.436217313676324,1.0,1.0722856051053289
2023-02-22 21:00:00,1.042618670496886,0.9468830266536997,1.4368879882782999,1.0,1.071800735689119
2023-02-22 22:00:00,1.042618670496886,0.9469865725998624,1.437045083230114,1.0,1.0716871626727094
2023-02-22 23:00:00,1.042618670496886,0.9588386008990888,1.4550264130993023,1.0,1.058687420486757
2023-02-23 00:00:00,1.042618670496886,0.9619569268931394,1.4597573879943204,1.0,1.0552671254156545
2023-02-23 01:00:00,1.042618670496886,0.9598302524604153,1.4565308993685993,1.0,1.0575997404449886
2023-02-23 02:00:00,1.042618670496886,0.9616651411871652,1.4603374308933266,1.0,1.0533705151633597
2023-02-23 03:00:00,1.042618670496886,0.9616651411871652,1.4808262378780097,1.0,1.038588263245496
2023-02-23 04:00:00,1.042618670496886,0.9616651411871652,1.4762523579348057,1.0,1.041888223346299
2023-02-23 05:00:00,1.042618670496886,0.9616651411871652,1.4802341107519412,1.0,1.0390154707618482
2023-02-23 06:00:00,1.042618670496886,0.9616651411871652,1.4725545844536418,1.0,1.0445560906933153
2023-02-23 07:00:00,1.042618670496886,0.9616651411871652,1.4722162260958884,1.0,1.044800209274088
2023-02-23 08:00:00,1.042618670496886,0.9616651411871652,1.4714730461315368,1.0,1.045336398299714
2023-02-23 09:00:00,1.042618670496886,0.9616651411871652,1.4734911120509955,1.0,1.0438804053358193
2023-02-23 10:00:00,1.042618670496886,0.9616651411871652,1.465998891272167,1.0,1.0492858881957872
2023-02-23 11:00:00,1.042618670496886,0.9616651411871652,1.4642164677804297,1.0,1.0505718700052151
2023-02-23 12:00:00,1.042618670496886,0.9616651411871652,1.4353653756684088,1.0,1.0713873382764625
2023-02-23 13:00:00,1.042618670496886,0.9616651411871652,1.443389302437993,1.0,1.0655982405038515
2023-02-23 14:00:00,1.042618670496886,0.9616651411871652,1.449485794991088,1.0,1.0611997467895713
2023-02-23 15:00:00,1.042618670496886,0.9616651411871652,1.4492501525633668,1.0,1.061369757944038
2023-02-23 16:00:00,1.042618670496886,0.9616651411871652,1.4457819793963929,1.0,1.0638719733969588
2023-02-23 17:00:00,1.042618670496886,0.9616651411871652,1.4342536267786472,1.0,1.0721894421847158
2023-02-23 18:00:00,1.042618670496886,0.9616651411871652,1.4389906437871967,1.0,1.0687717820538976
2023-02-23 19:00:00,1.042618670496886,0.9616651411871652,1.44024740340171,1.0,1.0678650558967415
2023-02-23 20:00:00,1.042618670496886,0.9616651411871652,1.4471293707138757,1.0,1.0628998583342386
2023-02-23 21:00:00,1.042618670496886,0.9616651411871652,1.4453711156762636,1.0,1.0641684031021827
2023-02-23 22:00:00,1.042618670496886,0.9616651411871652,1.4409362043442797,1.0,1.0673681002144542
2023-02-23 23:00:00,1.042618670496886,0.9616651411871652,1.4405495090782758,1.0,1.0676470928781943
2023-02-24 00:00:00,1.042618670496886,0.9616651411871652,1.4450992205673545,1.0,1.064364569818875
2023-02-24 01:00:00,1.042618670496886,0.9616651411871652,1.4461626325488657,1.0,1.0635973399935894
2023-02-24 02:00:00,1.042618670496886,0.9616651411871652,1.448966173227395,1.0,1.0600999204402208
2023-02-24 03:00:00,1.042618670496886,0.9616651411871652,1.4452986103138878,1.0,1.0627837842975183
2023-02-24 04:00:00,1.042618670496886,0.9616651411871652,1.4460901271864899,1.0,1.0622045649148066
2023-02-24 05:00:00,1.042618670496886,0.9616651411871652,1.4450931784538232,1.0,1.062934116045703
2023-02-24 06:00:00,1.042618670496886,0.9616651411871652,1.4426219540195162,1.0,1.0647425185459247
2023-02-24 07:00:00,1.042618670496886,0.9616651411871652,1.4422050481858555,1.0,1.0650476035642997
2023-02-24 08:00:00,1.042618670496886,0.9616651411871652,1.438628116975318,1.0,1.0676651445915155
2023-02-24 09:00:00,1.042618670496886,0.9616651411871652,1.4428455122201749,1.0,1.0645789222317237
2023-02-24 10:00:00,1.042618670496886,0.9616651411871652,1.4385556116129423,1.0,1.0677182028555807
2023-02-24 11:00:00,1.042618670496886,0.9616651411871652,1.440537424851213,1.0,1.0662679436377989
2023-02-24 12:00:00,1.042618670496886,0.9616651411871652,1.4419331530769464,1.0,1.065246572054544
2023-02-24 13:00:00,1.042618670496886,0.9616651411871652,1.4419089846228212,1.0,1.0652642581425658
2023-02-24 14:00:00,1.042618670496886,0.9616651411871652,1.4355164285066917,1.0,1.0699422284243132
2023-02-24 15:00:00,1.042618670496886,0.9616651411871652,1.4373230204525544,1.0,1.0686201933446888
2023-02-24 16:00:00,1.042618670496886,0.9616651411871652,1.4093540769161053,1.0,1.0890874187078352
2023-02-24 17:00:00,1.042618670496886,0.9616651411871652,1.399855874444881,1.0,1.0960380513003747
2023-02-24 18:00:00,1.042618670496886,0.9616651411871652,1.3921823902601131,1.0,1.1016533842472738
2023-02-24 19:00:00,1.042618670496886,0.9616651411871652,1.3934874867828768,1.0,1.1006983354941005
2023-02-24 20:00:00,1.042618670496886,0.9616651411871652,1.3993966738165011,1.0,1.0963740869727876
2023-02-24 21:00:00,1.042618670496886,0.9616651411871652,1.4013845291683031,1.0,1.0949194062330003
2023-02-24 22:00:00,1.042618670496886,0.9616651411871652,1.3945629829914505,1.0,1.0999113045771334
2023-02-24 23:00:00,1.042618670496886,0.9616651411871652,1.395632437086493,1.0,1.099128695182172
2023-02-25 00:00:00,1.042618670496886,0.9616651411871652,1.3995900214495032,1.0,1.0962325982686136
2023-02-25 01:00:00,1.042618670496886,0.9616651411871652,1.3985689042627112,1.0,1.096979835487532
2023-02-25 02:00:00,1.042618670496886,0.9609919755883342,1.3993422947947194,1.0,1.0949297229883797
2023-02-25 03:00:00,1.042618670496886,0.9570119102042896,1.3935479079181898,1.0,1.0994645078764216
2023-02-25 04:00:00,1.042618670496886,0.9565719863975026,1.3929074438838707,1.0,1.0999657458306784
2023-02-25 05:00:00,1.042618670496886,0.9587633049822529,1.3960976798284042,1.0,1.0974690133792853
2023-02-25 06:00:00,1.042618670496886,0.9551318584639641,1.390810830488505,1.0,1.1016065908318782
2023-02-25 07:00:00,1.042618670496886,0.9571945200863522,1.3938137609135677,1.0,1.0992564468388055
2023-02-25 08:00:00,1.042618670496886,0.9583897847689432,1.395553889610586,1.0,1.0978945927744093
2023-02-25 09:00:00,1.042618670496886,0.9574808855832229,1.3942306667472282,1.0,1.098930169302544
2023-02-25 10:00:00,1.042618670496886,0.9557834437249599,1.3917594423129211,1.0,1.1008641912203845
2023-02-25 11:00:00,1.042618670496886,0.9503507997335998,1.383850315700432,1.0,1.1070540070894637
2023-02-25 12:00:00,1.042618670496886,0.9527952820184823,1.3874091205703756,1.0,1.1042688263813751
2023-02-25 13:00:00,1.042618670496886,0.9541814570323205,1.3894271864898342,1.0,1.1026894539594712
2023-02-25 14:00:00,1.042618670496886,0.9535298717713246,1.388478574665418,1.0,1.103431853570965
2023-02-25 15:00:00,1.042618670496886,0.9534800690762167,1.3884060693030424,1.0,1.1034885974903148
2023-02-25 16:00:00,1.042618670496886,0.9537290825517566,1.3887685961149212,1.0,1.1032048778935657
2023-02-25 17:00:00,1.042618670496886,0.9539697955781117,1.3891190386997372,1.0,1.102930615616708
2023-02-25 18:00:00,1.042618670496886,0.9552978674476573,1.3910525150297575,1.0,1.1014174444340454
2023-02-25 19:00:00,1.042618670496886,0.9526292730347891,1.387167436029123,1.0,1.104457972779208
2023-02-25 20:00:00,1.042618670496886,0.9528699860611443,1.3875178786139393,1.0,1.1041837105023504
2023-02-25 21:00:00,1.042618670496886,0.9504047526533002,1.3839288631763391,1.0,1.1069925345101679
2023-02-25 22:00:00,1.042618670496886,0.9508571271338642,1.3845874535512523,1.0,1.1064771105760733
2023-02-25 23:00:00,1.042618670496886,0.9584395874640512,1.3956263949729617,1.0,1.0978378488550593
2023-02-26 00:00:00,1.042618670496886,0.959946118991067,1.3978196821848283,1.0,1.0961213452947265
2023-02-26 01:00:00,1.042618670496886,0.9575348385029231,1.3943092142231353,1.0,1.0988686967232484
2023-02-26 02:00:00,1.042618670496886,0.9575027800930597,1.3952396997069576,1.0,1.0966075799061359
2023-02-26 03:00:00,1.042618670496886,0.9575027800930597,1.4026654572369417,1.0,1.0907700453851485
2023-02-26 04:00:00,1.042618670496886,0.9575027800930597,1.4011790973082385,1.0,1.0919385022542805
2023-02-26 05:00:00,1.042618670496886,0.9575027800930597,1.3998740007854749,1.0,1.092964464383274
2023-02-26 06:00:00,1.042618670496886,0.9575027800930597,1.3958741216277455,1.0,1.096108848315653
2023-02-26 07:00:00,1.042618670496886,0.9575027800930597,1.3985749463762425,1.0,1.0939856766875964
2023-02-26 08:00:00,1.042618670496886,0.9575027800930597,1.3976142503247637,1.0,1.094740898810328
2023-02-26 09:00:00,1.042618670496886,0.9575027800930597,1.3976142503247637,1.0,1.094740898810328
2023-02-26 10:00:00,1.042618670496886,0.9575027800930597,1.4051910606930305,1.0,1.088784618672559
2023-02-26 11:00:00,1.042618670496886,0.9575027800930597,1.4027017099181294,1.0,1.090741546437121
2023-02-26 12:00:00,1.042618670496886,0.9575027800930597,1.4037409534455154,1.0,1.0899245765936632
2023-02-26 13:00:00,1.042618670496886,0.9575027800930597,1.3981701247696445,1.0,1.0943039149405713
2023-02-26 14:00:00,1.042618670496886,0.9575027800930597,1.401287855351802,1.0,1.0918530054101976
2023-02-26 15:00:00,1.042618670496886,0.9575027800930597,1.4000371378508203,1.0,1.0928362191171497
2023-02-26 16:00:00,1.042618670496886,0.9575027800930597,1.4034751004501376,1.0,1.0901335688791989
2023-02-26 17:00:00,1.042618670496886,0.9575027800930597,1.3995960635630342,1.0,1.0931829563181523
2023-02-26 18:00:00,1.042618670496886,0.9575027800930597,1.4030038155946951,1.0,1.0905040552035576
2023-02-26 19:00:00,1.042618670496886,0.9575027800930597,1.4180365940606023,1.0,1.0786864914214453
2023-02-26 20:00:00,1.042618670496886,0.9575027800930597,1.4186528896407964,1.0,1.078202009304976
2023-02-26 21:00:00,1.042618670496886,0.9575027800930597,1.4268701640433825,1.0,1.0717422477520528
2023-02-26 22:00:00,1.042618670496886,0.9575027800930597,1.4221150206942388,1.0,1.07548035976834
2023-02-26 23:00:00,1.042618670496886,0.9575027800930597,1.4173357088909702,1.0,1.0792374710833121
2023-02-27 00:00:00,1.042618670496886,0.9575027800930597,1.4219277151747682,1.0,1.0756276043331492
2023-02-27 01:00:00,1.042618670496886,0.9575027800930597,1.4181272257635722,1.0,1.0786152440513763
2023-02-27 02:00:00,1.042618670496886,0.9575027800930597,1.4218552098123924,1.0,1.074149361869595
2023-02-27 03:00:00,1.042618670496886,0.9575027800930597,1.4220908522401137,1.0,1.0743274164479668
2023-02-27 04:00:00,1.042618670496886,0.9575027800930597,1.421673946406453,1.0,1.074012396809309
2023-02-27 05:00:00,1.042618670496886,0.9575027800930597,1.418006383492946,1.0,1.0712411370895216
2023-02-27 06:00:00,1.042618670496886,0.9575027800930597,1.4118132171233497,1.0,1.0665614975297488
2023-02-27 07:00:00,1.042618670496886,0.9575027800930597,1.412743702607172,1.0,1.067264584839217
2023-02-27 08:00:00,1.042618670496886,0.9575027800930597,1.413825240929277,1.0,1.0680818096989237
2023-02-27 09:00:00,1.042618670496886,0.9575027800930597,1.4100368357451438,1.0,1.0652192399389457
2023-02-27 10:00:00,1.042618670496886,0.9575027800930597,1.4118796803721945,1.0,1.0666117180518537
2023-02-27 11:00:00,1.042618670496886,0.9575027800930597,1.41135401649497,1.0,1.0662145193770243
2023-02-27 12:00:00,1.042618670496886,0.9575027800930597,1.4143569469200328,1.0,1.0684835738757628
2023-02-27 13:00:00,1.042618670496886,0.9575027800930597,1.4128222500830792,1.0,1.067323936365341
2023-02-27 14:00:00,1.042618670496886,0.9575027800930597,1.4310513066070514,1.0,1.0810980559281065
2023-02-27 15:00:00,1.042618670496886,0.9575027800930597,1.4367248512129542,1.0,1.0853850623150592
2023-02-27 16:00:00,1.042618670496886,0.9575027800930597,1.4220062626506753,1.0,1.0742634994198332
2023-02-27 17:00:00,1.042618670496886,0.9575027800930597,1.4119642699616326,1.0,1.066675635079987
2023-02-27 18:00:00,1.042618670496886,0.9575027800930597,1.4083752545240327,1.0,1.0639637268863238
2023-02-27 19:00:00,1.042618670496886,0.9575027800930597,1.405704640343192,1.0,1.0619457749981096
2023-02-27 20:00:00,1.042618670496886,0.9575027800930597,1.4048466602217455,1.0,1.0612974737127556
2023-02-27 21:00:00,1.042618670496886,0.9575027800930597,1.4077529168303071,1.0,1.0634934801793416
2023-02-27 22:00:00,1.042618670496886,0.9575027800930597,1.4114325639708771,1.0,1.066273870903148
2023-02-27 23:00:00,1.042618670496886,0.9575027800930597,1.4173961300262834,1.0,1.0707800213865586
2023-02-28 00:00:00,1.042618670496886,0.9575027800930597,1.4179882571523519,1.0,1.071227440583493
2023-02-28 01:00:00,1.042618670496886,0.9575027800930597,1.413825240929277,1.0,1.0680818096989237
2023-02-28 02:00:00,1.042618670496886,0.9575027800930597,1.414417368055346,1.0,1.0670332852215387
2023-02-28 03:00:00,1.042618670496886,0.9575027800930597,1.4150880426573216,1.0,1.0675393446010777
2023-02-28 04:00:00,1.042618670496886,0.9575027800930597,1.4164354339748044,1.0,1.068556022453665
2023-02-28 05:00:00,1.042618670496886,0.9575027800930597,1.4132754085979276,1.0,1.0661716165482695
2023-02-28 06:00:00,1.042618670496886,0.9575027800930597,1.4110579529319356,1.0,1.0644984292303343
2023-02-28 07:00:00,1.042618670496886,0.9575027800930597,1.4119582278481013,1.0,1.0651777341632291
2023-02-28 08:00:00,1.042618670496886,0.9575027800930597,1.4024841938310022,1.0,1.0580290755405524
2023-02-28 09:00:00,1.042618670496886,0.9575027800930597,1.4043028700039275,1.0,1.0594013626868697
2023-02-28 10:00:00,1.042618670496886,0.9575027800930597,1.4045687229993054,1.0,1.0596019628012816
2023-02-28 11:00:00,1.042618670496886,0.9575027800930597,1.410199972810489,1.0,1.0638510379520052
2023-02-28 12:00:00,1.042618670496886,0.9575027800930597,1.4120367753240084,1.0,1.0652370023788507
2023-02-28 13:00:00,1.042618670496886,0.9575027800930597,1.4159097700975802,1.0,1.0681593813183505
2023-02-28 14:00:00,1.042618670496886,0.9575027800930597,1.4128282921966104,1.0,1.0658342436285768
2023-02-28 15:00:00,1.042618670496886,0.9575027800930597,1.4138191988157458,1.0,1.066581934964112
2023-02-28 16:00:00,1.042618670496886,0.9575027800930597,1.4198673544605902,1.0,1.0711455875669815
2023-02-28 17:00:00,1.042618670496886,0.9575027800930597,1.4159762333464248,1.0,1.0682095313469537
2023-02-28 18:00:00,1.042618670496886,0.9575027800930597,1.4202600918401256,1.0,1.07144192864509
2023-02-28 19:00:00,1.042618670496886,0.9575027800930597,1.4173840457992206,1.0,1.0692718001346346
2023-02-28 20:00:00,1.042618670496886,0.9575027800930597,1.404157859279176,1.0,1.059291944442645
2023-02-28 21:00:00,1.042618670496886,0.9575027800930597,1.4046895652699316,1.0,1.0596931446714688
2023-02-28 22:00:00,1.042618670496886,0.9575027800930597,1.3966414700462222,1.0,1.0536204321170008
2023-02-28 23:00:00,1.042618670496886,0.9575027800930597,1.3980311561584244,1.0,1.0546690236241538
2023-03-01 00:00:00,1.042618670496886,0.9575027800930597,1.3968227334521617,1.0,1.0537572049222816
2023-03-01 01:00:00,1.042618670496886,0.9575027800930597,1.394436098607293,1.0,1.0519563629860844
2023-03-01 02:00:00,1.042618670496886,0.9575027800930597,1.4032636264765415,1.0,1.0571351304013326
2023-03-01 03:00:00,1.042618670496886,0.9575027800930597,1.4082544122534064,1.0,1.0533746122404872
2023-03-01 04:00:00,1.042618670496886,0.9575027800930597,1.4150638742031962,1.0,1.0482437357667918
2023-03-01 05:00:00,1.042618670496886,0.9575027800930597,1.4366100510558595,1.0,1.0320088595421255
2023-03-01 06:00:00,1.042618670496886,0.9575027800930597,1.4304410531403886,1.0,1.0366571513607976
2023-03-01 07:00:00,1.042618670496886,0.9575027800930597,1.434150910848615,1.0,1.0338618025099997
2023-03-01 08:00:00,1.042618670496886,0.9575027800930597,1.431860949820247,1.0,1.0355872702859807
2023-03-01 09:00:00,1.042618670496886,0.9575027800930597,1.4410932992960939,1.0,1.0286307669569594
2023-03-01 10:00:00,1.042618670496886,0.9575027800930597,1.4342596688921785,1.0,1.0337798541723542
2023-03-01 11:00:00,1.042618670496886,0.9575027800930597,1.4357399867073504,1.0,1.03266444624329
2023-03-01 12:00:00,1.042618670496886,0.9575027800930597,1.4335104468142958,1.0,1.0343443871650233
2023-03-01 13:00:00,1.042618670496886,0.9575027800930597,1.4324289084921906,1.0,1.035159317856054
2023-03-01 14:00:00,1.042618670496886,0.9575027800930597,1.4304591794809827,1.0,1.0366434933045232
2023-03-01 15:00:00,1.042618670496886,0.9575027800930597,1.4295830730189423,1.0,1.0373036326911123
2023-03-01 16:00:00,1.042618670496886,0.9575027800930597,1.4314561282136493,1.0,1.0358923002094391
2023-03-01 17:00:00,1.042618670496886,0.9575027800930597,1.4304531373674512,1.0,1.036648045989948
2023-03-01 18:00:00,1.042618670496886,0.9575027800930597,1.431202359445334,1.0,1.0360835129972787
2023-03-01 19:00:00,1.042618670496886,0.9575027800930597,1.4305135585027644,1.0,1.0366025191357005
2023-03-01 20:00:00,1.042618670496886,0.9575027800930597,1.4096984773873902,1.0,1.0522865204239715
2023-03-01 21:00:00,1.042618670496886,0.9575027800930597,1.413553345820368,1.0,1.0493819071229797
2023-03-01 22:00:00,1.042618670496886,0.9575027800930597,1.421903546720643,1.0,1.0430900958659723
2023-03-01 23:00:00,1.042618670496886,0.9575027800930597,1.4206830397873176,1.0,1.0440097383217721
2023-03-02 00:00:00,1.042618670496886,0.9575027800930597,1.426435131869128,1.0,1.0396755817974082
2023-03-02 01:00:00,1.042618670496886,0.9575027800930597,1.4249971088486753,1.0,1.0407591209284992
2023-03-02 02:00:00,1.042618670496886,0.9575027800930597,1.4193658590374914,1.0,1.0435222405069304
2023-03-02 03:00:00,1.042618670496886,0.9575027800930597,1.4184474577807318,1.0,1.0428468891058231
2023-03-02 04:00:00,1.042618670496886,0.9575027800930597,1.4184172472130752,1.0,1.042824673599208
2023-03-02 05:00:00,1.042618670496886,0.9575027800930597,1.4209368085556329,1.0,1.0446774468509297
2023-03-02 06:00:00,1.042618670496886,0.9575027800930597,1.4153961904474186,1.0,1.040603122937671
2023-03-02 07:00:00,1.042618670496886,0.9575027800930597,1.4147798948672248,1.0,1.0401499266027177
2023-03-02 08:00:00,1.042618670496886,0.9575027800930597,1.4120549016646022,1.0,1.0381460879060114
2023-03-02 09:00:00,1.042618670496886,0.9575027800930597,1.4153357693121054,1.0,1.0405586919244403
2023-03-02 10:00:00,1.042618670496886,0.9575027800930597,1.4124053442494184,1.0,1.0384037877827494
2023-03-02 11:00:00,1.042618670496886,0.9575027800930597,1.4111969215431557,1.0,1.0375151675181349
2023-03-02 12:00:00,1.042618670496886,0.9575027800930597,1.4134989667985862,1.0,1.039207989122226
2023-03-02 13:00:00,1.042618670496886,0.9575027800930597,1.4099401619286427,1.0,1.0365910024429354
2023-03-02 14:00:00,1.042618670496886,0.9575027800930597,1.407106410682457,1.0,1.034507187922414
2023-03-02 15:00:00,1.042618670496886,0.9575027800930597,1.406991610525362,1.0,1.0344227689972756
2023-03-02 16:00:00,1.042618670496886,0.9575027800930597,1.4101516359022386,1.0,1.036746510989243
2023-03-02 17:00:00,1.042618670496886,0.9575027800930597,1.4054146188936891,1.0,1.0332631195519535
2023-03-02 18:00:00,1.042618670496886,0.9575027800930597,1.4048527023352768,1.0,1.0328499111289073
2023-03-02 19:00:00,1.042618670496886,0.9575027800930597,1.4152753481767921,1.0,1.0405142609112095
2023-03-02 20:00:00,1.042618670496886,0.9575027800930597,1.416580444699556,1.0,1.0414739707969936
2023-03-02 21:00:00,1.042618670496886,0.9575027800930597,1.4164958551101177,1.0,1.0414117673784704
2023-03-02 22:00:00,1.042618670496886,0.9575027800930597,1.4131606084408326,1.0,1.0389591754481338
2023-03-02 23:00:00,1.042618670496886,0.9575027800930597,1.4161695809794268,1.0,1.0411718399070244
2023-03-03 00:00:00,1.042618670496886,0.9575027800930597,1.4166046131536811,1.0,1.0414917432022857
2023-03-03 01:00:00,1.042618670496886,0.9575027800930597,1.4135654300474305,1.0,1.0392568632367798
2023-03-03 02:00:00,1.042618670496886,0.9575027800930597,1.3368547566538775,1.0,0.9814712329599158
2023-03-03 03:00:00,1.042618670496886,0.9575027800930597,1.348842309900003,1.0,0.9726688417439705
2023-03-03 04:00:00,1.042618670496886,0.9575027800930597,1.3470780127488597,1.0,0.973964354967285
2023-03-03 05:00:00,1.042618670496886,0.9575027800930597,1.3505461859158334,1.0,0.9714176954118654
2023-03-03 06:00:00,1.042618670496886,0.9575027800930597,1.348528119996375,1.0,0.9728995495782593
2023-03-03 07:00:00,1.042618670496886,0.9575027800930597,1.3506247333917405,1.0,0.9713600184532932
2023-03-03 08:00:00,1.042618670496886,0.9575027800930597,1.3495794477508232,1.0,0.9721275656712158
2023-03-03 09:00:00,1.042618670496886,0.9575027800930597,1.353911643152775,1.0,0.9689464595715016
2023-03-03 10:00:00,1.042618670496886,0.9575027800930597,1.350189701217486,1.0,0.9716794600700007
2023-03-03 11:00:00,1.042618670496886,0.9575027800930597,1.3490900365547869,1.0,0.9724869374900119
2023-03-03 12:00:00,1.042618670496886,0.9575027800930597,1.348739593969971,1.0,0.9727442654590264
2023-03-03 13:00:00,1.042618670496886,0.9575027800930597,1.3492048367118818,1.0,0.9724026403967141
2023-03-03 14:00:00,1.042618670496886,0.9575027800930597,1.352213809250476,1.0,0.9701931692144857
2023-03-03 15:00:00,1.042618670496886,0.9575027800930597,1.3505159753481768,1.0,0.9714398788574701
2023-03-03 16:00:00,1.042618670496886,0.9575027800930597,1.3481414247303707,1.0,0.9731834976819995
2023-03-03 17:00:00,1.042618670496886,0.9575027800930597,1.3506186912782092,1.0,0.9713644551424141
2023-03-03 18:00:00,1.042618670496886,0.9575027800930597,1.352854273284795,1.0,0.9697228801676662
2023-03-03 19:00:00,1.042618670496886,0.9575027800930597,1.3469027914564515,1.0,0.9740930189517922
2023-03-03 20:00:00,1.042618670496886,0.9575027800930597,1.3496096583184798,1.0,0.972105382225611
2023-03-03 21:00:00,1.042618670496886,0.9575027800930597,1.34638921180629,1.0,0.9744701375270722
2023-03-03 22:00:00,1.042618670496886,0.9575027800930597,1.3423772484214977,1.0,0.9774160991033766
2023-03-03 23:00:00,1.042618670496886,0.9575027800930597,1.3472290655871426,1.0,0.9738534377392615
2023-03-04 00:00:00,1.042618670496886,0.9575027800930597,1.3492773420742576,1.0,0.9723494001272628
2023-03-04 01:00:00,1.042618670496886,0.9575027800930597,1.3501051116280476,1.0,0.971741573717694
2023-03-04 02:00:00,1.0418888374275381,0.9575027800930597,1.3484918673151869,1.0,0.9715521141739222
2023-03-04 03:00:00,1.0418794990665095,0.9575027800930597,1.348479783088124,1.0,0.9715608221128831
2023-03-04 04:00:00,1.0423370787569173,0.9575027800930597,1.349071910214193,1.0,0.9711341331037979
2023-03-04 05:00:00,1.0420989505506846,0.9575027800930597,1.348763762424096,1.0,0.9713561855473014
2023-03-04 06:00:00,1.0412444905165557,0.9575027800930597,1.3476580556478657,1.0,0.9721529619622257
2023-03-04 07:00:00,1.0430654709171583,0.9575027800930597,1.350014479925078,1.0,0.9704549138648462
2023-03-04 08:00:00,1.0426732597539516,0.9575027800930597,1.3495069423884474,1.0,0.9708206473012049
2023-03-04 09:00:00,1.0419401984131962,0.9575027800930597,1.3485583305640314,1.0,0.971504220509637
2023-03-04 10:00:00,1.0423650938400035,0.9575027800930597,1.349108162895381,1.0,0.9711080092869152
2023-03-04 11:00:00,1.0415106338058746,0.9575027800930597,1.3480024561191506,1.0,0.9719047857018394
2023-03-04 12:00:00,1.042271710229716,0.9575027800930597,1.3489873206247547,1.0,0.9711950886765244
2023-03-04 13:00:00,1.0440459988251751,0.9575027800930597,1.3512833237666537,1.0,0.9695405802739494
2023-03-04 14:00:00,1.04257520696315,0.9575027800930597,1.34938005800429,1.0,0.9709120806602944
2023-03-04 15:00:00,1.042089612189656,0.9575027800930597,1.3487516781970332,1.0,0.9713648934862624
2023-03-04 16:00:00,1.0407869108261478,0.9575027800930597,1.347065928521797,1.0,0.9725796509713108
2023-03-04 17:00:00,1.0411791219893545,0.9575027800930597,1.3475734660584273,1.0,0.9722139175349522
2023-03-04 18:00:00,1.0403480078577974,0.9575027800930597,1.3464979698498536,1.0,0.9729889241024742
2023-03-04 19:00:00,1.041029708212895,0.9575027800930597,1.3473801184254255,1.0,0.9723532445583268
2023-03-04 20:00:00,1.0376352139789509,0.9575027800930597,1.3429875018881605,1.0,0.9755185803706216
2023-03-04 21:00:00,1.0378453271020973,0.9575027800930597,1.3432593969970696,1.0,0.9753226517440009
2023-03-04 22:00:00,1.036029015882009,0.9575027800930597,1.3409090148333886,1.0,0.9770163458719
2023-03-04 23:00:00,1.0402639626085388,0.9575027800930597,1.34638921180629,1.0,0.9730672955531223
2023-03-05 00:00:00,1.0421689882584,0.9575027800930597,1.3488543941270656,1.0,0.9712908760050946
2023-03-05 01:00:00,1.0437705171748275,0.9575027800930597,1.350926839068306,1.0,0.9697974644732966
2023-03-05 02:00:00,1.0529590960287571,0.9575027800930597,1.3637723724358781,1.0,0.9591807577934767
2023-03-05 03:00:00,1.0529590960287571,0.9575027800930597,1.349591531977886,1.0,0.9492050942082206
2023-03-05 04:00:00,1.0529590960287571,0.9575027800930597,1.35117456572309,1.0,0.9503186961934516
2023-03-05 05:00:00,1.0529590960287571,0.9575027800930597,1.3544614754841244,1.0,0.9526309079490456
2023-03-05 06:00:00,1.0529590960287571,0.9575027800930597,1.35319867375608,1.0,0.9517425765944149
2023-03-05 07:00:00,1.0529590960287571,0.9575027800930597,1.3530717893719222,1.0,0.951653318420026
2023-03-05 08:00:00,1.0529590960287571,0.9575027800930597,1.3506307755052718,1.0,0.949936161160357
2023-03-05 09:00:00,1.0529590960287571,0.9575027800930597,1.3485764569046255,1.0,0.9484910288131106
2023-03-05 10:00:00,1.0529590960287571,0.9575027800930597,1.3502017854445485,1.0,0.9496343835231378
2023-03-05 11:00:00,1.0529590960287571,0.9575027800930597,1.352793852149482,1.0,0.9514578005142221
2023-03-05 12:00:00,1.0529590960287571,0.9575027800930597,1.3515310504214375,1.0,0.9505694691595913
2023-03-05 13:00:00,1.0529590960287571,0.9575027800930597,1.3533497265943628,1.0,0.9518488363258301
2023-03-05 14:00:00,1.0529590960287571,0.9575027800930597,1.3560505513428598,1.0,0.9537487603235333
2023-03-05 15:00:00,1.0529590960287571,0.9575027800930597,1.3539358116069002,1.0,0.9522611240837209
2023-03-05 16:00:00,1.0529590960287571,0.9575027800930597,1.3542137488293406,1.0,0.9524566419895247
2023-03-05 17:00:00,1.0529590960287571,0.9575027800930597,1.3547514969336276,1.0,0.9528349266333628
2023-03-05 18:00:00,1.0529590960287571,0.9575027800930597,1.353778716655086,1.0,0.952150613963049
2023-03-05 19:00:00,1.0529590960287571,0.9575027800930597,1.3540083169692758,1.0,0.9523121287548001
2023-03-05 20:00:00,1.0529590960287571,0.9575027800930597,1.35237090420229,1.0,0.9511602732662597
2023-03-05 21:00:00,1.0529590960287571,0.9575027800930597,1.352582378175886,1.0,0.9513090368902409
2023-03-05 22:00:00,1.0529590960287571,0.9575027800930597,1.3571804265732152,1.0,0.9545435831145186
2023-03-05 23:00:00,1.0529590960287571,0.9575027800930597,1.3540808223316516,1.0,0.9523631334258794
2023-03-06 00:00:00,1.0529590960287571,0.9575027800930597,1.3538995589257123,1.0,0.9522356217481812
2023-03-06 01:00:00,1.0529590960287571,0.9575027800930597,1.3548421286365973,1.0,0.9528986824722119
2023-03-06 02:00:00,1.0529590960287571,0.9575027800930597,1.3508482915923992,1.0,0.9487590458734764
2023-03-06 03:00:00,1.0529590960287571,0.9575027800930597,1.3515491767620316,1.0,0.949251397463732
2023-03-06 04:00:00,1.0529590960287571,0.9575027800930597,1.35140416603728,1.0,0.9491495316174722
2023-03-06 05:00:00,1.0529590960287571,0.9575027800930597,1.348739593969971,1.0,0.9472777466924489
2023-03-06 06:00:00,1.0529590960287571,0.9575027800930597,1.3502319960122051,1.0,0.9483261160268723
2023-03-06 07:00:00,1.0529590960287571,0.9575027800930597,1.35260050451648,1.0,0.9499899248491153
2023-03-06 08:00:00,1.0529590960287571,0.9575027800930597,1.3515793873296882,1.0,0.9492726195150362
2023-03-06 09:00:00,1.0529590960287571,0.9575027800930597,1.3531019999395788,1.0,0.9503422109007637
2023-03-06 10:00:00,1.0529590960287571,0.9575027800930597,1.3523225672940395,1.0,0.9497946819771175
2023-03-06 11:00:00,1.0529590960287571,0.9575027800930597,1.3521956829098818,1.0,0.9497055493616401
2023-03-06 12:00:00,1.0529590960287571,0.9575027800930597,1.3509147548412437,1.0,0.9488057343863455
2023-03-06 13:00:00,1.0529590960287571,0.9575027800930597,1.3521352617745688,1.0,0.9496631052590319
2023-03-06 14:00:00,1.0529590960287571,0.9575027800930597,1.3545944019818132,1.0,0.9513905802351872
2023-03-06 15:00:00,1.0529590960287571,0.9575027800930597,1.3551019395184436,1.0,0.9517471106970965
2023-03-06 16:00:00,1.0529590960287571,0.9575027800930597,1.3614099060451346,1.0,0.9561782750093965
2023-03-06 17:00:00,1.0529590960287571,0.9575027800930597,1.3597060300293045,1.0,0.9549813513158443
2023-03-06 18:00:00,1.0529590960287571,0.9575027800930597,1.3570052052808073,1.0,0.9530840999292559
2023-03-06 19:00:00,1.0529590960287571,0.9575027800930597,1.3584190598471346,1.0,0.9540772919302887
2023-03-06 20:00:00,1.0529590960287571,0.9575027800930597,1.3517002296003144,1.0,0.9493575077202526
2023-03-06 21:00:00,1.0529590960287571,0.9575027800930597,1.349162541917163,1.0,0.9475748554107066
2023-03-06 22:00:00,1.0529590960287571,0.9575027800930597,1.352679051992387,1.0,0.9500451021825059
2023-03-06 23:00:00,1.0529590960287571,0.9575027800930597,1.354298338418779,1.0,0.9511826041324069
2023-03-07 00:00:00,1.0529590960287571,0.9575027800930597,1.3525582097217606,1.0,0.9499602139772895
2023-03-07 01:00:00,1.0529590960287571,0.9575027800930597,1.352908652306577,1.0,0.9502063897724174
2023-03-07 02:00:00,1.0529590960287571,0.9568325281469945,1.3572348055949972,1.0,0.9519108461749477
2023-03-07 03:00:00,1.0529590960287571,0.9574460252229402,1.3581048699435063,1.0,0.951300504758336
2023-03-07 04:00:00,1.0529590960287571,0.9557503874713681,1.3557001087580436,1.0,0.9529874206181376
2023-03-07 05:00:00,1.0529590960287571,0.9563638845473138,1.3565701731065527,1.0,0.952377079201526
2023-03-07 06:00:00,1.0529590960287571,0.9557248250932038,1.3556638560768557,1.0,0.9530128515104963
2023-03-07 07:00:00,1.0529590960287571,0.9547704963083994,1.3543104226458416,1.0,0.9539622714918922
2023-03-07 08:00:00,1.0529590960287571,0.9540206665489104,1.3532470106643304,1.0,0.9547082443344174
2023-03-07 09:00:00,1.0529590960287571,0.9540845724943213,1.3533376423673003,1.0,0.9546446671035204
2023-03-07 10:00:00,1.0529590960287571,0.9524187575172746,1.3509751759765567,1.0,0.956301913588903
2023-03-07 11:00:00,1.0529590960287571,0.9520566238266123,1.350461596326395,1.0,0.9566621845639862
2023-03-07 12:00:00,1.0529590960287571,0.9510937742490864,1.3490960786683182,1.0,0.9576200815095017
2023-03-07 13:00:00,1.0529590960287571,0.953164326880403,1.3520325458445366,1.0,0.9555601792284376
2023-03-07 14:00:00,1.0529590960287571,0.9516050218123744,1.349821132292076,1.0,0.9571114636623255
2023-03-07 15:00:00,1.0529590960287571,0.9492319810394458,1.3464556750551342,1.0,0.9594722981696354
2023-03-07 16:00:00,1.0529590960287571,0.9497219266209301,1.3471505181112353,1.0,0.9589848727327582
2023-03-07 17:00:00,1.0529590960287571,0.9463178699287041,1.3423228693997162,1.0,0.9623714198985404
2023-03-07 18:00:00,1.0529590960287571,0.9492362414358066,1.3464617171686657,1.0,0.9594680596875755
2023-03-07 19:00:00,1.0529590960287571,0.9447585648606756,1.3401114558472553,1.0,0.9639227043324281
2023-03-07 20:00:00,1.0529590960287571,0.9416655171027831,1.335724881423522,1.0,0.9669998423078447
2023-03-07 21:00:00,1.0529590960287571,0.9386363752903016,1.3314289387027585,1.0,0.9700134030523643
2023-03-07 22:00:00,1.0529590960287571,0.9385767297412513,1.33134434911332,1.0,0.9700727418012015
2023-03-07 23:00:00,1.0529590960287571,0.9407921358488327,1.3344862481496027,1.0,0.9678687311301042
2023-03-08 00:00:00,1.0529590960287571,0.9445881490062462,1.3398697713060028,1.0,0.9640922436148203
2023-03-08 01:00:00,1.0529590960287571,0.9465990560885125,1.3427216488927827,1.0,0.9620916800825934
2023-03-08 02:00:00,1.0529590960287571,0.9428834016751758,1.3383894534908312,1.0,0.9637979900571124
2023-03-08 03:00:00,1.0529590960287571,0.9428834016751758,1.3385344642155828,1.0,0.9636935467385946
2023-03-08 04:00:00,1.0529590960287571,0.9428834016751758,1.337132693876318,1.0,0.9647031654842659
2023-03-08 05:00:00,1.0529590960287571,0.9428834016751758,1.3366009878855625,1.0,0.9650861243188309
2023-03-08 06:00:00,1.0529590960287571,0.9428834016751758,1.325193477538443,1.0,0.9733023320422246
2023-03-08 07:00:00,1.0529590960287571,0.9428834016751758,1.3294712939186129,1.0,0.970221254145952
2023-03-08 08:00:00,1.0529590960287571,0.9428834016751758,1.3262810579740794,1.0,0.9725190071533417
2023-03-08 09:00:00,1.0529590960287571,0.9428834016751758,1.327356554182653,1.0,0.9717443858743353
2023-03-08 10:00:00,1.0529590960287571,0.9428834016751758,1.328746240294855,1.0,0.9707434707385405
2023-03-08 11:00:00,1.0529590960287571,0.9428834016751758,1.3345708377390413,1.0,0.9665483307780789
2023-03-08 12:00:00,1.0529590960287571,0.9428834016751758,1.3322567082565482,1.0,0.9682150720694243
2023-03-08 13:00:00,1.0529590960287571,0.9428834016751758,1.328993966949639,1.0,0.9705650467360728
2023-03-08 14:00:00,1.0529590960287571,0.9428834016751758,1.3274653122262168,1.0,0.9716660533854471
2023-03-08 15:00:00,1.0529590960287571,0.9428834016751758,1.3263293948823298,1.0,0.9724841927138358
2023-03-08 16:00:00,1.0529590960287571,0.9428834016751758,1.3363955560254976,1.0,0.9652340856867311
2023-03-08 17:00:00,1.0529590960287571,0.9428834016751758,1.3365284825231867,1.0,0.9651383459780898
2023-03-08 18:00:00,1.0529590960287571,0.9428834016751758,1.3301540527476512,1.0,0.969729500187931
2023-03-08 19:00:00,1.0529590960287571,0.9428834016751758,1.329453167578019,1.0,0.9702343095607666
2023-03-08 20:00:00,1.0529590960287571,0.9428834016751758,1.3281903658499743,1.0,0.9711438367928585
2023-03-08 21:00:00,1.0529590960287571,0.9428834016751758,1.334317068970726,1.0,0.9667311065854849
2023-03-08 22:00:00,1.0529590960287571,0.9428834016751758,1.3288610404519503,1.0,0.970660786444714
2023-03-08 23:00:00,1.0529590960287571,0.9428834016751758,1.3160396755385035,1.0,0.9798953165236555
2023-03-09 00:00:00,1.0529590960287571,0.9428834016751758,1.3101546569590043,1.0,0.9841339745334996
2023-03-09 01:00:00,1.0529590960287571,0.9428834016751758,1.311115353010483,1.0,0.9834420375483196
2023-03-09 02:00:00,1.0529590960287571,0.9428834016751758,1.3100881937101598,1.0,0.9828325172136515
2023-03-09 03:00:00,1.0529590960287571,0.9428834016751758,1.3141666203437963,1.0,0.9797723598315716
2023-03-09 04:00:00,1.0529590960287571,0.9428834016751758,1.314220999365578,1.0,0.979731557733144
2023-03-09 05:00:00,1.0529590960287571,0.9428834016751758,1.3122452282408388,1.0,0.9812140339760181
2023-03-09 06:00:00,1.0529590960287571,0.9428834016751758,1.3122089755596509,1.0,0.9812412353749701
2023-03-09 07:00:00,1.0529590960287571,0.9428834016751758,1.3125473339174045,1.0,0.9809873556514196
2023-03-09 08:00:00,1.0529590960287571,0.9428834016751758,1.3092845926104952,1.0,0.9834354815570835
2023-03-09 09:00:00,1.0529590960287571,0.9428834016751758,1.3088676867768345,1.0,0.9837482976450295
2023-03-09 10:00:00,1.0529590960287571,0.9428834016751758,1.30626957795837,1.0,0.9856977312365767
2023-03-09 11:00:00,1.0529590960287571,0.9428834016751758,1.3068012839491254,1.0,0.9852987773852833
2023-03-09 12:00:00,1.0529590960287571,0.9428834016751758,1.3082876438778286,1.0,0.9841835200282586
2023-03-09 13:00:00,1.0529590960287571,0.9428834016751758,1.30461403885079,1.0,0.9869399284553765
2023-03-09 14:00:00,1.0529590960287571,0.9428834016751758,1.310360088819069,1.0,0.9826285067215128
2023-03-09 15:00:00,1.0529590960287571,0.9428834016751758,1.3114053744599863,1.0,0.9818441997184021
2023-03-09 16:00:00,1.0529590960287571,0.9428834016751758,1.306656273224374,1.0,0.9854075829810905
2023-03-09 17:00:00,1.0529590960287571,0.9428834016751758,1.2965417751729555,1.0,0.9929967732886485
2023-03-09 18:00:00,1.0529590960287571,0.9428834016751758,1.2961127851122325,1.0,0.9933186565095784
2023-03-09 19:00:00,1.0529590960287571,0.9428834016751758,1.2682223890516904,1.0,1.0142455994365125
2023-03-09 20:00:00,1.0529590960287571,0.9428834016751758,1.2588148182834356,1.0,1.02130436246451
2023-03-09 21:00:00,1.0529590960287571,0.9428834016751758,1.2136439775233376,1.0,1.0551973055584787
2023-03-09 22:00:00,1.0529590960287571,0.9428834016751758,1.2200425757529985,1.0,1.0503962586434823
2023-03-09 23:00:00,1.0529590960287571,0.9428834016751758,1.2275710492130147,1.0,1.0447474347944874
2023-03-10 00:00:00,1.0529590960287571,0.9428834016751758,1.2287734298057462,1.0,1.0438452550625854
2023-03-10 01:00:00,1.0529590960287571,0.9428834016751758,1.2142965257847196,1.0,1.0547076803773459
2023-03-10 02:00:00,1.052222024661537,0.9428834016751758,1.2137889882480895,1.0,1.0537124990331406
2023-03-10 03:00:00,1.0484607829402346,0.9428834016751758,1.2094507507326062,1.0,1.0574790685600388
2023-03-10 04:00:00,1.0491679801998108,0.9428834016751758,1.2102664360593336,1.0,1.056770869554285
2023-03-10 05:00:00,1.0399325078395658,0.9428834016751758,1.1996141899036283,1.0,1.0660194239775738
2023-03-10 06:00:00,1.0458310568342546,0.9428834016751758,1.206417609739887,1.0,1.0601125196777306
2023-03-10 07:00:00,1.0400163238110713,0.9428834016751758,1.1997108637201295,1.0,1.0659354892805954
2023-03-10 08:00:00,1.0439766284646987,0.9428834016751758,1.2042787015498022,1.0,1.0619695748483742
2023-03-10 09:00:00,1.0442228378809957,0.9428834016751758,1.204562680885774,1.0,1.0617230166760006
2023-03-10 10:00:00,1.0387695612349293,0.9428834016751758,1.1982728406996768,1.0,1.0671840178981467
2023-03-10 11:00:00,1.0267472078221314,0.9428834016751758,1.184406190145313,1.0,1.0792234009959616
2023-03-10 12:00:00,1.0338610884036477,0.9428834016751758,1.1926113803208365,1.0,1.0720994435899343
2023-03-10 13:00:00,1.0428032048636238,0.9428834016751758,1.2029252681187879,1.0,1.0631446606060693
2023-03-10 14:00:00,1.056025174368592,0.9428834016751758,1.2181755626718227,1.0,1.0499039621577535
2023-03-10 15:00:00,1.0368365553920873,0.9428834016751758,1.1960433008066222,1.0,1.069119761847207
2023-03-10 16:00:00,1.0467006475386225,0.9428834016751758,1.207420600586085,1.0,1.0592416971965817
2023-03-10 17:00:00,1.0472611668480645,0.9428834016751758,1.2080671067339357,1.0,1.0586803839105396
2023-03-10 18:00:00,1.0428555898458147,0.9428834016751758,1.202985689254101,1.0,1.063092201420458
2023-03-10 19:00:00,1.038502397825756,0.9428834016751758,1.1979646929095797,1.0,1.0674515597447647
2023-03-10 20:00:00,1.0477221546913438,0.9428834016751758,1.2085988127246912,1.0,1.0582187430771595
2023-03-10 21:00:00,1.0447728801939995,0.9428834016751758,1.2051971028065618,1.0,1.061172195227081
2023-03-10 22:00:00,1.0505876132171827,0.9428834016751758,1.2119038488263196,1.0,1.055349225624216
2023-03-10 23:00:00,1.0515200659001798,0.9428834016751758,1.2129793450348934,1.0,1.0544154521203333
2023-03-11 00:00:00,1.0543121854509514,0.9428834016751758,1.2161997915470832,1.0,1.051619377527246
2023-03-11 01:00:00,1.0578010252648615,0.9428834016751758,1.220223839158938,1.0,1.048125595765527
2023-03-11 02:00:00,1.0761567130713852,0.9428834016751758,1.2422654693211688,1.0,1.027513299470611
2023-03-11 03:00:00,1.0761567130713852,0.9428834016751758,1.2367188090994232,1.0,1.03210172897075
2023-03-11 04:00:00,1.0761567130713852,0.9428834016751758,1.2307612851575482,1.0,1.0370300421375658
2023-03-11 05:00:00,1.0761567130713852,0.9428834016751758,1.2276677230295157,1.0,1.0395891662160746
2023-03-11 06:00:00,1.0761567130713852,0.9428834016751758,1.2306827376816412,1.0,1.0370950198973716
2023-03-11 07:00:00,1.0761567130713852,0.9428834016751758,1.2243506027008249,1.0,1.0423332269955692
2023-03-11 08:00:00,1.0761567130713852,0.9428834016751758,1.1983211776079274,1.0,1.063865856937397
2023-03-11 09:00:00,1.0761567130713852,0.9428834016751758,1.2113781849490952,1.0,1.0530645539419723
2023-03-11 10:00:00,1.0761567130713852,0.9428834016751758,1.2125926497688893,1.0,1.0520598978095892
2023-03-11 11:00:00,1.0761567130713852,0.9428834016751758,1.2090882239207275,1.0,1.0549589055547748
2023-03-11 12:00:00,1.0761567130713852,0.9428834016751758,1.2124053442494185,1.0,1.05221484477528
2023-03-11 13:00:00,1.0761567130713852,0.9428834016751758,1.208943213195976,1.0,1.0550788644959548
2023-03-11 14:00:00,1.0761567130713852,0.9428834016751758,1.21195218573457,1.0,1.052589716466468
2023-03-11 15:00:00,1.0761567130713852,0.9428834016751758,1.2138856620645904,1.0,1.0509902639173998
2023-03-11 16:00:00,1.0761567130713852,0.9428834016751758,1.2108827316395276,1.0,1.053474413657671
2023-03-11 17:00:00,1.0761567130713852,0.9428834016751758,1.212647028790671,1.0,1.0520149132066465
2023-03-11 18:00:00,1.0761567130713852,0.9428834016751758,1.222036473218332,1.0,1.044247571765235
2023-03-11 19:00:00,1.0761567130713852,0.9428834016751758,1.220689081900849,1.0,1.045362190260367
2023-03-11 20:00:00,1.0761567130713852,0.9428834016751758,1.2204051025648774,1.0,1.045597109853511
2023-03-11 21:00:00,1.0761567130713852,0.9428834016751758,1.228175260566146,1.0,1.0391693099219441
2023-03-11 22:00:00,1.0761567130713852,0.9428834016751758,1.2287069665569017,1.0,1.0387294604709505
2023-03-11 23:00:00,1.0761567130713852,0.9428834016751758,1.2272568593093864,1.0,1.0399290498827516
2023-03-12 00:00:00,1.0761567130713852,0.9428834016751758,1.2347490800882148,1.0,1.033731171255113
2023-03-12 01:00:00,1.0761567130713852,0.9428834016751758,1.2345799009093381,1.0,1.0338711233531563
2023-03-12 02:00:00,1.0761567130713852,0.9422233832940032,1.2324047400380653,1.0,1.0342319848545671
2023-03-12 03:00:00,1.0761567130713852,0.9441083646884392,1.2299395577172896,1.0,1.0321629340503238
2023-03-12 04:00:00,1.0761567130713852,0.9441083646884392,1.2299395577172896,1.0,1.0321629340503238
2023-03-12 05:00:00,1.0761567130713852,0.9436186391300809,1.2305800217516087,1.0,1.0327004815631908
2023-03-12 06:00:00,1.0761567130713852,0.9452264173782763,1.2284773662427118,1.0,1.030935702936042
2023-03-12 07:00:00,1.0761567130713852,0.9462751692815532,1.2271058064711036,1.0,1.029784539866034
2023-03-12 08:00:00,1.0761567130713852,0.9455914015208264,1.228000039273738,1.0,1.0305350779028672
2023-03-12 09:00:00,1.0761567130713852,0.9441037446360019,1.2299455998308209,1.0,1.0321680052532751
2023-03-12 10:00:00,1.0761567130713852,0.9437942011227,1.2303504214374188,1.0,1.0325077758510308
2023-03-12 11:00:00,1.0761567130713852,0.9419184598331387,1.232803519531132,1.0,1.0345666842493713
2023-03-12 12:00:00,1.0761567130713852,0.9410036894505446,1.2339998580103322,1.0,1.0355707824337836
2023-03-12 13:00:00,1.0761567130713852,0.9438404016470734,1.2302900003021058,1.0,1.0324570638215151
2023-03-12 14:00:00,1.0761567130713852,0.943928182643383,1.2301752001450108,1.0,1.0323607109654351
2023-03-12 15:00:00,1.0761567130713852,0.9457900637756321,1.2277402283918915,1.0,1.0303170161759496
2023-03-12 16:00:00,1.0761567130713852,0.9450277551234706,1.228737177124558,1.0,1.0311537646629598
2023-03-12 17:00:00,1.0761567130713852,0.943540098238646,1.2306827376816412,1.0,1.0327866920133677
2023-03-12 18:00:00,1.0761567130713852,0.9252955111635779,1.2545430440167973,1.0,1.052812872469146
2023-03-12 19:00:00,1.0761567130713852,0.9117495174172879,1.2722585208906074,1.0,1.06768163952317
2023-03-12 20:00:00,1.0761567130713852,0.9254941734183838,1.2542832331349505,1.0,1.052594810742228
2023-03-12 21:00:00,1.0761567130713852,0.9033918425581341,1.2831887042687533,1.0,1.0768554456625732
2023-03-12 22:00:00,1.0761567130713852,0.9027496552693434,1.284028558049606,1.0,1.0775603428728426
2023-03-12 23:00:00,1.0761567130713852,0.8828095089497704,1.310106320050754,1.0,1.0994476548118497
2023-03-13 00:00:00,1.0761567130713852,0.8693328159900404,1.3277311652215946,1.0,1.1142403538216004
2023-03-13 01:00:00,1.0761567130713852,0.8485194797598096,1.354950886680161,1.0,1.1370861231184555
2023-03-13 02:00:00,1.0761567130713852,0.8550015722592059,1.3455312316848433,1.0,1.1275993120767278
2023-03-13 03:00:00,1.0761567130713852,0.8550015722592059,1.3391084650010574,1.0,1.122215853210216
2023-03-13 04:00:00,1.0761567130713852,0.8550015722592059,1.3419663847013685,1.0,1.124611315151759
2023-03-13 05:00:00,1.0761567130713852,0.8550015722592059,1.347241149814205,1.0,1.1290325377203994
2023-03-13 06:00:00,1.0761567130713852,0.8550015722592059,1.3519721247092233,1.0,1.1329979641479428
2023-03-13 07:00:00,1.0761567130713852,0.8550015722592059,1.351096018247183,1.0,1.13226362592062
2023-03-13 08:00:00,1.0761567130713852,0.8550015722592059,1.3558451194827952,1.0,1.1362442455528667
2023-03-13 09:00:00,1.0761567130713852,0.8550015722592059,1.3397610132624391,1.0,1.1227628085795325
2023-03-13 10:00:00,1.0761567130713852,0.8550015722592059,1.3259124890486693,1.0,1.1111552001862632
2023-03-13 11:00:00,1.0761567130713852,0.8550015722592059,1.335398607292831,1.0,1.1191063106476213
2023-03-13 12:00:00,1.0761567130713852,0.8550015722592059,1.3341599740189118,1.0,1.1180681083262338
2023-03-13 13:00:00,1.0761567130713852,0.8550015722592059,1.3359967765324312,1.0,1.119607686402828
2023-03-13 14:00:00,1.0761567130713852,0.8550015722592059,1.3567937313072114,1.0,1.1370393565990025
2023-03-13 15:00:00,1.0761567130713852,0.8550015722592059,1.4175592670916288,1.0,1.187972043165803
2023-03-13 16:00:00,1.0761567130713852,0.8550015722592059,1.4499510377329992,1.0,1.2151222999704778
2023-03-13 17:00:00,1.0761567130713852,0.8550015722592059,1.4483196670795444,1.0,1.213754911547187
2023-03-13 18:00:00,1.0761567130713852,0.8550015722592059,1.4576124376907043,1.0,1.2215439611583772
2023-03-13 19:00:00,1.0761567130713852,0.8550015722592059,1.4670079242318963,1.0,1.229419105596219
2023-03-13 20:00:00,1.0761567130713852,0.8550015722592059,1.4684157366846924,1.0,1.2305991111615031
2023-03-13 21:00:00,1.0761567130713852,0.8550015722592059,1.4590987976194074,1.0,1.2227898039440421
2023-03-13 22:00:00,1.0761567130713852,0.8550015722592059,1.4552439291864294,1.0,1.2195587157438215
2023-03-13 23:00:00,1.0761567130713852,0.8550015722592059,1.4624642548563487,1.0,1.2256106756172753
2023-03-14 00:00:00,1.0761567130713852,0.8550015722592059,1.4566275731851002,1.0,1.2207184637028348
2023-03-14 01:00:00,1.0761567130713852,0.8550015722592059,1.4598359354702275,1.0,1.2234076609353068
2023-03-14 02:00:00,1.0761567130713852,0.8544030711586245,1.4740107338146884,1.0,1.2335593955352386
2023-03-14 03:00:00,1.0761567130713852,0.8498140480029182,1.4660955650886682,1.0,1.2269339129952779
2023-03-14 04:00:00,1.0761567130713852,0.8534467327452597,1.47236123682064,1.0,1.2321786652043918
2023-03-14 05:00:00,1.0761567130713852,0.8547778997675257,1.474657239962539,1.0,1.2341005609030065
2023-03-14 06:00:00,1.0761567130713852,0.8514920190651954,1.468989737470167,1.0,1.229356513099584
2023-03-14 07:00:00,1.0761567130713852,0.8517897801096497,1.4695033171203287,1.0,1.2297864108216425
2023-03-14 08:00:00,1.0761567130713852,0.848976814007335,1.4646514999546842,1.0,1.2257251417532544
2023-03-14 09:00:00,1.0761567130713852,0.8483742857762041,1.4636122564272982,1.0,1.2248552310686183
2023-03-14 10:00:00,1.0761567130713852,0.8499716862029233,1.4663674601975771,1.0,1.2271615059069558
2023-03-14 11:00:00,1.0761567130713852,0.8601481077810355,1.4839198000060423,1.0,1.2418538927608385
2023-03-14 12:00:00,1.0761567130713852,0.8663205190790161,1.4945660040482163,1.0,1.2507654196580986
2023-03-14 13:00:00,1.0761567130713852,0.9056459953736415,1.5623947705507388,1.0,1.3075422646913808
2023-03-14 14:00:00,1.0761567130713852,0.9029941705424434,1.5578208906075346,1.0,1.3037136461549301
2023-03-14 15:00:00,1.0761567130713852,0.9047457060980564,1.5608419473731912,1.0,1.3062424562846862
2023-03-14 16:00:00,1.0761567130713852,0.907092763742578,1.564890163439171,1.0,1.3096310618585592
2023-03-14 17:00:00,1.0761567130713852,0.9062765481736623,1.5634823509863751,1.0,1.308452636338093
2023-03-14 18:00:00,1.0761567130713852,0.8979847788533898,1.5491806682577567,1.0,1.296481249183828
2023-03-14 19:00:00,1.0761567130713852,0.8754214978259818,1.510263415002568,1.0,1.263905117092311
2023-03-14 20:00:00,1.0761567130713852,0.8774953159238277,1.5138403462131056,1.0,1.2668992282859421
2023-03-14 21:00:00,1.0761567130713852,0.8605649732432713,1.4846388115162683,1.0,1.2424557495717201
2023-03-14 22:00:00,1.0761567130713852,0.8592268000787829,1.482330724147307,1.0,1.2405237386325867
2023-03-14 23:00:00,1.0761567130713852,0.86556035264788,1.4932548654119213,1.0,1.2496679160617845
2023-03-15 00:00:00,1.0761567130713852,0.8640470259278302,1.4906446723663938,1.0,1.2474830241096753
2023-03-15 01:00:00,1.0761567130713852,0.8661523716656772,1.494275982598713,1.0,1.250522653885642
2023-03-15 02:00:00,1.0761567130713852,0.8717452422354659,1.504976565662669,1.0,1.2577164404870755
2023-03-15 03:00:00,1.0761567130713852,0.8717452422354659,1.500251632881182,1.0,1.2537668615888151
2023-03-15 04:00:00,1.0761567130713852,0.8717452422354659,1.4942155614633998,1.0,1.2487212997993495
2023-03-15 05:00:00,1.0761567130713852,0.8717452422354659,1.4986444306818527,1.0,1.2524233986899185
2023-03-15 06:00:00,1.0761567130713852,0.8717452422354659,1.4926446119452585,1.0,1.2474081405748638
2023-03-15 07:00:00,1.0761567130713852,0.8717452422354659,1.497744155765687,1.0,1.25167085744204
2023-03-15 08:00:00,1.0761567130713852,0.8717452422354659,1.503302900214495,1.0,1.2563174208517582
2023-03-15 09:00:00,1.0761567130713852,0.8717452422354659,1.4958590163439172,1.0,1.2500950663726573
2023-03-15 10:00:00,1.0761567130713852,0.8717452422354659,1.4813398175281713,1.0,1.23795844477097
2023-03-15 11:00:00,1.0761567130713852,0.8717452422354659,1.4836297785565393,1.0,1.2398726268712779
2023-03-15 12:00:00,1.0761567130713852,0.8717452422354659,1.4966928280112384,1.0,1.250792050884115
2023-03-15 13:00:00,1.0761567130713852,0.8717452422354659,1.499671589982176,1.0,1.2532820027982359
2023-03-15 14:00:00,1.0761567130713852,0.8717452422354659,1.4977381136521557,1.0,1.2516658068296382
2023-03-15 15:00:00,1.0761567130713852,0.8717452422354659,1.4931461073683576,1.0,1.2478273414042191
2023-03-15 16:00:00,1.0761567130713852,0.8717452422354659,1.4784093924654844,1.0,1.2355088977560642
2023-03-15 17:00:00,1.0761567130713852,0.8717452422354659,1.4564765203468173,1.0,1.2171751747372852
2023-03-15 18:00:00,1.0761567130713852,0.8717452422354659,1.4669475030965833,1.0,1.2259278860297216
2023-03-15 19:00:00,1.0761567130713852,0.8717452422354659,1.474693492643727,1.0,1.2324027711289156
2023-03-15 20:00:00,1.0761567130713852,0.8717452422354659,1.4723551947071085,1.0,1.2304481841293928
2023-03-15 21:00:00,1.0761567130713852,0.8717452422354659,1.4691166218543248,1.0,1.2277410558819921
2023-03-15 22:00:00,1.0761567130713852,0.8717452422354659,1.4752070722938886,1.0,1.2328320731830744
2023-03-15 23:00:00,1.0761567130713852,0.8717452422354659,1.4713219932932542,1.0,1.2295845294086736
2023-03-16 00:00:00,1.0761567130713852,0.8717452422354659,1.466802492371832,1.0,1.2258066713320768
2023-03-16 01:00:00,1.0761567130713852,0.8717452422354659,1.4618600435032174,1.0,1.221675270387349
2023-03-16 02:00:00,1.0761567130713852,0.8711350205659011,1.4692495483520136,1.0,1.2261331616842437
2023-03-16 03:00:00,1.0761567130713852,0.8724644030360568,1.471491172472131,1.0,1.2242620396506458
2023-03-16 04:00:00,1.0761567130713852,0.8691104893108123,1.4658357542068217,1.0,1.228982714107378
2023-03-16 05:00:00,1.0761567130713852,0.8689349104939992,1.4655396906437872,1.0,1.2292298434325701
2023-03-16 06:00:00,1.0761567130713852,0.8717334218395291,1.4702585813117428,1.0,1.225290904596344
2023-03-16 07:00:00,1.0761567130713852,0.8797706317601739,1.4838110419624786,1.0,1.2139784336492816
2023-03-16 08:00:00,1.0761567130713852,0.8813866735230855,1.486536035165101,1.0,1.2117038351663905
2023-03-16 09:00:00,1.0761567130713852,0.8800752072587271,1.4843246216126402,1.0,1.2135497399219075
2023-03-16 10:00:00,1.0761567130713852,0.8828665521219381,1.489031428053533,1.0,1.2096208879969137
2023-03-16 11:00:00,1.0761567130713852,0.8927419647573804,1.5056834929458327,1.0,1.1957211243187578
2023-03-16 12:00:00,1.0761567130713852,0.8888003994819862,1.499037168061388,1.0,1.2012689254965412
2023-03-16 13:00:00,1.0761567130713852,0.8852243248048557,1.4930071387571373,1.0,1.2063022942014758
2023-03-16 14:00:00,1.0761567130713852,0.8890512263631476,1.4994601160085799,1.0,1.2009158836034095
2023-03-16 15:00:00,1.0761567130713852,0.8895922957782244,1.5003724751518082,1.0,1.2001543218053685
2023-03-16 16:00:00,1.0761567130713852,0.8909252614895397,1.5026201413854567,1.0,1.1982781563161544
2023-03-16 17:00:00,1.0761567130713852,0.8871413588251611,1.4962396694963898,1.0,1.2036040454468266
2023-03-16 18:00:00,1.0761567130713852,0.8834936193248417,1.490088797921513,1.0,1.2087382832640845
2023-03-16 19:00:00,1.0761567130713852,0.8874101019121198,1.4966928280112384,1.0,1.2032257862756142
2023-03-16 20:00:00,1.0761567130713852,0.8932615347255006,1.506559599407873,1.0,1.1949898232544136
2023-03-16 21:00:00,1.0761567130713852,0.883751612688322,1.4905238300957675,1.0,1.2083751544597203
2023-03-16 22:00:00,1.0761567130713852,0.891606077309835,1.5037681429564063,1.0,1.1973198997490826
2023-03-16 23:00:00,1.0761567130713852,0.8940856801921739,1.5079492855200751,1.0,1.1938298284626951
2023-03-17 00:00:00,1.0761567130713852,0.8948596602826149,1.5092543820428386,1.0,1.1927404420496033
2023-03-17 01:00:00,1.0761567130713852,0.8917852393678074,1.504070248632972,1.0,1.1970677269682743
2023-03-17 02:00:00,1.0761567130713852,0.9180088977590827,1.5493740158907587,1.0,1.1575353431037174
2023-03-17 03:00:00,1.0761567130713852,0.9180088977590827,1.544268429956799,1.0,1.1537200182028566
2023-03-17 04:00:00,1.0761567130713852,0.9180088977590827,1.5563466149058942,1.0,1.162745857820396
2023-03-17 05:00:00,1.0761567130713852,0.9180088977590827,1.5527334310141687,1.0,1.1600457817367098
2023-03-17 06:00:00,1.0761567130713852,0.9180088977590827,1.5554221715356031,1.0,1.1620550356785833
2023-03-17 07:00:00,1.0761567130713852,0.9180088977590827,1.578388245068125,1.0,1.1792172249663606
2023-03-17 08:00:00,1.0761567130713852,0.9180088977590827,1.573083269387632,1.0,1.1752528992113833
2023-03-17 09:00:00,1.0761567130713852,0.9180088977590827,1.569421748587656,1.0,1.1725167017085174
2023-03-17 10:00:00,1.0761567130713852,0.9180088977590827,1.5842249267393735,1.0,1.183578886332315
2023-03-17 11:00:00,1.0761567130713852,0.9180088977590827,1.6122301229570104,1.0,1.2045067335695807
2023-03-17 12:00:00,1.0761567130713852,0.9180088977590827,1.6254804779311802,1.0,1.2144085176022288
2023-03-17 13:00:00,1.0761567130713852,0.9180088977590827,1.6083752545240326,1.0,1.201626050389996
2023-03-17 14:00:00,1.0761567130713852,0.9180088977590827,1.5976323766653577,1.0,1.1935980649772973
2023-03-17 15:00:00,1.0761567130713852,0.9180088977590827,1.587167436029123,1.0,1.185777777724882
2023-03-17 16:00:00,1.0761567130713852,0.9180088977590827,1.5951853206851758,1.0,1.1917694181313225
2023-03-17 17:00:00,1.0761567130713852,0.9180088977590827,1.5935056131234708,1.0,1.1905141988148265
2023-03-17 18:00:00,1.0761567130713852,0.9180088977590827,1.5993725053623757,1.0,1.1948984360677681
2023-03-17 19:00:00,1.0761567130713852,0.9180088977590827,1.6068526419141416,1.0,1.2004882256858338
2023-03-17 20:00:00,1.0761567130713852,0.9180088977590827,1.6203990604513459,1.0,1.210611253410958
2023-03-17 21:00:00,1.0761567130713852,0.9180088977590827,1.6162783390229902,1.0,1.2075319024258846
2023-03-17 22:00:00,1.0761567130713852,0.9180088977590827,1.6360783450651037,1.0,1.2223281387573883
2023-03-17 23:00:00,1.0761567130713852,0.9180088977590827,1.661582106280777,1.0,1.2413867025521024
2023-03-18 00:00:00,1.0761567130713852,0.9180088977590827,1.6538663273012901,1.0,1.2356208210155353
2023-03-18 01:00:00,1.0761567130713852,0.9180088977590827,1.667769230536842,1.0,1.24601024420711
2023-03-18 02:00:00,1.0761567130713852,0.9173662915306513,1.6501141747983445,1.0,1.2310909890854758
2023-03-18 03:00:00,1.0761567130713852,0.9187707660501313,1.6475885713422556,1.0,1.2292062065931444
2023-03-18 04:00:00,1.0761567130713852,0.9183205278070443,1.6483982145554517,1.0,1.2298104191624564
2023-03-18 05:00:00,1.0761567130713852,0.9175510908095302,1.6497818585541222,1.0,1.2308429913891163
2023-03-18 06:00:00,1.0761567130713852,0.9091712835090919,1.6648508897012175,1.0,1.2420885596567592
2023-03-18 07:00:00,1.0761567130713852,0.9115568742000747,1.6605609890939852,1.0,1.2388871348492105
2023-03-18 08:00:00,1.0761567130713852,0.9163549354771501,1.6519328509712699,1.0,1.2324482128419154
2023-03-18 09:00:00,1.0761567130713852,0.9210219572655658,1.6435403552762757,1.0,1.2261851437465843
2023-03-18 10:00:00,1.0761567130713852,0.9150479005774427,1.6542832331349506,1.0,1.2342022329125302
2023-03-18 11:00:00,1.0761567130713852,0.9128504691522275,1.6582347753844295,1.0,1.2371511509746946
2023-03-18 12:00:00,1.0761567130713852,0.9133981470150868,1.6572499108788257,1.0,1.236416175983666
2023-03-18 13:00:00,1.0761567130713852,0.9116106339902942,1.660464315277484,1.0,1.238814990064815
2023-03-18 14:00:00,1.0761567130713852,0.9145875823736895,1.6551110026887406,1.0,1.2348199726289164
2023-03-18 15:00:00,1.0761567130713852,0.9106127178843477,1.662258822996284,1.0,1.240154177625156
2023-03-18 16:00:00,1.0761567130713852,0.920823718039132,1.6438968399746232,1.0,1.2264511776390425
2023-03-18 17:00:00,1.0761567130713852,0.9166539743102451,1.6513951028669829,1.0,1.2320469074787157
2023-03-18 18:00:00,1.0761567130713852,0.9179038894328446,1.6491474366333343,1.0,1.2303695412415212
2023-03-18 19:00:00,1.0761567130713852,0.917564530757085,1.649757690099997,1.0,1.2308249551930175
2023-03-18 20:00:00,1.0761567130713852,0.9173326916617642,1.6501745959336576,1.0,1.231136079575723
2023-03-18 21:00:00,1.0761567130713852,0.9176619703768576,1.649582468807589,1.0,1.2306941927713007
2023-03-18 22:00:00,1.0761567130713852,0.9218518740270768,1.6420479532340413,1.0,1.2250714086374792
2023-03-18 23:00:00,1.0761567130713852,0.9314715164894484,1.6247493821938914,1.0,1.212162001279716
2023-03-19 00:00:00,1.0761567130713852,0.931303517145013,1.6250514878704572,1.0,1.212387453730952
2023-03-19 01:00:00,1.0761567130713852,0.9256688191326493,1.6351841122624695,1.0,1.2199491289454014
2023-03-19 02:00:00,1.0754034033722353,0.92353106600472,1.636718809099423,1.0,1.2193848903010074
2023-03-19 03:00:00,1.075752855185145,0.9238311669754643,1.6372505150901786,1.0,1.2189886517739448
2023-03-19 04:00:00,1.0791639814043408,0.9267605616785236,1.6424406906135767,1.0,1.2151208234245516
2023-03-19 05:00:00,1.0767892974938877,0.9247212391727849,1.6388275067218514,1.0,1.217813444324362
2023-03-19 06:00:00,1.0734139106646483,0.9218225366144608,1.633691710220235,1.0,1.2216407482789422
2023-03-19 07:00:00,1.0684977590239446,0.9176006615942192,1.6262115736684692,1.0,1.2272151039210246
2023-03-19 08:00:00,1.069974987142153,0.918869270243274,1.6284592399021178,1.0,1.225540095602079
2023-03-19 09:00:00,1.0703085547817481,0.9191557302608024,1.6289667774387482,1.0,1.2251618679171559
2023-03-19 10:00:00,1.0730128352884682,0.9214781025457658,1.6330814567535725,1.0,1.2220955220429568
2023-03-19 11:00:00,1.0732074164115655,0.9216452042226574,1.6333775203166068,1.0,1.2218748892267517
2023-03-19 12:00:00,1.0774723169463927,0.9253078001610576,1.6398667502492372,1.0,1.2170389781123765
2023-03-19 13:00:00,1.080641209522549,0.9280291703275785,1.6446883568472253,1.0,1.213445815105606
2023-03-19 14:00:00,1.078052089272356,0.9258056949534286,1.640748898824809,1.0,1.2163815823742956
2023-03-19 15:00:00,1.0839967411351457,0.9309108216943831,1.649793942781185,1.0,1.2096410247037
2023-03-19 16:00:00,1.0926218472446843,0.9383178592904774,1.6629174133711975,1.0,1.1998611374221142
2023-03-19 17:00:00,1.1077634354563188,0.9513210979432895,1.6859559922660947,1.0,1.1826923021529214
2023-03-19 18:00:00,1.1066515433243342,0.9503662312181944,1.684264200477327,1.0,1.1839530611026654
2023-03-19 19:00:00,1.1233299253041047,0.9646892320946199,1.7096410773088426,1.0,1.165041676856505
2023-03-19 20:00:00,1.1208837626137385,0.9625885252994109,1.7059191353735539,1.0,1.167815346545942
2023-03-19 21:00:00,1.1063576861180238,0.9501138735837049,1.6838170840760098,1.0,1.1842862616822407
2023-03-19 22:00:00,1.1097489571205772,0.9530262170952448,1.6889770490317513,1.0,1.1804409468855215
2023-03-19 23:00:00,1.115125749787389,0.9576436797587401,1.6971580707531495,1.0,1.174344276821402
2023-03-20 00:00:00,1.1093836211343537,0.952712475171285,1.6884211745868705,1.0,1.1808551962547231
2023-03-20 01:00:00,1.1037923921278021,0.9479108596393786,1.6799138787347816,1.0,1.1871950126877215
2023-03-20 02:00:00,1.0971620530655994,0.9422168809120588,1.6709957191625633,1.0,1.1921338871071647
2023-03-20 03:00:00,1.0971620530655994,0.9422168809120588,1.6562408779190962,1.0,1.1816044184420023
2023-03-20 04:00:00,1.0971620530655994,0.9422168809120588,1.6466399595178394,1.0,1.1747529337127054
2023-03-20 05:00:00,1.0971620530655994,0.9422168809120588,1.6561864988973143,1.0,1.1815656120464304
2023-03-20 06:00:00,1.0971620530655994,0.9422168809120588,1.6614914745778073,1.0,1.1853513915255511
2023-03-20 07:00:00,1.0971620530655994,0.9422168809120588,1.667962578169844,1.0,1.1899693525986015
2023-03-20 08:00:00,1.0971620530655994,0.9422168809120588,1.7012727500679738,1.0,1.2137404257972255
2023-03-20 09:00:00,1.0971620530655994,0.9422168809120588,1.7094175191081842,1.0,1.2195527614895427
2023-03-20 10:00:00,1.0971620530655994,0.9422168809120588,1.702608057158394,1.0,1.2146933383996008
2023-03-20 11:00:00,1.0971620530655994,0.9422168809120588,1.696686785897707,1.0,1.2104677531039993
2023-03-20 12:00:00,1.0971620530655994,0.9422168809120588,1.7017742454910727,1.0,1.2140983070008324
2023-03-20 13:00:00,1.0971620530655994,0.9422168809120588,1.7040762907465032,1.0,1.215741111080041
2023-03-20 14:00:00,1.0971620530655994,0.9422168809120588,1.6794788465605268,1.0,1.1981876848163735
2023-03-20 15:00:00,1.0971620530655994,0.9422168809120588,1.6935932237696747,1.0,1.2082601003781341
2023-03-20 16:00:00,1.0971620530655994,0.9422168809120588,1.6717388991269146,1.0,1.19266424117998
2023-03-20 17:00:00,1.0971620530655994,0.9422168809120588,1.6632618138424822,1.0,1.1866147552925015
2023-03-20 18:00:00,1.0971620530655994,0.9422168809120588,1.6674973354279328,1.0,1.1896373423253757
2023-03-20 19:00:00,1.0971620530655994,0.9422168809120588,1.689182480891816,1.0,1.205112470515084
2023-03-20 20:00:00,1.0971620530655994,0.9422168809120588,1.6771707591915652,1.0,1.196540568915435
2023-03-20 21:00:00,1.0971620530655994,0.9422168809120588,1.6904211141657353,1.0,1.205996393969776
2023-03-20 22:00:00,1.0971620530655994,0.9422168809120588,1.6900646294673878,1.0,1.2057419964876939
2023-03-20 23:00:00,1.0971620530655994,0.9422168809120588,1.687291299356515,1.0,1.2037628703135295
2023-03-21 00:00:00,1.0971620530655994,0.9422168809120588,1.673213174828555,1.0,1.1937163256821501
2023-03-21 01:00:00,1.0971620530655994,0.9422168809120588,1.6810618803057311,1.0,1.1993173821096874
2023-03-21 02:00:00,1.0971620530655994,0.9415573290954203,1.6828261774568745,1.0,1.1988956311840786
2023-03-21 03:00:00,1.0971620530655994,0.9383008658883288,1.67700762212622,1.0,1.2030421227374335
2023-03-21 04:00:00,1.0971620530655994,0.9385105239556597,1.677382233165161,1.0,1.2027751627412675
2023-03-21 05:00:00,1.0971620530655994,0.9426191457589994,1.6847234011057068,1.0,1.1975436079776889
2023-03-21 06:00:00,1.0971620530655994,0.9389940901432133,1.6782462554001392,1.0,1.2021594324275293
2023-03-21 07:00:00,1.0971620530655994,0.9333739013060524,1.6682042627110965,1.0,1.2093156826473384
2023-03-21 08:00:00,1.0971620530655994,0.928967700310372,1.6603313887797952,1.0,1.2149261483732174
2023-03-21 09:00:00,1.0971620530655994,0.9337796911137896,1.668929316334854,1.0,1.2087989858805652
2023-03-21 10:00:00,1.0971620530655994,0.94335971215812,1.6860466239690644,1.0,1.1966006363783277
2023-03-21 11:00:00,1.0971620530655994,0.9445669368361383,1.6882036584997433,1.0,1.1950634634971773
2023-03-21 12:00:00,1.0971620530655994,0.9470659257354536,1.6926687803993836,1.0,1.1918814725751323
2023-03-21 13:00:00,1.0971620530655994,0.9518508638850219,1.701218371046192,1.0,1.1857887565335983
2023-03-21 14:00:00,1.0971620530655994,0.9468325965960047,1.6922518745657231,1.0,1.1921785732160268
2023-03-21 15:00:00,1.0971620530655994,0.9418041845617938,1.6832672517446603,1.0,1.198581307317625
2023-03-21 16:00:00,1.0971620530655994,0.9471538468604633,1.692825875351198,1.0,1.191769521608998
2023-03-21 17:00:00,1.0971620530655994,0.9575116317029567,1.7113328690976104,1.0,1.178580836637112
2023-03-21 18:00:00,1.0971620530655994,0.945500253393934,1.6898712818343857,1.0,1.193875060933599
2023-03-21 19:00:00,1.0971620530655994,0.950204033581955,1.6982758617564426,1.0,1.1878856842454195
2023-03-21 20:00:00,1.0971620530655994,0.9499436517886569,1.6978106190145315,1.0,1.1882172313374322
2023-03-21 21:00:00,1.0971620530655994,0.9481446503076885,1.6945962146158726,1.0,1.1905079203367934
2023-03-21 22:00:00,1.0971620530655994,0.9458451747305107,1.6904875774145798,1.0,1.1934358686818418
2023-03-21 23:00:00,1.0971620530655994,0.9468325965960047,1.6922518745657231,1.0,1.1921785732160268
2023-03-22 00:00:00,1.0971620530655994,0.949263953860697,1.6965961541947374,1.0,1.1890826984217775
2023-03-22 01:00:00,1.0971620530655994,0.9466905701632966,1.691998105797408,1.0,1.1923594170843976
2023-03-22 02:00:00,1.0971620530655994,0.9481225381447486,1.6957442161868221,1.0,1.188011367749927
2023-03-22 03:00:00,1.0971620530655994,0.9481225381447486,1.6932971602066405,1.0,1.186296506329236
2023-03-22 04:00:00,1.0971620530655994,0.9481225381447486,1.6994057369867979,1.0,1.1905773085423688
2023-03-22 05:00:00,1.0971620530655994,0.9481225381447486,1.70245096220658,1.0,1.1927113583103401
2023-03-22 06:00:00,1.0971620530655994,0.9481225381447486,1.7022092776653275,1.0,1.192541989281136
2023-03-22 07:00:00,1.0971620530655994,0.9481225381447486,1.702505341228362,1.0,1.1927494663419111
2023-03-22 08:00:00,1.0971620530655994,0.9481225381447486,1.6964209329023294,1.0,1.1884856010316986
2023-03-22 09:00:00,1.0971620530655994,0.9481225381447486,1.6954179420561313,1.0,1.1877827195605015
2023-03-22 10:00:00,1.0971620530655994,0.9481225381447486,1.6963303011993596,1.0,1.188422087645747
2023-03-22 11:00:00,1.0971620530655994,0.9481225381447486,1.6994782423491739,1.0,1.19062811925113
2023-03-22 12:00:00,1.0971620530655994,0.9481225381447486,1.6979495876257515,1.0,1.1895568601414144
2023-03-22 13:00:00,1.0971620530655994,0.9481225381447486,1.7035989637775295,1.0,1.1935158611990595
2023-03-22 14:00:00,1.0971620530655994,0.9481225381447486,1.707387368961663,1.0,1.1961707207318335
2023-03-22 15:00:00,1.0971620530655994,0.9481225381447486,1.72407568653515,1.0,1.2078656521983748
2023-03-22 16:00:00,1.0971620530655994,0.9481225381447486,1.726504616174738,1.0,1.2095678109418755
2023-03-22 17:00:00,1.0971620530655994,0.9481225381447486,1.7295619256215826,1.0,1.2117103291613072
2023-03-22 18:00:00,1.0971620530655994,0.9481225381447486,1.7213265248784027,1.0,1.2059390794911784
2023-03-22 19:00:00,1.0971620530655994,0.9481225381447486,1.6922337482251293,1.0,1.185551282600738
2023-03-22 20:00:00,1.0971620530655994,0.9481225381447486,1.6097226458415155,1.0,1.127728696030467
2023-03-22 21:00:00,1.0971620530655994,0.9481225381447486,1.6484888462584213,1.0,1.1548954883148006
2023-03-22 22:00:00,1.0971620530655994,0.9481225381447486,1.634616153590526,1.0,1.1451737060384868
2023-03-22 23:00:00,1.0971620530655994,0.9481225381447486,1.6421023322558232,1.0,1.1504199117180829
2023-03-23 00:00:00,1.0971620530655994,0.9481225381447486,1.6447971148907887,1.0,1.1523083763937083
2023-03-23 01:00:00,1.0971620530655994,0.9481225381447486,1.6491293102927405,1.0,1.1553443162421915
2023-03-23 02:00:00,1.0963940396284535,0.9474588523680473,1.6390087701277907,1.0,1.1466444158787727
2023-03-23 03:00:00,1.1044232379385288,0.954397356903221,1.6510084076009788,1.0,1.1382472200956297
2023-03-23 04:00:00,1.104710283799564,0.9546454101872077,1.6514373976617023,1.0,1.1379470182322846
2023-03-23 05:00:00,1.1014274494451926,0.9518085191083753,1.6465312014742757,1.0,1.1413803127820894
2023-03-23 06:00:00,1.1153956670490752,0.9638792810263136,1.6674067037249631,1.0,1.1267718981643857
2023-03-23 07:00:00,1.1164063919118743,0.9647527080826044,1.6689172321077914,1.0,1.1257148493497906
2023-03-23 08:00:00,1.1157312277035245,0.9641692588090022,1.667908199148062,1.0,1.12642095795794
2023-03-23 09:00:00,1.1159374155755355,0.9643474379284855,1.6682163469381592,1.0,1.1262053199997626
2023-03-23 10:00:00,1.1155088682337087,0.9639771048566181,1.6675758829038398,1.0,1.126653508697151
2023-03-23 11:00:00,1.1149630768077972,0.9635054542462211,1.6667601975771125,1.0,1.1272243150570325
2023-03-23 12:00:00,1.1140008667384125,0.9626739516886323,1.66532217455666,1.0,1.1282306255285268
2023-03-23 13:00:00,1.1095092054481337,0.9587924418504763,1.658609386423371,1.0,1.1329281504605873
2023-03-23 14:00:00,1.1051550027391954,0.9550297180919757,1.6521020301501466,1.0,1.1374819167538628
2023-03-23 15:00:00,1.1330065370584854,0.9790978740551238,1.6937261502673635,1.0,1.1083538796188814
2023-03-23 16:00:00,1.1544743331443368,0.9976494647307396,1.7258097731186368,1.0,1.0859021627968826
2023-03-23 17:00:00,1.1498492561721685,0.9936526625211531,1.7188975952388146,1.0,1.0907392181724693
2023-03-23 18:00:00,1.143036970596903,0.9877657641617534,1.7087166339385518,1.0,1.09786372718284
2023-03-23 19:00:00,1.1269260162838866,0.9738433368844787,1.6846388115162685,1.0,1.1147130852874851
2023-03-23 20:00:00,1.1458993434083498,0.9902393095851688,1.7129944503187216,1.0,1.0948701649399069
2023-03-23 21:00:00,1.142438621478126,0.9872486953444293,1.7078224011359175,1.0,1.0984895000810804
2023-03-23 22:00:00,1.1377892871092505,0.9832309308854918,1.7008739705749072,1.0,1.1033519246282175
2023-03-23 23:00:00,1.1395600770688743,0.9847611750881132,1.7035204163016224,1.0,1.101499975105047
2023-03-24 00:00:00,1.1427256673391608,0.9874967486284159,1.7082513911966406,1.0,1.0981892982177353
2023-03-24 01:00:00,1.1388323551676591,0.9841323076075839,1.7024328358659861,1.0,1.1022610502515555
2023-03-24 02:00:00,1.1402970737857205,0.9853980574846819,1.7058164194435215,1.0,1.0982879816326983
2023-03-24 03:00:00,1.1402970737857205,0.9853980574846819,1.7016715295610405,1.0,1.0956185250008619
2023-03-24 04:00:00,1.1402970737857205,0.9853980574846819,1.7038587746593759,1.0,1.0970271887045422
2023-03-24 05:00:00,1.1402970737857205,0.9853980574846819,1.6983362828917556,1.0,1.0934705074195594
2023-03-24 06:00:00,1.1402970737857205,0.9853980574846819,1.707544463913477,1.0,1.0994009037853296
2023-03-24 07:00:00,1.1402970737857205,0.9853980574846819,1.706197072595994,1.0,1.098533135813173
2023-03-24 08:00:00,1.1402970737857205,0.9853980574846819,1.7074054953022568,1.0,1.0993114030527753
2023-03-24 09:00:00,1.1402970737857205,0.9853980574846819,1.6924452221987252,1.0,1.0896764546264976
2023-03-24 10:00:00,1.1402970737857205,0.9853980574846819,1.6928198332376665,1.0,1.0899177174707742
2023-03-24 11:00:00,1.1402970737857205,0.9853980574846819,1.6927956647835414,1.0,1.0899021521259822
2023-03-24 12:00:00,1.1402970737857205,0.9853980574846819,1.6644098154134317,1.0,1.0716206546677218
2023-03-24 13:00:00,1.1402970737857205,0.9853980574846819,1.6890133017129392,1.0,1.0874661756660267
2023-03-24 14:00:00,1.1402970737857205,0.9853980574846819,1.688910585782907,1.0,1.0874000229506606
2023-03-24 15:00:00,1.1402970737857205,0.9853980574846819,1.6896779342013837,1.0,1.0878942226478079
2023-03-24 16:00:00,1.1402970737857205,0.9853980574846819,1.6909226095888343,1.0,1.0886958379045986
2023-03-24 17:00:00,1.1402970737857205,0.9853980574846819,1.6800528473460017,1.0,1.0816953240843747
2023-03-24 18:00:00,1.1402970737857205,0.9853980574846819,1.6670864717078036,1.0,1.073344516603441
2023-03-24 19:00:00,1.1402970737857205,0.9853980574846819,1.6746632820760703,1.0,1.0782242521957481
2023-03-24 20:00:00,1.1402970737857205,0.9853980574846819,1.6796963626476542,1.0,1.0814657352486923
2023-03-24 21:00:00,1.1402970737857205,0.9853980574846819,1.6655336485302559,1.0,1.072344443200552
2023-03-24 22:00:00,1.1402970737857205,0.9853980574846819,1.6497033110782153,1.0,1.0621491423617604
2023-03-24 23:00:00,1.1402970737857205,0.9853980574846819,1.6475523186610679,1.0,1.0607638266752681
2023-03-25 00:00:00,1.1402970737857205,0.9853980574846819,1.6571955318570437,1.0,1.0669743992472953
2023-03-25 01:00:00,1.1402970737857205,0.9853980574846819,1.6631772242530438,1.0,1.0708268220833272
2023-03-25 02:00:00,1.1402970737857205,0.9847082788444427,1.659980946194979,1.0,1.0672720151426087
2023-03-25 03:00:00,1.1402970737857205,0.9883114130799816,1.6660532702939488,1.0,1.0633667729312752
2023-03-25 04:00:00,1.1402970737857205,0.9877019276869053,1.6650261109936255,1.0,1.064027361166028
2023-03-25 05:00:00,1.1402970737857205,0.98613519170588,1.6623857073804418,1.0,1.0657254615106575
2023-03-25 06:00:00,1.1402970737857205,0.9834319447271772,1.6578299537778316,1.0,1.0686553646224441
2023-03-25 07:00:00,1.1402970737857205,0.984557700100271,1.659727177426664,1.0,1.067435219294724
2023-03-25 08:00:00,1.1402970737857205,0.9842923946938731,1.6592800610253466,1.0,1.0677227694674989
2023-03-25 09:00:00,1.1402970737857205,0.9821161733197714,1.6556124981118396,1.0,1.0700814580468816
2023-03-25 10:00:00,1.1402970737857205,0.9841633271988688,1.6590625449382195,1.0,1.0678626587407407
2023-03-25 11:00:00,1.1402970737857205,0.9838334880449686,1.6585066704933387,1.0,1.0682201535501363
2023-03-25 12:00:00,1.1402970737857205,0.9832957068157837,1.6576003534636417,1.0,1.0688030255219771
2023-03-25 13:00:00,1.1402970737857205,0.9830411570339694,1.6571713634029184,1.0,1.0690789182553153
2023-03-25 14:00:00,1.1402970737857205,0.9870386641709106,1.6639083199903326,1.0,1.0647462365979652
2023-03-25 15:00:00,1.1402970737857205,0.9856619442241973,1.6615881483943085,1.0,1.0662383888458775
2023-03-25 16:00:00,1.1402970737857205,0.9899534384330929,1.6688205582912905,1.0,1.0615870705105876
2023-03-25 17:00:00,1.1402970737857205,0.9892471524187634,1.6676302619256218,1.0,1.062352575700272
2023-03-25 18:00:00,1.1402970737857205,0.984095208243172,1.6589477447811245,1.0,1.0679364891905072
2023-03-25 19:00:00,1.1402970737857205,0.982739999545626,1.6566638258662882,1.0,1.069405326559546
2023-03-25 20:00:00,1.1402970737857205,0.9737482973936543,1.6415102051297545,1.0,1.0791509459287247
2023-03-25 21:00:00,1.1402970737857205,0.9795563346688513,1.651298429050482,1.0,1.0728559286328438
2023-03-25 22:00:00,1.1402970737857205,0.9814493245955822,1.6544886649950155,1.0,1.070804219291964
2023-03-25 23:00:00,1.1402970737857205,0.9828905782897978,1.6569175946346033,1.0,1.0692421224074307
2023-03-26 00:00:00,1.1402970737857205,0.9833494849387022,1.6576909851666115,1.0,1.0687447383247932
2023-03-26 01:00:00,1.1402970737857205,0.9859272496305952,1.6620352647956256,1.0,1.065950838673103
2023-03-26 02:00:00,1.1402970737857205,0.9874543081125313,1.6657753330715086,1.0,1.0620513413407557
2023-03-26 03:00:00,1.1402970737857205,0.9874543081125313,1.6655215643031933,1.0,1.061889500209114
2023-03-26 04:00:00,1.1402970737857205,0.9874543081125313,1.6619204646385306,1.0,1.0595928974839142
2023-03-26 05:00:00,1.1402970737857205,0.9874543081125313,1.6612437479230235,1.0,1.0591613211328696
2023-03-26 06:00:00,1.1402970737857205,0.9874543081125313,1.662796571100571,1.0,1.0601516347241053
2023-03-26 07:00:00,1.1402970737857205,0.9874543081125313,1.6598480196972902,1.0,1.0582711949088408
2023-03-26 08:00:00,1.1402970737857205,0.9874543081125313,1.660422020482765,1.0,1.0586372641351731
2023-03-26 09:00:00,1.1402970737857205,0.9874543081125313,1.669527485574454,1.0,1.0644442780728853
2023-03-26 10:00:00,1.1402970737857205,0.9874543081125313,1.6714911724721306,1.0,1.0656966201629692
2023-03-26 11:00:00,1.1402970737857205,0.9874543081125313,1.6710682245249389,1.0,1.0654268849435666
2023-03-26 12:00:00,1.1402970737857205,0.9874543081125313,1.6821494607413674,1.0,1.0724939476919173
2023-03-26 13:00:00,1.1402970737857205,0.9874543081125313,1.685303444004713,1.0,1.0745054017566058
2023-03-26 14:00:00,1.1402970737857205,0.9874543081125313,1.6995144950303618,1.0,1.0835685051285364
2023-03-26 15:00:00,1.1402970737857205,0.9874543081125313,1.6779260233829794,1.0,1.0698004488581674
2023-03-26 16:00:00,1.1402970737857205,0.9874543081125313,1.6784093924654844,1.0,1.0701087176803419
2023-03-26 17:00:00,1.1402970737857205,0.9874543081125313,1.6722222682094199,1.0,1.0661628767565083
2023-03-26 18:00:00,1.1402970737857205,0.9874543081125313,1.6805785112232259,1.0,1.0714920740198501
2023-03-26 19:00:00,1.1402970737857205,0.9874543081125313,1.67894109845624,1.0,1.070447813384734
2023-03-26 20:00:00,1.1402970737857205,0.9874543081125313,1.6798534575994684,1.0,1.0710296707865883
2023-03-26 21:00:00,1.1402970737857205,0.9874543081125313,1.6766692637684661,1.0,1.0689989499205137
2023-03-26 22:00:00,1.1402970737857205,0.9874543081125313,1.6804395426120058,1.0,1.071403446733475
2023-03-26 23:00:00,1.1402970737857205,0.9874543081125313,1.6927654542158848,1.0,1.079264301698925
2023-03-27 00:00:00,1.1402970737857205,0.9874543081125313,1.6883305428839008,1.0,1.0764359352554738
2023-03-27 01:00:00,1.1402970737857205,0.9874543081125313,1.6900404610132624,1.0,1.077526436213916
2023-03-27 02:00:00,1.1402970737857205,0.9874543081125313,1.679847415485937,1.0,1.0695263856794075
2023-03-27 03:00:00,1.1402970737857205,0.9874543081125313,1.6830739041116582,1.0,1.0715812113563679
2023-03-27 04:00:00,1.1402970737857205,0.9874543081125313,1.6837445787136343,1.0,1.0720083380420282
2023-03-27 05:00:00,1.1402970737857205,0.9874543081125313,1.6846931905380502,1.0,1.072612472183007
2023-03-27 06:00:00,1.1402970737857205,0.9874543081125313,1.6733944382344945,1.0,1.0654167343254866
2023-03-27 07:00:00,1.1402970737857205,0.9874543081125313,1.6772493066674725,1.0,1.0678717507709938
2023-03-27 08:00:00,1.1402970737857205,0.9874543081125313,1.6786752454608622,1.0,1.0687798759765417
2023-03-27 09:00:00,1.1402970737857205,0.9874543081125313,1.6812673121657957,1.0,1.0704306628967963
2023-03-27 10:00:00,1.1402970737857205,0.9874543081125313,1.6857928552007493,1.0,1.0733128060279635
2023-03-27 11:00:00,1.1402970737857205,0.9874543081125313,1.6850678015769918,1.0,1.0728510474488713
2023-03-27 12:00:00,1.1402970737857205,0.9874543081125313,1.683835210416604,1.0,1.0720660578644148
2023-03-27 13:00:00,1.1402970737857205,0.9874543081125313,1.6752614513156703,1.0,1.0666057626666492
2023-03-27 14:00:00,1.1402970737857205,0.9874543081125313,1.6715757620615692,1.0,1.064258489889597
2023-03-27 15:00:00,1.1402970737857205,0.9874543081125313,1.6266224373885987,1.0,1.0356294579858796
2023-03-27 16:00:00,1.1402970737857205,0.9874543081125313,1.6238611915047885,1.0,1.03387092739717
2023-03-27 17:00:00,1.1402970737857205,0.9874543081125313,1.6387187486782877,1.0,1.0433331302804014
2023-03-27 18:00:00,1.1402970737857205,0.9874543081125313,1.6274804175100452,1.0,1.036175872304472
2023-03-27 19:00:00,1.1402970737857205,0.9874543081125313,1.6353895441225341,1.0,1.0412128888047363
2023-03-27 20:00:00,1.1402970737857205,0.9874543081125313,1.6280665025225827,1.0,1.036549127155905
2023-03-27 21:00:00,1.1402970737857205,0.9874543081125313,1.6326524666928492,1.0,1.0394697501686632
2023-03-27 22:00:00,1.1402970737857205,0.9874543081125313,1.6399936346333948,1.0,1.0441450557819718
2023-03-27 23:00:00,1.1402970737857205,0.9874543081125313,1.635794365729132,1.0,1.0414707040113962
2023-03-28 00:00:00,1.1402970737857205,0.9874543081125313,1.6374378206096494,1.0,1.0425173567906718
2023-03-28 01:00:00,1.1402970737857205,0.9874543081125313,1.6278066916407359,1.0,1.0363836636650636
2023-03-28 02:00:00,1.1394988658340706,0.9874543081125313,1.6341569529621462,1.0,1.0389712859031126
2023-03-28 03:00:00,1.13812921302182,0.9874543081125313,1.6321932660644696,1.0,1.0402201067543237
2023-03-28 04:00:00,1.1351960488454305,0.9874543081125313,1.6279879550466754,1.0,1.0428945046387634
2023-03-28 05:00:00,1.135103333885832,0.9874543081125313,1.6278550285489866,1.0,1.042979040204076
2023-03-28 06:00:00,1.1354952653059531,0.9874543081125313,1.6284169451073987,1.0,1.0426216853143448
2023-03-28 07:00:00,1.1394103651908174,0.9874543081125313,1.6340300685779885,1.0,1.0390519789427295
2023-03-28 08:00:00,1.1348462605887635,0.9874543081125313,1.6274864596235763,1.0,1.0432134342715342
2023-03-28 09:00:00,1.1370672053027824,0.9874543081125313,1.6306706534545785,1.0,1.0411884232297242
2023-03-28 10:00:00,1.1313820925528555,0.9874543081125313,1.622519842300837,1.0,1.0463719903936741
2023-03-28 11:00:00,1.125840266558672,0.9874543081125313,1.61457446300716,1.0,1.051424911683959
2023-03-28 12:00:00,1.1390395053524234,0.9874543081125313,1.633498362587233,1.0,1.0393901212039804
2023-03-28 13:00:00,1.1356891238578408,0.9874543081125313,1.628694882329839,1.0,1.0424449291323274
2023-03-28 14:00:00,1.1316433801662695,0.9874543081125313,1.6228944533397782,1.0,1.04613375380052
2023-03-28 15:00:00,1.1341171838610116,0.9874543081125313,1.6264411739826592,1.0,1.0438781912169481
2023-03-28 16:00:00,1.1364266292182836,0.9874543081125313,1.629752252197819,1.0,1.0417724871355214
2023-03-28 17:00:00,1.1317740239729766,0.9874543081125313,1.6230817588592492,1.0,1.0460146355039428
2023-03-28 18:00:00,1.1307920882645013,0.9874543081125313,1.621673946406453,1.0,1.046909943991119
2023-03-28 19:00:00,1.1511050930492657,0.9874543081125313,1.650796933627383,1.0,1.028388970136235
2023-03-28 20:00:00,1.1544344029621212,0.9874543081125313,1.6555702033171202,1.0,1.0253533748363681
2023-03-28 21:00:00,1.1494530810418742,0.9874543081125313,1.6484284251231083,1.0,1.0298952402090802
2023-03-28 22:00:00,1.1445139022850808,0.9874543081125313,1.641347068064409,1.0,1.0343986803248322
2023-03-28 23:00:00,1.1458751264646407,0.9874543081125313,1.6432986707350232,1.0,1.0331575445250132
2023-03-29 00:00:00,1.1475903532172131,0.9874543081125313,1.6457578109422677,1.0,1.0315936365667273
2023-03-29 01:00:00,1.1479190698921533,0.9874543081125313,1.6462290957977102,1.0,1.0312939195624367
2023-03-29 02:00:00,1.1494312192758325,0.9874543081125313,1.6495522582399325,1.0,1.0277259754268238
2023-03-29 03:00:00,1.1494312192758325,0.9874543081125313,1.6539327905501344,1.0,1.0304559462038394
2023-03-29 04:00:00,1.1494312192758325,0.9874543081125313,1.6520657774689587,1.0,1.0292924138312907
2023-03-29 05:00:00,1.1494312192758325,0.9874543081125313,1.6640533307150842,1.0,1.0367631200679788
2023-03-29 06:00:00,1.1494312192758325,0.9874543081125313,1.6628569922358842,1.0,1.0360175556350835
2023-03-29 07:00:00,1.1494312192758325,0.9874543081125313,1.6937624029485516,1.0,1.0552779701515451
2023-03-29 08:00:00,1.1494312192758325,0.9874543081125313,1.6957925530950726,1.0,1.0565431704013066
2023-03-29 09:00:00,1.1494312192758325,0.9874543081125313,1.7211875562671823,1.0,1.0723694699541293
2023-03-29 10:00:00,1.1494312192758325,0.9874543081125313,1.709937140871877,1.0,1.0653581519033668
2023-03-29 11:00:00,1.1494312192758325,0.9874543081125313,1.7135382405365398,1.0,1.0676023761559201
2023-03-29 12:00:00,1.1494312192758325,0.9874543081125313,1.7120881332890245,1.0,1.0666986616918046
2023-03-29 13:00:00,1.1494312192758325,0.9874543081125313,1.7170789190658893,1.0,1.0698089456391355
2023-03-29 14:00:00,1.1494312192758325,0.9874543081125313,1.7161967704903176,1.0,1.0692591860067986
2023-03-29 15:00:00,1.1494312192758325,0.9874543081125313,1.7081365910395456,1.0,1.0642360397770898
2023-03-29 16:00:00,1.1494312192758325,0.9874543081125313,1.7168553608652308,1.0,1.0696696229925844
2023-03-29 17:00:00,1.1494312192758325,0.9874543081125313,1.6994117791003294,1.0,1.0587986910846616
2023-03-29 18:00:00,1.1494312192758325,0.9874543081125313,1.705907051146491,1.0,1.0628465787885124
2023-03-29 19:00:00,1.1494312192758325,0.9874543081125313,1.7093752243134648,1.0,1.0650079625485218
2023-03-29 20:00:00,1.1494312192758325,0.9874543081125313,1.7156348539319055,1.0,1.0689089966519538
2023-03-29 21:00:00,1.1494312192758325,0.9874543081125313,1.713924935802544,1.0,1.0678433666796843
2023-03-29 22:00:00,1.1494312192758325,0.9874543081125313,1.708082212017764,1.0,1.0642021504846857
2023-03-29 23:00:00,1.1494312192758325,0.9874543081125313,1.7138463883266366,1.0,1.0677944154795447
2023-03-30 00:00:00,1.1494312192758325,0.9874543081125313,1.7115503851847376,1.0,1.066363534244695
2023-03-30 01:00:00,1.1494312192758325,0.9874543081125313,1.7101848675266609,1.0,1.065512536457653
2023-03-30 02:00:00,1.1494312192758325,0.9874543081125313,1.7113268269840791,1.0,1.0647315165660425
2023-03-30 03:00:00,1.1494312192758325,0.9874543081125313,1.7486187516993443,1.0,1.0879400904752201
2023-03-30 04:00:00,1.1494312192758325,0.9874543081125313,1.7195138908190086,1.0,1.069826723572999
2023-03-30 05:00:00,1.1494312192758325,0.9874543081125313,1.7253989093985076,1.0,1.073489256137409
2023-03-30 06:00:00,1.1494312192758325,0.9874543081125313,1.7273867647503098,1.0,1.0747263949605004
2023-03-30 07:00:00,1.1494312192758325,0.9874543081125313,1.7276465756321562,1.0,1.0748880878765883
2023-03-30 08:00:00,1.1494312192758325,0.9874543081125313,1.7337793208664392,1.0,1.078704792756338
2023-03-30 09:00:00,1.1494312192758325,0.9874543081125313,1.7247584453641884,1.0,1.0730906642977505
2023-03-30 10:00:00,1.1494312192758325,0.9874543081125313,1.7252961934684752,1.0,1.0734253310310486
2023-03-30 11:00:00,1.1494312192758325,0.9874543081125313,1.7268611008730854,1.0,1.0743992488279503
2023-03-30 12:00:00,1.1494312192758325,0.9874543081125313,1.7291571040149845,1.0,1.0758281629701227
2023-03-30 13:00:00,1.1494312192758325,0.9874543081125313,1.7291752303555785,1.0,1.075839443871245
2023-03-30 14:00:00,1.1494312192758325,0.9874543081125313,1.7215984199873118,1.0,1.0711240272020766
2023-03-30 15:00:00,1.1494312192758325,0.9874543081125313,1.7163236548744751,1.0,1.0678412849754542
2023-03-30 16:00:00,1.1494312192758325,0.9874543081125313,1.7081788858342648,1.0,1.0627724000711167
2023-03-30 17:00:00,1.1494312192758325,0.9874543081125313,1.7052726292257032,1.0,1.0609636955911566
2023-03-30 18:00:00,1.1494312192758325,0.9874543081125313,1.6808564484456663,1.0,1.045768321779266
2023-03-30 19:00:00,1.1494312192758325,0.9874543081125313,1.684530053472705,1.0,1.048054584406742
2023-03-30 20:00:00,1.1494312192758325,0.9874543081125313,1.6893637442977556,1.0,1.051062824706052
2023-03-30 21:00:00,1.1494312192758325,0.9874543081125313,1.6989888311531376,1.0,1.0570529832020532
2023-03-30 22:00:00,1.1494312192758325,0.9874543081125313,1.6942578562581192,1.0,1.0541086680091034
2023-03-30 23:00:00,1.1494312192758325,0.9874543081125313,1.6843306637261715,1.0,1.0479304944943952
2023-03-31 00:00:00,1.1494312192758325,0.9874543081125313,1.691998105797408,1.0,1.052702315669176
2023-03-31 01:00:00,1.1494312192758325,0.9874543081125313,1.7049644814356062,1.0,1.0607719202720753
2023-03-31 02:00:00,1.1494312192758325,0.9867630900968526,1.6995567898250807,1.0,1.0559260788159281
2023-03-31 03:00:00,1.1494312192758325,0.9864367470822419,1.6989948732666686,1.0,1.0562752954650156
2023-03-31 04:00:00,1.1494312192758325,0.9871876869223138,1.7002878855623698,1.0,1.055471721670341
2023-03-31 05:00:00,1.1494312192758325,0.9876508834591807,1.7010854445485033,1.0,1.0549760593297008
2023-03-31 06:00:00,1.1494312192758325,0.9827381929166541,1.6926264856046647,1.0,1.0602330841546739
2023-03-31 07:00:00,1.1494312192758325,0.9842014728853923,1.6951460469472222,1.0,1.0586672417603784
2023-03-31 08:00:00,1.1494312192758325,0.9724882150061395,1.6749774719796986,1.0,1.071201490950207
2023-03-31 09:00:00,1.1494312192758325,0.9743059105068743,1.6781072867889189,1.0,1.069256391764967
2023-03-31 10:00:00,1.1494312192758325,0.975007723441521,1.6793157094951814,1.0,1.0685053882185422
2023-03-31 11:00:00,1.1494312192758325,0.9775237228122292,1.6836479048971331,1.0,1.0658130405046096
2023-03-31 12:00:00,1.1494312192758325,0.9788992761641367,1.686016413401408,1.0,1.0643410735536172
2023-03-31 13:00:00,1.1494312192758325,0.9852857738694214,1.697013060028398,1.0,1.0575069412811522
2023-03-31 14:00:00,1.1494312192758325,0.994514613960025,1.712903818615752,1.0,1.047631244645667
2023-03-31 15:00:00,1.1494312192758325,0.999746629387816,1.7219126098909399,1.0,1.042032513207071
2023-03-31 16:00:00,1.1494312192758325,0.9989921804830707,1.7206135554817075,1.0,1.0428398420194773
2023-03-31 17:00:00,1.1494312192758325,0.9965147808237681,1.7163478233286005,1.0,1.0454908845383566
2023-03-31 18:00:00,1.1494312192758325,0.9933039866477595,1.7108192894474488,1.0,1.0489267257632497
2023-03-31 19:00:00,1.1494312192758325,0.9926442824891917,1.709683372103562,1.0,1.049632669096889
2023-03-31 20:00:00,1.1494312192758325,0.9979499882751205,1.7188190477629077,1.0,1.043955082285918
2023-03-31 21:00:00,1.1494312192758325,0.9951322093425141,1.7139672305972629,1.0,1.0469703615248134
2023-03-31 22:00:00,1.1494312192758325,0.9982833494190777,1.7193930485483824,1.0,1.0435983556013662
2023-03-31 23:00:00,1.1494312192758325,1.0015151979831254,1.7249578351107218,1.0,1.0401399842700805
2023-04-01 00:00:00,1.1494312192758325,0.9978061166235179,1.7185713211081237,1.0,1.0441090380129352
2023-04-01 01:00:00,1.1494312192758325,0.9969393776492292,1.7170789190658893,1.0,1.0450365273927698
2023-04-01 02:00:00,1.1494312192758325,1.002240843081407,1.7274169753179665,1.0,1.0371334040268134
2023-04-01 03:00:00,1.1494312192758325,1.002240843081407,1.7255318358961966,1.0,1.0360012407236658
2023-04-01 04:00:00,1.1494312192758325,1.002240843081407,1.7232418748678286,1.0,1.0346259526086246
2023-04-01 05:00:00,1.1494312192758325,1.002240843081407,1.7251511827437238,1.0,1.035772630825915
2023-04-01 06:00:00,1.1494312192758325,1.002240843081407,1.7248611612942208,1.0,1.0355984518562
2023-04-01 07:00:00,1.1494312192758325,1.002240843081407,1.7197857859279178,1.0,1.0325503198861874
2023-04-01 08:00:00,1.1494312192758325,1.002240843081407,1.7162330231715053,1.0,1.0304166275071787
2023-04-01 09:00:00,1.1494312192758325,1.002240843081407,1.7168553608652308,1.0,1.0307903865463588
2023-04-01 10:00:00,1.1494312192758325,1.002240843081407,1.7159611280625964,1.0,1.0302533347230707
2023-04-01 11:00:00,1.1494312192758325,1.002240843081407,1.718577363221655,1.0,1.0318245741790415
2023-04-01 12:00:00,1.1494312192758325,1.002240843081407,1.7131696716111298,1.0,1.028576862139564
2023-04-01 13:00:00,1.1494312192758325,1.002240843081407,1.716051759765566,1.0,1.0303077656511066
2023-04-01 14:00:00,1.1494312192758325,1.002240843081407,1.7157134014078126,1.0,1.030104556853106
2023-04-01 15:00:00,1.1494312192758325,1.002240843081407,1.7092120872481196,1.0,1.0262000449486612
2023-04-01 16:00:00,1.1494312192758325,1.002240843081407,1.714486852360956,1.0,1.029367924960353
2023-04-01 17:00:00,1.1494312192758325,1.002240843081407,1.709973393553065,1.0,1.0266572647441632
2023-04-01 18:00:00,1.1494312192758325,1.002240843081407,1.7125533760309357,1.0,1.0282067318289196
2023-04-01 19:00:00,1.1494312192758325,1.002240843081407,1.7132482190870368,1.0,1.0286240356105285
2023-04-01 20:00:00,1.1494312192758325,1.002240843081407,1.713350935017069,1.0,1.0286857239956357
2023-04-01 21:00:00,1.1494312192758325,1.002240843081407,1.7173810247424548,1.0,1.0311060859289671
2023-04-01 22:00:00,1.1494312192758325,1.002240843081407,1.719175532461255,1.0,1.0321838183040788
2023-04-01 23:00:00,1.1494312192758325,1.002240843081407,1.7215621673061237,1.0,1.0336171660756917
2023-04-02 00:00:00,1.1494312192758325,1.002240843081407,1.717900646506148,1.0,1.0314181565830398
2023-04-02 01:00:00,1.1494312192758325,1.002240843081407,1.7121787649919942,1.0,1.0279817506597042
2023-04-02 02:00:00,1.1494312192758325,1.002240843081407,1.7136651249206973,1.0,1.0274339896475593
2023-04-02 03:00:00,1.1494312192758325,1.002240843081407,1.7147527053563336,1.0,1.0267817366183265
2023-04-02 04:00:00,1.1494312192758325,1.002240843081407,1.7190667744176913,1.0,1.024194466269036
2023-04-02 05:00:00,1.1494312192758325,1.002240843081407,1.7134476088335702,1.0,1.0275644402534059
2023-04-02 06:00:00,1.1494312192758325,1.002240843081407,1.7185229841998733,1.0,1.0245205927836525
2023-04-02 07:00:00,1.1494312192758325,1.002240843081407,1.7179852360955863,1.0,1.0248430956703287
2023-04-02 08:00:00,1.1494312192758325,1.002240843081407,1.715338790368871,1.0,1.0264302447081286
2023-04-02 09:00:00,1.1494312192758325,1.002240843081407,1.7134536509471012,1.0,1.0275608166254657
2023-04-02 10:00:00,1.1494312192758325,1.002240843081407,1.7152239902117763,1.0,1.0264990936389922
2023-04-02 11:00:00,1.1494312192758325,1.002240843081407,1.7125473339174042,1.0,1.028104360816493
2023-04-02 12:00:00,1.1494312192758325,1.002240843081407,1.7119310383372106,1.0,1.0284739708663915
2023-04-02 13:00:00,1.1494312192758325,1.002240843081407,1.706505220386091,1.0,1.0317279887566755
2023-04-02 14:00:00,1.1494312192758325,1.002240843081407,1.7075202954593518,1.0,1.0311192192627248
2023-04-02 15:00:00,1.1494312192758325,1.002240843081407,1.7066864837920304,1.0,1.03161927991847
2023-04-02 16:00:00,1.1494312192758325,1.002240843081407,1.697744155765687,1.0,1.03698224926994
2023-04-02 17:00:00,1.1494312192758325,1.002240843081407,1.697840829582188,1.0,1.0369242712228972
2023-04-02 18:00:00,1.1494312192758325,1.002240843081407,1.7018830035346364,1.0,1.0345000641309152
2023-04-02 19:00:00,1.1494312192758325,1.002240843081407,1.6998770218422405,1.0,1.0357031086070556
2023-04-02 20:00:00,1.1494312192758325,1.002240843081407,1.6870858674964504,1.0,1.0433743289564221
2023-04-02 21:00:00,1.1494312192758325,1.002240843081407,1.6936355185643939,1.0,1.0394463162692642
2023-04-02 22:00:00,1.1494312192758325,1.002240843081407,1.6910434518594606,1.0,1.0410008526556025
2023-04-02 23:00:00,1.1494312192758325,1.002240843081407,1.6967351228059577,1.0,1.0375873951359507
2023-04-03 00:00:00,1.1494312192758325,1.002240843081407,1.7008377178937193,1.0,1.0351269517645667
2023-04-03 01:00:00,1.1494312192758325,1.002240843081407,1.6971761970937436,1.0,1.0373228702963173
2023-04-03 02:00:00,1.1494312192758325,1.002240843081407,1.672766058427238,1.0,1.0505239075702626
2023-04-03 03:00:00,1.1494312192758325,1.002240843081407,1.6733763118939005,1.0,1.0501405505684116
2023-04-03 04:00:00,1.1494312192758325,1.002240843081407,1.6752674934292016,1.0,1.0489525234240609
2023-04-03 05:00:00,1.1494312192758325,1.002240843081407,1.6725243738859854,1.0,1.0506757321254512
2023-04-03 06:00:00,1.1494312192758325,1.002240843081407,1.6709111295731247,1.0,1.051689161031335
2023-04-03 07:00:00,1.1494312192758325,1.002240843081407,1.6768324008338118,1.0,1.0479694594292148
2023-04-03 08:00:00,1.1494312192758325,1.002240843081407,1.6878592580284584,1.0,1.0410424640987361
2023-04-03 09:00:00,1.1494312192758325,1.002240843081407,1.710801163106855,1.0,1.0266305181974604
2023-04-03 10:00:00,1.1494312192758325,1.002240843081407,1.7103298782514125,1.0,1.026926576080078
2023-04-03 11:00:00,1.1494312192758325,1.002240843081407,1.7086924654844264,1.0,1.0279551874414807
2023-04-03 12:00:00,1.1494312192758325,1.002240843081407,1.7057922509893961,1.0,1.0297770821037437
2023-04-03 13:00:00,1.1494312192758325,1.002240843081407,1.700154959064681,1.0,1.0333183898535172
2023-04-03 14:00:00,1.1494312192758325,1.002240843081407,1.7060701882118368,1.0,1.0296024838652769
2023-04-03 15:00:00,1.1494312192758325,1.002240843081407,1.690046503126794,1.0,1.0396684518742794
2023-04-03 16:00:00,1.1494312192758325,1.002240843081407,1.6931521494818889,1.0,1.0377175063401063
2023-04-03 17:00:00,1.1494312192758325,1.002240843081407,1.6860949608773148,1.0,1.0421507833516126
2023-04-03 18:00:00,1.1494312192758325,1.002240843081407,1.6894845865683819,1.0,1.0400214439650928
2023-04-03 19:00:00,1.1494312192758325,1.002240843081407,1.699617210960394,1.0,1.0336561994888118
2023-04-03 20:00:00,1.1494312192758325,1.002240843081407,1.6954300262831938,1.0,1.036286559907454
2023-04-03 21:00:00,1.1494312192758325,1.002240843081407,1.6650684057883447,1.0,1.0553595196530188
2023-04-03 22:00:00,1.1494312192758325,1.002240843081407,1.6729110691519893,1.0,1.0504328128371496
2023-04-03 23:00:00,1.1494312192758325,1.002240843081407,1.6783852240113593,1.0,1.0469939866621283
2023-04-04 00:00:00,1.1494312192758325,1.002240843081407,1.6781677079242319,1.0,1.047130628761798
2023-04-04 01:00:00,1.1494312192758325,1.002240843081407,1.6759562943717714,1.0,1.0485198234417734
2023-04-04 02:00:00,1.1494312192758325,1.002240843081407,1.6790015195915533,1.0,1.0451361024951649
2023-04-04 03:00:00,1.1494312192758325,1.002240843081407,1.6814244071176099,1.0,1.0436274886069596
2023-04-04 04:00:00,1.1494312192758325,1.002240843081407,1.681641923204737,1.0,1.043492051948667
2023-04-04 05:00:00,1.1494312192758325,1.002240843081407,1.6788685930938643,1.0,1.0452188693418993
2023-04-04 06:00:00,1.1494312192758325,1.002240843081407,1.6835391468535694,1.0,1.0423107433180023
2023-04-04 07:00:00,1.1494312192758325,1.002240843081407,1.6949043624059696,1.0,1.0352341779222067
2023-04-04 08:00:00,1.1494312192758325,1.002240843081407,1.6918893477538444,1.0,1.03711148049132
2023-04-04 09:00:00,1.1494312192758325,1.002240843081407,1.6964028065617354,1.0,1.0343011698317455
2023-04-04 10:00:00,1.1494312192758325,1.002240843081407,1.7020340563729193,1.0,1.0307948652337224
2023-04-04 11:00:00,1.1494312192758325,1.002240843081407,1.7034781215069033,1.0,1.0298957163078344
2023-04-04 12:00:00,1.1494312192758325,1.002240843081407,1.7076894746382285,1.0,1.027273512118111
2023-04-04 13:00:00,1.1494312192758325,1.002240843081407,1.7063722938884023,1.0,1.0280936563266614
2023-04-04 14:00:00,1.1494312192758325,1.002240843081407,1.6971399444125554,1.0,1.033842190045309
2023-04-04 15:00:00,1.1494312192758325,1.002240843081407,1.6978347874686566,1.0,1.0334095451646517
2023-04-04 16:00:00,1.1494312192758325,1.002240843081407,1.6917987160508747,1.0,1.0371679124322752
2023-04-04 17:00:00,1.1494312192758325,1.002240843081407,1.6962940485181717,1.0,1.034368888160892
2023-04-04 18:00:00,1.1494312192758325,1.002240843081407,1.7041125434276911,1.0,1.0295006927211472
2023-04-04 19:00:00,1.1494312192758325,1.002240843081407,1.697303081477901,1.0,1.0337406125515896
2023-04-04 20:00:00,1.1494312192758325,1.002240843081407,1.7014238029062567,1.0,1.0311748403028214
2023-04-04 21:00:00,1.1494312192758325,1.002240843081407,1.7053753451557356,1.0,1.02871440767717
2023-04-04 22:00:00,1.1494312192758325,1.002240843081407,1.7041185855412224,1.0,1.0294969305917503
2023-04-04 23:00:00,1.1494312192758325,1.002240843081407,1.7018286245128547,1.0,1.030922777633221
2023-04-05 00:00:00,1.1494312192758325,1.002240843081407,1.7004631068547778,1.0,1.0317730188769478
2023-04-05 01:00:00,1.1494312192758325,1.002240843081407,1.7307099271925321,1.0,1.0129397991154625
2023-04-05 02:00:00,1.1494312192758325,1.00153927449125,1.7249276245430651,1.0,1.0150769804169313
2023-04-05 03:00:00,1.1494312192758325,1.0015919131909916,1.7248369928400955,1.0,1.0150236302051645
2023-04-05 04:00:00,1.1494312192758325,1.0023779844404672,1.7234835594090814,1.0,1.0142269337094474
2023-04-05 05:00:00,1.1494312192758325,1.003781683100245,1.721066713996556,1.0,1.0128042613956667
2023-04-05 06:00:00,1.1494312192758325,1.0011322018799145,1.7256285097126975,1.0,1.0154895553879275
2023-04-05 07:00:00,1.1494312192758325,1.0029429731510278,1.7225107791305398,1.0,1.0136543081031506
2023-04-05 08:00:00,1.1494312192758325,1.0030938707569539,1.7222509682486935,1.0,1.0135013708294194
2023-04-05 09:00:00,1.1494312192758325,1.002588539239434,1.7231210325972024,1.0,1.0140135328623803
2023-04-05 10:00:00,1.1494312192758325,1.0036834241940606,1.721235893175433,1.0,1.0129038484576314
2023-04-05 11:00:00,1.1494312192758325,1.003655350220865,1.7212842300836835,1.0,1.012932301903907
2023-04-05 12:00:00,1.1494312192758325,1.0021042632018105,1.7239548442645238,1.0,1.0145043548106347
2023-04-05 13:00:00,1.1494312192758325,1.0016656073706298,1.724710108455938,1.0,1.014948939908691
2023-04-05 14:00:00,1.1494312192758325,1.007459373588863,1.7147345790157398,1.0,1.0090768599335616
2023-04-05 15:00:00,1.1494312192758325,1.017937984084105,1.6966928280112386,1.0,0.9984566111111893
2023-04-05 16:00:00,1.1494312192758325,1.0206646687307235,1.691998105797408,1.0,0.9956930701416704
2023-04-05 17:00:00,1.1494312192758325,1.0235387417366189,1.6870496148152623,1.0,0.9927801485792046
2023-04-05 18:00:00,1.1494312192758325,1.0209769916825242,1.691460357693121,1.0,0.9953765255518542
2023-04-05 19:00:00,1.1494312192758325,1.0205839560577863,1.6921370744086282,1.0,0.9957748737997127
2023-04-05 20:00:00,1.1494312192758325,1.013147862407613,1.704940312981481,1.0,1.0033114803819656
2023-04-05 21:00:00,1.1494312192758325,1.0163974248049987,1.6993453158514849,1.0,1.0000179939755633
2023-04-05 22:00:00,1.1494312192758325,1.015327104576918,1.7011881604785353,1.0,1.0011027816148212
2023-04-05 23:00:00,1.1494312192758325,1.0155657333490804,1.700777296758406,1.0,1.0008609273214786
2023-04-06 00:00:00,1.1494312192758325,1.0157868158879955,1.7003966436059335,1.0,1.000636856432058
2023-04-06 01:00:00,1.1494312192758325,1.0218086831384425,1.6900283767861999,1.0,0.9945335922059393
2023-04-06 02:00:00,1.1494312192758325,1.01814305524235,1.693925540013897,1.0,0.9954320836579026
2023-04-06 03:00:00,1.1494312192758325,1.01743104847545,1.6927412857617594,1.0,0.9961282082112297
2023-04-06 04:00:00,1.1494312192758325,1.0207040999906378,1.6981852300534728,1.0,0.9929281662594557
2023-04-06 05:00:00,1.1494312192758325,1.0184409356244204,1.6944209933234646,1.0,0.9951408478753883
2023-04-06 06:00:00,1.1494312192758325,1.0172748429092424,1.692481474879913,1.0,0.9962809294142555
2023-04-06 07:00:00,1.1494312192758325,1.0183864453106268,1.6943303616204948,1.0,0.9951941227136532
2023-04-06 08:00:00,1.1494312192758325,1.012686758487842,1.6848502854898644,1.0,1.0007666707961538
2023-04-06 09:00:00,1.1494312192758325,1.0142597122126769,1.687466520648923,1.0,0.9992288037982426
2023-04-06 10:00:00,1.1494312192758325,1.0125123894837034,1.6845602640403614,1.0,1.0009371502786013
2023-04-06 11:00:00,1.1494312192758325,1.0104381248719694,1.6811102172139816,1.0,1.0029651457885491
2023-04-06 12:00:00,1.1494312192758325,1.0140780778333656,1.6871644149723575,1.0,0.9994063865924588
2023-04-06 13:00:00,1.1494312192758325,1.0126141047361175,1.6847294432192381,1.0,1.0008377039138403
2023-04-06 14:00:00,1.1494312192758325,1.0119711190333558,1.6836599891241957,1.0,1.0014663470053653
2023-04-06 15:00:00,1.1494312192758325,1.0140926085837105,1.6871885834264828,1.0,0.9993921799689215
2023-04-06 16:00:00,1.1494312192758325,1.0193200460202865,1.6958831847980425,1.0,0.9942813471513824
2023-04-06 17:00:00,1.1494312192758325,1.018291995433385,1.6941732666686808,1.0,0.9952864657666455
2023-04-06 18:00:00,1.1494312192758325,1.017445579225795,1.6927654542158848,1.0,0.9961140015876924
2023-04-06 19:00:00,1.1494312192758325,1.0146447770968166,1.6881069846832422,1.0,0.9988523282745047
2023-04-06 20:00:00,1.1494312192758325,1.0166209591437223,1.6913938944442768,1.0,0.9969202274734335
2023-04-06 21:00:00,1.1494312192758325,1.0151678841092329,1.6889770490317513,1.0,0.9983408898271622
2023-04-06 22:00:00,1.1494312192758325,1.0154730298664756,1.6894845865683819,1.0,0.9980425507328792
2023-04-06 23:00:00,1.1494312192758325,1.0162358942595826,1.6907534304099576,1.0,0.9972967029971715
2023-04-07 00:00:00,1.1494312192758325,1.0172712102216563,1.6924754327663818,1.0,0.9962844810701398
2023-04-07 01:00:00,1.1494312192758325,1.0195707014637359,1.6963000906317032,1.0,0.9940362828953642
2023-04-07 02:00:00,1.1494312192758325,1.0172265677606405,1.6935871816561434,1.0,0.9942373713728462
2023-04-07 03:00:00,1.1494312192758325,1.0172265677606405,1.6910313676323978,1.0,0.9957382183663747
2023-04-07 04:00:00,1.1494312192758325,1.0172265677606405,1.6924331379716626,1.0,0.9949150587859996
2023-04-07 05:00:00,1.1494312192758325,1.0172265677606405,1.6916960001208423,1.0,0.9953479271860245
2023-04-07 06:00:00,1.1494312192758325,1.0172265677606405,1.688892459442313,1.0,0.9969942463467745
2023-04-07 07:00:00,1.1494312192758325,1.0172265677606405,1.6880767741155855,1.0,0.9974732400681133
2023-04-07 08:00:00,1.1494312192758325,1.0172265677606405,1.6803428687955047,1.0,1.0020148101667339
2023-04-07 09:00:00,1.1494312192758325,1.0172265677606405,1.6790861091809914,1.0,1.0027528153077596
2023-04-07 10:00:00,1.1494312192758325,1.0172265677606405,1.6826147034832786,1.0,1.000680723950264
2023-04-07 11:00:00,1.1494312192758325,1.0172265677606405,1.6861432977855655,1.0,0.9986086325927686
2023-04-07 12:00:00,1.1494312192758325,1.0172265677606405,1.6808141536509473,1.0,1.001738058238849
2023-04-07 13:00:00,1.1494312192758325,1.0172265677606405,1.6836056101024137,1.0,1.0000988352813782
2023-04-07 14:00:00,1.1494312192758325,1.0172265677606405,1.6840406422766685,1.0,0.999843371963331
2023-04-07 15:00:00,1.1494312192758325,1.0172265677606405,1.6850496752363977,1.0,0.9992508389895265
2023-04-07 16:00:00,1.1494312192758325,1.0172265677606405,1.6868743935228545,1.0,0.9981793122943832
2023-04-07 17:00:00,1.1494312192758325,1.0172265677606405,1.6832249569499411,1.0,1.0003223656846698
2023-04-07 18:00:00,1.1494312192758325,1.0172265677606405,1.6851040542581797,1.0,0.9992189060747705
2023-04-07 19:00:00,1.1494312192758325,1.0172265677606405,1.6837083260324461,1.0,1.000038517553506
2023-04-07 20:00:00,1.1494312192758325,1.0172265677606405,1.6842219056826078,1.0,0.9997369289141446
2023-04-07 21:00:00,1.1494312192758325,1.0172265677606405,1.6821857134225553,1.0,1.000932639166672
2023-04-07 22:00:00,1.1494312192758325,1.0172265677606405,1.683913757892511,1.0,0.9999178820977613
2023-04-07 23:00:00,1.1494312192758325,1.0172265677606405,1.6876900788495817,1.0,0.9977003185730443
2023-04-08 00:00:00,1.1494312192758325,1.0172265677606405,1.6844877586779856,1.0,0.9995808124420044
2023-04-08 01:00:00,1.1494312192758325,1.0172265677606405,1.683279335971723,1.0,1.0002904327699138
2023-04-08 02:00:00,1.1494312192758325,1.016514509163208,1.6845663061538927,1.0,0.9981427522050836
2023-04-08 03:00:00,1.1494312192758325,1.0182906074655866,1.6875088154436424,1.0,0.9963987538344334
2023-04-08 04:00:00,1.1494312192758325,1.020668463919695,1.6914482734660585,1.0,0.9940638730589427
2023-04-08 05:00:00,1.1494312192758325,1.019260714546557,1.6891160176429716,1.0,0.995446179775721
2023-04-08 06:00:00,1.1494312192758325,1.0252637079874507,1.6990613365155134,1.0,0.9895516801492523
2023-04-08 07:00:00,1.1494312192758325,1.024100308894106,1.6971339022990242,1.0,0.9906940527986104
2023-04-08 08:00:00,1.1494312192758325,1.0231447898895412,1.69555086855382,1.0,0.9916323024353875
2023-04-08 09:00:00,1.1494312192758325,1.0208945791039814,1.6918228845049998,1.0,0.9938418445189422
2023-04-08 10:00:00,1.1494312192758325,1.0211790465938901,1.6922941693604425,1.0,0.9935625182911993
2023-04-08 11:00:00,1.1494312192758325,1.020416819601699,1.6910313676323978,1.0,0.9943109693373307
2023-04-08 12:00:00,1.1494312192758325,1.0203694083533807,1.690952820156491,1.0,0.9943575237086211
2023-04-08 13:00:00,1.1494312192758325,1.0196327104948992,1.6897323132231656,1.0,0.9950809070163651
2023-04-08 14:00:00,1.1494312192758325,1.0207669334354326,1.691611410531404,1.0,0.9939671832108781
2023-04-08 15:00:00,1.1494312192758325,1.020825285741055,1.691708084347905,1.0,0.9939098855231359
2023-04-08 16:00:00,1.1494312192758325,1.0206101116140727,1.6913515996495574,1.0,0.9941211707466849
2023-04-08 17:00:00,1.1494312192758325,1.0201177640353847,1.6905359143228302,1.0,0.9946046199870089
2023-04-08 18:00:00,1.1494312192758325,1.017758142676783,1.6866266668680705,1.0,0.9969215952350802
2023-04-08 19:00:00,1.1494312192758325,1.0165218032014107,1.6845783903809555,1.0,0.9981355899941159
2023-04-08 20:00:00,1.1494312192758325,1.0171417964486476,1.6856055496812787,1.0,0.9975268020618561
2023-04-08 21:00:00,1.1494312192758325,1.0166421548317568,1.6847777801274886,1.0,0.9980174135131478
2023-04-08 22:00:00,1.1494312192758325,1.017517439416091,1.6862278873750038,1.0,0.9971579481970163
2023-04-08 23:00:00,1.1494312192758325,1.017656026141944,1.6864574876891938,1.0,0.9970218661886288
2023-04-09 00:00:00,1.1494312192758325,1.0177143784475664,1.686554161505695,1.0,0.9969645685008867
2023-04-09 01:00:00,1.1494312192758325,1.0212228108231067,1.692366674722818,1.0,0.9935195450253929
2023-04-09 02:00:00,1.1494312192758325,1.0213919019071045,1.6950191625630646,1.0,0.990550042900585
2023-04-09 03:00:00,1.1494312192758325,1.0198185885741464,1.6924089695175373,1.0,0.9890242371970662
2023-04-09 04:00:00,1.1494312192758325,1.0194580376020101,1.6918108002779373,1.0,0.98867457339001
2023-04-09 05:00:00,1.1494312192758325,1.0199314883735022,1.692596275037008,1.0,0.9891337278841243
2023-04-09 06:00:00,1.1494312192758325,1.018580332710244,1.6903546509168907,1.0,0.9878233715970747
2023-04-09 07:00:00,1.1494312192758325,1.0141262535292077,1.6829651460680948,1.0,0.9835037873947519
2023-04-09 08:00:00,1.1494312192758325,1.0149529714148129,1.6843367058397027,1.0,0.9843055417806287
2023-04-09 09:00:00,1.1494312192758325,1.0143156338378045,1.683279335971723,1.0,0.9836874491923977
2023-04-09 10:00:00,1.1494312192758325,1.0149638972018473,1.6843548321802968,1.0,0.9843161376535697
2023-04-09 11:00:00,1.1494312192758325,1.0147927265383079,1.684070852844325,1.0,0.9841501356441591
2023-04-09 12:00:00,1.1494312192758325,1.0160856113373824,1.6862158031479413,1.0,0.9854039806088563
2023-04-09 13:00:00,1.1494312192758325,1.0159326503189003,1.685962034379626,1.0,0.9852556383876808
2023-04-09 14:00:00,1.1494312192758325,1.0152552515227655,1.6848382012628018,1.0,0.9845986942653325
2023-04-09 15:00:00,1.1494312192758325,1.0137875541311403,1.6824032295096827,1.0,0.9831753153335777
2023-04-09 16:00:00,1.1494312192758325,1.0144212497791372,1.683454557264131,1.0,0.9837898759641616
2023-04-09 17:00:00,1.1494312192758325,1.0148291458284227,1.6841312739796381,1.0,0.9841854552206295
2023-04-09 18:00:00,1.1494312192758325,1.0150950066462605,1.684572348267424,1.0,0.984443288128863
2023-04-09 19:00:00,1.1494312192758325,1.01955636968532,1.6919739373432827,1.0,0.9887699362464798
2023-04-09 20:00:00,1.1494312192758325,1.0238465620608401,1.6990915470831698,1.0,0.9929305823546861
2023-04-09 21:00:00,1.1494312192758325,1.0228486735116953,1.69743600797559,1.0,0.9919628259593987
2023-04-09 22:00:00,1.1494312192758325,1.0344372916262157,1.7166620132322288,1.0,1.0032015151922613
2023-04-09 23:00:00,1.1494312192758325,1.032324972799559,1.713157587384067,1.0,1.0011529797569816
2023-04-10 00:00:00,1.1494312192758325,1.0302927764111547,1.7097860880335942,1.0,0.9991821473899365
2023-04-10 01:00:00,1.1494312192758325,1.0324305887408916,1.713332808676475,1.0,1.0012554065287456
2023-04-10 02:00:00,1.1494312192758325,1.028963294231637,1.708777055073865,1.0,0.9971942851689448
2023-04-10 03:00:00,1.1494312192758325,1.028963294231637,1.7080217908824509,1.0,0.9967534060684454
2023-04-10 04:00:00,1.1494312192758325,1.028963294231637,1.707393411075194,1.0,0.9963865946568298
2023-04-10 05:00:00,1.1494312192758325,1.028963294231637,1.704898018186762,1.0,0.9949299301087796
2023-04-10 06:00:00,1.1494312192758325,1.028963294231637,1.7075082112322892,1.0,0.9964536082801058
2023-04-10 07:00:00,1.1494312192758325,1.028963294231637,1.7063118727530893,1.0,0.9957552557849146
2023-04-10 08:00:00,1.1494312192758325,1.028963294231637,1.7079069907253557,1.0,0.9966863924451694
2023-04-10 09:00:00,1.1494312192758325,1.028963294231637,1.7082695175372347,1.0,0.9968980144134092
2023-04-10 10:00:00,1.1494312192758325,1.028963294231637,1.7090429080692426,1.0,0.9973494746123206
2023-04-10 11:00:00,1.1494312192758325,1.028963294231637,1.710402383613788,1.0,0.9981430569932195
2023-04-10 12:00:00,1.1494312192758325,1.028963294231637,1.708873728890366,1.0,0.9972507176938087
2023-04-10 13:00:00,1.1494312192758325,1.028963294231637,1.7071758949880669,1.0,0.996259621475886
2023-04-10 14:00:00,1.1494312192758325,1.028963294231637,1.7036412585722487,1.0,0.9941963072855486
2023-04-10 15:00:00,1.1494312192758325,1.028963294231637,1.7086864233708952,1.0,0.9971413796768849
2023-04-10 16:00:00,1.1494312192758325,1.028963294231637,1.716933908341138,1.0,1.0019557794543388
2023-04-10 17:00:00,1.1494312192758325,1.028963294231637,1.7535128636597082,1.0,1.0233084360497275
2023-04-10 18:00:00,1.1494312192758325,1.028963294231637,1.7608117368055347,1.0,1.0275690916769542
2023-04-10 19:00:00,1.1494312192758325,1.028963294231637,1.767512440711761,1.0,1.0314805710565853
2023-04-10 20:00:00,1.1494312192758325,1.028963294231637,1.7614763692939792,1.0,1.0279570652853938
2023-04-10 21:00:00,1.1494312192758325,1.028963294231637,1.7580263224675992,1.0,1.0259431295543122
2023-04-10 22:00:00,1.1494312192758325,1.028963294231637,1.764370541675478,1.0,1.0296465139985076
2023-04-10 23:00:00,1.1494312192758325,1.028963294231637,1.7865571825624604,1.0,1.042597778454779
2023-04-11 00:00:00,1.1494312192758325,1.028963294231637,1.7891613334944563,1.0,1.0441179295933012
2023-04-11 01:00:00,1.1494312192758325,1.028963294231637,1.8071426633636447,1.0,1.0546143792179918
2023-04-11 02:00:00,1.1494312192758325,1.028963294231637,1.8235349173740976,1.0,1.062693395532908
2023-04-11 03:00:00,1.1494312192758325,1.028963294231637,1.8164293918612733,1.0,1.0585512292135344
2023-04-11 04:00:00,1.1494312192758325,1.028963294231637,1.8183205733965742,1.0,1.059653693548538
2023-04-11 05:00:00,1.1494312192758325,1.028963294231637,1.8179701308117582,1.0,1.0594494030327863
2023-04-11 06:00:00,1.1494312192758325,1.028963294231637,1.8041759856197699,1.0,1.0514081056627778
2023-04-11 07:00:00,1.1494312192758325,1.028963294231637,1.8132029032355519,1.0,1.0566703475685126
2023-04-11 08:00:00,1.1494312192758325,1.028963294231637,1.8176921935893176,1.0,1.0592873795202937
2023-04-11 09:00:00,1.1494312192758325,1.028963294231637,1.8174384248210025,1.0,1.0591394450088876
2023-04-11 10:00:00,1.1494312192758325,1.028963294231637,1.8145865472342226,1.0,1.0574769428807036
2023-04-11 11:00:00,1.1494312192758325,1.028963294231637,1.8188341530467358,1.0,1.0599530848216219
2023-04-11 12:00:00,1.1494312192758325,1.028963294231637,1.8146590525965982,1.0,1.0575192098839625
2023-04-11 13:00:00,1.1494312192758325,1.028963294231637,1.817275287755657,1.0,1.0590443442515551
2023-04-11 14:00:00,1.1494312192758325,1.028963294231637,1.8260423944895925,1.0,1.0641551293956122
2023-04-11 15:00:00,1.1494312192758325,1.028963294231637,1.8148221896619439,1.0,1.0576143106412952
2023-04-11 16:00:00,1.1494312192758325,1.028963294231637,1.8227796531826834,1.0,1.062253114248961
2023-04-11 17:00:00,1.1494312192758325,1.028963294231637,1.8188462372737986,1.0,1.059960129322165
2023-04-11 18:00:00,1.1494312192758325,1.028963294231637,1.823661801758255,1.0,1.0627673627886112
2023-04-11 19:00:00,1.1494312192758325,1.028963294231637,1.8252146249358026,1.0,1.0636725811084062
2023-04-11 20:00:00,1.1494312192758325,1.028963294231637,1.8193054379021782,1.0,1.0602278203428046
2023-04-11 21:00:00,1.1494312192758325,1.028963294231637,1.8209065979879762,1.0,1.0611612166647724
2023-04-11 22:00:00,1.1494312192758325,1.028963294231637,1.8224533790519923,1.0,1.062062912734296
2023-04-11 23:00:00,1.1494312192758325,1.028963294231637,1.827093722244041,1.0,1.0647680009428666
2023-04-12 00:00:00,1.1494312192758325,1.028963294231637,1.8231180115404368,1.0,1.0624503602641693
2023-04-12 01:00:00,1.1494312192758325,1.028963294231637,1.8248037612156733,1.0,1.063433068089939
2023-04-12 02:00:00,1.1494312192758325,1.028963294231637,1.8214322618652006,1.0,1.0599815971243718
2023-04-12 03:00:00,1.1494312192758325,1.028963294231637,1.8064659466481376,1.0,1.051269204708627
2023-04-12 04:00:00,1.1494312192758325,1.028963294231637,1.8067861786652972,1.0,1.051455622471257
2023-04-12 05:00:00,1.1494312192758325,1.028963294231637,1.8096440983656084,1.0,1.0531193130698226
2023-04-12 06:00:00,1.1494312192758325,1.028963294231637,1.806381357058699,1.0,1.0512199622807623
2023-04-12 07:00:00,1.1494312192758325,1.028963294231637,1.8071607897042385,1.0,1.0516736960803712
2023-04-12 08:00:00,1.1494312192758325,1.028963294231637,1.810695426120057,1.0,1.0537313261018533
2023-04-12 09:00:00,1.1494312192758325,1.028963294231637,1.8059342406573822,1.0,1.0509596808763357
2023-04-12 10:00:00,1.1494312192758325,1.028963294231637,1.8117044590797862,1.0,1.0543187179199516
2023-04-12 11:00:00,1.1494312192758325,1.028963294231637,1.8107075103471195,1.0,1.0537383607344053
2023-04-12 12:00:00,1.1494312192758325,1.028963294231637,1.8121576175946348,1.0,1.0545825166406544
2023-04-12 13:00:00,1.1494312192758325,1.028963294231637,1.8199459019364974,1.0,1.0591163373204664
2023-04-12 14:00:00,1.1494312192758325,1.028963294231637,1.814326736352376,1.0,1.0558452331837516
2023-04-12 15:00:00,1.1494312192758325,1.028963294231637,1.8123328388870428,1.0,1.0546845188126592
2023-04-12 16:00:00,1.1494312192758325,1.028963294231637,1.8087921603576933,1.0,1.0526233714749014
2023-04-12 17:00:00,1.1494312192758325,1.028963294231637,1.8072332950666143,1.0,1.0517159038756838
2023-04-12 18:00:00,1.1494312192758325,1.028963294231637,1.8124113863629498,1.0,1.0547302439242479
2023-04-12 19:00:00,1.1494312192758325,1.028963294231637,1.8059584091115073,1.0,1.0509737501414398
2023-04-12 20:00:00,1.1494312192758325,1.028963294231637,1.7992154104105618,1.0,1.047048425177382
2023-04-12 21:00:00,1.1494312192758325,1.028963294231637,1.8079946013715598,1.0,1.0521590857264644
2023-04-12 22:00:00,1.1494312192758325,1.028963294231637,1.8079885592580285,1.0,1.0521555684101884
2023-04-12 23:00:00,1.1494312192758325,1.028963294231637,1.8017953928884325,1.0,1.04855031922725
2023-04-13 00:00:00,1.1494312192758325,1.028963294231637,1.8043753753663032,1.0,1.050052213277118
2023-04-13 01:00:00,1.1494312192758325,1.028963294231637,1.8102966466269903,1.0,1.0534991832276348
2023-04-13 02:00:00,1.1494312192758325,1.028963294231637,1.8148886529107884,1.0,1.0546937004498527
2023-04-13 03:00:00,1.1494312192758325,1.028963294231637,1.8183024470559803,1.0,1.0527092039647594
2023-04-13 04:00:00,1.1494312192758325,1.028963294231637,1.8153901483338872,1.0,1.0544021726476178
2023-04-13 05:00:00,1.1494312192758325,1.028963294231637,1.8142723573305943,1.0,1.0550519635321174
2023-04-13 06:00:00,1.1494312192758325,1.028963294231637,1.8174444669345338,1.0,1.0532079623734023
2023-04-13 07:00:00,1.1494312192758325,1.028963294231637,1.81195218573457,1.0,1.0564007186653488
2023-04-13 08:00:00,1.1494312192758325,1.028963294231637,1.8151968007008852,1.0,1.0545145689087203
2023-04-13 09:00:00,1.1494312192758325,1.028963294231637,1.8227494426150268,1.0,1.050124089959399
2023-04-13 10:00:00,1.1494312192758325,1.028963294231637,1.8235711700552852,1.0,1.049646405849713
2023-04-13 11:00:00,1.1494312192758325,1.028963294231637,1.8234744962387843,1.0,1.0497026039802642
2023-04-13 12:00:00,1.1494312192758325,1.028963294231637,1.820942850669164,1.0,1.0511742925240768
2023-04-13 13:00:00,1.1494312192758325,1.028963294231637,1.827577091326546,1.0,1.0473176958149928
2023-04-13 14:00:00,1.1494312192758325,1.028963294231637,1.8218612519259236,1.0,1.0506404102838394
2023-04-13 15:00:00,1.1494312192758325,1.028963294231637,1.8378124316485906,1.0,1.0413677187428727
2023-04-13 16:00:00,1.1494312192758325,1.028963294231637,1.8374680311773057,1.0,1.0415679245829617
2023-04-13 17:00:00,1.1494312192758325,1.028963294231637,1.8308277484063926,1.0,1.0454280336752049
2023-04-13 18:00:00,1.1494312192758325,1.028963294231637,1.8373048941119605,1.0,1.041662758928267
2023-04-13 19:00:00,1.1494312192758325,1.028963294231637,1.837758052626809,1.0,1.0413993301913076
2023-04-13 20:00:00,1.1494312192758325,1.028963294231637,1.831450086100118,1.0,1.045066258209781
2023-04-13 21:00:00,1.1494312192758325,1.028963294231637,1.8260121839219359,1.0,1.0482274030532923
2023-04-13 22:00:00,1.1494312192758325,1.028963294231637,1.8279456602519562,1.0,1.047103440442266
2023-04-13 23:00:00,1.1494312192758325,1.028963294231637,1.8293232621370956,1.0,1.0463026170819099
2023-04-14 00:00:00,1.1494312192758325,1.028963294231637,1.8338488051720494,1.0,1.0436718420954765
2023-04-14 01:00:00,1.1494312192758325,1.028963294231637,1.8567302891151327,1.0,1.0303704470706125
2023-04-14 02:00:00,1.1494312192758325,1.028963294231637,1.8588389867375608,1.0,1.0276680666863791
2023-04-14 03:00:00,1.1494312192758325,1.028963294231637,1.84788463490529,1.0,1.0216099397119383
2023-04-14 04:00:00,1.1494312192758325,1.028963294231637,1.8532923265158152,1.0,1.0246005760286094
2023-04-14 05:00:00,1.1494312192758325,1.028963294231637,1.8542832331349508,1.0,1.0251485808955747
2023-04-14 06:00:00,1.1494312192758325,1.028963294231637,1.8594734086583486,1.0,1.0280189234609607
2023-04-14 07:00:00,1.1494312192758325,1.028963294231637,1.8686695054530076,1.0,1.033104675945847
2023-04-14 08:00:00,1.1494312192758325,1.028963294231637,1.8566396574121629,1.0,1.0264517632011632
2023-04-14 09:00:00,1.1494312192758325,1.028963294231637,1.855600413884777,1.0,1.0258770263894679
2023-04-14 10:00:00,1.1494312192758325,1.028963294231637,1.8590323343705628,1.0,1.0277749944652992
2023-04-14 11:00:00,1.1494312192758325,1.028963294231637,1.8575761850095165,1.0,1.0269696946303075
2023-04-14 12:00:00,1.1494312192758325,1.028963294231637,1.8596607141778196,1.0,1.0281225097467894
2023-04-14 13:00:00,1.1494312192758325,1.028963294231637,1.8485794779613909,1.0,1.0219942114174323
2023-04-14 14:00:00,1.1494312192758325,1.028963294231637,1.8543255279296698,1.0,1.0251719713472134
2023-04-14 15:00:00,1.1494312192758325,1.028963294231637,1.8472562550980334,1.0,1.021262424430448
2023-04-14 16:00:00,1.1494312192758325,1.028963294231637,1.8256315307694633,1.0,1.0093032206568553
2023-04-14 17:00:00,1.1494312192758325,1.028963294231637,1.8199459019364974,1.0,1.0061588756579867
2023-04-14 18:00:00,1.1494312192758325,1.028963294231637,1.8276798072565783,1.0,1.0104359868147899
2023-04-14 19:00:00,1.1494312192758325,1.028963294231637,1.8276979335971724,1.0,1.0104460112940636
2023-04-14 20:00:00,1.1494312192758325,1.028963294231637,1.8307310745898915,1.0,1.0121234408258724
2023-04-14 21:00:00,1.1494312192758325,1.028963294231637,1.8379030633515605,1.0,1.016089793125189
2023-04-14 22:00:00,1.1494312192758325,1.028963294231637,1.8380239056221868,1.0,1.0161566229870143
2023-04-14 23:00:00,1.1494312192758325,1.028963294231637,1.8370813359113018,1.0,1.0156353500647788
2023-04-15 00:00:00,1.1494312192758325,1.028963294231637,1.839304833690825,1.0,1.0168650195223596
2023-04-15 01:00:00,1.1494312192758325,1.028963294231637,1.8337521313555483,1.0,1.0137941873714986
2023-04-15 02:00:00,1.1494312192758325,1.028963294231637,1.8334318993383887,1.0,1.01219801742915
2023-04-15 03:00:00,1.1494312192758325,1.028963294231637,1.8340542370321138,1.0,1.0125417060369075
2023-04-15 04:00:00,1.1494312192758325,1.028963294231637,1.8341086160538957,1.0,1.012571737080304
2023-04-15 05:00:00,1.1494312192758325,1.028963294231637,1.8329666565964775,1.0,1.0119410851689818
2023-04-15 06:00:00,1.1494312192758325,1.028963294231637,1.8367067248723605,1.0,1.0140065535981269
2023-04-15 07:00:00,1.1494312192758325,1.028963294231637,1.8346826168393704,1.0,1.0128887314272648
2023-04-15 08:00:00,1.1494312192758325,1.028963294231637,1.837105504365427,1.0,1.0142267812496997
2023-04-15 09:00:00,1.1494312192758325,1.028963294231637,1.834362384822211,1.0,1.0127118819494867
2023-04-15 10:00:00,1.1494312192758325,1.028963294231637,1.8387731277000696,1.0,1.015147733247186
2023-04-15 11:00:00,1.1494312192758325,1.028963294231637,1.836102513519229,1.0,1.013672875338168
2023-04-15 12:00:00,1.1494312192758325,1.028963294231637,1.834344258481617,1.0,1.012701871601688
2023-04-15 13:00:00,1.1494312192758325,1.028963294231637,1.8365496299205464,1.0,1.0139197972505376
2023-04-15 14:00:00,1.1494312192758325,1.028963294231637,1.8312929911483038,1.0,1.0110167963888959
2023-04-15 15:00:00,1.1494312192758325,1.028963294231637,1.8332204253647926,1.0,1.0120812300381645
2023-04-15 16:00:00,1.1494312192758325,1.028963294231637,1.8312627805806472,1.0,1.011000112475898
2023-04-15 17:00:00,1.1494312192758325,1.028963294231637,1.8304350110268572,1.0,1.0105429732597544
2023-04-15 18:00:00,1.1494312192758325,1.028963294231637,1.8261088577384368,1.0,1.008153836918449
2023-04-15 19:00:00,1.1494312192758325,1.028963294231637,1.8293232621370956,1.0,1.00992900526143
2023-04-15 20:00:00,1.1494312192758325,1.028963294231637,1.8312023594453342,1.0,1.010966744649902
2023-04-15 21:00:00,1.1494312192758325,1.028963294231637,1.8281390078849582,1.0,1.0092749958719107
2023-04-15 22:00:00,1.1494312192758325,1.028963294231637,1.8271541433793543,1.0,1.008731100308178
2023-04-15 23:00:00,1.1494312192758325,1.028963294231637,1.8321207607020935,1.0,1.0114739356050393
2023-04-16 00:00:00,1.1494312192758325,1.028963294231637,1.8288761457357785,1.0,1.0096820833490605
2023-04-16 01:00:00,1.1494312192758325,1.028963294231637,1.8282538080420532,1.0,1.0093383947413028
2023-04-16 02:00:00,1.1494312192758325,1.028963294231637,1.8257100782453703,1.0,1.0065225001243425
2023-04-16 03:00:00,1.1494312192758325,1.028963294231637,1.8275650070994836,1.0,1.0054995450471271
2023-04-16 04:00:00,1.1494312192758325,1.028963294231637,1.8269789220869461,1.0,1.0058227588663124
2023-04-16 05:00:00,1.1494312192758325,1.028963294231637,1.8295589045648168,1.0,1.004399951641651
2023-04-16 06:00:00,1.1494312192758325,1.028963294231637,1.8298610102413826,1.0,1.0042333465802153
2023-04-16 07:00:00,1.1494312192758325,1.028963294231637,1.829407851726534,1.0,1.004483254172369
2023-04-16 08:00:00,1.1494312192758325,1.028963294231637,1.8319213709555602,1.0,1.0030971000612237
2023-04-16 09:00:00,1.1494312192758325,1.028963294231637,1.8314380018730552,1.0,1.0033636681595208
2023-04-16 10:00:00,1.1494312192758325,1.028963294231637,1.8281631763390833,1.0,1.0051696670254844
2023-04-16 11:00:00,1.1494312192758325,1.028963294231637,1.8288519772816532,1.0,1.0047898074854107
2023-04-16 12:00:00,1.1494312192758325,1.028963294231637,1.8252327512763964,1.0,1.006785736121411
2023-04-16 13:00:00,1.1494312192758325,1.028963294231637,1.8270453853357904,1.0,1.0057861057527966
2023-04-16 14:00:00,1.1494312192758325,1.028963294231637,1.826495553004441,1.0,1.0060893269646096
2023-04-16 15:00:00,1.1494312192758325,1.028963294231637,1.8303020845291684,1.0,1.0039901031905192
2023-04-16 16:00:00,1.1494312192758325,1.028963294231637,1.8315528020301504,1.0,1.0033003582361752
2023-04-16 17:00:00,1.1494312192758325,1.028963294231637,1.8321751397238755,1.0,1.0029571518096176
2023-04-16 18:00:00,1.1494312192758325,1.028963294231637,1.8295770309054107,1.0,1.004389955337965
2023-04-16 19:00:00,1.1494312192758325,1.028963294231637,1.841365194405003,1.0,0.9978890258407423
2023-04-16 20:00:00,1.1494312192758325,1.028963294231637,1.8304229267997947,1.0,1.0039234611659449
2023-04-16 21:00:00,1.1494312192758325,1.028963294231637,1.8321388870426878,1.0,1.00297714441699
2023-04-16 22:00:00,1.1494312192758325,1.028963294231637,1.8347249116340898,1.0,1.0015510050910998
2023-04-16 23:00:00,1.1494312192758325,1.028963294231637,1.8309485906770189,1.0,1.0036335683590467
2023-04-17 00:00:00,1.1494312192758325,1.028963294231637,1.8292507567747198,1.0,1.0045698888043157
2023-04-17 01:00:00,1.1494312192758325,1.028963294231637,1.801843729796683,1.0,1.0196842999777662
2023-04-17 02:00:00,1.1494312192758325,1.028963294231637,1.807861674873871,1.0,1.0149563908307089
2023-04-17 03:00:00,1.1494312192758325,1.028963294231637,1.8123147125464487,1.0,1.0124556162811134
2023-04-17 04:00:00,1.1494312192758325,1.028963294231637,1.8099099513609862,1.0,1.013806102401519
2023-04-17 05:00:00,1.1494312192758325,1.028963294231637,1.8100368357451437,1.0,1.013734845596171
2023-04-17 06:00:00,1.1494312192758325,1.028963294231637,1.8109612791154348,1.0,1.0132156888714925
2023-04-17 07:00:00,1.1494312192758325,1.028963294231637,1.8052937766230628,1.0,1.0163984928437049
2023-04-17 08:00:00,1.1494312192758325,1.028963294231637,1.8017349717531193,1.0,1.018397076574657
2023-04-17 09:00:00,1.1494312192758325,1.028963294231637,1.8063330201504486,1.0,1.0158148656760924
2023-04-17 10:00:00,1.1494312192758325,1.028963294231637,1.8041336908250507,1.0,1.0170499836354583
2023-04-17 11:00:00,1.1494312192758325,1.028963294231637,1.8047258179511194,1.0,1.0167174518771676
2023-04-17 12:00:00,1.1494312192758325,1.028963294231637,1.7852339596991027,1.0,1.0276638544511092
2023-04-17 13:00:00,1.1494312192758325,1.028963294231637,1.7829319144436724,1.0,1.028956656490995
2023-04-17 14:00:00,1.1494312192758325,1.028963294231637,1.7751375879882785,1.0,1.0333338602480888
2023-04-17 15:00:00,1.1494312192758325,1.028963294231637,1.777197948702456,1.0,1.032176785456485
2023-04-17 16:00:00,1.1494312192758325,1.028963294231637,1.772448847466844,1.0,1.034843825885226
2023-04-17 17:00:00,1.1494312192758325,1.028963294231637,1.7787447297664725,1.0,1.0313081310674803
2023-04-17 18:00:00,1.1494312192758325,1.028963294231637,1.7787024349717533,1.0,1.0313318833359297
2023-04-17 19:00:00,1.1494312192758325,1.028963294231637,1.7824122926799797,1.0,1.0292484700748012
2023-04-17 20:00:00,1.1494312192758325,1.028963294231637,1.7792824778707592,1.0,1.031006137940053
2023-04-17 21:00:00,1.1494312192758325,1.028963294231637,1.7778565390773693,1.0,1.0318069287049165
2023-04-17 22:00:00,1.1494312192758325,1.028963294231637,1.7779894655750583,1.0,1.0317322787183616
2023-04-17 23:00:00,1.1494312192758325,1.028963294231637,1.7812219963143108,1.0,1.02991692677259
2023-04-18 00:00:00,1.1494312192758325,1.028963294231637,1.7768958430258905,1.0,1.0323464445168375
2023-04-18 01:00:00,1.1494312192758325,1.028963294231637,1.7730228482523187,1.0,1.0345214736705561
2023-04-18 02:00:00,1.1494312192758325,1.0282430199256747,1.7733007854747591,1.0,1.0329444388774607
2023-04-18 03:00:00,1.1494312192758325,1.0314917579410856,1.7789018247182864,1.0,1.0296808467096956
2023-04-18 04:00:00,1.1494312192758325,1.0307312658705956,1.7775906860819914,1.0,1.030444815965796
2023-04-18 05:00:00,1.1494312192758325,1.0324379923145062,1.7805331953717412,1.0,1.028730285884133
2023-04-18 06:00:00,1.1494312192758325,1.0341832690477042,1.783542167910335,1.0,1.0269770292503175
2023-04-18 07:00:00,1.1494312192758325,1.04024267360935,1.7939889822059758,1.0,1.0208899193710665
2023-04-18 08:00:00,1.1494312192758325,1.0421281332126844,1.7972396392858223,1.0,1.0189958389112417
2023-04-18 09:00:00,1.1494312192758325,1.0397590427073793,1.7931551705386546,1.0,1.0213757615707983
2023-04-18 10:00:00,1.1494312192758325,1.046691085635624,1.805106471103592,1.0,1.0144120233746396
2023-04-18 11:00:00,1.1494312192758325,1.0467296359249114,1.8051729343524365,1.0,1.0143732968224872
2023-04-18 12:00:00,1.1494312192758325,1.063607653489333,1.8342717531192412,1.0,0.9974181081709701
2023-04-18 13:00:00,1.1494312192758325,1.060846050947646,1.8295105676565664,1.0,1.0001923375433528
2023-04-18 14:00:00,1.1494312192758325,1.0633483151795806,1.833824636717924,1.0,0.9976786322490874
2023-04-18 15:00:00,1.1494312192758325,1.0587257850368332,1.825855088970122,1.0,1.0023222979117432
2023-04-18 16:00:00,1.1494312192758325,1.056612528269527,1.8222116945107398,1.0,1.0044452170888332
2023-04-18 17:00:00,1.1494312192758325,1.0580003386838774,1.82460437146914,1.0,1.0030510612113412
2023-04-18 18:00:00,1.1494312192758325,1.0511208643319339,1.8127437026071722,1.0,1.0099619904727466
2023-04-18 19:00:00,1.1494312192758325,1.055413964729861,1.820145291683031,1.0,1.0056492608012124
2023-04-18 20:00:00,1.1494312192758325,1.0578636603854943,1.8243687290414188,1.0,1.0031883644417003
2023-04-18 21:00:00,1.1494312192758325,1.0652512976416821,1.837105504365427,1.0,0.9957669488110115
2023-04-18 22:00:00,1.1494312192758325,1.063446443188676,1.8339938158968008,1.0,0.9975800555708809
2023-04-18 23:00:00,1.1494312192758325,1.063180095735417,1.8335346152684209,1.0,0.9978476208402984
2023-04-19 00:00:00,1.1494312192758325,1.06347097519095,1.83403611069152,1.0,0.9975554114013292
2023-04-19 01:00:00,1.1494312192758325,1.061392764141178,1.8304531373674513,1.0,0.9996431246219166
2023-04-19 02:00:00,1.1494312192758325,1.0577110075481448,1.8253838041146793,1.0,1.0011507970283249
2023-04-19 03:00:00,1.1494312192758325,1.0577110075481448,1.8234744962387843,1.0,1.000103285359759
2023-04-19 04:00:00,1.1494312192758325,1.0577110075481448,1.8240122443430713,1.0,1.0003983123803362
2023-04-19 05:00:00,1.1494312192758325,1.0577110075481448,1.82340803298994,1.0,1.0000668213459798
2023-04-19 06:00:00,1.1494312192758325,1.0577110075481448,1.8272810277635116,1.0,1.0021916788762038
2023-04-19 07:00:00,1.1494312192758325,1.0577110075481448,1.8113238059273136,1.0,0.9934370006588531
2023-04-19 08:00:00,1.1494312192758325,1.0577110075481448,1.8158433068487358,1.0,0.9959165535958384
2023-04-19 09:00:00,1.1494312192758325,1.0577110075481448,1.7604612942207183,1.0,0.965532085386737
2023-04-19 10:00:00,1.1494312192758325,1.0577110075481448,1.762690834113773,1.0,0.9667552873035118
2023-04-19 11:00:00,1.1494312192758325,1.0577110075481448,1.7660139965559953,1.0,0.9685784879924717
2023-04-19 12:00:00,1.1494312192758325,1.0577110075481448,1.7696392646747834,1.0,0.9705674341986097
2023-04-19 13:00:00,1.1494312192758325,1.0577110075481448,1.7641953203830703,1.0,0.9675806999790592
2023-04-19 14:00:00,1.1494312192758325,1.0577110075481448,1.7707026766562943,1.0,0.9711508584190768
2023-04-19 15:00:00,1.1494312192758325,1.0577110075481448,1.7742675236397691,1.0,0.9731066555217791
2023-04-19 16:00:00,1.1494312192758325,1.0577110075481448,1.7664973656385003,1.0,0.9688436808199568
2023-04-19 17:00:00,1.1494312192758325,1.0577110075481448,1.7694217485876562,1.0,0.9704480974262414
2023-04-19 18:00:00,1.1494312192758325,1.0577110075481448,1.7697480227183469,1.0,0.9706271025847938
2023-04-19 19:00:00,1.1494312192758325,1.0577110075481448,1.767222419262258,1.0,0.9692414700611843
2023-04-19 20:00:00,1.1494312192758325,1.0577110075481448,1.764231573064258,1.0,0.9676005894411205
2023-04-19 21:00:00,1.1494312192758325,1.0577110075481448,1.764986837255672,1.0,0.968014953234066
2023-04-19 22:00:00,1.1494312192758325,1.0577110075481448,1.7614824114075105,1.0,0.9660923052347992
2023-04-19 23:00:00,1.1494312192758325,1.0577110075481448,1.7556215612821366,1.0,0.9628768422015428
2023-04-20 00:00:00,1.1494312192758325,1.0577110075481448,1.7391265913416514,1.0,0.9538271369636149
2023-04-20 01:00:00,1.1494312192758325,1.0577110075481448,1.7461354430379747,1.0,0.9576724329621483
2023-04-20 02:00:00,1.1486266174223394,1.056970609842861,1.746642980574605,1.0,0.9566097330234477
2023-04-20 03:00:00,1.1412736026445076,1.0502043374998524,1.7354650705416756,1.0,0.962733538093649
2023-04-20 04:00:00,1.1458682432300067,1.0544323433531053,1.7424497537838737,1.0,0.9589069874659989
2023-04-20 05:00:00,1.1460749225643025,1.0546225304676116,1.742763943687502,1.0,0.9587348588910527
2023-04-20 06:00:00,1.1472434557235904,1.0556978191534734,1.7445403250657079,1.0,0.9577616704096261
2023-04-20 07:00:00,1.1482967254079826,1.056667041948553,1.746141485151506,1.0,0.9568844767103811
2023-04-20 08:00:00,1.1461742876288679,1.0547139665803549,1.7429149965257849,1.0,0.9586521047684824
2023-04-20 09:00:00,1.1446361164293972,1.0532985355550877,1.7405766985891666,1.0,0.9599331385858705
2023-04-20 10:00:00,1.1459556844868242,1.0545128071323195,1.7425826802815627,1.0,0.958834163838137
2023-04-20 11:00:00,1.145427062343337,1.0540263670125247,1.741779079181898,1.0,0.9592744157702109
2023-04-20 12:00:00,1.1359913558122166,1.0453435937464153,1.7274351016585603,1.0,0.9671327472494856
2023-04-20 13:00:00,1.1469135637092336,1.0553942512591654,1.744038829642609,1.0,0.9580364140965595
2023-04-20 14:00:00,1.1440359514394227,1.0527462614341179,1.7396643394459383,1.0,0.9604329734861949
2023-04-20 15:00:00,1.140164688523959,1.0491839104816363,1.7337793208664392,1.0,0.9636570741015335
2023-04-20 16:00:00,1.131655064394587,1.041353321786295,1.7208431557958976,1.0,0.9707441371584529
2023-04-20 17:00:00,1.1291192679468807,1.0390198721890842,1.7169882873629196,1.0,0.9728560223664467
2023-04-20 18:00:00,1.129616093269707,1.039477052752801,1.7177435515543338,1.0,0.9724422517535953
2023-04-20 19:00:00,1.126054849355687,1.0361999824720791,1.712329817830277,1.0,0.9754081595065144
2023-04-20 20:00:00,1.1157089588331486,1.0266796544132404,1.6966021963082687,1.0,0.9840245187485328
2023-04-20 21:00:00,1.1197352312493343,1.0303846457016013,1.7027228573154891,1.0,0.9806713217019848
2023-04-20 22:00:00,1.1208560691776308,1.0314160450533465,1.7044267333313194,1.0,0.9797378551993919
2023-04-20 23:00:00,1.1215834214502487,1.0320853573986277,1.7055324401075498,1.0,0.9791320950221775
2023-04-21 00:00:00,1.1212217326152312,1.031752529948242,1.7049826077762003,1.0,0.9794333200283332
2023-04-21 01:00:00,1.123189160893624,1.0335629649805607,1.7079734539742004,1.0,0.9777947884014415
2023-04-21 02:00:00,1.11869268504271,1.0294252906918089,1.7023301199359537,1.0,0.9795472168988275
2023-04-21 03:00:00,1.11869268504271,1.0294252906918089,1.705635156037582,1.0,0.9776448978077718
2023-04-21 04:00:00,1.11869268504271,1.0294252906918089,1.7097740038065317,1.0,0.9752626517796673
2023-04-21 05:00:00,1.11869268504271,1.0294252906918089,1.7047409232349477,1.0,0.9781596020590995
2023-04-21 06:00:00,1.11869268504271,1.0294252906918089,1.6997380532310202,1.0,0.9810391636813923
2023-04-21 07:00:00,1.11869268504271,1.0294252906918089,1.6854122020482765,1.0,0.9892848648969189
2023-04-21 08:00:00,1.11869268504271,1.0294252906918089,1.6996957584363013,1.0,0.9810635078013874
2023-04-21 09:00:00,1.11869268504271,1.0294252906918089,1.6948016464759375,1.0,0.9838804702579781
2023-04-21 10:00:00,1.11869268504271,1.0294252906918089,1.6940463822845233,1.0,0.9843151866864643
2023-04-21 11:00:00,1.11869268504271,1.0294252906918089,1.6904875774145798,1.0,0.9863635704974915
2023-04-21 12:00:00,1.11869268504271,1.0294252906918089,1.6943847406422767,1.0,0.9841204337265026
2023-04-21 13:00:00,1.11869268504271,1.0294252906918089,1.7035747953234042,1.0,0.9788308042246823
2023-04-21 14:00:00,1.11869268504271,1.0294252906918089,1.6973695447267456,1.0,0.982402434401125
2023-04-21 15:00:00,1.11869268504271,1.0294252906918089,1.6940161717168667,1.0,0.9843325753436037
2023-04-21 16:00:00,1.11869268504271,1.0294252906918089,1.6930736020059818,1.0,0.9848751014463547
2023-04-21 17:00:00,1.11869268504271,1.0294252906918089,1.6932065285036706,1.0,0.9847985913549411
2023-04-21 18:00:00,1.11869268504271,1.0294252906918089,1.6846508957433313,1.0,0.989723059056833
2023-04-21 19:00:00,1.11869268504271,1.0294252906918089,1.6776057913658198,1.0,0.9937780939017525
2023-04-21 20:00:00,1.11869268504271,1.0294252906918089,1.6472018760762515,1.0,1.011278038446894
2023-04-21 21:00:00,1.11869268504271,1.0294252906918089,1.6466037068366517,1.0,1.011622333858255
2023-04-21 22:00:00,1.11869268504271,1.0294252906918089,1.6475341923204736,1.0,1.01108676321836
2023-04-21 23:00:00,1.11869268504271,1.0294252906918089,1.6463680644089302,1.0,1.0117579653839428
2023-04-22 00:00:00,1.11869268504271,1.0294252906918089,1.6459330322346757,1.0,1.0120083620467508
2023-04-22 01:00:00,1.11869268504271,1.0294252906918089,1.6437699555904657,1.0,1.0132533898979355
2023-04-22 02:00:00,1.11869268504271,1.0294252906918089,1.6479390139270718,1.0,1.0094823737688294
2023-04-22 03:00:00,1.11869268504271,1.0294252906918089,1.6445373040089424,1.0,1.0115667425324952
2023-04-22 04:00:00,1.11869268504271,1.0294252906918089,1.6493951632881183,1.0,1.0085901306568517
2023-04-22 05:00:00,1.11869268504271,1.0294252906918089,1.6508513126491648,1.0,1.0076978875448739
2023-04-22 06:00:00,1.11869268504271,1.0294252906918089,1.6538723694148214,1.0,1.0058467607565384
2023-04-22 07:00:00,1.11869268504271,1.0294252906918089,1.6508996495574153,1.0,1.0076682695162607
2023-04-22 08:00:00,1.11869268504271,1.0294252906918089,1.6468876861726234,1.0,1.0101265658911702
2023-04-22 09:00:00,1.11869268504271,1.0294252906918089,1.6428213437660493,1.0,1.0126181825482699
2023-04-22 10:00:00,1.11869268504271,1.0294252906918089,1.6445252197818798,1.0,1.0115741470396487
2023-04-22 11:00:00,1.11869268504271,1.0294252906918089,1.645087136340292,1.0,1.0112298374570183
2023-04-22 12:00:00,1.11869268504271,1.0294252906918089,1.6473529289145343,1.0,1.0098414923657666
2023-04-22 13:00:00,1.11869268504271,1.0294252906918089,1.6503196066584092,1.0,1.008023685859621
2023-04-22 14:00:00,1.11869268504271,1.0294252906918089,1.6452865260868252,1.0,1.011107663088988
2023-04-22 15:00:00,1.11869268504271,1.0294252906918089,1.6586879338992782,1.0,1.0028960646559315
2023-04-22 16:00:00,1.11869268504271,1.0294252906918089,1.659497577112474,1.0,1.0023999626766575
2023-04-22 17:00:00,1.11869268504271,1.0294252906918089,1.66495360563125,1.0,0.9990568276969235
2023-04-22 18:00:00,1.11869268504271,1.0294252906918089,1.6701921180628985,1.0,0.9958469738459498
2023-04-22 19:00:00,1.11869268504271,1.0294252906918089,1.6660593124074803,1.0,0.9983793152923928
2023-04-22 20:00:00,1.11869268504271,1.0294252906918089,1.6672012718648983,1.0,0.997679589366402
2023-04-22 21:00:00,1.11869268504271,1.0294252906918089,1.6682163469381592,1.0,0.9970576107655211
2023-04-22 22:00:00,1.11869268504271,1.0294252906918089,1.6704760973988702,1.0,0.9956729679278462
2023-04-22 23:00:00,1.11869268504271,1.0294252906918089,1.6812914806199208,1.0,0.9890459340256049
2023-04-23 00:00:00,1.11869268504271,1.0294252906918089,1.6794425938793391,1.0,0.9901788236200663
2023-04-23 01:00:00,1.11869268504271,1.0294252906918089,1.6628569922358842,1.0,1.0003415096880284
2023-04-23 02:00:00,1.11869268504271,1.0294252906918089,1.6632678559560135,1.0,0.9986764857239209
2023-04-23 03:00:00,1.11869268504271,1.0294252906918089,1.6657209540497266,1.0,1.0001498119494405
2023-04-23 04:00:00,1.11869268504271,1.0294252906918089,1.6636122564272984,1.0,0.9988833320166662
2023-04-23 05:00:00,1.11869268504271,1.0294252906918089,1.6664399655599529,1.0,1.0005816489465758
2023-04-23 06:00:00,1.11869268504271,1.0294252906918089,1.6653342587837228,1.0,0.9999175634803932
2023-04-23 07:00:00,1.11869268504271,1.0294252906918089,1.6654128062596296,1.0,0.9999647389506685
2023-04-23 08:00:00,1.11869268504271,1.0294252906918089,1.673249427509743,1.0,1.0046713993312084
2023-04-23 09:00:00,1.11869268504271,1.0294252906918089,1.6727177215189875,1.0,1.0043520576862681
2023-04-23 10:00:00,1.11869268504271,1.0294252906918089,1.6680169571916257,1.0,1.0015287872344099
2023-04-23 11:00:00,1.11869268504271,1.0294252906918089,1.6619144225249993,1.0,0.9978636160822547
2023-04-23 12:00:00,1.11869268504271,1.0294252906918089,1.6689051478807286,1.0,1.0020622329367532
2023-04-23 13:00:00,1.11869268504271,1.0294252906918089,1.6665668499441104,1.0,1.000657855475482
2023-04-23 14:00:00,1.11869268504271,1.0294252906918089,1.6678054832180296,1.0,1.0014017763528995
2023-04-23 15:00:00,1.11869268504271,1.0294252906918089,1.6632376453883568,1.0,0.9986583413122765
2023-04-23 16:00:00,1.11869268504271,1.0294252906918089,1.658476459925682,1.0,0.9957987820371298
2023-04-23 17:00:00,1.11869268504271,1.0294252906918089,1.6651167426965952,1.0,0.999786923716554
2023-04-23 18:00:00,1.11869268504271,1.0294252906918089,1.6609174737923325,1.0,0.9972648504979917
2023-04-23 19:00:00,1.11869268504271,1.0294252906918089,1.6574674269659528,1.0,0.995192758688209
2023-04-23 20:00:00,1.11869268504271,1.0294252906918089,1.6580595540920213,1.0,0.995548389156438
2023-04-23 21:00:00,1.11869268504271,1.0294252906918089,1.6603978520286398,1.0,0.9969527666177093
2023-04-23 22:00:00,1.11869268504271,1.0294252906918089,1.6608510105434882,1.0,0.9972249327923742
2023-04-23 23:00:00,1.11869268504271,1.0294252906918089,1.6656967855956015,1.0,1.0001352964201253
2023-04-24 00:00:00,1.11869268504271,1.0294252906918089,1.6654671852814116,1.0,0.9999973988916284
2023-04-24 01:00:00,1.11869268504271,1.0294252906918089,1.6786208664390805,1.0,1.0078974757215706
2023-04-24 02:00:00,1.11869268504271,1.0294252906918089,1.675370209359234,1.0,1.0045368173984395
2023-04-24 03:00:00,1.11869268504271,1.0294252906918089,1.674796208573759,1.0,1.0048810803208295
2023-04-24 04:00:00,1.11869268504271,1.0294252906918089,1.677805181112353,1.0,1.0030764178434586
2023-04-24 05:00:00,1.11869268504271,1.0294252906918089,1.6723491525935772,1.0,1.006348727516282
2023-04-24 06:00:00,1.11869268504271,1.0294252906918089,1.669545611915048,1.0,1.0080301801056395
2023-04-24 07:00:00,1.11869268504271,1.0294252906918089,1.6629355397117913,1.0,1.0119946394434784
2023-04-24 08:00:00,1.11869268504271,1.0294252906918089,1.6573103320141387,1.0,1.0153684160829008
2023-04-24 09:00:00,1.11869268504271,1.0294252906918089,1.641171846772001,1.0,1.0250476399324147
2023-04-24 10:00:00,1.11869268504271,1.0294252906918089,1.6487969940485183,1.0,1.0204743787949806
2023-04-24 11:00:00,1.11869268504271,1.0294252906918089,1.6552499712999607,1.0,1.0166041387832694
2023-04-24 12:00:00,1.11869268504271,1.0294252906918089,1.6632920244101388,1.0,1.011780834049573
2023-04-24 13:00:00,1.11869268504271,1.0294252906918089,1.6567302891151325,1.0,1.0157163028255267
2023-04-24 14:00:00,1.11869268504271,1.0294252906918089,1.6676423461526844,1.0,1.00917168347988
2023-04-24 15:00:00,1.11869268504271,1.0294252906918089,1.6558481405395609,1.0,1.0162453805799365
2023-04-24 16:00:00,1.11869268504271,1.0294252906918089,1.6461324219812092,1.0,1.0220724835189174
2023-04-24 17:00:00,1.11869268504271,1.0294252906918089,1.6367248512129544,1.0,1.0277147716258785
2023-04-24 18:00:00,1.11869268504271,1.0294252906918089,1.6527364520709344,1.0,1.0181116480013142
2023-04-24 19:00:00,1.11869268504271,1.0294252906918089,1.6504344068155041,1.0,1.0194923235111102
2023-04-24 20:00:00,1.11869268504271,1.0294252906918089,1.6532560738346274,1.0,1.0177999994610454
2023-04-24 21:00:00,1.11869268504271,1.0294252906918089,1.657660774598955,1.0,1.0151582345092311
2023-04-24 22:00:00,1.11869268504271,1.0294252906918089,1.6548391075798314,1.0,1.016850558559296
2023-04-24 23:00:00,1.11869268504271,1.0294252906918089,1.6577332799613307,1.0,1.015114748666403
2023-04-25 00:00:00,1.11869268504271,1.0294252906918089,1.6607241261593306,1.0,1.013320957649739
2023-04-25 01:00:00,1.11869268504271,1.0294252906918089,1.6577272378477992,1.0,1.0151183724866386
2023-04-25 02:00:00,1.11869268504271,1.0294252906918089,1.6540234222531043,1.0,1.0159334164733067
2023-04-25 03:00:00,1.11869268504271,1.0294252906918089,1.654331570043201,1.0,1.0157440936373507
2023-04-25 04:00:00,1.11869268504271,1.0294252906918089,1.651068828736292,1.0,1.0177486883710016
2023-04-25 05:00:00,1.11869268504271,1.0294252906918089,1.6547484758768618,1.0,1.01548795097694
2023-04-25 06:00:00,1.11869268504271,1.0294252906918089,1.654887444488082,1.0,1.0154025700901361
2023-04-25 07:00:00,1.11869268504271,1.0294252906918089,1.6516367874082354,1.0,1.0173997403988477
2023-04-25 08:00:00,1.11869268504271,1.0294252906918089,1.6459209480076131,1.0,1.0209114933952064
2023-04-25 09:00:00,1.11869268504271,1.0294252906918089,1.655926688015468,1.0,1.0147640695453437
2023-04-25 10:00:00,1.11869268504271,1.0294252906918089,1.6495160055587446,1.0,1.0187027269757207
2023-04-25 11:00:00,1.11869268504271,1.0294252906918089,1.6499752061871242,1.0,1.0184205988280217
2023-04-25 12:00:00,1.11869268504271,1.0294252906918089,1.6537636113712577,1.0,1.0160930416095049
2023-04-25 13:00:00,1.11869268504271,1.0294252906918089,1.6538421588471648,1.0,1.0160447828473984
2023-04-25 14:00:00,1.11869268504271,1.0294252906918089,1.6507667230597263,1.0,1.017934298994488
2023-04-25 15:00:00,1.11869268504271,1.0294252906918089,1.6475946134557868,1.0,1.0198832105410929
2023-04-25 16:00:00,1.11869268504271,1.0294252906918089,1.6505794175402557,1.0,1.0180493775810493
2023-04-25 17:00:00,1.11869268504271,1.0294252906918089,1.6539871695719164,1.0,1.015955689748125
2023-04-25 18:00:00,1.11869268504271,1.0294252906918089,1.6674187879520257,1.0,1.007703441427929
2023-04-25 19:00:00,1.11869268504271,1.0294252906918089,1.6648327633606237,1.0,1.0092922683649708
2023-04-25 20:00:00,1.11869268504271,1.0294252906918089,1.6666937343282682,1.0,1.0081489069242957
2023-04-25 21:00:00,1.11869268504271,1.0294252906918089,1.6887776592852182,1.0,0.9945807703474551
2023-04-25 22:00:00,1.11869268504271,1.0294252906918089,1.7061608199148064,1.0,0.9839007350720596
2023-04-25 23:00:00,1.11869268504271,1.0294252906918089,1.7043421437418809,1.0,0.9850181110254466
2023-04-26 00:00:00,1.11869268504271,1.0294252906918089,1.7084145282619863,1.0,0.9825160798208527
2023-04-26 01:00:00,1.11869268504271,1.0294252906918089,1.7084386967161114,1.0,0.9825012309709737
2023-04-26 02:00:00,1.11869268504271,1.0287046929883246,1.7134899036282893,1.0,0.9779755324656636
2023-04-26 03:00:00,1.11869268504271,1.0285522968112508,1.7137436723966044,1.0,0.9781204134343569
2023-04-26 04:00:00,1.11869268504271,1.0314115393715866,1.7089824869339294,1.0,0.975402170497922
2023-04-26 05:00:00,1.11869268504271,1.0307257565747547,1.7101244463913479,1.0,0.9760541348570416
2023-04-26 06:00:00,1.11869268504271,1.0283672443105185,1.7140518201867014,1.0,0.9782963403249129
2023-04-26 07:00:00,1.11869268504271,1.028454327840275,1.7139068094619498,1.0,0.9782135511999452
2023-04-26 08:00:00,1.11869268504271,1.0289151448519025,1.7131394610434731,1.0,0.977775458746992
2023-04-26 09:00:00,1.11869268504271,1.016629110195435,1.7335980574604997,1.0,0.9894556244611644
2023-04-26 10:00:00,1.11869268504271,1.0113315288019196,1.742419543216217,1.0,0.9944919628966906
2023-04-26 11:00:00,1.11869268504271,1.0064947644200322,1.7504736805534575,1.0,0.9990902088792636
2023-04-26 12:00:00,1.11869268504271,1.008022354671176,1.747929950756775,1.0,0.9976379496454577
2023-04-26 13:00:00,1.11869268504271,0.9712150494274643,1.8092211504184164,1.0,1.0326301531317439
2023-04-26 14:00:00,1.11869268504271,0.975485770865935,1.8021095827920608,1.0,1.0285700364614603
2023-04-26 15:00:00,1.11869268504271,0.9809103490736785,1.7930766230627475,1.0,1.0234129638853564
2023-04-26 16:00:00,1.11869268504271,0.9767303396453706,1.8000371378508202,1.0,1.0273868418837988
2023-04-26 17:00:00,1.11869268504271,0.976712197243338,1.8000673484184768,1.0,1.027404089618167
2023-04-26 18:00:00,1.11869268504271,0.9799850865700165,1.7946173620132324,1.0,1.0242925983381366
2023-04-26 19:00:00,1.11869268504271,0.9792811613711523,1.795789532038307,1.0,1.0249618104316243
2023-04-26 20:00:00,1.11869268504271,1.046803553256033,1.6833518413340989,1.0,0.9607691926599069
2023-04-26 21:00:00,1.11869268504271,1.0274456102872631,1.715586517023655,1.0,0.9791725252308195
2023-04-26 22:00:00,1.11869268504271,1.0178482796120247,1.7315679073139787,1.0,0.9882965767116187
2023-04-26 23:00:00,1.11869268504271,1.031912269667686,1.7081486752666082,1.0,0.9749261330293586
2023-04-27 00:00:00,1.11869268504271,1.0277866874454757,1.7150185583517115,1.0,0.9788482678246966
2023-04-27 01:00:00,1.11869268504271,0.9980621759552858,1.7645155524002296,1.0,1.0071069558136219
2023-04-27 02:00:00,1.11869268504271,1.0149269461321249,1.7352173438868916,1.0,0.988993576957309
2023-04-27 03:00:00,1.11869268504271,1.0149269461321249,1.7530234524636719,1.0,0.9991452485210585
2023-04-27 04:00:00,1.11869268504271,1.0149269461321249,1.7440569559832029,1.0,0.9940332428880064
2023-04-27 05:00:00,1.11869268504271,1.0149269461321249,1.756304320111175,1.0,1.001015746539082
2023-04-27 06:00:00,1.11869268504271,1.0149269461321249,1.7558572037098579,1.0,1.000760835206976
2023-04-27 07:00:00,1.11869268504271,1.0149269461321249,1.738135684722516,1.0,0.9906573901114627
2023-04-27 08:00:00,1.11869268504271,1.0149269461321249,1.744268429956799,1.0,0.9941538090585973
2023-04-27 09:00:00,1.11869268504271,1.0149269461321249,1.7480024561191507,1.0,0.9962826631564586
2023-04-27 10:00:00,1.11869268504271,1.0149269461321249,1.7466852753693243,1.0,0.9955317081510642
2023-04-27 11:00:00,1.11869268504271,1.0149269461321249,1.750419301531676,1.0,0.9976605622489255
2023-04-27 12:00:00,1.11869268504271,1.0149269461321249,1.7467517386181688,1.0,0.9955696003761071
2023-04-27 13:00:00,1.11869268504271,1.0149269461321249,1.7422443219238088,1.0,0.9929998185686564
2023-04-27 14:00:00,1.11869268504271,1.0149269461321249,1.746679233255793,1.0,0.995528263403333
2023-04-27 15:00:00,1.11869268504271,1.0149269461321249,1.7493861001178213,1.0,0.9970715103868959
2023-04-27 16:00:00,1.11869268504271,1.0149269461321249,1.7597664511646174,1.0,1.0029895869890408
2023-04-27 17:00:00,1.11869268504271,1.0149269461321249,1.7588299235672638,1.0,1.0024556510907099
2023-04-27 18:00:00,1.11869268504271,1.0149269461321249,1.7685879369203348,1.0,1.0080189186765447
2023-04-27 19:00:00,1.11869268504271,1.0149269461321249,1.7973604815564486,1.0,1.0244228073723625
2023-04-27 20:00:00,1.11869268504271,1.0149269461321249,1.7913848312739797,1.0,1.0210159518662383
2023-04-27 21:00:00,1.11869268504271,1.0149269461321249,1.7883698166218545,1.0,1.0192970227483857
2023-04-27 22:00:00,1.11869268504271,1.0149269461321249,1.7896447025769615,1.0,1.020023864519662
2023-04-27 23:00:00,1.11869268504271,1.0149269461321249,1.7742010603909248,1.0,1.0112190893187991
2023-04-28 00:00:00,1.11869268504271,1.0149269461321249,1.7792462251895713,1.0,1.0140954536743236
2023-04-28 01:00:00,1.11869268504271,1.0149269461321249,1.7841161686958098,1.0,1.0168719203456442
2023-04-28 02:00:00,1.11869268504271,1.0149269461321249,1.7818382918945048,1.0,1.014151460924403
2023-04-28 03:00:00,1.11869268504271,1.0149269461321249,1.7748113138575874,1.0,1.0101507547051465
2023-04-28 04:00:00,1.11869268504271,1.0149269461321249,1.7764547687381047,1.0,1.011086431482135
2023-04-28 05:00:00,1.11869268504271,1.0149269461321249,1.7811071961572158,1.0,1.013735222358169
2023-04-28 06:00:00,1.11869268504271,1.0149269461321249,1.7794758255037613,1.0,1.0128064255574818
2023-04-28 07:00:00,1.11869268504271,1.0149269461321249,1.7792462251895713,1.0,1.0126757060077554
2023-04-28 08:00:00,1.11869268504271,1.0149269461321249,1.7801404579922058,1.0,1.013184824254058
2023-04-28 09:00:00,1.11869268504271,1.0149269461321249,1.7661892178484035,1.0,1.0052418916141075
2023-04-28 10:00:00,1.11869268504271,1.0149269461321249,1.7628298027249933,1.0,1.0033292582023219
2023-04-28 11:00:00,1.11869268504271,1.0149269461321249,1.7665638288873449,1.0,1.0054551708794504
2023-04-28 12:00:00,1.11869268504271,1.0149269461321249,1.7651620585480803,1.0,1.0046570936284895
2023-04-28 13:00:00,1.11869268504271,1.0149269461321249,1.7644370049243228,1.0,1.0042442950504065
2023-04-28 14:00:00,1.11869268504271,1.0149269461321249,1.7526488414247303,1.0,0.9975328781684039
2023-04-28 15:00:00,1.11869268504271,1.0149269461321249,1.7568178997613366,1.0,0.9999064699923821
2023-04-28 16:00:00,1.11869268504271,1.0149269461321249,1.7596093562128032,1.0,1.0014957445180024
2023-04-28 17:00:00,1.11869268504271,1.0149269461321249,1.767204292921664,1.0,1.0058198096234239
2023-04-28 18:00:00,1.11869268504271,1.0149269461321249,1.7651076795262983,1.0,1.0046261337351332
2023-04-28 19:00:00,1.11869268504271,1.0149269461321249,1.7652103954563307,1.0,1.004684613533695
2023-04-28 20:00:00,1.11869268504271,1.0149269461321249,1.7707026766562943,1.0,1.0078115627626751
2023-04-28 21:00:00,1.11869268504271,1.0149269461321249,1.7709866559922662,1.0,1.007973242205758
2023-04-28 22:00:00,1.11869268504271,1.0149269461321249,1.770249518141446,1.0,1.0075535636513733
2023-04-28 23:00:00,1.11869268504271,1.0149269461321249,1.7712887616688318,1.0,1.0081452416132926
2023-04-29 00:00:00,1.11869268504271,1.0149269461321249,1.7696392646747834,1.0,1.0072061248481532
2023-04-29 01:00:00,1.11869268504271,1.0149269461321249,1.7667330080662218,1.0,1.00555149054767
2023-04-29 02:00:00,1.11869268504271,1.0149269461321249,1.7670592821969124,1.0,1.0043292136349729
2023-04-29 03:00:00,1.11869268504271,1.0149269461321249,1.7731497326364762,1.0,1.000866580382954
2023-04-29 04:00:00,1.11869268504271,1.0149269461321249,1.7713793933718014,1.0,1.0018730799294235
2023-04-29 05:00:00,1.11869268504271,1.0149269461321249,1.7734457961995107,1.0,1.0006982579332029
2023-04-29 06:00:00,1.11869268504271,1.0149269461321249,1.7724125947856562,1.0,1.0012856689313132
2023-04-29 07:00:00,1.11869268504271,1.0149269461321249,1.7706060028397934,1.0,1.0023127793899975
2023-04-29 08:00:00,1.11869268504271,1.0149269461321249,1.7716814990483671,1.0,1.001701322327637
2023-04-29 09:00:00,1.11869268504271,1.0149269461321249,1.7696392646747834,1.0,1.0028624037157148
2023-04-29 10:00:00,1.11869268504271,1.0149269461321249,1.7690471375487147,1.0,1.0031990486152167
2023-04-29 11:00:00,1.11869268504271,1.0149269461321249,1.7670592821969124,1.0,1.0043292136349729
2023-04-29 12:00:00,1.11869268504271,1.0149269461321249,1.7710531192411108,1.0,1.0020585781393532
2023-04-29 13:00:00,1.11869268504271,1.0149269461321249,1.7677722515936074,1.0,1.0039238656947564
2023-04-29 14:00:00,1.11869268504271,1.0149269461321249,1.7739835443037977,1.0,1.0003925294020226
2023-04-29 15:00:00,1.11869268504271,1.0149269461321249,1.770793308359264,1.0,1.0022062896768897
2023-04-29 16:00:00,1.11869268504271,1.0149269461321249,1.7671015769916318,1.0,1.0043051675707226
2023-04-29 17:00:00,1.11869268504271,1.0149269461321249,1.7675426512794177,1.0,1.0040544014721142
2023-04-29 18:00:00,1.11869268504271,1.0149269461321249,1.7601168937494338,1.0,1.0082762033240302
2023-04-29 19:00:00,1.11869268504271,1.0149269461321249,1.761530748315761,1.0,1.0074723777476686
2023-04-29 20:00:00,1.11869268504271,1.0149269461321249,1.7649324582338901,1.0,1.0055383871515509
2023-04-29 21:00:00,1.11869268504271,1.0149269461321249,1.7639475937282862,1.0,1.0060983169333755
2023-04-29 22:00:00,1.11869268504271,1.0149269461321249,1.7647451527144196,1.0,1.0056448768646586
2023-04-29 23:00:00,1.11869268504271,1.0149269461321249,1.7627572973626173,1.0,1.0067750418844148
2023-04-30 00:00:00,1.11869268504271,1.0149269461321249,1.764364499561947,1.0,1.0058612914429097
2023-04-30 01:00:00,1.11869268504271,1.0149269461321249,1.7590293133137973,1.0,1.0088945306904622
2023-04-30 02:00:00,1.11869268504271,1.0142164972698324,1.756612467901272,1.0,1.0088625276953713
2023-04-30 03:00:00,1.11869268504271,1.0169418687573968,1.7613313585692276,1.0,1.006151543230758
2023-04-30 04:00:00,1.11869268504271,1.0171337963269436,1.7616636748134498,1.0,1.0059606288318415
2023-04-30 05:00:00,1.11869268504271,1.0182016115320585,1.7635125615540317,1.0,1.0048984505396883
2023-04-30 06:00:00,1.11869268504271,1.0198486990379874,1.7663644391408115,1.0,1.0032600578798962
2023-04-30 07:00:00,1.11869268504271,1.0203442211266354,1.767222419262258,1.0,1.002767151613603
2023-04-30 08:00:00,1.11869268504271,1.0200615641605757,1.7667330080662218,1.0,1.0030483164556434
2023-04-30 09:00:00,1.11869268504271,1.0203686482718504,1.7672647140569773,1.0,1.0027428534173772
2023-04-30 10:00:00,1.11869268504271,1.0197405216806064,1.7661771336213408,1.0,1.0033676641774674
2023-04-30 11:00:00,1.11869268504271,1.0186203625928878,1.7642376151777892,1.0,1.0044819100329616
2023-04-30 12:00:00,1.11869268504271,1.0177130686277576,1.7626666656596477,1.0,1.0053844144642028
2023-04-30 13:00:00,1.11869268504271,1.0191996348937018,1.7652406060239874,1.0,1.0039056956653227
2023-04-30 14:00:00,1.11869268504271,1.020968858125706,1.768303957584363,1.0,1.0021458120244022
2023-04-30 15:00:00,1.11869268504271,1.0244270439697216,1.7742916920938945,1.0,0.9987058816730168
2023-04-30 16:00:00,1.11869268504271,1.0337582134418692,1.7904483036766263,1.0,0.9894239707147885
2023-04-30 17:00:00,1.11869268504271,1.0357019162825523,1.7938137609135676,1.0,0.9874905285293984
2023-04-30 18:00:00,1.11869268504271,1.0331998786940968,1.789481565511616,1.0,0.9899793580570908
2023-04-30 19:00:00,1.11869268504271,1.0311375297195122,1.7859106764146098,1.0,0.9920308200527203
2023-04-30 20:00:00,1.11869268504271,1.0233452703959125,1.7724186368991874,1.0,0.9997819446487276
2023-04-30 21:00:00,1.11869268504271,1.0222600072299297,1.7705395395909491,1.0,1.0008614787953278
2023-04-30 22:00:00,1.11869268504271,1.025219181393124,1.7756632518655027,1.0,0.9979179258811253
2023-04-30 23:00:00,1.11869268504271,1.0239454802497678,1.7734578804265733,1.0,0.9991849032557526
2023-05-01 00:00:00,1.11869268504271,1.0190530720224116,1.764986837255672,1.0,1.0040514848426771
2023-05-01 01:00:00,1.11869268504271,1.0218552145377946,1.7698386544213167,1.0,1.0012641346184972
2023-05-01 02:00:00,1.11869268504271,0.9927156633326449,1.7205893870275824,1.0,1.0281452308585304
2023-05-01 03:00:00,1.11869268504271,0.9927156633326449,1.7234170961602369,1.0,1.0298354360113966
2023-05-01 04:00:00,1.11869268504271,0.9927156633326449,1.724057560194556,1.0,1.0302182602554217
2023-05-01 05:00:00,1.11869268504271,0.9927156633326449,1.7239427600374613,1.0,1.0301496408154551
2023-05-01 06:00:00,1.11869268504271,0.9927156633326449,1.7193628379807258,1.0,1.0274120863157272
2023-05-01 07:00:00,1.11869268504271,0.9927156633326449,1.7260152049787016,1.0,1.0313884022843294
2023-05-01 08:00:00,1.11869268504271,0.9927156633326449,1.7279426391951906,1.0,1.032540486565877
2023-05-01 09:00:00,1.11869268504271,0.9927156633326449,1.7250122141325037,1.0,1.030788885071988
2023-05-01 10:00:00,1.11869268504271,0.9927156633326449,1.722009283707441,1.0,1.0289939449844354
2023-05-01 11:00:00,1.11869268504271,0.9927156633326449,1.7235862753391136,1.0,1.0299365593966108
2023-05-01 12:00:00,1.11869268504271,0.9927156633326449,1.7219428204585965,1.0,1.028954217940244
2023-05-01 13:00:00,1.11869268504271,0.9927156633326449,1.7262206368387665,1.0,1.0315111949663751
2023-05-01 14:00:00,1.11869268504271,0.9927156633326449,1.7180033624361803,1.0,1.0265994876845417
2023-05-01 15:00:00,1.11869268504271,0.9927156633326449,1.719036563850035,1.0,1.0272170626442427
2023-05-01 16:00:00,1.11869268504271,0.9927156633326449,1.7006685387148426,1.0,1.016237952249556
2023-05-01 17:00:00,1.11869268504271,0.9927156633326449,1.7122633545814328,1.0,1.023168515686202
2023-05-01 18:00:00,1.11869268504271,0.9927156633326449,1.7071698528745356,1.0,1.0201239794813595
2023-05-01 19:00:00,1.11869268504271,0.9927156633326449,1.700867928461376,1.0,1.0163571333821297
2023-05-01 20:00:00,1.11869268504271,0.9927156633326449,1.6810558381921998,1.0,1.0045148626636504
2023-05-01 21:00:00,1.11869268504271,0.9927156633326449,1.6707721609619046,1.0,0.9983680054624146
2023-05-01 22:00:00,1.11869268504271,0.9927156633326449,1.6895933446119453,1.0,1.0096179820674964
2023-05-01 23:00:00,1.11869268504271,0.9927156633326449,1.6911945046977435,1.0,1.0105750426775597
2023-05-02 00:00:00,1.11869268504271,0.9927156633326449,1.6943847406422767,1.0,1.012481940798742
2023-05-02 01:00:00,1.11869268504271,0.9927156633326449,1.6930856862330443,1.0,1.0117054576622757
2023-05-02 02:00:00,1.11869268504271,0.9927156633326449,1.686693130116915,1.0,1.0064733901795293
2023-05-02 03:00:00,1.11869268504271,0.9927156633326449,1.691091788767711,1.0,1.0038479000259477
2023-05-02 04:00:00,1.11869268504271,0.9927156633326449,1.6930192229842,1.0,1.0026974448624966
2023-05-02 05:00:00,1.11869268504271,0.9927156633326449,1.6860707924231897,1.0,1.006844853758951
2023-05-02 06:00:00,1.11869268504271,0.9927156633326449,1.690318398235703,1.0,1.0043095246683358
2023-05-02 07:00:00,1.11869268504271,0.9927156633326449,1.6900827558079816,1.0,1.0044501759265634
2023-05-02 08:00:00,1.11869268504271,0.9927156633326449,1.6938167819703331,1.0,1.002221394450034
2023-05-02 09:00:00,1.11869268504271,0.9927156633326449,1.6921672849762848,1.0,1.0032059532576272
2023-05-02 10:00:00,1.11869268504271,0.9927156633326449,1.689279154708317,1.0,1.0049298327815446
2023-05-02 11:00:00,1.11869268504271,0.9927156633326449,1.6911582520165553,1.0,1.0038082291582426
2023-05-02 12:00:00,1.11869268504271,0.9927156633326449,1.6956958792785717,1.0,1.001099790826732
2023-05-02 13:00:00,1.11869268504271,0.9927156633326449,1.6968740914171778,1.0,1.000396534535594
2023-05-02 14:00:00,1.11869268504271,0.9927156633326449,1.6907836409776142,1.0,1.0040318285943992
2023-05-02 15:00:00,1.11869268504271,0.9927156633326449,1.7127165130962811,1.0,0.9909404422516783
2023-05-02 16:00:00,1.11869268504271,0.9927156633326449,1.722571200265853,1.0,0.9850583345037506
2023-05-02 17:00:00,1.11869268504271,0.9927156633326449,1.7187102897193438,1.0,0.9873628512731717
2023-05-02 18:00:00,1.11869268504271,0.9927156633326449,1.7255137095556026,1.0,0.983301996997165
2023-05-02 19:00:00,1.11869268504271,0.9927156633326449,1.7338276577746896,1.0,0.9783395320914946
2023-05-02 20:00:00,1.11869268504271,0.9927156633326449,1.7319666868070451,1.0,0.9794503163872406
2023-05-02 21:00:00,1.11869268504271,0.9927156633326449,1.7310664118908794,1.0,0.9799876763225204
2023-05-02 22:00:00,1.11869268504271,0.9927156633326449,1.7303413582671219,1.0,0.980420449424759
2023-05-02 23:00:00,1.11869268504271,0.9927156633326449,1.7350179541403583,1.0,0.9776290629153194
2023-05-03 00:00:00,1.11869268504271,0.9927156633326449,1.7307522219872513,1.0,0.9801752113334904
2023-05-03 01:00:00,1.11869268504271,0.9927156633326449,1.7208250294553034,1.0,0.9861005963916422
2023-05-03 02:00:00,1.11869268504271,0.9927156633326449,1.7229881060995138,1.0,0.983400437839023
2023-05-03 03:00:00,1.11869268504271,0.9927156633326449,1.7211694299265883,1.0,0.9823621178806483
2023-05-03 04:00:00,1.11869268504271,0.9927156633326449,1.7216346726684995,1.0,0.9826277346141861
2023-05-03 05:00:00,1.11869268504271,0.9927156633326449,1.7213023564242773,1.0,0.9824380083759449
2023-05-03 06:00:00,1.11869268504271,0.9927156633326449,1.7193628379807258,1.0,0.98133069705821
2023-05-03 07:00:00,1.11869268504271,0.9927156633326449,1.7267100480348025,1.0,0.9855253717073243
2023-05-03 08:00:00,1.11869268504271,0.9927156633326449,1.7296646415516148,1.0,0.987212210443687
2023-05-03 09:00:00,1.11869268504271,0.9927156633326449,1.731978771034108,1.0,0.9885333949754392
2023-05-03 10:00:00,1.11869268504271,0.9927156633326449,1.7305649164677805,1.0,0.9877261960709222
2023-05-03 11:00:00,1.11869268504271,0.9927156633326449,1.7252538986737562,1.0,0.9846940258270311
2023-05-03 12:00:00,1.11869268504271,0.9927156633326449,1.7234170961602369,1.0,0.9836453571647524
2023-05-03 13:00:00,1.11869268504271,0.9927156633326449,1.7089945711609922,1.0,0.9754112384250846
2023-05-03 14:00:00,1.11869268504271,0.9927156633326449,1.7127890184586567,1.0,0.9775775671090022
2023-05-03 15:00:00,1.11869268504271,0.9927156633326449,1.7035747953234042,1.0,0.9723169759577691
2023-05-03 16:00:00,1.11869268504271,0.9927156633326449,1.7087710129603335,1.0,0.9752836044102677
2023-05-03 17:00:00,1.11869268504271,0.9927156633326449,1.719175532461255,1.0,0.9812237604512012
2023-05-03 18:00:00,1.11869268504271,0.9927156633326449,1.7248792876348147,1.0,0.9844801526130138
2023-05-03 19:00:00,1.11869268504271,0.9927156633326449,1.7170305821576388,1.0,0.9799991638225535
2023-05-03 20:00:00,1.11869268504271,0.9927156633326449,1.7097498353524063,1.0,0.9758424344210873
2023-05-03 21:00:00,1.11869268504271,0.9927156633326449,1.7215138303978732,1.0,0.9825587432548256
2023-05-03 22:00:00,1.11869268504271,0.9927156633326449,1.7463831696927585,1.0,0.9967571650112029
2023-05-03 23:00:00,1.11869268504271,0.9927156633326449,1.7573193951844355,1.0,1.0030008830333221
2023-05-04 00:00:00,1.11869268504271,0.9927156633326449,1.7526246729706052,1.0,1.0003205687221695
2023-05-04 01:00:00,1.11869268504271,0.9927156633326449,1.7533255581402376,1.0,1.00072071860646
2023-05-04 02:00:00,1.11869268504271,0.9927156633326449,1.7549810972478175,1.0,1.000263576919453
2023-05-04 03:00:00,1.11869268504271,0.9927156633326449,1.7546729494577205,1.0,1.0000878930081372
2023-05-04 04:00:00,1.11869268504271,0.9927156633326449,1.7566305942418659,1.0,1.001204002562379
2023-05-04 05:00:00,1.11869268504271,0.9927156633326449,1.7569387420319629,1.0,1.0013796864736946
2023-05-04 06:00:00,1.11869268504271,0.9927156633326449,1.7630473188121207,1.0,1.004862361656838
2023-05-04 07:00:00,1.11869268504271,0.9927156633326449,1.760527757469563,1.0,1.0034258873231379
2023-05-04 08:00:00,1.11869268504271,0.9927156633326449,1.754455433370593,1.0,0.9999638808354435
2023-05-04 09:00:00,1.11869268504271,0.9927156633326449,1.7561532672728921,1.0,1.000931864738968
2023-05-04 10:00:00,1.11869268504271,0.9927156633326449,1.7563164043382375,1.0,1.0010248738684882
2023-05-04 11:00:00,1.11869268504271,0.9927156633326449,1.7656877224253043,1.0,1.006367731642034
2023-05-04 12:00:00,1.11869268504271,0.9927156633326449,1.7602739887012477,1.0,1.0032812064549954
2023-05-04 13:00:00,1.11869268504271,0.9927156633326449,1.7542318751699346,1.0,0.9998364238801752
2023-05-04 14:00:00,1.11869268504271,0.9927156633326449,1.7361417872571825,1.0,0.9895227448511636
2023-05-04 15:00:00,1.11869268504271,0.9927156633326449,1.7376100208452918,1.0,0.9903598270168451
2023-05-04 16:00:00,1.11869268504271,0.9927156633326449,1.7424497537838737,1.0,0.9931190978592759
2023-05-04 17:00:00,1.11869268504271,0.9927156633326449,1.7460387692214738,1.0,0.9951652987087192
2023-05-04 18:00:00,1.11869268504271,0.9927156633326449,1.7412957100993929,1.0,0.9924611443874853
2023-05-04 19:00:00,1.11869268504271,0.9927156633326449,1.7385888432373644,1.0,0.9909178817939658
2023-05-04 20:00:00,1.11869268504271,0.9927156633326449,1.7444557354762698,1.0,0.9942627656741162
2023-05-04 21:00:00,1.11869268504271,0.9927156633326449,1.742860617504003,1.0,0.9933533430743636
2023-05-04 22:00:00,1.11869268504271,0.9927156633326449,1.7412473731911422,1.0,0.9924335861268867
2023-05-04 23:00:00,1.11869268504271,0.9927156633326449,1.7371870728980998,1.0,0.9901186922366076
2023-05-05 00:00:00,1.11869268504271,0.9927156633326449,1.7409996465363584,1.0,0.9922923500413191
2023-05-05 01:00:00,1.11869268504271,0.9927156633326449,1.7468967493429202,1.0,0.9956544578343435
2023-05-05 02:00:00,1.11869268504271,0.9927156633326449,1.7705395395909491,1.0,1.0077211089471998
2023-05-05 03:00:00,1.11869268504271,0.9927156633326449,1.7655910486088033,1.0,1.0105384534356046
2023-05-05 04:00:00,1.11869268504271,0.9927156633326449,1.7628116763843993,1.0,1.0121208447233532
2023-05-05 05:00:00,1.11869268504271,0.9927156633326449,1.7644309628107913,1.0,1.0111989297991866
2023-05-05 06:00:00,1.11869268504271,0.9927156633326449,1.762805634270868,1.0,1.0121242847044136
2023-05-05 07:00:00,1.11869268504271,0.9927156633326449,1.7607331893296274,1.0,1.0133041982081046
2023-05-05 08:00:00,1.11869268504271,0.9927156633326449,1.7550717289507871,1.0,1.0165274604616272
2023-05-05 09:00:00,1.11869268504271,0.9927156633326449,1.7542922963052476,1.0,1.016971218018409
2023-05-05 10:00:00,1.11869268504271,0.9927156633326449,1.7569447841454942,1.0,1.015461066332927
2023-05-05 11:00:00,1.11869268504271,0.9927156633326449,1.7572771003897165,1.0,1.0152718673746093
2023-05-05 12:00:00,1.11869268504271,0.9927156633326449,1.7598268722999304,1.0,1.013820195367153
2023-05-05 13:00:00,1.11869268504271,0.9927156633326449,1.747839319053805,1.0,1.0206451177908342
2023-05-05 14:00:00,1.11869268504271,0.9927156633326449,1.7614099060451347,1.0,1.0129189203293483
2023-05-05 15:00:00,1.11869268504271,0.9927156633326449,1.7663100601190298,1.0,1.010129095689426
2023-05-05 16:00:00,1.11869268504271,0.9927156633326449,1.772509268602157,1.0,1.0065996751215345
2023-05-05 17:00:00,1.11869268504271,0.9927156633326449,1.7865571825624604,1.0,0.9986017191562829
2023-05-05 18:00:00,1.11869268504271,0.9927156633326449,1.7790226669889126,1.0,1.002891375538506
2023-05-05 19:00:00,1.11869268504271,0.9927156633326449,1.7751557143288723,1.0,1.0050929634171129
2023-05-05 20:00:00,1.11869268504271,0.9927156633326449,1.7846660010271593,1.0,0.9996784332281641
2023-05-05 21:00:00,1.11869268504271,0.9927156633326449,1.7806963324370866,1.0,1.0019385007847965
2023-05-05 22:00:00,1.11869268504271,0.9927156633326449,1.7802190054681126,1.0,1.002210259288562
2023-05-05 23:00:00,1.11869268504271,0.9927156633326449,1.7865450983353977,1.0,0.9986085991184036
2023-05-06 00:00:00,1.11869268504271,0.9927156633326449,1.7812099120872482,1.0,1.001646102394669
2023-05-06 01:00:00,1.11869268504271,0.9927156633326449,1.7912277363221656,1.0,0.995942613796653
2023-05-06 02:00:00,1.11869268504271,0.9927156633326449,1.7838503157004322,1.0,0.9987320248321381
2023-05-06 03:00:00,1.11869268504271,0.9927156633326449,1.7791676777136645,1.0,0.9961095285873097
2023-05-06 04:00:00,1.11869268504271,0.9927156633326449,1.7732645327935712,1.0,0.9928034913857648
2023-05-06 05:00:00,1.11869268504271,0.9927156633326449,1.7722132050391226,1.0,0.9922146986804743
2023-05-06 06:00:00,1.11869268504271,0.9927156633326449,1.772086320654965,1.0,0.9921436374919048
2023-05-06 07:00:00,1.11869268504271,0.9927156633326449,1.7742373130721125,1.0,0.9933482938314646
2023-05-06 08:00:00,1.11869268504271,0.9927156633326449,1.7726724056675025,1.0,0.9924718725057736
2023-05-06 09:00:00,1.11869268504271,0.9927156633326449,1.770889982175765,1.0,0.9914736319996778
2023-05-06 10:00:00,1.11869268504271,0.9927156633326449,1.7681951995407994,1.0,0.9899644277091054
2023-05-06 11:00:00,1.11869268504271,0.9927156633326449,1.7657904383553367,1.0,0.9886176489924066
2023-05-06 12:00:00,1.11869268504271,0.9927156633326449,1.7674943143711672,1.0,0.9895718992389119
2023-05-06 13:00:00,1.11869268504271,0.9927156633326449,1.756823941874868,1.0,0.9835959916668257
2023-05-06 14:00:00,1.11869268504271,0.9927156633326449,1.7477305610102416,1.0,0.9785032731526752
2023-05-06 15:00:00,1.11869268504271,0.9927156633326449,1.7268006797377724,1.0,0.966781560904823
2023-05-06 16:00:00,1.11869268504271,0.9927156633326449,1.7248007401589078,1.0,0.9656615012183222
2023-05-06 17:00:00,1.11869268504271,0.9927156633326449,1.7324742243436755,1.0,0.9699590111937183
2023-05-06 18:00:00,1.11869268504271,0.9927156633326449,1.7368668408809402,1.0,0.9724190818646733
2023-05-06 19:00:00,1.11869268504271,0.9927156633326449,1.7455493580254373,1.0,0.9772816974825034
2023-05-06 20:00:00,1.11869268504271,0.9927156633326449,1.7413561312347061,1.0,0.9749332943935862
2023-05-06 21:00:00,1.11869268504271,0.9927156633326449,1.7384377903990815,1.0,0.9732988870564867
2023-05-06 22:00:00,1.11869268504271,0.9927156633326449,1.7392655599528715,1.0,0.97376247671525
2023-05-06 23:00:00,1.11869268504271,0.9927156633326449,1.740449814205009,1.0,0.9744257144752324
2023-05-07 00:00:00,1.11869268504271,0.9927156633326449,1.7417186580465849,1.0,0.9751363263609278
2023-05-07 01:00:00,1.11869268504271,0.9927156633326449,1.7472532340412676,1.0,0.9782359477290087
2023-05-07 02:00:00,1.11869268504271,0.992020762368312,1.7440207033020152,1.0,0.9750585726122933
2023-05-07 03:00:00,1.11869268504271,0.99450289531237,1.7396582973324068,1.0,0.9774982644990732
2023-05-07 04:00:00,1.11869268504271,0.994949816756591,1.738872822573336,1.0,0.9779375442016789
2023-05-07 05:00:00,1.11869268504271,0.9936399931392972,1.7411748678287666,1.0,0.9766501167655803
2023-05-07 06:00:00,1.11869268504271,0.9922304716613696,1.7436521343766052,1.0,0.9752646961650545
2023-05-07 07:00:00,1.11869268504271,0.9912163037687143,1.7454345578683426,1.0,0.9742678691476029
2023-05-07 08:00:00,1.11869268504271,0.9914775809207205,1.7449753572399627,1.0,0.9745246788198956
2023-05-07 09:00:00,1.11869268504271,0.9930693088335997,1.7421778586749646,1.0,0.9760891903760992
2023-05-07 10:00:00,1.11869268504271,0.9944272624525787,1.7397912238300959,1.0,0.9774239248570937
2023-05-07 11:00:00,1.11869268504271,0.9933615267009749,1.741664279024803,1.0,0.9763764117201107
2023-05-07 12:00:00,1.11869268504271,0.993722501713615,1.741029857104015,1.0,0.9767312145568308
2023-05-07 13:00:00,1.11869268504271,0.9910203459047098,1.7457789583396273,1.0,0.9740752618933836
2023-05-07 14:00:00,1.11869268504271,0.9909000209004964,1.7459904323132232,1.0,0.9739569942811435
2023-05-07 15:00:00,1.11869268504271,0.9866611428949238,1.7534403582973326,1.0,0.9697905952556594
2023-05-07 16:00:00,1.11869268504271,0.9900577458710031,1.7474707501283948,1.0,0.9731291209954633
2023-05-07 17:00:00,1.11869268504271,0.9897895930044704,1.7479420349838375,1.0,0.9728655531738998
2023-05-07 18:00:00,1.11869268504271,0.9915910302104073,1.7447759674934293,1.0,0.9746361882828647
2023-05-07 19:00:00,1.11869268504271,0.9931380659788644,1.7420570164043383,1.0,0.9761567718688078
2023-05-07 20:00:00,1.11869268504271,0.9914019480609292,1.7451082837376515,1.0,0.9744503391779161
2023-05-07 21:00:00,1.11869268504271,0.9911406709089231,1.7455674843660312,1.0,0.9741935295056235
2023-05-07 22:00:00,1.11869268504271,0.9960808717961962,1.7368849672215343,1.0,0.9790492597567351
2023-05-07 23:00:00,1.11869268504271,0.9971259804042207,1.735048164708015,1.0,0.9800764984459055
2023-05-08 00:00:00,1.11869268504271,1.007714580774994,1.71643845503157,1.0,0.990484048323027
2023-05-08 01:00:00,1.11869268504271,1.0027675041731945,1.72513305640313,1.0,0.9856215599226446
2023-05-08 02:00:00,1.11869268504271,1.0143068233429728,1.7036593849128425,1.0,0.9962656981149153
2023-05-08 03:00:00,1.11869268504271,1.0143068233429728,1.7072786109180993,1.0,0.9941486349413586
2023-05-08 04:00:00,1.11869268504271,1.0143068233429728,1.7024570043201113,1.0,0.9969690296199867
2023-05-08 05:00:00,1.11869268504271,1.0143068233429728,1.6977501978792182,1.0,0.9997222720443615
2023-05-08 06:00:00,1.11869268504271,1.0143068233429728,1.7058224615570527,1.0,0.9950004082716211
2023-05-08 07:00:00,1.11869268504271,1.0143068233429728,1.7006504123742487,1.0,0.9980257940421793
2023-05-08 08:00:00,1.11869268504271,1.0143068233429728,1.6885359747439657,1.0,1.0051121240304612
2023-05-08 09:00:00,1.11869268504271,1.0143068233429728,1.672421657955953,1.0,1.014538179930086
2023-05-08 10:00:00,1.11869268504271,1.0143068233429728,1.6850496752363977,1.0,1.0071514319622512
2023-05-08 11:00:00,1.11869268504271,1.0143068233429728,1.686463529802725,1.0,1.0063243989361872
2023-05-08 12:00:00,1.11869268504271,1.0143068233429728,1.6863910244403493,1.0,1.0063668108862418
2023-05-08 13:00:00,1.11869268504271,1.0143068233429728,1.6764034107730885,1.0,1.0122090570062567
2023-05-08 14:00:00,1.11869268504271,1.0143068233429728,1.68170234434005,1.0,1.009109450323103
2023-05-08 15:00:00,1.11869268504271,1.0143068233429728,1.688566185311622,1.0,1.0050944523846053
2023-05-08 16:00:00,1.11869268504271,1.0143068233429728,1.683490809945319,1.0,1.008063288888424
2023-05-08 17:00:00,1.11869268504271,1.0143068233429728,1.6825119875532462,1.0,1.0086358502141606
2023-05-08 18:00:00,1.11869268504271,1.0143068233429728,1.662391749493973,1.0,1.0204051663542997
2023-05-08 19:00:00,1.11869268504271,1.0143068233429728,1.658784607715779,1.0,1.0225151608695138
2023-05-08 20:00:00,1.11869268504271,1.0143068233429728,1.650549206972599,1.0,1.027332451529877
2023-05-08 21:00:00,1.11869268504271,1.0143068233429728,1.6620352647956256,1.0,1.0206136917754012
2023-05-08 22:00:00,1.11869268504271,1.0143068233429728,1.6627663605329146,1.0,1.0201860379456844
2023-05-08 23:00:00,1.11869268504271,1.0143068233429728,1.6692253798978882,1.0,1.0164078400616579
2023-05-09 00:00:00,1.11869268504271,1.0143068233429728,1.6705365185341834,1.0,1.0156408906315046
2023-05-09 01:00:00,1.11869268504271,1.0143068233429728,1.6650079846530317,1.0,1.0188748018231646
2023-05-09 02:00:00,1.11869268504271,1.0143068233429728,1.6721980997552945,1.0,1.0132741691144667
2023-05-09 03:00:00,1.11869268504271,1.0143068233429728,1.668639294885351,1.0,1.0154312467319817
2023-05-09 04:00:00,1.11869268504271,1.0143068233429728,1.667672556720341,1.0,1.0160172100915783
2023-05-09 05:00:00,1.11869268504271,1.0143068233429728,1.6668024923718316,1.0,1.0165445771152153
2023-05-09 06:00:00,1.11869268504271,1.0143068233429728,1.663316192864264,1.0,1.0186577074807608
2023-05-09 07:00:00,1.11869268504271,1.0143068233429728,1.6630020029606356,1.0,1.0188481455726297
2023-05-09 08:00:00,1.11869268504271,1.0143068233429728,1.6699020966133955,1.0,1.0146658320935087
2023-05-09 09:00:00,1.11869268504271,1.0143068233429728,1.6643252258239933,1.0,1.0180461082241816
2023-05-09 10:00:00,1.11869268504271,1.0143068233429728,1.6650744479018762,1.0,1.0175919866204943
2023-05-09 11:00:00,1.11869268504271,1.0143068233429728,1.6653342587837228,1.0,1.0174345089676027
2023-05-09 12:00:00,1.11869268504271,1.0143068233429728,1.6707842451889672,1.0,1.0141311405278766
2023-05-09 13:00:00,1.11869268504271,1.0143068233429728,1.675678357149331,1.0,1.0111647010199187
2023-05-09 14:00:00,1.11869268504271,1.0143068233429728,1.667249608773149,1.0,1.0162735690614018
2023-05-09 15:00:00,1.11869268504271,1.0143068233429728,1.662276949336878,1.0,1.0192876180923272
2023-05-09 16:00:00,1.11869268504271,1.0143068233429728,1.6539811274583849,1.0,1.0243159161718656
2023-05-09 17:00:00,1.11869268504271,1.0143068233429728,1.6724337421830158,1.0,1.0131313405455649
2023-05-09 18:00:00,1.11869268504271,1.0143068233429728,1.667249608773149,1.0,1.0162735690614018
2023-05-09 19:00:00,1.11869268504271,1.0143068233429728,1.6636545512220176,1.0,1.0184526203049018
2023-05-09 20:00:00,1.11869268504271,1.0143068233429728,1.673249427509743,1.0,1.0126369339609054
2023-05-09 21:00:00,1.11869268504271,1.0143068233429728,1.6690984955137307,1.0,1.0151529141361733
2023-05-09 22:00:00,1.11869268504271,1.0143068233429728,1.6662949548352013,1.0,1.0168522078790037
2023-05-09 23:00:00,1.11869268504271,1.0143068233429728,1.6647481737711853,1.0,1.0177897492543582
2023-05-10 00:00:00,1.11869268504271,1.0143068233429728,1.667539630222652,1.0,1.016097780053523
2023-05-10 01:00:00,1.11869268504271,1.0143068233429728,1.6751345669315127,1.0,1.0114943054096919
2023-05-10 02:00:00,1.11869268504271,1.0143068233429728,1.6720651732576055,1.0,1.0119361552001718
2023-05-10 03:00:00,1.11869268504271,1.0143068233429728,1.67070569771306,1.0,1.011113166926665
2023-05-10 04:00:00,1.11869268504271,1.0143068233429728,1.671086350865533,1.0,1.011343603643247
2023-05-10 05:00:00,1.11869268504271,1.0143068233429728,1.6713703302015044,1.0,1.0115155167492684
2023-05-10 06:00:00,1.11869268504271,1.0143068233429728,1.6697087489803932,1.0,1.0105096421927602
2023-05-10 07:00:00,1.11869268504271,1.0143068233429728,1.667732977855654,1.0,1.0093135659019306
2023-05-10 08:00:00,1.11869268504271,1.0143068233429728,1.662832823781759,1.0,1.0063471503916466
2023-05-10 09:00:00,1.11869268504271,1.0143068233429728,1.664530657684058,1.0,1.007374971302115
2023-05-10 10:00:00,1.11869268504271,1.0143068233429728,1.6649113108365308,1.0,1.0076054080186967
2023-05-10 11:00:00,1.11869268504271,1.0143068233429728,1.665666575027945,1.0,1.0080626237262005
2023-05-10 12:00:00,1.11869268504271,1.0143068233429728,1.6705848554424338,1.0,1.0110400124134644
2023-05-10 13:00:00,1.11869268504271,1.0143068233429728,1.700771254644875,1.0,1.0293140098109728
2023-05-10 14:00:00,1.11869268504271,1.0143068233429728,1.7003845593788707,1.0,1.0290799153687307
2023-05-10 15:00:00,1.11869268504271,1.0143068233429728,1.695798595208604,1.0,1.0263037015927683
2023-05-10 16:00:00,1.11869268504271,1.0143068233429728,1.6996232530739255,1.0,1.028619041935567
2023-05-10 17:00:00,1.11869268504271,1.0143068233429728,1.7011579499108789,1.0,1.0295481042532144
2023-05-10 18:00:00,1.11869268504271,1.0143068233429728,1.6597392616537265,1.0,1.0044743948537114
2023-05-10 19:00:00,1.11869268504271,1.0143068233429728,1.6558662668801547,1.0,1.0021297927056323
2023-05-10 20:00:00,1.11869268504271,1.0143068233429728,1.6719745415546359,1.0,1.0118812893152713
2023-05-10 21:00:00,1.11869268504271,1.0143068233429728,1.6819319446542402,1.0,1.0179092212030003
2023-05-10 22:00:00,1.11869268504271,1.0143068233429728,1.6607241261593306,1.0,1.0050706041362962
2023-05-10 23:00:00,1.11869268504271,1.0143068233429728,1.6702767076523368,1.0,1.010853468404803
2023-05-11 00:00:00,1.11869268504271,1.0143068233429728,1.6658961753421349,1.0,1.0082016173012815
2023-05-11 01:00:00,1.11869268504271,1.0143068233429728,1.6608812211111448,1.0,1.005165705003457
2023-05-11 02:00:00,1.11869268504271,1.0135968085666327,1.663509540497266,1.0,1.0053473535857618
2023-05-11 03:00:00,1.11869268504271,1.0118402258711343,1.6606274523428295,1.0,1.007089639817672
2023-05-11 04:00:00,1.11869268504271,1.0096049099462547,1.6569598894293223,1.0,1.0093067629681323
2023-05-11 05:00:00,1.11869268504271,1.0114056834013885,1.6599144829461345,1.0,1.0075206456360482
2023-05-11 06:00:00,1.11869268504271,1.012565690841812,1.6618177487084984,1.0,1.0063700792564847
2023-05-11 07:00:00,1.11869268504271,1.0116008592564438,1.6602347149632941,1.0,1.0073270582769471
2023-05-11 08:00:00,1.11869268504271,1.0096932914655252,1.657104900154074,1.0,1.0092191007677846
2023-05-11 09:00:00,1.11869268504271,1.0076421037057923,1.6537394429171324,1.0,1.0112535943341872
2023-05-11 10:00:00,1.11869268504271,1.0084706804489518,1.655098918461678,1.0,1.0104317612059277
2023-05-11 11:00:00,1.11869268504271,1.010028404726092,1.6576547324854234,1.0,1.0088867149247998
2023-05-11 12:00:00,1.11869268504271,1.0080619159223265,1.6544282438597022,1.0,1.0108371988825358
2023-05-11 13:00:00,1.11869268504271,1.0077709934213948,1.6539509168907285,1.0,1.0111257536253468
2023-05-11 14:00:00,1.11869268504271,1.0008367267219747,1.6425736171112657,1.0,1.0180035837609591
2023-05-11 15:00:00,1.11869268504271,0.9976770874080594,1.637389483701399,1.0,1.0211375074233888
2023-05-11 16:00:00,1.11869268504271,0.9997061797879746,1.6407186882571523,1.0,1.0191249294070732
2023-05-11 17:00:00,1.11869268504271,0.9978207073768737,1.63762512612912,1.0,1.020995056347824
2023-05-11 18:00:00,1.11869268504271,0.9896785599140919,1.6242660131113864,1.0,1.0290709365548547
2023-05-11 19:00:00,1.11869268504271,0.991770255870157,1.6276979335971724,1.0,1.0269962644799593
2023-05-11 20:00:00,1.11869268504271,0.9873769578497597,1.6204896921543157,1.0,1.0313538063555756
2023-05-11 21:00:00,1.11869268504271,0.9929192156206718,1.629583073018942,1.0,1.0258566558754394
2023-05-11 22:00:00,1.11869268504271,0.9923373706188086,1.6286284190809948,1.0,1.0264337653610616
2023-05-11 23:00:00,1.11869268504271,0.9895312573819747,1.624024328570134,1.0,1.0292170402221008
2023-05-12 00:00:00,1.11869268504271,0.9919764794151212,1.628036291954926,1.0,1.0267917193458147
2023-05-12 01:00:00,1.11869268504271,0.9943185896757858,1.631879076160841,1.0,1.024468671036601
2023-05-12 02:00:00,1.11869268504271,0.9872302268593476,1.622519842300837,1.0,1.0287190371138888
2023-05-12 03:00:00,1.11869268504271,0.9786583412130456,1.6084356756593456,1.0,1.0376511602482936
2023-05-12 04:00:00,1.11869268504271,0.9765512238920113,1.6049735446059032,1.0,1.0398468301564934
2023-05-12 05:00:00,1.11869268504271,0.979121686383116,1.609196981964291,1.0,1.037168342781569
2023-05-12 06:00:00,1.11869268504271,0.9650264321221655,1.5860375607987673,1.0,1.0518559566701036
2023-05-12 07:00:00,1.11869268504271,0.9659788638606436,1.5876024682033776,1.0,1.0508634985440584
2023-05-12 08:00:00,1.11869268504271,0.9662289231587768,1.588013331923507,1.0,1.0506029303874136
2023-05-12 09:00:00,1.11869268504271,0.9656148069413025,1.5870042989637776,1.0,1.0512428551250563
2023-05-12 10:00:00,1.11869268504271,0.9689758980956227,1.592526790731398,1.0,1.047740512548975
2023-05-12 11:00:00,1.11869268504271,0.9674608329363449,1.590037439956497,1.0,1.0493192490274712
2023-05-12 12:00:00,1.11869268504271,0.9676594094378036,1.5903637140871878,1.0,1.0491123272560177
2023-05-12 13:00:00,1.11869268504271,0.9700239407422104,1.5942487930878222,1.0,1.0466484254218598
2023-05-12 14:00:00,1.11869268504271,0.9714544270212371,1.596599175251503,1.0,1.045157822290464
2023-05-12 15:00:00,1.11869268504271,0.9665267879109648,1.5885027431195433,1.0,1.0502925477302334
2023-05-12 16:00:00,1.11869268504271,0.9667290417550432,1.5888350593637655,1.0,1.0500817940741236
2023-05-12 17:00:00,1.11869268504271,0.9657692553313261,1.5872580677320927,1.0,1.0510819159694815
2023-05-12 18:00:00,1.11869268504271,0.966030346657318,1.587687057792816,1.0,1.050809852158867
2023-05-12 19:00:00,1.11869268504271,0.9660855067966121,1.5877776894957856,1.0,1.0507523738890188
2023-05-12 20:00:00,1.11869268504271,0.9717853878570016,1.5971429654693212,1.0,1.044812952671375
2023-05-12 21:00:00,1.11869268504271,0.9710683060461784,1.595964753330715,1.0,1.0455601701794013
2023-05-12 22:00:00,1.11869268504271,0.9823798119440871,1.6145502945530348,1.0,1.0337732929758707
2023-05-12 23:00:00,1.11869268504271,0.9802690172804331,1.6110821213860609,1.0,1.0359727947687272
2023-05-13 00:00:00,1.11869268504271,0.9842920301062823,1.6176921935893176,1.0,1.0317807129544676
2023-05-13 01:00:00,1.11869268504271,0.9857850312098424,1.6201452916830308,1.0,1.0302249677839106
2023-05-13 02:00:00,1.11869268504271,0.9841258445512232,1.6196860910546511,1.0,1.029075983485243
2023-05-13 03:00:00,1.11869268504271,0.9822640443032299,1.6166227394942752,1.0,1.0310228218208732
2023-05-13 04:00:00,1.11869268504271,0.9832592077493959,1.618260152261261,1.0,1.0299822040911775
2023-05-13 05:00:00,1.11869268504271,0.9829066775249238,1.617680109362255,1.0,1.030350836202066
2023-05-13 06:00:00,1.11869268504271,0.9809310393919447,1.6144294522824085,1.0,1.0324167119901706
2023-05-13 07:00:00,1.11869268504271,0.9805968701166637,1.6138796199510588,1.0,1.0327661445119505
2023-05-13 08:00:00,1.11869268504271,0.9819592525466551,1.6161212440711763,1.0,1.031341535000079
2023-05-13 09:00:00,1.11869268504271,0.9829801213216888,1.6178009516328813,1.0,1.0302740378456308
2023-05-13 10:00:00,1.11869268504271,0.9844820469655335,1.6202721760671885,1.0,1.0287035114565326
2023-05-13 11:00:00,1.11869268504271,0.9841074836020319,1.6196558804869945,1.0,1.0290951830743518
2023-05-13 12:00:00,1.11869268504271,0.9839863013373696,1.6194564907404612,1.0,1.0292219003624696
2023-05-13 13:00:00,1.11869268504271,0.9838063640352953,1.6191604271774267,1.0,1.0294100563357358
2023-05-13 14:00:00,1.11869268504271,0.9838504303133544,1.6192329325398025,1.0,1.0293639773218746
2023-05-13 15:00:00,1.11869268504271,0.9827524455517173,1.6174263405939397,1.0,1.0305121127505796
2023-05-13 16:00:00,1.11869268504271,0.9835309497974265,1.6187072686625783,1.0,1.0296980501723674
2023-05-13 17:00:00,1.11869268504271,0.9838210527946484,1.619184595631552,1.0,1.0293946966644487
2023-05-13 18:00:00,1.11869268504271,0.9835052444685587,1.618664973867859,1.0,1.0297249295971198
2023-05-13 19:00:00,1.11869268504271,0.9824623425544955,1.6169490136249662,1.0,1.0308154662584983
2023-05-13 20:00:00,1.11869268504271,0.9842874209041061,1.6199519440500287,1.0,1.0289070271010858
2023-05-13 21:00:00,1.11869268504271,0.9868212318924995,1.6241210023866348,1.0,1.0262574838040743
2023-05-13 22:00:00,1.11869268504271,0.985220157123022,1.6214866408869824,1.0,1.0279316879743599
2023-05-13 23:00:00,1.11869268504271,0.9863658803525563,1.6233717803087522,1.0,1.0267336336139719
2023-05-14 00:00:00,1.11869268504271,0.982091451380832,1.6163387601583035,1.0,1.0312032979584957
2023-05-14 01:00:00,1.11869268504271,0.9809383837716212,1.614441536509471,1.0,1.032409032154527
2023-05-14 02:00:00,1.11869268504271,0.9798659343164624,1.6138071145886832,1.0,1.0313715153181744
2023-05-14 03:00:00,1.11869268504271,0.9798659343164624,1.61853204737017,1.0,1.0283510426049647
2023-05-14 04:00:00,1.11869268504271,0.9798659343164624,1.6218249992447358,1.0,1.0262459816986995
2023-05-14 05:00:00,1.11869268504271,0.9798659343164624,1.6193779432645539,1.0,1.0278102930143644
2023-05-14 06:00:00,1.11869268504271,0.9798659343164624,1.6196135856922753,1.0,1.0276596556284114
2023-05-14 07:00:00,1.11869268504271,0.9798659343164624,1.6203386393160328,1.0,1.0271961559793257
2023-05-14 08:00:00,1.11869268504271,0.9798659343164624,1.620997229690946,1.0,1.0267751437980726
2023-05-14 09:00:00,1.11869268504271,0.9798659343164624,1.6205078184949095,1.0,1.0270880060612055
2023-05-14 10:00:00,1.11869268504271,0.9798659343164624,1.6201513337965623,1.0,1.0273158933886728
2023-05-14 11:00:00,1.11869268504271,0.9798659343164624,1.619649838373463,1.0,1.0276364806459573
2023-05-14 12:00:00,1.11869268504271,0.9798659343164624,1.6182722364883237,1.0,1.0285171299792204
2023-05-14 13:00:00,1.11869268504271,0.9798659343164624,1.6222721156460531,1.0,1.0259601569150967
2023-05-14 14:00:00,1.11869268504271,0.9798659343164624,1.624507697652639,1.0,1.0245310329970818
2023-05-14 15:00:00,1.11869268504271,0.9798659343164624,1.627655638802453,1.0,1.0225186720206338
2023-05-14 16:00:00,1.11869268504271,0.9798659343164624,1.6349847225159362,1.0,1.0178334630677905
2023-05-14 17:00:00,1.11869268504271,0.9798659343164624,1.6271662276064167,1.0,1.0228315342837668
2023-05-14 18:00:00,1.11869268504271,0.9798659343164624,1.6263867949608772,1.0,1.0233297964065342
2023-05-14 19:00:00,1.11869268504271,0.9798659343164624,1.6251723301410834,1.0,1.024106158318753
2023-05-14 20:00:00,1.11869268504271,0.9798659343164624,1.6225138001873056,1.0,1.025805657032068
2023-05-14 21:00:00,1.11869268504271,0.9798659343164624,1.626302205371439,1.0,1.023383871365594
2023-05-14 22:00:00,1.11869268504271,0.9798659343164624,1.6243868553820127,1.0,1.024608282938596
2023-05-14 23:00:00,1.11869268504271,0.9798659343164624,1.6239155705265702,1.0,1.0249095577105019
2023-05-15 00:00:00,1.11869268504271,0.9798659343164624,1.6247433400803604,1.0,1.0243803956111288
2023-05-15 01:00:00,1.11869268504271,0.9798659343164624,1.6178432464276005,1.0,1.0287913672715963
2023-05-15 02:00:00,1.11869268504271,0.9798659343164624,1.6422473429805746,1.0,1.0117468303699138
2023-05-15 03:00:00,1.11869268504271,0.9798659343164624,1.6393833811667322,1.0,1.009981932642871
2023-05-15 04:00:00,1.11869268504271,0.9798659343164624,1.6437457871363406,1.0,1.012670236775624
2023-05-15 05:00:00,1.11869268504271,0.9798659343164624,1.6470931180326878,1.0,1.0147330075367669
2023-05-15 06:00:00,1.11869268504271,0.9798659343164624,1.6501504274795324,1.0,1.0166170544774498
2023-05-15 07:00:00,1.11869268504271,0.9798659343164624,1.6586818917857467,1.0,1.0218745135293157
2023-05-15 08:00:00,1.11869268504271,0.9798659343164624,1.654754517990393,1.0,1.0194542951272527
2023-05-15 09:00:00,1.11869268504271,0.9798659343164624,1.6561744146702517,1.0,1.0203292971649216
2023-05-15 10:00:00,1.11869268504271,0.9798659343164624,1.6535038004894114,1.0,1.0186835486515189
2023-05-15 11:00:00,1.11869268504271,0.9798659343164624,1.6547243074227365,1.0,1.0194356780626215
2023-05-15 12:00:00,1.11869268504271,0.9798659343164624,1.650198764387783,1.0,1.0166468417808598
2023-05-15 13:00:00,1.11869268504271,0.9798659343164624,1.653672979668288,1.0,1.018787804213454
2023-05-15 14:00:00,1.11869268504271,0.9798659343164624,1.652518935983807,1.0,1.01807663234454
2023-05-15 15:00:00,1.11869268504271,0.9798659343164624,1.6542771910214193,1.0,1.019160145506079
2023-05-15 16:00:00,1.11869268504271,0.9798659343164624,1.6538119482795082,1.0,1.0188734427107577
2023-05-15 17:00:00,1.11869268504271,0.9798659343164624,1.6589235763269992,1.0,1.0220234500463659
2023-05-15 18:00:00,1.11869268504271,0.9798659343164624,1.660464315277484,1.0,1.0229729203425597
2023-05-15 19:00:00,1.11869268504271,0.9798659343164624,1.656041488172563,1.0,1.0202473820805442
2023-05-15 20:00:00,1.11869268504271,0.9798659343164624,1.655449361046494,1.0,1.0198824876137715
2023-05-15 21:00:00,1.11869268504271,0.9798659343164624,1.6511232077580738,1.0,1.0172165239585762
2023-05-15 22:00:00,1.11869268504271,0.9798659343164624,1.6519630615389265,1.0,1.017734078355325
2023-05-15 23:00:00,1.11869268504271,0.9798659343164624,1.6487124044590797,1.0,1.015730882201002
2023-05-16 00:00:00,1.11869268504271,0.9798659343164624,1.6398848765898313,1.0,1.0102909759157497
2023-05-16 01:00:00,1.11869268504271,0.9798659343164624,1.6423983958188575,1.0,1.01183991569307
2023-05-16 02:00:00,1.11869268504271,0.9798659343164624,1.6312084015588655,1.0,1.0035372298034078
2023-05-16 03:00:00,1.11869268504271,0.9798659343164624,1.6347188695205583,1.0,1.005697493846017
2023-05-16 04:00:00,1.11869268504271,0.9798659343164624,1.6378426422162473,1.0,1.0076197942075127
2023-05-16 05:00:00,1.11869268504271,0.9798659343164624,1.6367308933264857,1.0,1.006935648624311
2023-05-16 06:00:00,1.11869268504271,0.9798659343164624,1.6336977523337664,1.0,1.0050691210005764
2023-05-16 07:00:00,1.11869268504271,0.9798659343164624,1.6337642155826109,1.0,1.0051100210082677
2023-05-16 08:00:00,1.11869268504271,0.9798659343164624,1.6452079786109182,1.0,1.0121522586962228
2023-05-16 09:00:00,1.11869268504271,0.9798659343164624,1.6421808797317303,1.0,1.0102894492550056
2023-05-16 10:00:00,1.11869268504271,0.9798659343164624,1.6355345548472857,1.0,1.0061994484858658
2023-05-16 11:00:00,1.11869268504271,0.9798659343164624,1.6307371167034228,1.0,1.0032472115670505
2023-05-16 12:00:00,1.11869268504271,0.9798659343164624,1.633649415425516,1.0,1.0050393755404372
2023-05-16 13:00:00,1.11869268504271,0.9798659343164624,1.6335285731548896,1.0,1.0049650118900892
2023-05-16 14:00:00,1.11869268504271,0.9798659343164624,1.6288338509410591,1.0,1.0020759840740696
2023-05-16 15:00:00,1.11869268504271,0.9798659343164624,1.629099703936437,1.0,1.0022395841048353
2023-05-16 16:00:00,1.11869268504271,0.9798659343164624,1.632356403129815,1.0,1.0042436844817137
2023-05-16 17:00:00,1.11869268504271,0.9798659343164624,1.6332989728406997,1.0,1.004823720954428
2023-05-16 18:00:00,1.11869268504271,0.9798659343164624,1.635172028035407,1.0,1.005976357534822
2023-05-16 19:00:00,1.11869268504271,0.9798659343164624,1.633129793661823,1.0,1.0047196118439408
2023-05-16 20:00:00,1.11869268504271,0.9798659343164624,1.6257100782453704,1.0,1.000153683712574
2023-05-16 21:00:00,1.11869268504271,0.9798659343164624,1.627172269719948,1.0,1.0010534838817846
2023-05-16 22:00:00,1.11869268504271,0.9798659343164624,1.630773369384611,1.0,1.003269520662155
2023-05-16 23:00:00,1.11869268504271,0.9798659343164624,1.6300120630796653,1.0,1.0028010296649625
2023-05-17 00:00:00,1.11869268504271,0.9798659343164624,1.632163055496813,1.0,1.0041247026411568
2023-05-17 01:00:00,1.11869268504271,0.9798659343164624,1.6359514606809464,1.0,1.0064560030795666
2023-05-17 02:00:00,1.11869268504271,0.9798659343164624,1.640344077218211,1.0,1.0077463017539654
2023-05-17 03:00:00,1.11869268504271,0.9798659343164624,1.6337762998096736,1.0,1.0117823235701568
2023-05-17 04:00:00,1.11869268504271,0.9798659343164624,1.6338185946043926,1.0,1.0117563326292984
2023-05-17 05:00:00,1.11869268504271,0.9798659343164624,1.6342415425515846,1.0,1.011496423220712
2023-05-17 06:00:00,1.11869268504271,0.9798659343164624,1.6293595148182836,1.0,1.0144965203941092
2023-05-17 07:00:00,1.11869268504271,0.9798659343164624,1.6298187154466635,1.0,1.0142143330362154
2023-05-17 08:00:00,1.11869268504271,0.9798659343164624,1.6205078184949095,1.0,1.0199360530166675
2023-05-17 09:00:00,1.11869268504271,0.9798659343164624,1.6188220688196733,1.0,1.0209719776594617
2023-05-17 10:00:00,1.11869268504271,0.9798659343164624,1.6222781577595844,1.0,1.018848146492156
2023-05-17 11:00:00,1.11869268504271,0.9798659343164624,1.621921673061237,1.0,1.0190672129936786
2023-05-17 12:00:00,1.11869268504271,0.9798659343164624,1.6080973173015922,1.0,1.0275625376629025
2023-05-17 13:00:00,1.11869268504271,0.9798659343164624,1.6101214253345821,1.0,1.0263186854932391
2023-05-17 14:00:00,1.11869268504271,0.9798659343164624,1.6076260324461495,1.0,1.027852151003899
2023-05-17 15:00:00,1.11869268504271,0.9798659343164624,1.6167858765596206,1.0,1.0222232558122277
2023-05-17 16:00:00,1.11869268504271,0.9798659343164624,1.6178674148817256,1.0,1.021558630324557
2023-05-17 17:00:00,1.11869268504271,0.9798659343164624,1.6241270445001663,1.0,1.017711971077478
2023-05-17 18:00:00,1.11869268504271,0.9798659343164624,1.6353230808736896,1.0,1.010831797733041
2023-05-17 19:00:00,1.11869268504271,0.9798659343164624,1.6356070602096615,1.0,1.010657287130133
2023-05-17 20:00:00,1.11869268504271,0.9798659343164624,1.6534494214676294,1.0,0.9996928230793383
2023-05-17 21:00:00,1.11869268504271,0.9798659343164624,1.6506337965620375,1.0,1.0014230771422132
2023-05-17 22:00:00,1.11869268504271,0.9798659343164624,1.6522349566478356,1.0,1.0004391343811363
2023-05-17 23:00:00,1.11869268504271,0.9798659343164624,1.6501383432524699,1.0,1.0017275424494145
2023-05-18 00:00:00,1.11869268504271,0.9798659343164624,1.654579296697985,1.0,0.9989984936592574
2023-05-18 01:00:00,1.11869268504271,0.9798659343164624,1.6516972085435486,1.0,1.0007695906291962
2023-05-18 02:00:00,1.11869268504271,0.9798659343164624,1.6495522582399325,1.0,1.0006768605801422
2023-05-18 03:00:00,1.11869268504271,0.9798659343164624,1.651068828736292,1.0,1.001597119926923
2023-05-18 04:00:00,1.11869268504271,0.9798659343164624,1.6522530829884294,1.0,1.0023157288192297
2023-05-18 05:00:00,1.11869268504271,0.9798659343164624,1.6483317513066071,1.0,0.9999362534564382
2023-05-18 06:00:00,1.11869268504271,0.9798659343164624,1.643431597232712,1.0,0.9969628258459237
2023-05-18 07:00:00,1.11869268504271,0.9798659343164624,1.642543406543609,1.0,0.9964238691766936
2023-05-18 08:00:00,1.11869268504271,0.9798659343164624,1.6533346213105344,1.0,1.0029720093892445
2023-05-18 09:00:00,1.11869268504271,0.9798659343164624,1.653189610585783,1.0,1.002884016463656
2023-05-18 10:00:00,1.11869268504271,0.9798659343164624,1.6543919911785143,1.0,1.0036136244716614
2023-05-18 11:00:00,1.11869268504271,0.9798659343164624,1.651050702395698,1.0,1.0015861208112242
2023-05-18 12:00:00,1.11869268504271,0.9798659343164624,1.6543436542702639,1.0,1.0035842934964652
2023-05-18 13:00:00,1.11869268504271,0.9798659343164624,1.6442351983323766,1.0,0.9974504533085604
2023-05-18 14:00:00,1.11869268504271,0.9798659343164624,1.6455584211957344,1.0,0.9982533887545564
2023-05-18 15:00:00,1.11869268504271,0.9798659343164624,1.6449300413884778,1.0,0.9978720860770057
2023-05-18 16:00:00,1.11869268504271,0.9798659343164624,1.6352143228301261,1.0,0.9919765600625701
2023-05-18 17:00:00,1.11869268504271,0.9798659343164624,1.6343019636868976,1.0,0.9914229379057418
2023-05-18 18:00:00,1.11869268504271,0.9798659343164624,1.5989555995287152,1.0,0.9699746622935222
2023-05-18 19:00:00,1.11869268504271,0.9798659343164624,1.606526367783451,1.0,0.9745686262836268
2023-05-18 20:00:00,1.11869268504271,0.9798659343164624,1.613710440772182,1.0,0.9789279424721616
2023-05-18 21:00:00,1.11869268504271,0.9798659343164624,1.6130760188513942,1.0,0.9785429734227116
2023-05-18 22:00:00,1.11869268504271,0.9798659343164624,1.624719171626235,1.0,0.9856080720730956
2023-05-18 23:00:00,1.11869268504271,0.9798659343164624,1.623389906649346,1.0,0.9848014702552003
2023-05-19 00:00:00,1.11869268504271,0.9798659343164624,1.6191543850638954,1.0,0.9822313435536335
2023-05-19 01:00:00,1.11869268504271,0.9798659343164624,1.6228884112262472,1.0,0.9844971613875397
2023-05-19 02:00:00,1.11869268504271,0.9798659343164624,1.6185139210295763,1.0,0.9804681191121639
2023-05-19 03:00:00,1.11869268504271,0.9798659343164624,1.6181332678771034,1.0,0.9806987740684917
2023-05-19 04:00:00,1.11869268504271,0.9798659343164624,1.6200969547747803,1.0,0.979508887389023
2023-05-19 05:00:00,1.11869268504271,0.9798659343164624,1.6224352527113985,1.0,0.9780920069430094
2023-05-19 06:00:00,1.11869268504271,0.9798659343164624,1.6224594211655237,1.0,0.9780773621838775
2023-05-19 07:00:00,1.11869268504271,0.9798659343164624,1.6240847497054471,1.0,0.9770925021322556
2023-05-19 08:00:00,1.11869268504271,0.9798659343164624,1.6211241140751036,1.0,0.9788864851259161
2023-05-19 09:00:00,1.11869268504271,0.9798659343164624,1.623063632518655,1.0,0.9777112432055794
2023-05-19 10:00:00,1.11869268504271,0.9798659343164624,1.6204715658137219,1.0,0.9792818936224781
2023-05-19 11:00:00,1.11869268504271,0.9798659343164624,1.6192389746533338,1.0,0.9800287763382062
2023-05-19 12:00:00,1.11869268504271,0.9798659343164624,1.621232872118667,1.0,0.9788205837098226
2023-05-19 13:00:00,1.11869268504271,0.9798659343164624,1.6244593607443885,1.0,0.9768655083657107
2023-05-19 14:00:00,1.11869268504271,0.9798659343164624,1.6217827044500168,1.0,0.9784874154395712
2023-05-19 15:00:00,1.11869268504271,0.9798659343164624,1.6201573759100933,1.0,0.9794722754911931
2023-05-19 16:00:00,1.11869268504271,0.9798659343164624,1.6228159058638714,1.0,0.9778613519866816
2023-05-19 17:00:00,1.11869268504271,0.9798659343164624,1.6199459019364975,1.0,0.9796004171335975
2023-05-19 18:00:00,1.11869268504271,0.9798659343164624,1.624894392918643,1.0,0.9766019027013361
2023-05-19 19:00:00,1.11869268504271,0.9798659343164624,1.6232207274704693,1.0,0.9776160522712218
2023-05-19 20:00:00,1.11869268504271,0.9798659343164624,1.62018758647775,1.0,0.9794539695422783
2023-05-19 21:00:00,1.11869268504271,0.9798659343164624,1.619782764871152,1.0,0.979699269257738
2023-05-19 22:00:00,1.11869268504271,0.9798659343164624,1.624453318630857,1.0,0.9768691695554939
2023-05-19 23:00:00,1.11869268504271,0.9798659343164624,1.6223083683272408,1.0,0.978168891928452
2023-05-20 00:00:00,1.11869268504271,0.9798659343164624,1.6228219479774024,1.0,0.9778576907968987
2023-05-20 01:00:00,1.11869268504271,0.9798659343164624,1.6206769976737863,1.0,0.9791574131698568
2023-05-20 02:00:00,1.11869268504271,0.9798659343164624,1.6216014410440773,1.0,0.9772245966830289
2023-05-20 03:00:00,1.11869268504271,0.9798659343164624,1.6201815443642187,1.0,0.976368695371393
2023-05-20 04:00:00,1.11869268504271,0.9798659343164624,1.6215591462493582,1.0,0.9771991017503419
2023-05-20 05:00:00,1.11869268504271,0.9798659343164624,1.6223385788948974,1.0,0.9776689369384312
2023-05-20 06:00:00,1.11869268504271,0.9798659343164624,1.6218370834717986,1.0,0.977366639879428
2023-05-20 07:00:00,1.11869268504271,0.9798659343164624,1.621039524485665,1.0,0.9768858782916154
2023-05-20 08:00:00,1.11869268504271,0.9798659343164624,1.6211180719615723,1.0,0.9769332260237485
2023-05-20 09:00:00,1.11869268504271,0.9798659343164624,1.624296223679043,1.0,0.9788489881085163
2023-05-20 10:00:00,1.11869268504271,0.9798659343164624,1.6229307060209663,1.0,0.9780258659960496
2023-05-20 11:00:00,1.11869268504271,0.9798659343164624,1.6231723905622188,1.0,0.9781715513256898
2023-05-20 12:00:00,1.11869268504271,0.9798659343164624,1.6227252741609015,1.0,0.9779020334658555
2023-05-20 13:00:00,1.11869268504271,0.9798659343164624,1.6235953385094108,1.0,0.97842650065256
2023-05-20 14:00:00,1.11869268504271,0.9798659343164624,1.6233536539681581,1.0,0.9782808153229199
2023-05-20 15:00:00,1.11869268504271,0.9798659343164624,1.624991066735144,1.0,0.9792678334312317
2023-05-20 16:00:00,1.11869268504271,0.9798659343164624,1.626803700794538,1.0,0.9803604734035327
2023-05-20 17:00:00,1.11869268504271,0.9798659343164624,1.6250212773028005,1.0,0.9792860440974368
2023-05-20 18:00:00,1.11869268504271,0.9798659343164624,1.6385193589317546,1.0,0.9874225697578385
2023-05-20 19:00:00,1.11869268504271,0.9798659343164624,1.631818655025528,1.0,0.9833834439935656
2023-05-20 20:00:00,1.11869268504271,0.9798659343164624,1.6339515211020816,1.0,0.9846691170276398
2023-05-20 21:00:00,1.11869268504271,0.9798659343164624,1.6308035799522673,1.0,0.9827715656090771
2023-05-20 22:00:00,1.11869268504271,0.9798659343164624,1.632108676475031,1.0,0.9835582663891338
2023-05-20 23:00:00,1.11869268504271,0.9798659343164624,1.633981731669738,1.0,0.9846873276938448
2023-05-21 00:00:00,1.11869268504271,0.9798659343164624,1.636084387178635,1.0,0.985954790061714
2023-05-21 01:00:00,1.11869268504271,0.9798659343164624,1.6445070934412858,1.0,0.9910319237996729
2023-05-21 02:00:00,1.11869268504271,0.9798659343164624,1.639685486843298,1.0,0.9867421311127328
2023-05-21 03:00:00,1.11869268504271,0.9798659343164624,1.6402655297423039,1.0,0.9870912890993655
2023-05-21 04:00:00,1.11869268504271,0.9798659343164624,1.6407247303706838,1.0,0.9873677058387832
2023-05-21 05:00:00,1.11869268504271,0.9798659343164624,1.637643252469714,1.0,0.9855128040347967
2023-05-21 06:00:00,1.11869268504271,0.9798659343164624,1.635909165886227,1.0,0.9844689671372592
2023-05-21 07:00:00,1.11869268504271,0.9798659343164624,1.6350088909700613,1.0,0.9839270448455062
2023-05-21 08:00:00,1.11869268504271,0.9798659343164624,1.6333654360895442,1.0,0.9829377638833801
2023-05-21 09:00:00,1.11869268504271,0.9798659343164624,1.63283977221232,1.0,0.9826213394579942
2023-05-21 10:00:00,1.11869268504271,0.9798659343164624,1.6347853327694026,1.0,0.9837924735381581
2023-05-21 11:00:00,1.11869268504271,0.9798659343164624,1.62745624905592,1.0,0.9793807168945591
2023-05-21 12:00:00,1.11869268504271,0.9798659343164624,1.6196740068275883,1.0,0.9746961805739031
2023-05-21 13:00:00,1.11869268504271,0.9798659343164624,1.6256677834506512,1.0,0.9783041464357748
2023-05-21 14:00:00,1.11869268504271,0.9798659343164624,1.623426159330534,1.0,0.9769547962999335
2023-05-21 15:00:00,1.11869268504271,0.9798659343164624,1.6238974441859764,1.0,0.9772384871640728
2023-05-21 16:00:00,1.11869268504271,0.9798659343164624,1.6237282650070994,1.0,0.9771366494179715
2023-05-21 17:00:00,1.11869268504271,0.9798659343164624,1.6230575904051239,1.0,0.9767329354959274
2023-05-21 18:00:00,1.11869268504271,0.9798659343164624,1.6220727258995198,1.0,0.9761400943311239
2023-05-21 19:00:00,1.11869268504271,0.9798659343164624,1.6222116945107399,1.0,0.9762237467654213
2023-05-21 20:00:00,1.11869268504271,0.9798659343164624,1.623969949548352,1.0,0.9772821319124018
2023-05-21 21:00:00,1.11869268504271,0.9798659343164624,1.62032655508897,1.0,0.9750889833088648
2023-05-21 22:00:00,1.11869268504271,0.9798659343164624,1.614671136823661,1.0,0.9716846929391957
2023-05-21 23:00:00,1.11869268504271,0.9798659343164624,1.614961158273164,1.0,0.971859271932512
2023-05-22 00:00:00,1.11869268504271,0.9798659343164624,1.6145261260989094,1.0,0.9715974034425374
2023-05-22 01:00:00,1.11869268504271,0.9798659343164624,1.609021760671883,1.0,0.9682840396318871
2023-05-22 02:00:00,1.11869268504271,0.9791800281624409,1.6048708286758708,1.0,0.9644332679923314
2023-05-22 03:00:00,1.11869268504271,0.9816727439702079,1.6089552974230386,1.0,0.9619780932711186
2023-05-22 04:00:00,1.11869268504271,0.9815658079370345,1.6087800761306306,1.0,0.9620834188138925
2023-05-22 05:00:00,1.11869268504271,0.9831477237381173,1.6113721428355638,1.0,0.9605253271638922
2023-05-22 06:00:00,1.11869268504271,0.9854523796254758,1.6151484637926345,1.0,0.9582553801213507
2023-05-22 07:00:00,1.11869268504271,0.9879082209390452,1.6191725114044895,1.0,0.9558365245528184
2023-05-22 08:00:00,1.11869268504271,0.9886862727666175,1.6204473973595965,1.0,0.9550701904312565
2023-05-22 09:00:00,1.11869268504271,0.9879303456355638,1.6192087640856772,1.0,0.9558147330612101
2023-05-22 10:00:00,1.11869268504271,0.9893352638644977,1.6215108093411077,1.0,0.9544309733440768
2023-05-22 11:00:00,1.11869268504271,0.9883212152740599,1.6198492281199965,1.0,0.955429750042795
2023-05-22 12:00:00,1.11869268504271,0.9882843407798622,1.6197888069846833,1.0,0.9554660691954756
2023-05-22 13:00:00,1.11869268504271,0.9845268298211127,1.6136318932962752,1.0,0.9591669908536353
2023-05-22 14:00:00,1.11869268504271,0.9947521270621451,1.6303866741186068,1.0,0.9490956898152875
2023-05-22 15:00:00,1.11869268504271,0.992930527048777,1.6274018700341382,1.0,0.9508898559577121
2023-05-22 16:00:00,1.11869268504271,0.9898846938280439,1.6224110842572732,1.0,0.953889817969135
2023-05-22 17:00:00,1.11869268504271,0.9898551942326858,1.6223627473490227,1.0,0.9539188732912794
2023-05-22 18:00:00,1.11869268504271,0.9891287666969902,1.621172450983354,1.0,0.9546343605990886
2023-05-22 19:00:00,1.11869268504271,0.9902645011182806,1.6230334219509985,1.0,0.9535157306965242
2023-05-22 20:00:00,1.11869268504271,0.9896523845145981,1.6220304311048006,1.0,0.9541186286310231
2023-05-22 21:00:00,1.11869268504271,0.9904894355328868,1.6234019908764088,1.0,0.9532941838651721
2023-05-22 22:00:00,1.11869268504271,0.9909724914068772,1.6241935077490106,1.0,0.9528184029650554
2023-05-22 23:00:00,1.11869268504271,0.9896671343122773,1.622054599558926,1.0,0.9541041009699508
2023-05-23 00:00:00,1.11869268504271,0.9890328930120762,1.62101535603154,1.0,0.9547287903960582
2023-05-23 01:00:00,1.11869268504271,0.9881184055559723,1.6195169118757744,1.0,0.9556295053825387
2023-05-23 02:00:00,1.11869268504271,0.9935726027040154,1.6295951572460048,1.0,0.9482212714224955
2023-05-23 03:00:00,1.11869268504271,0.9935726027040154,1.6378788948974352,1.0,0.9530426796417147
2023-05-23 04:00:00,1.11869268504271,0.9935726027040154,1.6521020301501466,1.0,0.9613210129371506
2023-05-23 05:00:00,1.11869268504271,0.9935726027040154,1.6531956526993143,1.0,0.9619575372899432
2023-05-23 06:00:00,1.11869268504271,0.9935726027040154,1.6533285791970032,1.0,0.9620349048908351
2023-05-23 07:00:00,1.11869268504271,0.9935726027040154,1.6478604664511647,1.0,0.9588522831268719
2023-05-23 08:00:00,1.11869268504271,0.9935726027040154,1.648543225280203,1.0,0.9592496712587258
2023-05-23 09:00:00,1.11869268504271,0.9935726027040154,1.6501866801607203,1.0,0.9602062161424806
2023-05-23 10:00:00,1.11869268504271,0.9935726027040154,1.6465009909066193,1.0,0.9580610235722954
2023-05-23 11:00:00,1.11869268504271,0.9935726027040154,1.6501866801607203,1.0,0.9602062161424806
2023-05-23 12:00:00,1.11869268504271,0.9935726027040154,1.6504283647019728,1.0,0.9603468845077386
2023-05-23 13:00:00,1.11869268504271,0.9935726027040154,1.6470931180326878,1.0,0.9584056610671776
2023-05-23 14:00:00,1.11869268504271,0.9935726027040154,1.6445493882360052,1.0,0.9569251265228368
2023-05-23 15:00:00,1.11869268504271,0.9935726027040154,1.6494495423099,1.0,0.9597771776284435
2023-05-23 16:00:00,1.11869268504271,0.9935726027040154,1.6494495423099,1.0,0.9597771776284435
2023-05-23 17:00:00,1.11869268504271,0.9935726027040154,1.6439210084287483,1.0,0.9565593887731658
2023-05-23 18:00:00,1.11869268504271,0.9935726027040154,1.6423379746835443,1.0,0.9556380109807256
2023-05-23 19:00:00,1.11869268504271,0.9935726027040154,1.6385435273858797,1.0,0.9534295176461743
2023-05-23 20:00:00,1.11869268504271,0.9935726027040154,1.6410449623878434,1.0,0.9548854352265952
2023-05-23 21:00:00,1.11869268504271,0.9935726027040154,1.6431174073290837,1.0,0.9560916664586828
2023-05-23 22:00:00,1.11869268504271,0.9935726027040154,1.641981489985197,1.0,0.9554305251419701
2023-05-23 23:00:00,1.11869268504271,0.9935726027040154,1.6420902480287605,1.0,0.9554938259063361
2023-05-24 00:00:00,1.11869268504271,0.9935726027040154,1.6433530497568052,1.0,0.9562288181148095
2023-05-24 01:00:00,1.11869268504271,0.9935726027040154,1.6394740128697018,1.0,0.9539710908524179
2023-05-24 02:00:00,1.11869268504271,0.9935726027040154,1.6382595480499078,1.0,0.9519296648628032
2023-05-24 03:00:00,1.11869268504271,0.9935726027040154,1.6399271713845505,1.0,0.9528989213184854
2023-05-24 04:00:00,1.11869268504271,0.9935726027040154,1.616773792332558,1.0,0.9394417084990135
2023-05-24 05:00:00,1.11869268504271,0.9935726027040154,1.6180607625147276,1.0,0.9401897216332901
2023-05-24 06:00:00,1.11869268504271,0.9935726027040154,1.6163085495906468,1.0,0.9391712999950732
2023-05-24 07:00:00,1.11869268504271,0.9935726027040154,1.6125443128606387,1.0,0.9369834493722834
2023-05-24 08:00:00,1.11869268504271,0.9935726027040154,1.6103812362164287,1.0,0.9357262254188985
2023-05-24 09:00:00,1.11869268504271,0.9935726027040154,1.614822189661944,1.0,0.9383073975019652
2023-05-24 10:00:00,1.11869268504271,0.9935726027040154,1.614749684299568,1.0,0.9382652559169355
2023-05-24 11:00:00,1.11869268504271,0.9935726027040154,1.6134627141173983,1.0,0.9375172427826591
2023-05-24 12:00:00,1.11869268504271,0.9935726027040154,1.6144596628500651,1.0,0.9380966895768169
2023-05-24 13:00:00,1.11869268504271,0.9935726027040154,1.6114023534032205,1.0,0.9363197194080661
2023-05-24 14:00:00,1.11869268504271,0.9935726027040154,1.5963514485967192,1.0,0.927571828715659
2023-05-24 15:00:00,1.11869268504271,0.9935726027040154,1.5852097912449774,1.0,0.921096071816101
2023-05-24 16:00:00,1.11869268504271,0.9935726027040154,1.5887927645690465,1.0,0.9231785684763169
2023-05-24 17:00:00,1.11869268504271,0.9935726027040154,1.5841463792634665,1.0,0.920477995235666
2023-05-24 18:00:00,1.11869268504271,0.9935726027040154,1.586605519470711,1.0,0.9219072973279221
2023-05-24 19:00:00,1.11869268504271,0.9935726027040154,1.5827929458324521,1.0,0.9196913523151122
2023-05-24 20:00:00,1.11869268504271,0.9935726027040154,1.5848472644330986,1.0,0.9208853638909527
2023-05-24 21:00:00,1.11869268504271,0.9935726027040154,1.5938681399353496,1.0,0.9261284794283932
2023-05-24 22:00:00,1.11869268504271,0.9935726027040154,1.5917715265399839,1.0,0.9249098852612854
2023-05-24 23:00:00,1.11869268504271,0.9935726027040154,1.5906295670825654,1.0,0.9242461552970682
2023-05-25 00:00:00,1.11869268504271,0.9935726027040154,1.5892157125162383,1.0,0.9234243943889899
2023-05-25 01:00:00,1.11869268504271,0.9935726027040154,1.5840376212199028,1.0,0.9204147828581215
2023-05-25 02:00:00,1.11869268504271,0.9935726027040154,1.577234201383644,1.0,0.9151774353864982
2023-05-25 03:00:00,1.11869268504271,0.9935726027040154,1.577155653907737,1.0,0.9152230236196173
2023-05-25 04:00:00,1.11869268504271,0.9935726027040154,1.580587574393523,1.0,0.9132311685110291
2023-05-25 05:00:00,1.11869268504271,0.9935726027040154,1.5831071357360804,1.0,0.9117688382640551
2023-05-25 06:00:00,1.11869268504271,0.9935726027040154,1.5854273073321048,1.0,0.9104222319934602
2023-05-25 07:00:00,1.11869268504271,0.9935726027040154,1.585548149602731,1.0,0.9103520962502001
2023-05-25 08:00:00,1.11869268504271,0.9935726027040154,1.5774335911301776,1.0,0.9150617114101188
2023-05-25 09:00:00,1.11869268504271,0.9935726027040154,1.5830406724872361,1.0,0.9118074129228481
2023-05-25 10:00:00,1.11869268504271,0.9935726027040154,1.5866417721518988,1.0,0.9097173677736958
2023-05-25 11:00:00,1.11869268504271,0.9935726027040154,1.5846357904595028,1.0,0.9108816211118143
2023-05-25 12:00:00,1.11869268504271,0.9935726027040154,1.587318488867406,1.0,0.909324607611439
2023-05-25 13:00:00,1.11869268504271,0.9935726027040154,1.5939346031841939,1.0,0.905484675667946
2023-05-25 14:00:00,1.11869268504271,0.9935726027040154,1.5900072293888403,1.0,0.9077640873239007
2023-05-25 15:00:00,1.11869268504271,0.9935726027040154,1.5918682003564848,1.0,0.9066839968776945
2023-05-25 16:00:00,1.11869268504271,0.9935726027040154,1.5833548623908644,1.0,0.9116250599903717
2023-05-25 17:00:00,1.11869268504271,0.9935726027040154,1.5861100661611431,1.0,0.9100259650440404
2023-05-25 18:00:00,1.11869268504271,0.9935726027040154,1.590943756986194,1.0,0.9072205353136346
2023-05-25 19:00:00,1.11869268504271,0.9935726027040154,1.592472411709616,1.0,0.9063333181613937
2023-05-25 20:00:00,1.11869268504271,0.9935726027040154,1.5979223981148607,1.0,0.9031701961403611
2023-05-25 21:00:00,1.11869268504271,0.9935726027040154,1.599009978550497,1.0,0.9025389744510198
2023-05-25 22:00:00,1.11869268504271,0.9935726027040154,1.5983997250838344,1.0,0.9028931599544835
2023-05-25 23:00:00,1.11869268504271,0.9935726027040154,1.5971610918099153,1.0,0.9036120513229
2023-05-26 00:00:00,1.11869268504271,0.9935726027040154,1.5981459563155194,1.0,0.9030404450153299
2023-05-26 01:00:00,1.11869268504271,0.9935726027040154,1.598097619407269,1.0,0.9030684993126339
2023-05-26 02:00:00,1.11869268504271,0.9928771018821225,1.5946415304673576,1.0,0.9037931381108293
2023-05-26 03:00:00,1.11869268504271,0.9924481192898787,1.5939527295247877,1.0,0.903402645145986
2023-05-26 04:00:00,1.11869268504271,0.9937049630250491,1.5959707954442466,1.0,0.904546721025439
2023-05-26 05:00:00,1.11869268504271,0.9934942347341222,1.595632437086493,1.0,0.9043548999199019
2023-05-26 06:00:00,1.11869268504271,0.9904800675728308,1.590792704147911,1.0,0.9016111730353458
2023-05-26 07:00:00,1.11869268504271,0.9936409919367319,1.5958680795142142,1.0,0.9044884896184009
2023-05-26 08:00:00,1.11869268504271,0.9961697314278529,1.5999283798072568,1.0,0.9067903428848452
2023-05-26 09:00:00,1.11869268504271,0.9950558818900972,1.5981399142019879,1.0,0.9057764313270066
2023-05-26 10:00:00,1.11869268504271,0.9941602866536585,1.5967018911815354,1.0,0.9049611916284742
2023-05-26 11:00:00,1.11869268504271,0.9943597259289999,1.597022123198695,1.0,0.9051427366033575
2023-05-26 12:00:00,1.11869268504271,0.9946871073809754,1.5975477870759192,1.0,0.9054407443923168
2023-05-26 13:00:00,1.11869268504271,0.993893113284805,1.596272901120812,1.0,0.9047179898696684
2023-05-26 14:00:00,1.11869268504271,0.9976260144383645,1.602266677743875,1.0,0.9081159637391812
2023-05-26 15:00:00,1.11869268504271,1.0057804466961906,1.6153599377662307,1.0,0.9155387554480867
2023-05-26 16:00:00,1.11869268504271,1.0054380132234346,1.6148101054348811,1.0,0.9152270461515891
2023-05-26 17:00:00,1.11869268504271,1.0069695563378487,1.6172692456421258,1.0,0.916621174543617
2023-05-26 18:00:00,1.11869268504271,1.0042940596441179,1.612973302921362,1.0,0.9141857315786738
2023-05-26 19:00:00,1.11869268504271,1.0046891751896057,1.6136077248421499,1.0,0.9145453961515557
2023-05-26 20:00:00,1.11869268504271,1.0061078281481661,1.6158856016434548,1.0,0.915836763237046
2023-05-26 21:00:00,1.11869268504271,1.0053627531195322,1.6146892631642549,1.0,0.9151585386138973
2023-05-26 22:00:00,1.11869268504271,1.004452105862313,1.613227071689677,1.0,0.9143295974078266
2023-05-26 23:00:00,1.11869268504271,1.0029017477219233,1.610737720914776,1.0,0.9129183421313757
2023-05-27 00:00:00,1.11869268504271,1.003643059745362,1.6119280172804447,1.0,0.9135931413776398
2023-05-27 01:00:00,1.11869268504271,1.0019233663711922,1.6091667713966344,1.0,0.9120277441413824
2023-05-27 02:00:00,1.11869268504271,1.003545442498694,1.6129007975589862,1.0,0.9128648296504098
2023-05-27 03:00:00,1.11869268504271,1.003545442498694,1.6146590525965985,1.0,0.9138602267209097
2023-05-27 04:00:00,1.11869268504271,1.003545442498694,1.6149369898190387,1.0,0.9140175747114354
2023-05-27 05:00:00,1.11869268504271,1.003545442498694,1.6153659798797622,1.0,0.9142604379142035
2023-05-27 06:00:00,1.11869268504271,1.003545442498694,1.6134445877768044,1.0,0.913172684414482
2023-05-27 07:00:00,1.11869268504271,1.003545442498694,1.6147315579589743,1.0,0.913901274022786
2023-05-27 08:00:00,1.11869268504271,1.003545442498694,1.6134627141173983,1.0,0.913182946239951
2023-05-27 09:00:00,1.11869268504271,1.003545442498694,1.611160668861968,1.0,0.9118796944053789
2023-05-27 10:00:00,1.11869268504271,1.003545442498694,1.6117346696474426,1.0,0.9122046522118995
2023-05-27 11:00:00,1.11869268504271,1.003545442498694,1.6107014682335883,1.0,0.9116197281601625
2023-05-27 12:00:00,1.11869268504271,1.003545442498694,1.6117950907827558,1.0,0.9122388582967964
2023-05-27 13:00:00,1.11869268504271,1.003545442498694,1.6125382707471074,1.0,0.9126595931410284
2023-05-27 14:00:00,1.11869268504271,1.003545442498694,1.607577695537899,1.0,0.9098512735709924
2023-05-27 15:00:00,1.11869268504271,1.003545442498694,1.6100549620857376,1.0,0.9112537230517656
2023-05-27 16:00:00,1.11869268504271,1.003545442498694,1.611468816652065,1.0,0.9120541454383532
2023-05-27 17:00:00,1.11869268504271,1.003545442498694,1.609770982749766,1.0,0.9110929544527501
2023-05-27 18:00:00,1.11869268504271,1.003545442498694,1.6155714117398265,1.0,0.914376738602853
2023-05-27 19:00:00,1.11869268504271,1.003545442498694,1.6119098909398508,1.0,0.9123038498581005
2023-05-27 20:00:00,1.11869268504271,1.003545442498694,1.6138554514969337,1.0,0.9134052857917809
2023-05-27 21:00:00,1.11869268504271,1.003545442498694,1.6152028428144165,1.0,0.9141680814849819
2023-05-27 22:00:00,1.11869268504271,1.003545442498694,1.6161393704117701,1.0,0.9146982758008839
2023-05-27 23:00:00,1.11869268504271,1.003545442498694,1.618030551947071,1.0,0.915768926258157
2023-05-28 00:00:00,1.11869268504271,1.003545442498694,1.6210999456209783,1.0,0.9175065953709198
2023-05-28 01:00:00,1.11869268504271,1.003545442498694,1.6345013534334312,1.0,0.9250935050010535
2023-05-28 02:00:00,1.11869268504271,1.0028429606889449,1.6355103863931604,1.0,0.9243688222455246
2023-05-28 03:00:00,1.11869268504271,1.0031876038998355,1.6360723029515727,1.0,0.9246864965489141
2023-05-28 04:00:00,1.11869268504271,1.006341274571533,1.64121414156672,1.0,0.9275933872175635
2023-05-28 05:00:00,1.11869268504271,1.0056927524005024,1.6401567716987402,1.0,0.9269956129907554
2023-05-28 06:00:00,1.11869268504271,1.005592694694115,1.6399936346333948,1.0,0.9269033849671907
2023-05-28 07:00:00,1.11869268504271,1.0063783329813063,1.6412745627020333,1.0,0.9276275457448097
2023-05-28 08:00:00,1.11869268504271,1.0079903738064395,1.6439028820881545,1.0,0.9291134416800182
2023-05-28 09:00:00,1.11869268504271,1.0068712098312895,1.642078163801698,1.0,0.9280818541571837
2023-05-28 10:00:00,1.11869268504271,1.0053666383944986,1.6396250657079847,1.0,0.9266950179509891
2023-05-28 11:00:00,1.11869268504271,1.0074270859778873,1.642984480831395,1.0,0.9285942320658763
2023-05-28 12:00:00,1.11869268504271,1.0052814040520202,1.6394860970967646,1.0,0.926616453338323
2023-05-28 13:00:00,1.11869268504271,1.0047959388839915,1.6386945802241624,1.0,0.926168976631398
2023-05-28 14:00:00,1.11869268504271,1.006293098638828,1.641135594090813,1.0,0.9275489811321435
2023-05-28 15:00:00,1.11869268504271,1.006478390687694,1.6414376997673787,1.0,0.9277197737683743
2023-05-28 16:00:00,1.11869268504271,1.00966170808721,1.6466278752907768,1.0,0.9306539912588205
2023-05-28 17:00:00,1.11869268504271,1.0088760698000188,1.6453469472221385,1.0,0.9299298304812018
2023-05-28 18:00:00,1.11869268504271,1.0124040304104254,1.6510990393039484,1.0,0.9331817222750374
2023-05-28 19:00:00,1.11869268504271,1.02126840202817,1.66555177487085,1.0,0.941352441992322
2023-05-28 20:00:00,1.11869268504271,1.019089367533507,1.6619990121144377,1.0,0.9393439205902471
2023-05-28 21:00:00,1.11869268504271,1.0201121796432469,1.6636666354490801,1.0,0.9402866959422415
2023-05-28 22:00:00,1.11869268504271,1.0305774745631928,1.6807295640615088,1.0,0.9499330640365609
2023-05-28 23:00:00,1.11869268504271,1.039875429575284,1.6958892269115737,1.0,0.9585034385226258
2023-05-29 00:00:00,1.11869268504271,1.0390008511046367,1.6944632881181838,1.0,0.957697297279616
2023-05-29 01:00:00,1.11869268504271,1.043922207922515,1.7024872148877677,1.0,0.9622335496979079
2023-05-29 02:00:00,1.11869268504271,1.0421318420295533,1.7007591704178122,1.0,0.95991087463154
2023-05-29 03:00:00,1.11869268504271,1.0421318420295533,1.6962517537234527,1.0,0.9573661476107109
2023-05-29 04:00:00,1.11869268504271,1.0421318420295533,1.6879498897314282,1.0,0.9526792107117575
2023-05-29 05:00:00,1.11869268504271,1.0421318420295533,1.687750499984895,1.0,0.9525666423582893
2023-05-29 06:00:00,1.11869268504271,1.0421318420295533,1.6900827558079816,1.0,0.9538833509776459
2023-05-29 07:00:00,1.11869268504271,1.0421318420295533,1.691091788767711,1.0,0.95445301506944
2023-05-29 08:00:00,1.11869268504271,1.0421318420295533,1.6847475695598322,1.0,0.950871294731812
2023-05-29 09:00:00,1.11869268504271,1.0421318420295533,1.6846025588350806,1.0,0.9507894268383804
2023-05-29 10:00:00,1.11869268504271,1.0421318420295533,1.6870194042476059,1.0,0.9521538917289054
2023-05-29 11:00:00,1.11869268504271,1.0421318420295533,1.6822038397631494,1.0,0.9494351954345345
2023-05-29 12:00:00,1.11869268504271,1.0421318420295533,1.685539086432434,1.0,0.9513181569834589
2023-05-29 13:00:00,1.11869268504271,1.0421318420295533,1.6832914201987856,1.0,0.9500492046352708
2023-05-29 14:00:00,1.11869268504271,1.0421318420295533,1.6846146430621431,1.0,0.9507962491628331
2023-05-29 15:00:00,1.11869268504271,1.0421318420295533,1.6779139391559168,1.0,0.9470132702538526
2023-05-29 16:00:00,1.11869268504271,1.0421318420295533,1.668252599619347,1.0,0.941558821853979
2023-05-29 17:00:00,1.11869268504271,1.0421318420295533,1.6665366393764538,1.0,0.9405900517817062
2023-05-29 18:00:00,1.11869268504271,1.0421318420295533,1.671883909851666,1.0,0.9436089303519927
2023-05-29 19:00:00,1.11869268504271,1.0421318420295533,1.6687299265883209,1.0,0.9418283036698577
2023-05-29 20:00:00,1.11869268504271,1.0421318420295533,1.6683794840035044,1.0,0.9416304562607315
2023-05-29 21:00:00,1.11869268504271,1.0421318420295533,1.6711588562279085,1.0,0.9431995908848352
2023-05-29 22:00:00,1.11869268504271,1.0421318420295533,1.6701558653817106,1.0,0.9426333379552674
2023-05-29 23:00:00,1.11869268504271,1.0421318420295533,1.6716784779916016,1.0,0.9434929508362981
2023-05-30 00:00:00,1.11869268504271,1.0421318420295533,1.6743007552641913,1.0,0.9449733952425177
2023-05-30 01:00:00,1.11869268504271,1.0421318420295533,1.6730439956496783,1.0,0.9442638734994447
2023-05-30 02:00:00,1.11869268504271,1.0414023497401326,1.6763732002054321,1.0,0.9448188163466514
2023-05-30 03:00:00,1.11869268504271,1.041916725027843,1.6772009697592218,1.0,0.9443521461392972
2023-05-30 04:00:00,1.11869268504271,1.0436025243284413,1.6799138787347816,1.0,0.9428226941458513
2023-05-30 05:00:00,1.11869268504271,1.0418003335393828,1.677013664239751,1.0,0.9444577430475306
2023-05-30 06:00:00,1.11869268504271,1.0408541833751273,1.6754910516298602,1.0,0.9453161437209123
2023-05-30 07:00:00,1.11869268504271,1.0424761550852797,1.6781012446753876,1.0,0.9438445997094008
2023-05-30 08:00:00,1.11869268504271,1.0400769885973458,1.6742403341288783,1.0,0.9460212585597616
2023-05-30 09:00:00,1.11869268504271,1.0419129704636991,1.6771949276456906,1.0,0.9443555524911756
2023-05-30 10:00:00,1.11869268504271,1.044544919928553,1.681430449231141,1.0,0.9419676998243481
2023-05-30 11:00:00,1.11869268504271,1.0463058105120286,1.684264200477327,1.0,0.9403701207933322
2023-05-30 12:00:00,1.11869268504271,1.050766232714948,1.6914422313525272,1.0,0.9363233747616757
2023-05-30 13:00:00,1.11869268504271,1.0463095650761725,1.6842702425908582,1.0,0.9403667144414537
2023-05-30 14:00:00,1.11869268504271,1.0425850374454522,1.6782764659677958,1.0,0.9437458155049243
2023-05-30 15:00:00,1.11869268504271,1.0358868950127853,1.6674973354279328,1.0,0.9498227472561661
2023-05-30 16:00:00,1.11869268504271,1.0379706781126339,1.6708507084378117,1.0,0.9479322219635993
2023-05-30 17:00:00,1.11869268504271,1.039168384074529,1.6727781426543007,1.0,0.9468455957143581
2023-05-30 18:00:00,1.11869268504271,1.0386990635565452,1.6720228784628866,1.0,0.9472713896991705
2023-05-30 19:00:00,1.11869268504271,1.0411695667632126,1.6759985891664906,1.0,0.9450300101631184
2023-05-30 20:00:00,1.11869268504271,1.0444060010552298,1.6812068910304827,1.0,0.9420937348438525
2023-05-30 21:00:00,1.11869268504271,1.0410006113767383,1.6757266940575815,1.0,0.9451832959976508
2023-05-30 22:00:00,1.11869268504271,1.0396602319773762,1.6735696595269025,1.0,0.9463993636182749
2023-05-30 23:00:00,1.11869268504271,1.0401746072650866,1.6743974290806924,1.0,0.9459326934109206
2023-05-31 00:00:00,1.11869268504271,1.0385338627342147,1.6717570254675087,1.0,0.9474212691818245
2023-05-31 01:00:00,1.11869268504271,1.0409743294277312,1.6756843992628623,1.0,0.9452071404608003
2023-05-31 02:00:00,1.11869268504271,1.0395547805379186,1.6745726503731004,1.0,0.9445111623661634
2023-05-31 03:00:00,1.11869268504271,1.0395547805379186,1.6707479925077793,1.0,0.9466689977006005
2023-05-31 04:00:00,1.11869268504271,1.0395547805379186,1.6697329174345186,1.0,0.9472416933343848
2023-05-31 05:00:00,1.11869268504271,1.0395547805379186,1.645377157789795,1.0,0.9609829796426256
2023-05-31 06:00:00,1.11869268504271,1.0395547805379186,1.6355285127337544,1.0,0.9665394908513659
2023-05-31 07:00:00,1.11869268504271,1.0395547805379186,1.6397338237515484,1.0,0.9641668946542596
2023-05-31 08:00:00,1.11869268504271,1.0395547805379186,1.6397579922056738,1.0,0.9641532590439315
2023-05-31 09:00:00,1.11869268504271,1.0395547805379186,1.6382837165040331,1.0,0.9649850312739515
2023-05-31 10:00:00,1.11869268504271,1.0395547805379186,1.6379272318056857,1.0,0.9651861565262925
2023-05-31 11:00:00,1.11869268504271,1.0395547805379186,1.6335950364037342,1.0,0.9676303396776217
2023-05-31 12:00:00,1.11869268504271,1.0395547805379186,1.6359816712486028,1.0,0.9662838231577122
2023-05-31 13:00:00,1.11869268504271,1.0395547805379186,1.6345436482281501,1.0,0.9670951419722401
2023-05-31 14:00:00,1.11869268504271,1.0395547805379186,1.636948409413613,1.0,0.9657383987445843
2023-05-31 15:00:00,1.11869268504271,1.0395547805379186,1.6320542974532493,1.0,0.9684996098360443
2023-05-31 16:00:00,1.11869268504271,1.0395547805379186,1.6246285399232652,1.0,0.9726891511093829
2023-05-31 17:00:00,1.11869268504271,1.0395547805379186,1.6263626265067521,1.0,0.9717107960683348
2023-05-31 18:00:00,1.11869268504271,1.0395547805379186,1.6333533518624817,1.0,0.9677666957809037
2023-05-31 19:00:00,1.11869268504271,1.0395547805379186,1.6323503610162835,1.0,0.968332573609524
2023-05-31 20:00:00,1.11869268504271,1.0395547805379186,1.630640442886922,1.0,0.9692972930402439
2023-05-31 21:00:00,1.11869268504271,1.0395547805379186,1.636525461466421,1.0,0.9659770219253278
2023-05-31 22:00:00,1.11869268504271,1.0395547805379186,1.635619144436724,1.0,0.9664883573126352
2023-05-31 23:00:00,1.11869268504271,1.0395547805379186,1.640942246457811,1.0,0.9634851141378498
2023-06-01 00:00:00,1.11869268504271,1.0395547805379186,1.6428213437660493,1.0,0.9624249454348325
2023-06-01 01:00:00,1.11869268504271,1.0395547805379186,1.6342838373463038,1.0,0.9672417247832682
2023-06-01 02:00:00,1.11869268504271,1.0388270921915421,1.6346282378175887,1.0,0.9657250906660139
2023-06-01 03:00:00,1.11869268504271,1.0249807010890715,1.6128464185372045,1.0,0.9785971147047988
2023-06-01 04:00:00,1.11869268504271,1.027423504068592,1.6166892027431194,1.0,0.9763262111573183
2023-06-01 05:00:00,1.11869268504271,1.0285181563471506,1.6184112050995438,1.0,0.9753085892846266
2023-06-01 06:00:00,1.11869268504271,1.0302811226484083,1.6211845352104166,1.0,0.9736696824791335
2023-06-01 07:00:00,1.11869268504271,1.0277691837355052,1.6172329929609377,1.0,0.9760048568817314
2023-06-01 08:00:00,1.11869268504271,1.0282492943839958,1.6179882571523518,1.0,0.975558531498972
2023-06-01 09:00:00,1.11869268504271,1.0325818128759756,1.6248037612156734,1.0,0.9715308912449498
2023-06-01 10:00:00,1.11869268504271,1.0323513597647,1.6244412344037946,1.0,0.9717451274286744
2023-06-01 11:00:00,1.11869268504271,1.0303579403521668,1.6213053774810429,1.0,0.973598270417892
2023-06-01 12:00:00,1.11869268504271,1.0317637043309476,1.6235167910335035,1.0,0.9722914296971722
2023-06-01 13:00:00,1.11869268504271,1.0336150109915274,1.6264290897555966,1.0,0.9705703990212514
2023-06-01 14:00:00,1.11869268504271,1.0317713861013234,1.623528875260566,1.0,0.972284288491048
2023-06-01 15:00:00,1.11869268504271,1.0320056800977868,1.6238974441859764,1.0,0.9720664817042612
2023-06-01 16:00:00,1.11869268504271,1.0318635673458336,1.6236738859853177,1.0,0.9721985940175581
2023-06-01 17:00:00,1.11869268504271,1.0394147476252946,1.6355526811878796,1.0,0.9651787883975163
2023-06-01 18:00:00,1.11869268504271,1.034310211210542,1.6275227123047644,1.0,0.9699241198670155
2023-06-01 19:00:00,1.11869268504271,1.0347903218590326,1.6282779764961786,1.0,0.969477794484256
2023-06-01 20:00:00,1.11869268504271,1.03061143877457,1.6217041569741095,1.0,0.973362610615795
2023-06-01 21:00:00,1.11869268504271,1.0305691890375028,1.6216376937252652,1.0,0.9734018872494778
2023-06-01 22:00:00,1.11869268504271,1.0317560225605718,1.623504706806441,1.0,0.9722985709032962
2023-06-01 23:00:00,1.11869268504271,1.0312989572232085,1.6227856952962147,1.0,0.9727234726676833
2023-06-02 00:00:00,1.11869268504271,1.0288331089325604,1.6189066584091116,1.0,0.9750157998335364
2023-06-02 01:00:00,1.11869268504271,1.0278613649800155,1.6173780036856893,1.0,0.9759191624082416
2023-06-02 02:00:00,1.11869268504271,1.027404244212495,1.6189247847497055,1.0,0.973653068350219
2023-06-02 03:00:00,1.11869268504271,1.0329733639030074,1.6276979335971724,1.0,0.9683753108314799
2023-06-02 04:00:00,1.11869268504271,1.0342927696699058,1.6297764206519443,1.0,0.9671249330171229
2023-06-02 05:00:00,1.11869268504271,1.0368472006023308,1.6338004682637988,1.0,0.9647041434114203
2023-06-02 06:00:00,1.11869268504271,1.040237766584709,1.6391416966254797,1.0,0.9614909632140612
2023-06-02 07:00:00,1.11869268504271,1.0372000649353386,1.6343563427086796,1.0,0.9643697400424643
2023-06-02 08:00:00,1.11869268504271,1.0363294105484608,1.6329847829370714,1.0,0.9651948440071709
2023-06-02 09:00:00,1.11869268504271,1.040993356515171,1.6403319929911484,1.0,0.9607749038261881
2023-06-02 10:00:00,1.11869268504271,1.0377178549892083,1.635172028035407,1.0,0.9638790394467138
2023-06-02 11:00:00,1.11869268504271,1.0383123546806887,1.6361085556327604,1.0,0.9633156424664077
2023-06-02 12:00:00,1.11869268504271,1.0394054670166364,1.6378305579891848,1.0,0.9622797189864899
2023-06-02 13:00:00,1.11869268504271,1.0381052386591407,1.6357822815020695,1.0,0.963511922704708
2023-06-02 14:00:00,1.11869268504271,1.0308868617600058,1.624411023836138,1.0,0.9703526524913931
2023-06-02 15:00:00,1.11869268504271,1.0330193896855737,1.6277704389595482,1.0,0.9683316930007465
2023-06-02 16:00:00,1.11869268504271,1.0379786677570837,1.6355828917555362,1.0,0.9636318717392247
2023-06-02 17:00:00,1.11869268504271,1.0366822748814686,1.6335406573819522,1.0,0.964860440638215
2023-06-02 18:00:00,1.11869268504271,1.036590223316336,1.6333956466572006,1.0,0.9649476762996817
2023-06-02 19:00:00,1.11869268504271,1.0418870237933318,1.6417398054439445,1.0,0.959927990946115
2023-06-02 20:00:00,1.11869268504271,1.0437395615416218,1.6446581462795686,1.0,0.9581723732590965
2023-06-02 21:00:00,1.11869268504271,1.0409741791057683,1.640301782423492,1.0,0.960793077922327
2023-06-02 22:00:00,1.11869268504271,1.0421440010793264,1.6421446270505424,1.0,0.9596844580578536
2023-06-02 23:00:00,1.11869268504271,1.044591038519097,1.6459994954835202,1.0,0.957365443390529
2023-06-03 00:00:00,1.11869268504271,1.0435976487120426,1.64443458807891,1.0,0.9583068615705245
2023-06-03 01:00:00,1.11869268504271,1.0408782920587554,1.6401507295852091,1.0,0.9608839484030216
2023-06-03 02:00:00,1.11869268504271,1.0388460224788993,1.6380964109845626,1.0,0.9607566782960849
2023-06-03 03:00:00,1.11869268504271,1.0388460224788993,1.6390389806954473,1.0,0.9613096539363561
2023-06-03 04:00:00,1.11869268504271,1.0388460224788993,1.6385797800670676,1.0,0.961040255547506
2023-06-03 05:00:00,1.11869268504271,1.0388460224788993,1.6398002870003927,1.0,0.9617562881073445
2023-06-03 06:00:00,1.11869268504271,1.0388460224788993,1.6396734026162352,1.0,0.9616818490788465
2023-06-03 07:00:00,1.11869268504271,1.0388460224788993,1.6409059937766233,1.0,0.9624049710699705
2023-06-03 08:00:00,1.11869268504271,1.0388460224788993,1.6404226246941183,1.0,0.9621213938185493
2023-06-03 09:00:00,1.11869268504271,1.0388460224788993,1.638779169813601,1.0,0.9611572311637173
2023-06-03 10:00:00,1.11869268504271,1.0388460224788993,1.6393833811667322,1.0,0.9615117027279938
2023-06-03 11:00:00,1.11869268504271,1.0388460224788993,1.6383501797528774,1.0,0.960905556353081
2023-06-03 12:00:00,1.11869268504271,1.0388460224788993,1.6379816108274676,1.0,0.9606893286988724
2023-06-03 13:00:00,1.11869268504271,1.0388460224788993,1.6399090450439566,1.0,0.9618200929889144
2023-06-03 14:00:00,1.11869268504271,1.0388460224788993,1.640168855925803,1.0,0.9619725157615532
2023-06-03 15:00:00,1.11869268504271,1.0388460224788993,1.6402292770611162,1.0,0.9620079629179809
2023-06-03 16:00:00,1.11869268504271,1.0388460224788993,1.6483619618742638,1.0,0.9667791501731421
2023-06-03 17:00:00,1.11869268504271,1.0388460224788993,1.6451354732485426,1.0,0.9648862720199058
2023-06-03 18:00:00,1.11869268504271,1.0388460224788993,1.639594855140328,1.0,0.9616357677754905
2023-06-03 19:00:00,1.11869268504271,1.0388460224788993,1.6390631491495726,1.0,0.9613238327989273
2023-06-03 20:00:00,1.11869268504271,1.0388460224788993,1.6358004078426636,1.0,0.9594096863518343
2023-06-03 21:00:00,1.11869268504271,1.0388460224788993,1.6338608893991118,1.0,0.9582718326305067
2023-06-03 22:00:00,1.11869268504271,1.0388460224788993,1.6300664421014472,1.0,0.9560457512068505
2023-06-03 23:00:00,1.11869268504271,1.0388460224788993,1.6343200900274917,1.0,0.958541231019357
2023-06-04 00:00:00,1.11869268504271,1.0388460224788993,1.6339877737832695,1.0,0.9583462716590049
2023-06-04 01:00:00,1.11869268504271,1.0388460224788993,1.6306646113410472,1.0,0.9563966780554843
2023-06-04 02:00:00,1.11869268504271,1.038118830263164,1.632434950605722,1.0,0.9560948687196947
2023-06-04 03:00:00,1.11869268504271,1.0401020356395685,1.6355526811878796,1.0,0.9542683605891016
2023-06-04 04:00:00,1.11869268504271,1.0388529237261355,1.6335889942902027,1.0,0.9554187775318201
2023-06-04 05:00:00,1.11869268504271,1.0387568381943328,1.63343794145192,1.0,0.9555072711427985
2023-06-04 06:00:00,1.11869268504271,1.0382495065864155,1.6326403824657865,1.0,0.9559745174087643
2023-06-04 07:00:00,1.11869268504271,1.0415740659867834,1.6378668106703724,1.0,0.9529126384689132
2023-06-04 08:00:00,1.11869268504271,1.0424157752453738,1.6391900335337302,1.0,0.9521374344367427
2023-06-04 09:00:00,1.11869268504271,1.0425656686749858,1.6394256759614514,1.0,0.9519993844036164
2023-06-04 10:00:00,1.11869268504271,1.0449139990722398,1.6431174073290837,1.0,0.9498366005513056
2023-06-04 11:00:00,1.11869268504271,1.0450485188167633,1.6433288813026798,1.0,0.9497127094959359
2023-06-04 12:00:00,1.11869268504271,1.0443297990388802,1.6421990060723242,1.0,0.950374641706054
2023-06-04 13:00:00,1.11869268504271,1.0446641766895532,1.6427246699495484,1.0,0.9500666839398493
2023-06-04 14:00:00,1.11869268504271,1.0458902280753537,1.6446521041660374,1.0,0.9489375054637654
2023-06-04 15:00:00,1.11869268504271,1.0455327898970481,1.644090187607625,1.0,0.949266701696605
2023-06-04 16:00:00,1.11869268504271,1.0434150647761202,1.6407609830518717,1.0,0.9512171008825678
2023-06-04 17:00:00,1.11869268504271,1.0432728581890522,1.640537424851213,1.0,0.9513480714268159
2023-06-04 18:00:00,1.11869268504271,1.0434996200441065,1.6408939095495605,1.0,0.9511392265049069
2023-06-04 19:00:00,1.11869268504271,1.0442606174559825,1.6420902480287605,1.0,0.9504383571059584
2023-06-04 20:00:00,1.11869268504271,1.0448755648595187,1.6430569861937707,1.0,0.9498719979956969
2023-06-04 21:00:00,1.11869268504271,1.0459594096582514,1.644760862209601,1.0,0.948873790063861
2023-06-04 22:00:00,1.11869268504271,1.0441184108689148,1.6418666898281018,1.0,0.9505693276502063
2023-06-04 23:00:00,1.11869268504271,1.045494355684327,1.644029766472312,1.0,0.9493020991409963
2023-06-05 00:00:00,1.11869268504271,1.0409322146343425,1.6368577777106434,1.0,0.9535037757902485
2023-06-05 01:00:00,1.11869268504271,1.0377152710295934,1.6318005286849342,1.0,0.9564665418858038
2023-06-05 02:00:00,1.11869268504271,1.0370108877136994,1.63297874082354,1.0,0.9544377590600678
2023-06-05 03:00:00,1.11869268504271,1.0324244282671662,1.6257584151536209,1.0,0.9502165014744122
2023-06-05 04:00:00,1.11869268504271,1.029242691964927,1.620749503036162,1.0,0.9472881144128986
2023-06-05 05:00:00,1.11869268504271,1.0290968463925685,1.6205199027219723,1.0,0.947153881954108
2023-06-05 06:00:00,1.11869268504271,1.028179554503262,1.6190758375879883,1.0,0.9463096304369768
2023-06-05 07:00:00,1.11869268504271,1.0262797240212251,1.6160849913899882,1.0,0.9445610760395713
2023-06-05 08:00:00,1.11869268504271,1.0286055770962035,1.6197465121899641,1.0,0.9467017305139708
2023-06-05 09:00:00,1.11869268504271,1.0275002211793822,1.618006383492946,1.0,0.9456843897736622
2023-06-05 10:00:00,1.11869268504271,1.0266213097038541,1.6166227394942752,1.0,0.9448754625877918
2023-06-05 11:00:00,1.11869268504271,1.0240613361048267,1.6125926497688892,1.0,0.9425193296927019
2023-06-05 12:00:00,1.11869268504271,1.026341132683271,1.6161816652064893,1.0,0.9446175949695885
2023-06-05 13:00:00,1.11869268504271,1.0234434114429927,1.6116198694903479,1.0,0.9419506079594044
2023-06-05 14:00:00,1.11869268504271,1.024602499939104,1.6134445877768044,1.0,0.943017402763478
2023-06-05 15:00:00,1.11869268504271,1.0274810309724929,1.6179761729252895,1.0,0.9456667276080318
2023-06-05 16:00:00,1.11869268504271,0.9968534607772341,1.5697601069454097,1.0,0.9174779112619799
2023-06-05 17:00:00,1.11869268504271,0.9893654420490449,1.5579719434458175,1.0,0.9105861342330139
2023-06-05 18:00:00,1.11869268504271,0.9872660334153598,1.554666907344189,1.0,0.9086538933130527
2023-06-05 19:00:00,1.11869268504271,0.9801234384111772,1.543422534062415,1.0,0.9020800352654333
2023-06-05 20:00:00,1.11869268504271,0.982518376230957,1.5471928129059547,1.0,0.9042842735361021
2023-06-05 21:00:00,1.11869268504271,0.9826066511826476,1.5473317815171748,1.0,0.9043655194980017
2023-06-05 22:00:00,1.11869268504271,0.9833934496651072,1.5485704147910941,1.0,0.9050896682888464
2023-06-05 23:00:00,1.11869268504271,0.9854928582987922,1.5518754508927224,1.0,0.9070219092088077
2023-06-06 00:00:00,1.11869268504271,0.9862105720364505,1.5530053261230778,1.0,0.9076824742033829
2023-06-06 01:00:00,1.11869268504271,0.9848519053886909,1.5508664179329932,1.0,0.9064319928767536
2023-06-06 02:00:00,1.11790960016318,0.9822596646081917,1.5478695296214615,1.0,0.9034133297964093
2023-06-06 03:00:00,1.123287090986184,0.9822596646081917,1.5553134134920394,1.0,0.8990676323539233
2023-06-06 04:00:00,1.1218466916585936,0.9822596646081917,1.5533195160267061,1.0,0.9002316584545892
2023-06-06 05:00:00,1.1246925715421965,0.9822596646081917,1.5572589740491225,1.0,0.897931825067819
2023-06-06 06:00:00,1.1234049418402596,0.9822596646081917,1.555476550557385,1.0,0.8989723938547779
2023-06-06 07:00:00,1.123282726139737,0.9822596646081917,1.5553073713785084,1.0,0.8990711597057435
2023-06-06 08:00:00,1.1212574373882158,0.9822596646081917,1.552503830699979,1.0,0.9007078509503161
2023-06-06 09:00:00,1.120471765027712,0.9822596646081917,1.5514162502643425,1.0,0.9013427742779521
2023-06-06 10:00:00,1.1227502148731732,0.9822596646081917,1.554570233527688,1.0,0.8995014966278079
2023-06-06 11:00:00,1.1222875411497655,0.9822596646081917,1.553929769493369,1.0,0.8998753959207489
2023-06-06 12:00:00,1.1199348889147012,0.9822596646081917,1.550673070299991,1.0,0.9017766385518367
2023-06-06 13:00:00,1.11331778170068,0.9822596646081917,1.5415132261865203,1.0,0.9071241039112592
2023-06-06 14:00:00,1.1218554213514882,0.9822596646081917,1.553331600253769,1.0,0.9002246037509488
2023-06-06 15:00:00,1.1346967995992785,0.9822596646081917,1.5711074982628925,1.0,0.8898471346959215
2023-06-06 16:00:00,1.1363117927847586,0.9822596646081917,1.5733430802694783,1.0,0.8885420145224475
2023-06-06 17:00:00,1.1498297222318716,0.9822596646081917,1.5920555058759556,1.0,0.8776178059352893
2023-06-06 18:00:00,1.1628762482626822,0.9822596646081917,1.6101153832210509,1.0,0.8670745513447127
2023-06-06 19:00:00,1.1640765810356741,0.9822596646081917,1.611776964442162,1.0,0.8661045295941577
2023-06-06 20:00:00,1.180924888322034,0.9822596646081917,1.6350995226730312,1.0,0.8524889515681872
2023-06-06 21:00:00,1.175062899543386,0.9822596646081917,1.6269849642004774,1.0,0.8572261850627152
2023-06-06 22:00:00,1.180082472957716,0.9822596646081917,1.6339333947614876,1.0,0.8531697304694856
2023-06-06 23:00:00,1.1837838627449784,0.9822596646081917,1.6390571070360413,1.0,0.8501785361259564
2023-06-07 00:00:00,1.187393590756849,0.9822596646081917,1.6440539349264374,1.0,0.8472614161706512
2023-06-07 01:00:00,1.185154424529413,0.9822596646081917,1.6409543306848737,1.0,0.8490709476544136
2023-06-07 02:00:00,1.1805818515478679,0.9822596646081917,1.635770197275007,1.0,0.850832661999228
2023-06-07 03:00:00,1.1805818515478679,0.9822596646081917,1.626453258209722,1.0,0.845985211079508
2023-06-07 04:00:00,1.1805818515478679,0.9822596646081917,1.6244412344037946,1.0,0.8449383880209693
2023-06-07 05:00:00,1.1805818515478679,0.9822596646081917,1.6256677834506512,1.0,0.8455765414170154
2023-06-07 06:00:00,1.1805818515478679,0.9822596646081917,1.6247433400803604,1.0,0.8450955686603895
2023-06-07 07:00:00,1.1805818515478679,0.9822596646081917,1.6197706806440892,1.0,0.8425083753355324
2023-06-07 08:00:00,1.1805818515478679,0.9822596646081917,1.6177888674058185,1.0,0.8414772703409357
2023-06-07 09:00:00,1.1805818515478679,0.9822596646081917,1.6192027219721459,1.0,0.8422128757334224
2023-06-07 10:00:00,1.1805818515478679,0.9822596646081917,1.5990462312316849,1.0,0.8317257834713044
2023-06-07 11:00:00,1.1805818515478679,0.9822596646081917,1.605468997915471,1.0,0.8350674438653787
2023-06-07 12:00:00,1.1805818515478679,0.9822596646081917,1.623927654753633,1.0,0.8446711809339549
2023-06-07 13:00:00,1.1805818515478679,0.9822596646081917,1.61816347844476,1.0,0.8416721743338168
2023-06-07 14:00:00,1.1805818515478679,0.9822596646081917,1.6189670795444246,1.0,0.8420902748346746
2023-06-07 15:00:00,1.1805818515478679,0.9822596646081917,1.596230606326093,1.0,0.8302608599119079
2023-06-07 16:00:00,1.1805818515478679,0.9822596646081917,1.590424135222501,1.0,0.827239848022251
2023-06-07 17:00:00,1.1805818515478679,0.9822596646081917,1.589191544062113,1.0,0.8265985510134165
2023-06-07 18:00:00,1.1805818515478679,0.9822596646081917,1.6001761064620406,1.0,0.8323136390627361
2023-06-07 19:00:00,1.1805818515478679,0.9822596646081917,1.598043240385487,1.0,0.8312039437484293
2023-06-07 20:00:00,1.1805818515478679,0.9822596646081917,1.5985991148303678,1.0,0.8314931561249626
2023-06-07 21:00:00,1.1805818515478679,0.9822596646081917,1.5914633787498866,1.0,0.8277805494218565
2023-06-07 22:00:00,1.1805818515478679,0.9822596646081917,1.5788232772423796,1.0,0.8212041114685141
2023-06-07 23:00:00,1.1805818515478679,0.9822596646081917,1.5862248663182383,1.0,0.8250550371343098
2023-06-08 00:00:00,1.1805818515478679,0.9822596646081917,1.589940766139996,1.0,0.8269883589991787
2023-06-08 01:00:00,1.1805818515478679,0.9822596646081917,1.592955780792121,1.0,0.8285570217805925
2023-06-08 02:00:00,1.1805818515478679,0.9815720828429659,1.596309153802,1.0,0.8291392944003695
2023-06-08 03:00:00,1.1805818515478679,0.9794612389211859,1.592877233316214,1.0,0.8309223357790779
2023-06-08 04:00:00,1.1805818515478679,0.977881822254361,1.590309335065406,1.0,0.8322564776557523
2023-06-08 05:00:00,1.1805818515478679,0.9800261126467327,1.5937956345729738,1.0,0.830445183860832
2023-06-08 06:00:00,1.1805818515478679,0.9791193416662497,1.5923213588713332,1.0,0.831211138255911
2023-06-08 07:00:00,1.1805818515478679,0.9809031534311342,1.5952215733663635,1.0,0.829704342724608
2023-06-08 08:00:00,1.1805818515478679,0.9815832316664964,1.5963272801425938,1.0,0.8291298769282989
2023-06-08 09:00:00,1.1805818515478679,0.9814494457841302,1.5961097640554667,1.0,0.8292428865931465
2023-06-08 10:00:00,1.1805818515478679,0.9794277924505943,1.5928228542944323,1.0,0.8309505881952899
2023-06-08 11:00:00,1.1805818515478679,0.9831737971568519,1.598913304733996,1.0,0.8277863175795537
2023-06-08 12:00:00,1.1805818515478679,0.9812078879409687,1.5957170266759313,1.0,0.8294469318213438
2023-06-08 13:00:00,1.1805818515478679,0.9821815518626349,1.5973000604211354,1.0,0.828624472593841
2023-06-08 14:00:00,1.1805818515478679,0.9800298289212428,1.593801676686505,1.0,0.8304420447034752
2023-06-08 15:00:00,1.1805818515478679,0.9891755804907865,1.608671318087067,1.0,0.8227165784481908
2023-06-08 16:00:00,1.1805818515478679,0.9917732563733995,1.612894755445455,1.0,0.8205223074557311
2023-06-08 17:00:00,1.1805818515478679,0.9836792104902359,1.5997350321742547,1.0,0.8273593921790179
2023-06-08 18:00:00,1.1805818515478679,0.9832035273529334,1.5989616416422465,1.0,0.8277612043206987
2023-06-08 19:00:00,1.1805818515478679,0.9854630222551204,1.602635246669285,1.0,0.825852596647715
2023-06-08 20:00:00,1.1805818515478679,0.9851025436276333,1.6020491616567476,1.0,0.8261570949113325
2023-06-08 21:00:00,1.1805818515478679,0.988807669314279,1.6080731488474669,1.0,0.8230273550265221
2023-06-08 22:00:00,1.1805818515478679,0.9863660769610931,1.6041034802573941,1.0,0.8250897814099929
2023-06-08 23:00:00,1.1805818515478679,0.9854035618629576,1.6025385728527841,1.0,0.8259028231654251
2023-06-09 00:00:00,1.1805818515478679,0.9836048850000323,1.5996141899036285,1.0,0.8274221753261556
2023-06-09 01:00:00,1.1805818515478679,0.9821072263724313,1.5971792181505091,1.0,0.8286872557409786
2023-06-09 02:00:00,1.1805818515478679,0.9830644271980173,1.599855874444881,1.0,0.8261358149226355
2023-06-09 03:00:00,1.1805818515478679,0.9830644271980173,1.5973181867617294,1.0,0.8248250557820733
2023-06-09 04:00:00,1.1805818515478679,0.9830644271980173,1.5986232832844929,1.0,0.8254991604829338
2023-06-09 05:00:00,1.1805818515478679,0.9830644271980173,1.5991912419564365,1.0,0.825792520862012
2023-06-09 06:00:00,1.1805818515478679,0.9830644271980173,1.6002123591432285,1.0,0.8263199453733336
2023-06-09 07:00:00,1.1805818515478679,0.9830644271980173,1.599378547475907,1.0,0.8258892673700059
2023-06-09 08:00:00,1.1805818515478679,0.9830644271980173,1.5994148001570951,1.0,0.8259079925005854
2023-06-09 09:00:00,1.1805818515478679,0.9830644271980173,1.6084719283405335,1.0,0.830586154290354
2023-06-09 10:00:00,1.1805818515478679,0.9830644271980173,1.6081094015286548,1.0,0.8303989029845594
2023-06-09 11:00:00,1.1805818515478679,0.9830644271980173,1.6079462644633093,1.0,0.830314639896952
2023-06-09 12:00:00,1.1805818515478679,0.9830644271980173,1.6064961572157943,1.0,0.8295656346737735
2023-06-09 13:00:00,1.1805818515478679,0.9830644271980173,1.6102603939458024,1.0,0.8315099273989408
2023-06-09 14:00:00,1.1805818515478679,0.9830644271980173,1.6076502009002749,1.0,0.8301617179972196
2023-06-09 15:00:00,1.1805818515478679,0.9830644271980173,1.6053058608501254,1.0,0.8289508262197478
2023-06-09 16:00:00,1.1805818515478679,0.9830644271980173,1.5983574302891153,1.0,0.8253618428586845
2023-06-09 17:00:00,1.1805818515478679,0.9830644271980173,1.5989435153016527,1.0,0.8256645658030525
2023-06-09 18:00:00,1.1805818515478679,0.9830644271980173,1.5998135796501616,1.0,0.8261139689369595
2023-06-09 19:00:00,1.1805818515478679,0.9830644271980173,1.5970462916528203,1.0,0.8246846173027274
2023-06-09 20:00:00,1.1805818515478679,0.9830644271980173,1.5944119301531678,1.0,0.8233239244806199
2023-06-09 21:00:00,1.1805818515478679,0.9830644271980173,1.5970100389716324,1.0,0.8246658921721479
2023-06-09 22:00:00,1.1805818515478679,0.9830644271980173,1.598236588018489,1.0,0.825299425756753
2023-06-09 23:00:00,1.1805818515478679,0.9830644271980173,1.5993060421135314,1.0,0.8258518171088471
2023-06-10 00:00:00,1.1805818515478679,0.9830644271980173,1.5985386936950547,1.0,0.8254554685115818
2023-06-10 01:00:00,1.1805818515478679,0.9830644271980173,1.5974994501676687,1.0,0.8249186814349706
2023-06-10 02:00:00,1.1805818515478679,0.9830644271980173,1.593414981420501,1.0,0.8216570491827917
2023-06-10 03:00:00,1.1805818515478679,0.9830644271980173,1.589034449110299,1.0,0.81939760330505
2023-06-10 04:00:00,1.1805818515478679,0.9830644271980173,1.5891371650403312,1.0,0.8194505834152865
2023-06-10 05:00:00,1.1805818515478679,0.9830644271980173,1.5553738346273527,1.0,0.8020357095327749
2023-06-10 06:00:00,1.1805818515478679,0.9830644271980173,1.5403048034802576,1.0,0.7942632157133434
2023-06-10 07:00:00,1.1805818515478679,0.9830644271980173,1.5415978157759584,1.0,0.7949301418069111
2023-06-10 08:00:00,1.1805818515478679,0.9830644271980173,1.5483347723633727,1.0,0.7984050137430243
2023-06-10 09:00:00,1.1805818515478679,0.9830644271980173,1.5497123742485122,1.0,0.7991155705156107
2023-06-10 10:00:00,1.1805818515478679,0.9830644271980173,1.548648962267001,1.0,0.7985670705508072
2023-06-10 11:00:00,1.1805818515478679,0.9830644271980173,1.5513316606749044,1.0,0.7999507863711071
2023-06-10 12:00:00,1.1805818515478679,0.9830644271980173,1.5532530527778619,1.0,0.8009418260802407
2023-06-10 13:00:00,1.1805818515478679,0.9830644271980173,1.5462019062868193,1.0,0.7973048973363446
2023-06-10 14:00:00,1.1805818515478679,0.9830644271980173,1.5488000151052839,1.0,0.7986449824776259
2023-06-10 15:00:00,1.1805818515478679,0.9830644271980173,1.5495311108425727,1.0,0.7990220762034282
2023-06-10 16:00:00,1.1805818515478679,0.9830644271980173,1.5472834446089243,1.0,0.7978627467323663
2023-06-10 17:00:00,1.1805818515478679,0.9830644271980173,1.544902851877587,1.0,0.796634854765704
2023-06-10 18:00:00,1.1805818515478679,0.9830644271980173,1.5708537294945772,1.0,0.8100201237931534
2023-06-10 19:00:00,1.1805818515478679,0.9830644271980173,1.5418455424307425,1.0,0.7950579173668939
2023-06-10 20:00:00,1.1805818515478679,0.9830644271980173,1.554431264916468,1.0,0.8015495391094264
2023-06-10 21:00:00,1.1805818515478679,0.9830644271980173,1.554588359868282,1.0,0.8016305675133177
2023-06-10 22:00:00,1.1805818515478679,0.9830644271980173,1.5552106975620072,1.0,0.8019515646518107
2023-06-10 23:00:00,1.1805818515478679,0.9830644271980173,1.5619839068306094,1.0,0.8054451354503604
2023-06-11 00:00:00,1.1805818515478679,0.9830644271980173,1.5597724932781487,1.0,0.8043045048417349
2023-06-11 01:00:00,1.1805818515478679,0.9830644271980173,1.5545037702788438,1.0,0.8015869368342994
2023-06-11 02:00:00,1.1805818515478679,0.9830644271980173,1.55904139754086,1.0,0.8028019040528475
2023-06-11 03:00:00,1.1805818515478679,0.9830644271980173,1.5555067611250417,1.0,0.8046224626208421
2023-06-11 04:00:00,1.1805818515478679,0.9830644271980173,1.5530113682366093,1.0,0.8059077458491871
2023-06-11 05:00:00,1.1805818515478679,0.9830644271980173,1.5532288843237365,1.0,0.8057957114757721
2023-06-11 06:00:00,1.1805818515478679,0.9830644271980173,1.558521775777167,1.0,0.8030695417226723
2023-06-11 07:00:00,1.1805818515478679,0.9830644271980173,1.5567151838313043,1.0,0.804000049435203
2023-06-11 08:00:00,1.1805818515478679,0.9830644271980173,1.553814969336274,1.0,0.8054938410807371
2023-06-11 09:00:00,1.1805818515478679,0.9830644271980173,1.553778716655086,1.0,0.8055125134763061
2023-06-11 10:00:00,1.1805818515478679,0.9830644271980173,1.5519781668227546,1.0,0.8064399091229087
2023-06-11 11:00:00,1.1805818515478679,0.9830644271980173,1.5559357511857648,1.0,0.8044015059399403
2023-06-11 12:00:00,1.1805818515478679,0.9830644271980173,1.5572529319355912,1.0,0.8037230755675935
2023-06-11 13:00:00,1.1805818515478679,0.9830644271980173,1.5545581493006253,1.0,0.8051110569715689
2023-06-11 14:00:00,1.1805818515478679,0.9830644271980173,1.5517183559409082,1.0,0.8065737279578211
2023-06-11 15:00:00,1.1805818515478679,0.9830644271980173,1.5550415183831305,1.0,0.8048620916973133
2023-06-11 16:00:00,1.1805818515478679,0.9830644271980173,1.5546064862088758,1.0,0.8050861604441434
2023-06-11 17:00:00,1.1805818515478679,0.9830644271980173,1.5617905591976073,1.0,0.8013859140555183
2023-06-11 18:00:00,1.1805818515478679,0.9830644271980173,1.5661710915078095,1.0,0.7991296662575761
2023-06-11 19:00:00,1.1805818515478679,0.9830644271980173,1.5682133258813933,1.0,0.7980777879738459
2023-06-11 20:00:00,1.1805818515478679,0.9830644271980173,1.571524404096553,1.0,0.7963723758451945
2023-06-11 21:00:00,1.1805818515478679,0.9830644271980173,1.5769502220476725,1.0,0.7935777406416743
2023-06-11 22:00:00,1.1805818515478679,0.9830644271980173,1.5723038367420925,1.0,0.7959709193404572
2023-06-11 23:00:00,1.1805818515478679,0.9830644271980173,1.5632285822180598,1.0,0.8006452423646077
2023-06-12 00:00:00,1.1805818515478679,0.9830644271980173,1.5648116159632641,1.0,0.7998298810914202
2023-06-12 01:00:00,1.1805818515478679,0.9830644271980173,1.5675486933929488,1.0,0.7984201152259475
2023-06-12 02:00:00,1.1805818515478679,0.9830644271980173,1.5657239751064922,1.0,0.7982360381571417
2023-06-12 03:00:00,1.1805818515478679,0.9830644271980173,1.5558994985045769,1.0,0.7932260633191114
2023-06-12 04:00:00,1.1805818515478679,0.9830644271980173,1.5569326999184314,1.0,0.7937529425917454
2023-06-12 05:00:00,1.1805818515478679,0.9830644271980173,1.5584553125283225,1.0,0.7945293962566802
2023-06-12 06:00:00,1.1805818515478679,0.9830644271980173,1.5555973928280113,1.0,0.7930720050522593
2023-06-12 07:00:00,1.1805818515478679,0.9830644271980173,1.5601108516359024,1.0,0.7953736355590297
2023-06-12 08:00:00,1.1805818515478679,0.9830644271980173,1.5577544273586903,1.0,0.7941719810775832
2023-06-12 09:00:00,1.1805818515478679,0.9830644271980173,1.5658387752635874,1.0,0.7982945802985456
2023-06-12 10:00:00,1.1805818515478679,0.9830644271980173,1.5673432615328844,1.0,0.7990617904674691
2023-06-12 11:00:00,1.1805818515478679,0.9830644271980173,1.5672828403975712,1.0,0.7990309788140987
2023-06-12 12:00:00,1.1805818515478679,0.9830644271980173,1.5687812845533369,1.0,0.799795107817685
2023-06-12 13:00:00,1.1805818515478679,0.9830644271980173,1.5654218694299267,1.0,0.7980819798902896
2023-06-12 14:00:00,1.1805818515478679,0.9830644271980173,1.5575912902933446,1.0,0.7940887896134832
2023-06-12 15:00:00,1.1805818515478679,0.9830644271980173,1.5604250415395307,1.0,0.7955338561565559
2023-06-12 16:00:00,1.1805818515478679,0.9830644271980173,1.5587272076372316,1.0,0.794668048696847
2023-06-12 17:00:00,1.1805818515478679,0.9830644271980173,1.5590111869732033,1.0,0.794812863467688
2023-06-12 18:00:00,1.1805818515478679,0.9830644271980173,1.5580081961270054,1.0,0.794301390021739
2023-06-12 19:00:00,1.1805818515478679,0.9830644271980173,1.5604612942207186,1.0,0.7955523431485781
2023-06-12 20:00:00,1.1805818515478679,0.9830644271980173,1.5591743240385487,1.0,0.7948960549317882
2023-06-12 21:00:00,1.1805818515478679,0.9830644271980173,1.5633615087157489,1.0,0.7970313025103584
2023-06-12 22:00:00,1.1805818515478679,0.9830644271980173,1.5653372798404883,1.0,0.7980388435755711
2023-06-12 23:00:00,1.1805818515478679,0.9830644271980173,1.5655004169058337,1.0,0.7981220350396713
2023-06-13 00:00:00,1.1805818515478679,0.9830644271980173,1.5638932147065043,1.0,0.797302445060018
2023-06-13 01:00:00,1.1805818515478679,0.9830644271980173,1.5616938853811064,1.0,0.7961809008773347
2023-06-13 02:00:00,1.1805818515478679,0.9830644271980173,1.5675728618470741,1.0,0.7980600247876162
2023-06-13 03:00:00,1.1805818515478679,0.9830644271980173,1.5772221171565814,1.0,0.7931462885530669
2023-06-13 04:00:00,1.1805818515478679,0.9830644271980173,1.5735545542430744,1.0,0.7950139390817904
2023-06-13 05:00:00,1.1805818515478679,0.9830644271980173,1.5728415848463795,1.0,0.7953770078830908
2023-06-13 06:00:00,1.1805818515478679,0.9830644271980173,1.57422522884505,1.0,0.7946724082602281
2023-06-13 07:00:00,1.1805818515478679,0.9830644271980173,1.5743702395698016,1.0,0.7945985637582687
2023-06-13 08:00:00,1.1805818515478679,0.9830644271980173,1.5738929126008279,1.0,0.7948416352438852
2023-06-13 09:00:00,1.1805818515478679,0.9830644271980173,1.5803821425334583,1.0,0.7915370937812014
2023-06-13 10:00:00,1.1805818515478679,0.9830644271980173,1.5785936769281894,1.0,0.7924478426387008
2023-06-13 11:00:00,1.1805818515478679,0.9830644271980173,1.5789743300806625,1.0,0.7922540008210573
2023-06-13 12:00:00,1.1805818515478679,0.9830644271980173,1.5810105223407147,1.0,0.7912171009393774
2023-06-13 13:00:00,1.1805818515478679,0.9830644271980173,1.574515250294553,1.0,0.7945247192563093
2023-06-13 14:00:00,1.1805818515478679,0.9830644271980173,1.571778172864868,1.0,0.7959185342307933
2023-06-13 15:00:00,1.1805818515478679,0.9830644271980173,1.5687812845533369,1.0,0.7974446539379544
2023-06-13 16:00:00,1.1805818515478679,0.9830644271980173,1.5551986133349447,1.0,0.8043614222881528
2023-06-13 17:00:00,1.1805818515478679,0.9830644271980173,1.5612346847527265,1.0,0.8012876448940922
2023-06-13 18:00:00,1.1805818515478679,0.9830644271980173,1.5588963868161083,1.0,0.8024783874881878
2023-06-13 19:00:00,1.1805818515478679,0.9830644271980173,1.5627029183408356,1.0,0.8005399693117532
2023-06-13 20:00:00,1.1805818515478679,0.9830644271980173,1.5636756986193772,1.0,0.8000445957777754
2023-06-13 21:00:00,1.1805818515478679,0.9830644271980173,1.5603283677230295,1.0,0.8017491730313385
2023-06-13 22:00:00,1.1805818515478679,0.9830644271980173,1.5601773148847466,1.0,0.8018260943875463
2023-06-13 23:00:00,1.1805818515478679,0.9830644271980173,1.5599235461164316,1.0,0.8019553222659753
2023-06-14 00:00:00,1.1805818515478679,0.9830644271980173,1.5652949850457691,1.0,0.7992199988392287
2023-06-14 01:00:00,1.1805818515478679,0.9830644271980173,1.5689262952780882,1.0,0.797370809435995
2023-06-14 02:00:00,1.1805818515478679,0.9830644271980173,1.5723582157638745,1.0,0.7945058733823185
2023-06-14 03:00:00,1.1805818515478679,0.9830644271980173,1.571155835171143,1.0,0.7938981605775918
2023-06-14 04:00:00,1.1805818515478679,0.9830644271980173,1.5684791788767711,1.0,0.7925453124746074
2023-06-14 05:00:00,1.1805818515478679,0.9830644271980173,1.5681649889731428,1.0,0.7923865131487491
2023-06-14 06:00:00,1.1805818515478679,0.9830644271980173,1.5601712727712156,1.0,0.7883462918389332
2023-06-14 07:00:00,1.1805818515478679,0.9830644271980173,1.5629446028820881,1.0,0.7897480012729509
2023-06-14 08:00:00,1.1805818515478679,0.9830644271980173,1.5632467085586539,1.0,0.7899006929324299
2023-06-14 09:00:00,1.1805818515478679,0.9830644271980173,1.5651922691157367,1.0,0.7908840272194751
2023-06-14 10:00:00,1.1805818515478679,0.9830644271980173,1.5685637684662095,1.0,0.7925880661392614
2023-06-14 11:00:00,1.1805818515478679,0.9830644271980173,1.5669384399262862,1.0,0.7917665850112642
2023-06-14 12:00:00,1.1805818515478679,0.9830644271980173,1.5682737470167065,1.0,0.7924414821461615
2023-06-14 13:00:00,1.1805818515478679,0.9830644271980173,1.5706664239751067,1.0,0.7936508000892357
2023-06-14 14:00:00,1.1805818515478679,0.9830644271980173,1.569131727138153,1.0,0.7928751264590821
2023-06-14 15:00:00,1.1805818515478679,0.9830644271980173,1.5696573910153773,1.0,0.7931408099465757
2023-06-14 16:00:00,1.1805818515478679,0.9830644271980173,1.568823579348056,1.0,0.7927193809664135
2023-06-14 17:00:00,1.1805818515478679,0.9830644271980173,1.567584946074137,1.0,0.7920933451625494
2023-06-14 18:00:00,1.1805818515478679,0.9830644271980173,1.5713370985770823,1.0,0.7939897755732792
2023-06-14 19:00:00,1.1805818515478679,0.9830644271980173,1.5645095102866984,1.0,0.7905389440690525
2023-06-14 20:00:00,1.1805818515478679,0.9830644271980173,1.561820769765264,1.0,0.7891799882996888
2023-06-14 21:00:00,1.1805818515478679,0.9830644271980173,1.5050007341167941,1.0,0.7604617409848674
2023-06-14 22:00:00,1.1805818515478679,0.9830644271980173,1.5161605178091297,1.0,0.7661021708860238
2023-06-14 23:00:00,1.1805818515478679,0.9830644271980173,1.5110428476481073,1.0,0.7635155741744486
2023-06-15 00:00:00,1.1805818515478679,0.9830644271980173,1.5168311924111055,1.0,0.7664411463700674
2023-06-15 01:00:00,1.1805818515478679,0.9830644271980173,1.5215198725114045,1.0,0.7688109209251824
2023-06-15 02:00:00,1.1805818515478679,0.9830644271980173,1.5130729977946287,1.0,0.7634712891167078
2023-06-15 03:00:00,1.1805818515478679,0.9830644271980173,1.5141605782302652,1.0,0.7629223837781399
2023-06-15 04:00:00,1.1805818515478679,0.9830644271980173,1.513139461043473,1.0,0.7634377449015731
2023-06-15 05:00:00,1.1805818515478679,0.9830644271980173,1.5107890788797924,1.0,0.7646239903277002
2023-06-15 06:00:00,1.1805818515478679,0.9830644271980173,1.5109824265127942,1.0,0.7645264071563994
2023-06-15 07:00:00,1.1805818515478679,0.9830644271980173,1.5048375970514487,1.0,0.7676277223193076
2023-06-15 08:00:00,1.1805818515478679,0.9830644271980173,1.5082936859913598,1.0,0.7658834231323033
2023-06-15 09:00:00,1.1805818515478679,0.9830644271980173,1.5072967372586932,1.0,0.7663865863593238
2023-06-15 10:00:00,1.1805818515478679,0.9830644271980173,1.5059614301682729,1.0,0.7670605201361209
2023-06-15 11:00:00,1.1805818515478679,0.9830644271980173,1.5044871544666325,1.0,0.7678045918172908
2023-06-15 12:00:00,1.1805818515478679,0.9830644271980173,1.5102513307755054,1.0,0.764895393522881
2023-06-15 13:00:00,1.1805818515478679,0.9830644271980173,1.5064689677049032,1.0,0.7668043643114559
2023-06-15 14:00:00,1.1805818515478679,0.9830644271980173,1.5125412918038732,1.0,0.7637396428377854
2023-06-15 15:00:00,1.1805818515478679,0.9830644271980173,1.5100942358236913,1.0,0.764974679849563
2023-06-15 16:00:00,1.1805818515478679,0.9830644271980173,1.506710652246156,1.0,0.7666823853473297
2023-06-15 17:00:00,1.1805818515478679,0.9830644271980173,1.5092906347240265,1.0,0.7653802599052827
2023-06-15 18:00:00,1.1805818515478679,0.9830644271980173,1.5179852360955863,1.0,0.7609920666708431
2023-06-15 19:00:00,1.1805818515478679,0.9830644271980173,1.5329938461073684,1.0,0.7534171729986067
2023-06-15 20:00:00,1.1805818515478679,0.9830644271980173,1.5366009878855624,1.0,0.7515966369590233
2023-06-15 21:00:00,1.1805818515478679,0.9830644271980173,1.5434648288571344,1.0,0.7481324343778395
2023-06-15 22:00:00,1.1805818515478679,0.9830644271980173,1.5435433763330413,1.0,0.7480927912144986
2023-06-15 23:00:00,1.1805818515478679,0.9830644271980173,1.5470236337270777,1.0,0.7463362941310815
2023-06-16 00:00:00,1.1805818515478679,0.9830644271980173,1.545235168121809,1.0,0.7472389384656152
2023-06-16 01:00:00,1.1805818515478679,0.9830644271980173,1.5389936648439626,1.0,0.750389045214174
2023-06-16 02:00:00,1.1805818515478679,0.9830644271980173,1.5402262560043503,1.0,0.7486980994074921
2023-06-16 03:00:00,1.1805818515478679,0.9830644271980173,1.5423530799673726,1.0,0.7497321946328923
2023-06-16 04:00:00,1.1805818515478679,0.9830644271980173,1.54280019636869,1.0,0.7499495896518685
2023-06-16 05:00:00,1.1805818515478679,0.9830644271980173,1.5409452675145767,1.0,0.74904769410017
2023-06-16 06:00:00,1.1805818515478679,0.9830644271980173,1.5425283012597808,1.0,0.7498173899781668
2023-06-16 07:00:00,1.1805818515478679,0.9830644271980173,1.5439300715990456,1.0,0.7504989527403624
2023-06-16 08:00:00,1.1805818515478679,0.9830644271980173,1.5416159421165523,1.0,0.7493737866286343
2023-06-16 09:00:00,1.1805818515478679,0.9830644271980173,1.5420993111990575,1.0,0.7496088082707707
2023-06-16 10:00:00,1.1805818515478679,0.9830644271980173,1.5449693151264312,1.0,0.7510042492709557
2023-06-16 11:00:00,1.1805818515478679,0.9830644271980173,1.5432412706564758,1.0,0.750164046900318
2023-06-16 12:00:00,1.1805818515478679,0.9830644271980173,1.5377973263647626,1.0,0.7475171156557567
2023-06-16 13:00:00,1.1805818515478679,0.9830644271980173,1.5433862813812274,1.0,0.750234553392959
2023-06-16 14:00:00,1.1805818515478679,0.9830644271980173,1.5389755385033685,1.0,0.7480899809084642
2023-06-16 15:00:00,1.1805818515478679,0.9830644271980173,1.5462079484003504,1.0,0.7516064922289302
2023-06-16 16:00:00,1.1805818515478679,0.9830644271980173,1.5601229358629651,1.0,0.7583721777519321
2023-06-16 17:00:00,1.1805818515478679,0.9830644271980173,1.5672345034893205,1.0,0.7618299336618639
2023-06-16 18:00:00,1.1805818515478679,0.9830644271980173,1.588647753844295,1.0,0.7722413924085069
2023-06-16 19:00:00,1.1805818515478679,0.9830644271980173,1.5915177577716686,1.0,0.7736368334086918
2023-06-16 20:00:00,1.1805818515478679,0.9830644271980173,1.5926718014561494,1.0,0.7741979475792924
2023-06-16 21:00:00,1.1805818515478679,0.9830644271980173,1.5942971299960726,1.0,0.7749882078509761
2023-06-16 22:00:00,1.1805818515478679,0.9830644271980173,1.5877716473822543,1.0,0.7718154156821346
2023-06-16 23:00:00,1.1805818515478679,0.9830644271980173,1.591759442312921,1.0,0.77375434422976
2023-06-17 00:00:00,1.1805818515478679,0.9830644271980173,1.5905449774931273,1.0,0.7731638523538923
2023-06-17 01:00:00,1.1805818515478679,0.9830644271980173,1.588496701006012,1.0,0.7721679481453392
2023-06-17 02:00:00,1.1805818515478679,0.9830644271980173,1.5816993232832846,1.0,0.7677865580447519
2023-06-17 03:00:00,1.1805818515478679,0.9830644271980173,1.5861765294099877,1.0,0.7699604382997003
2023-06-17 04:00:00,1.1805818515478679,0.9830644271980173,1.5855602338297938,1.0,0.7696611997220961
2023-06-17 05:00:00,1.1805818515478679,0.9830644271980173,1.5912821153439474,1.0,0.7724394245553433
2023-06-17 06:00:00,1.1805818515478679,0.9830644271980173,1.6113117217002508,1.0,0.782164678327481
2023-06-17 07:00:00,1.1805818515478679,0.9830644271980173,1.6098011933174223,1.0,0.7814312504411961
2023-06-17 08:00:00,1.1805818515478679,0.9830644271980173,1.605759019364974,1.0,0.7794685974174977
2023-06-17 09:00:00,1.1805818515478679,0.9830644271980173,1.605934240657382,1.0,0.7795536750523068
2023-06-17 10:00:00,1.1805818515478679,0.9830644271980173,1.605414618893689,1.0,0.7793013758594248
2023-06-17 11:00:00,1.1805818515478679,0.9830644271980173,1.605257523941875,1.0,0.7792250993592512
2023-06-17 12:00:00,1.1805818515478679,0.9830644271980173,1.6003090329597294,1.0,0.7768223896037818
2023-06-17 13:00:00,1.1805818515478679,0.9830644271980173,1.6011428446270506,1.0,0.7772272417970111
2023-06-17 14:00:00,1.1805818515478679,0.9830644271980173,1.6028769312105375,1.0,0.7780692170104662
2023-06-17 15:00:00,1.1805818515478679,0.9830644271980173,1.5995900214495031,1.0,0.7764732779299102
2023-06-17 16:00:00,1.1805818515478679,0.9830644271980173,1.5944119301531678,1.0,0.7739590871357257
2023-06-17 17:00:00,1.1805818515478679,0.9830644271980173,1.598121787861394,1.0,0.7757603860244413
2023-06-17 18:00:00,1.1805818515478679,0.9830644271980173,1.5950886468686747,1.0,0.7742876628287813
2023-06-17 19:00:00,1.1805818515478679,0.9830644271980173,1.6010461708105497,1.0,0.7771803024122889
2023-06-17 20:00:00,1.1805818515478679,0.9830644271980173,1.598411809310897,1.0,0.775901204178608
2023-06-17 21:00:00,1.1805818515478679,0.9830644271980173,1.6023573094468446,1.0,0.7778169178175842
2023-06-17 22:00:00,1.1805818515478679,0.9830644271980173,1.6010703392646748,1.0,0.7771920372584694
2023-06-17 23:00:00,1.1805818515478679,0.9830644271980173,1.6038134588078912,1.0,0.7785239422999628
2023-06-18 00:00:00,1.1805818515478679,0.9830644271980173,1.6009917917887677,1.0,0.7771538990083826
2023-06-18 01:00:00,1.1805818515478679,0.9830644271980173,1.5971127549016646,1.0,0.775270456196403
2023-06-18 02:00:00,1.1805818515478679,0.9830644271980173,1.599432926497689,1.0,0.7753100498468523
2023-06-18 03:00:00,1.1805818515478679,0.9830644271980173,1.5984843146732728,1.0,0.7748500983908736
2023-06-18 04:00:00,1.1805818515478679,0.9830644271980173,1.6027802573940366,1.0,0.7769330632647641
2023-06-18 05:00:00,1.1805818515478679,0.9830644271980173,1.6021035406785296,1.0,0.776604945028652
2023-06-18 06:00:00,1.1805818515478679,0.9830644271980173,1.6019343614996528,1.0,0.7765229154696239
2023-06-18 07:00:00,1.1805818515478679,0.9830644271980173,1.6023814779009697,1.0,0.7767397078756265
2023-06-18 08:00:00,1.1805818515478679,0.9830644271980173,1.6048104075405578,1.0,0.7779174179731004
2023-06-18 09:00:00,1.1805818515478679,0.9830644271980173,1.5997712848554424,1.0,0.7754741089649083
2023-06-18 10:00:00,1.1805818515478679,0.9830644271980173,1.601402655508897,1.0,0.7762651082841072
2023-06-18 11:00:00,1.1805818515478679,0.9830644271980173,1.6003332014138547,1.0,0.7757465642859658
2023-06-18 12:00:00,1.1805818515478679,0.9830644271980173,1.5997652427419111,1.0,0.7754711793378002
2023-06-18 13:00:00,1.1805818515478679,0.9830644271980173,1.6017772665478385,1.0,0.7764467451648122
2023-06-18 14:00:00,1.1805818515478679,0.9830644271980173,1.5990764417993415,1.0,0.7751372018474717
2023-06-18 15:00:00,1.1805818515478679,0.9830644271980173,1.602961520799976,1.0,0.7770209520780085
2023-06-18 16:00:00,1.1805818515478679,0.9830644271980173,1.603330089725386,1.0,0.7771996593316052
2023-06-18 17:00:00,1.1805818515478679,0.9830644271980173,1.607094326455394,1.0,0.7790248170199788
2023-06-18 18:00:00,1.1805818515478679,0.9830644271980173,1.6076985378085256,1.0,0.7793177797307933
2023-06-18 19:00:00,1.1805818515478679,0.9830644271980173,1.607184958158364,1.0,0.7790687614266011
2023-06-18 20:00:00,1.1805818515478679,0.9830644271980173,1.6090157185583518,1.0,0.7799564384403687
2023-06-18 21:00:00,1.1805818515478679,0.9830644271980173,1.5981519984290504,1.0,0.7746889688999257
2023-06-18 22:00:00,1.1805818515478679,0.9830644271980173,1.5946173620132322,1.0,0.7729751370416614
2023-06-18 23:00:00,1.1805818515478679,0.9830644271980173,1.593837929367693,1.0,0.7725972151447109
2023-06-19 00:00:00,1.1805818515478679,0.9830644271980173,1.5901643243406542,1.0,0.7708160018629593
2023-06-19 01:00:00,1.1805818515478679,0.9830644271980173,1.5917654844264524,1.0,0.7715923530466174
2023-06-19 02:00:00,1.1805818515478679,0.9830644271980173,1.59617018519078,1.0,0.7726448311615832
2023-06-19 03:00:00,1.1805818515478679,0.9830644271980173,1.5965870910244404,1.0,0.7724429701822162
2023-06-19 04:00:00,1.1805818515478679,0.9830644271980173,1.5940191927736325,1.0,0.7736863167942595
2023-06-19 05:00:00,1.1805818515478679,0.9830644271980173,1.5955055527023354,1.0,0.7729666385199945
2023-06-19 06:00:00,1.1805818515478679,0.9830644271980173,1.597426944805293,1.0,0.772036322702042
2023-06-19 07:00:00,1.1805818515478679,0.9830644271980173,1.5955055527023354,1.0,0.7729666385199945
2023-06-19 08:00:00,1.1805818515478679,0.9830644271980173,1.5953363735234587,1.0,0.7730485531203173
2023-06-19 09:00:00,1.1805818515478679,0.9830644271980173,1.594786541192109,1.0,0.7733147755713666
2023-06-19 10:00:00,1.1805818515478679,0.9830644271980173,1.5935781184858464,1.0,0.773899879859387
2023-06-19 11:00:00,1.1805818515478679,0.9830644271980173,1.5923455273254585,1.0,0.7744966862331678
2023-06-19 12:00:00,1.1805818515478679,0.9830644271980173,1.5967441859762546,1.0,0.7723669066247735
2023-06-19 13:00:00,1.1805818515478679,0.9830644271980173,1.6017530980937134,1.0,0.7699416493509289
2023-06-19 14:00:00,1.1805818515478679,0.9830644271980173,1.6017168454125252,1.0,0.7699592024795696
2023-06-19 15:00:00,1.1805818515478679,0.9830644271980173,1.5952457418204888,1.0,0.7730924359419188
2023-06-19 16:00:00,1.1805818515478679,0.9830644271980173,1.5962970695749372,1.0,0.7725833952113411
2023-06-19 17:00:00,1.1805818515478679,0.9830644271980173,1.599837748104287,1.0,0.7708690396474412
2023-06-19 18:00:00,1.1805818515478679,0.9830644271980173,1.609831403885079,1.0,0.7660302271855126
2023-06-19 19:00:00,1.1805818515478679,0.9830644271980173,1.599487305519471,1.0,0.7710387198909672
2023-06-19 20:00:00,1.1805818515478679,0.9830644271980173,1.6109008579801214,1.0,0.7655124098906145
2023-06-19 21:00:00,1.1805818515478679,0.9830644271980173,1.6132451980302709,1.0,0.764377307571855
2023-06-19 22:00:00,1.1805818515478679,0.9830644271980173,1.6160849913899882,1.0,0.7630023124950069
2023-06-19 23:00:00,1.1805818515478679,0.9830644271980173,1.6151726322467599,1.0,0.7634440662324623
2023-06-20 00:00:00,1.1805818515478679,0.9830644271980173,1.6203144708619075,1.0,0.7609544474869355
2023-06-20 01:00:00,1.1805818515478679,0.9830644271980173,1.628942608984623,1.0,0.7567768028704698
2023-06-20 02:00:00,1.1805818515478679,0.9830644271980173,1.624181423521948,1.0,0.7580004176473755
2023-06-20 03:00:00,1.1805818515478679,0.9830644271980173,1.6246224978097341,1.0,0.7582063210982961
2023-06-20 04:00:00,1.1805818515478679,0.9830644271980173,1.6234624120117218,1.0,0.7576647668164228
2023-06-20 05:00:00,1.1805818515478679,0.9830644271980173,1.6277341862783603,1.0,0.7596589276356126
2023-06-20 06:00:00,1.1805818515478679,0.9830644271980173,1.6189187426361742,1.0,0.755543679212419
2023-06-20 07:00:00,1.1805818515478679,0.9830644271980173,1.6168765082625904,1.0,0.7545903180287046
2023-06-20 08:00:00,1.1805818515478679,0.9830644271980173,1.6198250596658712,1.0,0.7559667684951326
2023-06-20 09:00:00,1.1805818515478679,0.9830644271980173,1.615190758587354,1.0,0.7538033719628574
2023-06-20 10:00:00,1.1805818515478679,0.9830644271980173,1.6165321077913055,1.0,0.7544295441012734
2023-06-20 11:00:00,1.1805818515478679,0.9830644271980173,1.6162420863418026,1.0,0.754294155530805
2023-06-20 12:00:00,1.1805818515478679,0.9830644271980173,1.6243385184737622,1.0,0.7580737531230459
2023-06-20 13:00:00,1.1805818515478679,0.9830644271980173,1.6209851454638833,1.0,0.7565083227770059
2023-06-20 14:00:00,1.1805818515478679,0.9830644271980173,1.6183084891695116,1.0,0.755258799095392
2023-06-20 15:00:00,1.1805818515478679,0.9830644271980173,1.6163991812936165,1.0,0.7543674910064754
2023-06-20 16:00:00,1.1805818515478679,0.9830644271980173,1.6339515211020816,1.0,0.7625613201150272
2023-06-20 17:00:00,1.1805818515478679,0.9830644271980173,1.6526156098003082,1.0,0.7712741387437078
2023-06-20 18:00:00,1.1805818515478679,0.9830644271980173,1.6780408235400743,1.0,0.7831432034214311
2023-06-20 19:00:00,1.1805818515478679,0.9830644271980173,1.694602256729404,1.0,0.790874454914216
2023-06-20 20:00:00,1.1805818515478679,0.9830644271980173,1.6895027129089757,1.0,0.788493872550148
2023-06-20 21:00:00,1.1805818515478679,0.9830644271980173,1.6999857798858042,1.0,0.7933876052535345
2023-06-20 22:00:00,1.1805818515478679,0.9830644271980173,1.698420872481194,1.0,0.7926570710920491
2023-06-20 23:00:00,1.1805818515478679,0.9830644271980173,1.7032545633062446,1.0,0.7949135472665212
2023-06-21 00:00:00,1.1805818515478679,0.9830644271980173,1.7086562128032388,1.0,0.7974351593914938
2023-06-21 01:00:00,1.1805818515478679,0.9830644271980173,1.7152421165523701,1.0,0.800509608179212
2023-06-21 02:00:00,1.1805818515478679,0.9830644271980173,1.7380148424518898,1.0,0.810004860990622
2023-06-21 03:00:00,1.1805818515478679,0.9830644271980173,1.73815381106311,1.0,0.8100696468305622
2023-06-21 04:00:00,1.1805818515478679,0.9830644271980173,1.7336645207093442,1.0,0.8079767825229327
2023-06-21 05:00:00,1.1805818515478679,0.9830644271980173,1.7379362949759827,1.0,0.8099682429071776
2023-06-21 06:00:00,1.1805818515478679,0.9830644271980173,1.749670079453793,1.0,0.8154384212186396
2023-06-21 07:00:00,1.1805818515478679,0.9830644271980173,1.7422624482644031,1.0,0.8119850542722686
2023-06-21 08:00:00,1.1805818515478679,0.9830644271980173,1.7430781335911303,1.0,0.8123653189849604
2023-06-21 09:00:00,1.1805818515478679,0.9830644271980173,1.7402806350261322,1.0,0.8110611518592101
2023-06-21 10:00:00,1.1805818515478679,0.9830644271980173,1.745911884837316,1.0,0.813686386764608
2023-06-21 11:00:00,1.1805818515478679,0.9830644271980173,1.740739835654512,1.0,0.8112752268085774
2023-06-21 12:00:00,1.1805818515478679,0.9830644271980173,1.7462864958762576,1.0,0.8138610268548813
2023-06-21 13:00:00,1.1805818515478679,0.9830644271980173,1.7440086190749524,1.0,0.8127991024349939
2023-06-21 14:00:00,1.1805818515478679,0.9830644271980173,1.7694338328147186,1.0,0.824652094368378
2023-06-21 15:00:00,1.1805818515478679,0.9830644271980173,1.7829742092383918,1.0,0.8309644885990611
2023-06-21 16:00:00,1.1805818515478679,0.9830644271980173,1.8020793722244042,1.0,0.8398711332029967
2023-06-21 17:00:00,1.1805818515478679,0.9830644271980173,1.8217887465635478,1.0,0.849059455371889
2023-06-21 18:00:00,1.1805818515478679,0.9830644271980173,1.8165260656777742,1.0,0.8466060437811148
2023-06-21 19:00:00,1.1805818515478679,0.9830644271980173,1.819474617081055,1.0,0.8479806302981042
2023-06-21 20:00:00,1.1805818515478679,0.9830644271980173,1.8183145312830429,1.0,0.847439809373387
2023-06-21 21:00:00,1.1805818515478679,0.9830644271980173,1.8105866680764933,1.0,0.843837153317589
2023-06-21 22:00:00,1.1805818515478679,0.9830644271980173,1.804466007069273,1.0,0.8409837595845762
2023-06-21 23:00:00,1.1805818515478679,0.9830644271980173,1.8181695205582915,1.0,0.8473722067577975
2023-06-22 00:00:00,1.1805818515478679,0.9830644271980173,1.811239216337875,1.0,0.8441413650877424
2023-06-22 01:00:00,1.1805818515478679,0.9830644271980173,1.8198733965741218,1.0,0.8481665374909758
2023-06-22 02:00:00,1.1805818515478679,0.9830644271980173,1.8209549348962268,1.0,0.8474826202420643
2023-06-22 03:00:00,1.1805818515478679,0.9830644271980173,1.8394317180749826,1.0,0.8560845355262386
2023-06-22 04:00:00,1.1805818515478679,0.9830644271980173,1.8290755354823118,1.0,0.8512631873257565
2023-06-22 05:00:00,1.1805818515478679,0.9830644271980173,1.832362445243346,1.0,0.8527934168596317
2023-06-22 06:00:00,1.1805818515478679,0.9830644271980173,1.8286888402163077,1.0,0.851083160321771
2023-06-22 07:00:00,1.1805818515478679,0.9830644271980173,1.8191906377450833,1.0,0.8466612470363812
2023-06-22 08:00:00,1.1805818515478679,0.9830644271980173,1.817643856681067,1.0,0.8459411390204399
2023-06-22 09:00:00,1.1805818515478679,0.9830644271980173,1.8174565511615965,1.0,0.8458539384403846
2023-06-22 10:00:00,1.1805818515478679,0.9830644271980173,1.8197585964170269,1.0,0.8469256616984847
2023-06-22 11:00:00,1.1805818515478679,0.9830644271980173,1.8220425153318631,1.0,0.8479889461907731
2023-06-22 12:00:00,1.1805818515478679,0.9830644271980173,1.8070641158877376,1.0,0.8410157127082787
2023-06-22 13:00:00,1.1805818515478679,0.9830644271980173,1.8179217939035075,1.0,0.8460705334295543
2023-06-22 14:00:00,1.1805818515478679,0.9830644271980173,1.825643614996526,1.0,0.8496654476653865
2023-06-22 15:00:00,1.1805818515478679,0.9830644271980173,1.7959466269901214,1.0,0.8358399363437002
2023-06-22 16:00:00,1.1805818515478679,0.9830644271980173,1.8021035406785293,1.0,0.8387063037977792
2023-06-22 17:00:00,1.1805818515478679,0.9830644271980173,1.8093782453702307,1.0,0.8420930618102533
2023-06-22 18:00:00,1.1805818515478679,0.9830644271980173,1.820435313132534,1.0,0.8472407089554591
2023-06-22 19:00:00,1.1805818515478679,0.9830644271980173,1.819861312347059,1.0,0.8469734813714184
2023-06-22 20:00:00,1.1805818515478679,0.9830644271980173,1.824543950333827,1.0,0.8491534958728033
2023-06-22 21:00:00,1.1805818515478679,0.9830644271980173,1.8205803238572853,1.0,0.8473082190819535
2023-06-22 22:00:00,1.1805818515478679,0.9830644271980173,1.8144596628500649,1.0,0.8444587291594982
2023-06-22 23:00:00,1.1805818515478679,0.9830644271980173,1.806955357844174,1.0,0.8409650801134076
2023-06-23 00:00:00,1.1805818515478679,0.9830644271980173,1.8043814174798345,1.0,0.8397667753681304
2023-06-23 01:00:00,1.1805818515478679,0.9830644271980173,1.8119642699616327,1.0,0.8432969923994053
2023-06-23 02:00:00,1.1805818515478679,0.9823762820989788,1.807342053110178,1.0,0.8399675008620473
2023-06-23 03:00:00,1.1805818515478679,0.9842324223254421,1.81075584725537,1.0,0.8383804333649161
2023-06-23 04:00:00,1.1805818515478679,0.984951881988443,1.8120790701187277,1.0,0.8377652691492139
2023-06-23 05:00:00,1.1805818515478679,0.9846726396534883,1.811565490468566,1.0,0.8380040315160389
2023-06-23 06:00:00,1.1805818515478679,0.9860327140849144,1.8140669254705297,1.0,0.8368411183411499
2023-06-23 07:00:00,1.1805818515478679,0.985080004942128,1.8123147125464487,1.0,0.8376557193573765
2023-06-23 08:00:00,1.1805818515478679,0.9824715530132575,1.8075172744025862,1.0,0.8398860407604246
2023-06-23 09:00:00,1.1805818515478679,0.984610220778616,1.811450690311471,1.0,0.8380574019274469
2023-06-23 10:00:00,1.1805818515478679,0.9894131889398361,1.820284260294251,1.0,0.833950689218056
2023-06-23 11:00:00,1.1805818515478679,0.9871496834247331,1.816121244071176,1.0,0.8358860688738496
2023-06-23 12:00:00,1.1805818515478679,0.9889861124275525,1.8194987855351803,1.0,0.8343158551908473
2023-06-23 13:00:00,1.1805818515478679,0.9878362910483275,1.8173840457992207,1.0,0.8352989943483622
2023-06-23 14:00:00,1.1805818515478679,0.9869525711882945,1.8157587172592973,1.0,0.836054607015138
2023-06-23 15:00:00,1.1805818515478679,0.9939073479306357,1.8285498716050876,1.0,0.8301080195966835
2023-06-23 16:00:00,1.1805818515478679,1.0253763164780554,1.8864272771215373,1.0,0.803200905340011
2023-06-23 17:00:00,1.1805818515478679,1.0206916156586983,1.8778112232258843,1.0,0.807206495164629
2023-06-23 18:00:00,1.1805818515478679,1.025369746070174,1.8864151928944746,1.0,0.8032065232780539
2023-06-23 19:00:00,1.1805818515478679,1.0156126903664642,1.8684701157064743,1.0,0.8115491612718233
2023-06-23 20:00:00,1.1805818515478679,1.0135758639232655,1.86472400531706,1.0,0.8132907220651354
2023-06-23 21:00:00,1.1805818515478679,1.0141934822641063,1.865859922660947,1.0,0.8127626358890989
2023-06-23 22:00:00,1.1805818515478679,1.0062137218922844,1.851183628893387,1.0,0.8195856216422525
2023-06-23 23:00:00,1.1805818515478679,1.0056355259987313,1.8501202169118758,1.0,0.8200800001900314
2023-06-24 00:00:00,1.1805818515478679,1.0069988856340981,1.852627694027371,1.0,0.8189142780461208
2023-06-24 01:00:00,1.1805818515478679,1.0006945792720041,1.8410328781607805,1.0,0.824304689598324
2023-06-24 02:00:00,1.1805818515478679,1.0037689513075119,1.847981308721791,1.0,0.8198984299800568
2023-06-24 03:00:00,1.1805818515478679,1.0037689513075119,1.8568269629316336,1.0,0.823824265275404
2023-06-24 04:00:00,1.1805818515478679,1.0037689513075119,1.855407066251775,1.0,0.8231940936262192
2023-06-24 05:00:00,1.1805818515478679,1.0037689513075119,1.8538482009606962,1.0,0.8225022456028588
2023-06-24 06:00:00,1.1805818515478679,1.0037689513075119,1.855274139754086,1.0,0.8231350988335295
2023-06-24 07:00:00,1.1805818515478679,1.0037689513075119,1.8536367269871001,1.0,0.8224083902508526
2023-06-24 08:00:00,1.1805818515478679,1.0037689513075119,1.8459692849158635,1.0,0.8190054633452545
2023-06-24 09:00:00,1.1805818515478679,1.0037689513075119,1.8481867405818555,1.0,0.8199896037505772
2023-06-24 10:00:00,1.1805818515478679,1.0037689513075119,1.8491534787468658,1.0,0.82041865678832
2023-06-24 11:00:00,1.1805818515478679,1.0037689513075119,1.8560414881725629,1.0,0.8234756596822379
2023-06-24 12:00:00,1.1805818515478679,1.0037689513075119,1.8527062415032778,1.0,0.8219954267020251
2023-06-24 13:00:00,1.1805818515478679,1.0037689513075119,1.8533225370834718,1.0,0.8222689480135861
2023-06-24 14:00:00,1.1805818515478679,1.0037689513075119,1.850065837890094,1.0,0.8208235755926898
2023-06-24 15:00:00,1.1805818515478679,1.0037689513075119,1.8530264735204374,1.0,0.8221375505207773
2023-06-24 16:00:00,1.1805818515478679,1.0037689513075119,1.8355466390743482,1.0,0.8143797352820893
2023-06-24 17:00:00,1.1805818515478679,1.0037689513075119,1.8423802694782636,1.0,0.8174126039426342
2023-06-24 18:00:00,1.1805818515478679,1.0037689513075119,1.8465130751336818,1.0,0.8192468056789849
2023-06-24 19:00:00,1.1805818515478679,1.0037689513075119,1.850235017068971,1.0,0.8208986598742949
2023-06-24 20:00:00,1.1805818515478679,1.0037689513075119,1.8495280897858073,1.0,0.8205849148404454
2023-06-24 21:00:00,1.1805818515478679,1.0037689513075119,1.8423802694782636,1.0,0.8174126039426342
2023-06-24 22:00:00,1.1805818515478679,1.0037689513075119,1.8421023322558232,1.0,0.8172892511942831
2023-06-24 23:00:00,1.1805818515478679,1.0037689513075119,1.842603827678922,1.0,0.8175118224576121
2023-06-25 00:00:00,1.1805818515478679,1.0037689513075119,1.8436068185251202,1.0,0.8179569649842704
2023-06-25 01:00:00,1.1805818515478679,1.0037689513075119,1.8426884172683606,1.0,0.8175493645984147
2023-06-25 02:00:00,1.1805818515478679,1.0030663130415967,1.8476489924775688,1.0,0.8186032916058665
2023-06-25 03:00:00,1.1805818515478679,1.0037422495197532,1.8488936678650194,1.0,0.8180516592573953
2023-06-25 04:00:00,1.1805818515478679,1.0080177118063454,1.8567665417963204,1.0,0.8145624507619686
2023-06-25 05:00:00,1.1805818515478679,1.0125491112060259,1.865110700583064,1.0,0.8108643717656646
2023-06-25 06:00:00,1.1805818515478679,1.0115745814292663,1.863316192864264,1.0,0.8116596863651593
2023-06-25 07:00:00,1.1805818515478679,1.0120077057744927,1.8641137518503972,1.0,0.8113062132098283
2023-06-25 08:00:00,1.1805818515478679,1.007098963195259,1.8550747500075526,1.0,0.8153122423035799
2023-06-25 09:00:00,1.1805818515478679,1.0075550562557625,1.8559146037884053,1.0,0.8149400243597086
2023-06-25 10:00:00,1.1805818515478679,1.0057897464244605,1.8526639467085586,1.0,0.816380695250376
2023-06-25 11:00:00,1.1805818515478679,1.0036667808838426,1.848754699253799,1.0,0.8181132492768848
2023-06-25 12:00:00,1.1805818515478679,1.006967713393675,1.8548330654663001,1.0,0.815419355380953
2023-06-25 13:00:00,1.1805818515478679,1.005461621920501,1.8520597353554273,1.0,0.8166484779438086
2023-06-25 14:00:00,1.1805818515478679,1.0056289654175203,1.8523678831455244,1.0,0.8165119087701579
2023-06-25 15:00:00,1.1805818515478679,1.0013961593164429,1.8445735566901302,1.0,0.8199663055154384
2023-06-25 16:00:00,1.1805818515478679,1.0025085013848656,1.8466218331772455,1.0,0.819058522184702
2023-06-25 17:00:00,1.1805818515478679,1.0028431883789042,1.8472381287574393,1.0,0.8187853838374006
2023-06-25 18:00:00,1.1805818515478679,1.0008153789444345,1.8435041025950878,1.0,0.8204402808828141
2023-06-25 19:00:00,1.1805818515478679,0.9984135075754511,1.8390812754901664,1.0,0.8224004501987406
2023-06-25 20:00:00,1.1805818515478679,0.9974521027788499,1.8373109362254918,1.0,0.8231850534904982
2023-06-25 21:00:00,1.1805818515478679,0.9955752306162016,1.8338548472855805,1.0,0.8247167704969326
2023-06-25 22:00:00,1.1805818515478679,0.9983675701448969,1.8389966859007283,1.0,0.8224379397758212
2023-06-25 23:00:00,1.1805818515478679,0.9997653805317643,1.8415706262650675,1.0,0.8212971855017984
2023-06-26 00:00:00,1.1805818515478679,0.9986989758938959,1.8396069393673908,1.0,0.8221674792554543
2023-06-26 01:00:00,1.1805818515478679,0.9961035110675764,1.834827627564122,1.0,0.8242856403605061
2023-06-26 02:00:00,1.1805818515478679,0.9884215871650599,1.8219579257424248,1.0,0.8288433615431733
2023-06-26 03:00:00,1.1805818515478679,0.9884215871650599,1.82474334008036,1.0,0.8275758228826899
2023-06-26 04:00:00,1.1805818515478679,0.9884215871650599,1.8291480408446876,1.0,0.8255714070833572
2023-06-26 05:00:00,1.1805818515478679,0.9884215871650599,1.8261753209872815,1.0,0.8269241815322896
2023-06-26 06:00:00,1.1805818515478679,0.9884215871650599,1.8245076976526389,1.0,0.8276830550036419
2023-06-26 07:00:00,1.1805818515478679,0.9884215871650599,1.8406220144406513,1.0,0.8203500276554659
2023-06-26 08:00:00,1.1805818515478679,0.9884215871650599,1.83583061841032,1.0,0.8225304141148223
2023-06-26 09:00:00,1.1805818515478679,0.9884215871650599,1.8358004078426635,1.0,0.8225441618226367
2023-06-26 10:00:00,1.1805818515478679,0.9884215871650599,1.827474375396514,1.0,0.8263330300962725
2023-06-26 11:00:00,1.1805818515478679,0.9884215871650599,1.8276375124618593,1.0,0.8262587924740749
2023-06-26 12:00:00,1.1805818515478679,0.9884215871650599,1.830972759131144,1.0,0.8247410455313704
2023-06-26 13:00:00,1.1805818515478679,0.9884215871650599,1.8329424881423524,1.0,0.8238446949818745
2023-06-26 14:00:00,1.1805818515478679,0.9884215871650599,1.8500718800036253,1.0,0.8160497446511362
2023-06-26 15:00:00,1.1805818515478679,0.9884215871650599,1.8351297332406877,1.0,0.8228493609361153
2023-06-26 16:00:00,1.1805818515478679,0.9884215871650599,1.8361448083139484,1.0,0.8223874379535531
2023-06-26 17:00:00,1.1805818515478679,0.9884215871650599,1.8174807196157217,1.0,0.8308807718412605
2023-06-26 18:00:00,1.1805818515478679,0.9884215871650599,1.8160729071629256,1.0,0.8315214150254093
2023-06-26 19:00:00,1.1805818515478679,0.9884215871650599,1.8241149602731035,1.0,0.8278617752052285
2023-06-26 20:00:00,1.1805818515478679,0.9884215871650599,1.8260665629437178,1.0,0.8269736732804213
2023-06-26 21:00:00,1.1805818515478679,0.9884215871650599,1.8210032718044773,1.0,0.829277789110107
2023-06-26 22:00:00,1.1805818515478679,0.9884215871650599,1.820767629376756,1.0,0.8293850212310588
2023-06-26 23:00:00,1.1805818515478679,0.9884215871650599,1.825281088184647,1.0,0.8273311136835945
2023-06-27 00:00:00,1.1805818515478679,0.9884215871650599,1.8276495966889217,1.0,0.8262532933909492
2023-06-27 01:00:00,1.1805818515478679,0.9884215871650599,1.8325920455575362,1.0,0.824004168392521
2023-06-27 02:00:00,1.1805818515478679,0.9884215871650599,1.8338790157397058,1.0,0.8222581379916434
2023-06-27 03:00:00,1.1805818515478679,0.9884215871650599,1.8405253406241504,1.0,0.8192771691409799
2023-06-27 04:00:00,1.1805818515478679,0.9884215871650599,1.8336856681067037,1.0,0.8223448570854809
2023-06-27 05:00:00,1.1805818515478679,0.9884215871650599,1.8322295187456574,1.0,0.8229979602609444
2023-06-27 06:00:00,1.1805818515478679,0.9884215871650599,1.8308458747469867,1.0,0.8236185437762189
2023-06-27 07:00:00,1.1805818515478679,0.9884215871650599,1.830604190205734,1.0,0.8237269426435158
2023-06-27 08:00:00,1.1805818515478679,0.9884215871650599,1.8363744086281382,1.0,0.8211389196868034
2023-06-27 09:00:00,1.1805818515478679,0.9884215871650599,1.835329122987221,1.0,0.8216077447878622
2023-06-27 10:00:00,1.1805818515478679,0.9884215871650599,1.834326132141023,1.0,0.8220576000871442
2023-06-27 11:00:00,1.1805818515478679,0.9884215871650599,1.8512138394610436,1.0,0.8144832292347766
2023-06-27 12:00:00,1.1805818515478679,0.9884215871650599,1.8554433189329627,1.0,0.8125862490570817
2023-06-27 13:00:00,1.1805818515478679,0.9884215871650599,1.854422201746171,1.0,0.8130442342714108
2023-06-27 14:00:00,1.1805818515478679,0.9884215871650599,1.8481806984683244,1.0,0.8158436350193521
2023-06-27 15:00:00,1.1805818515478679,0.9884215871650599,1.859999072535573,1.0,0.810542930408536
2023-06-27 16:00:00,1.1805818515478679,0.9884215871650599,1.841383320745597,1.0,0.8188923531620761
2023-06-27 17:00:00,1.1805818515478679,0.9884215871650599,1.8539509168907284,1.0,0.8132556120626396
2023-06-27 18:00:00,1.1805818515478679,0.9884215871650599,1.8553889399111811,1.0,0.8126106388022234
2023-06-27 19:00:00,1.1805818515478679,0.9884215871650599,1.8528633364550922,1.0,0.8137434069654755
2023-06-27 20:00:00,1.1805818515478679,0.9884215871650599,1.8505069121778799,1.0,0.8148002959216198
2023-06-27 21:00:00,1.1805818515478679,0.9884215871650599,1.8503860699072536,1.0,0.8148544953552682
2023-06-27 22:00:00,1.1805818515478679,0.9884215871650599,1.8552318449593668,1.0,0.8126810980659664
2023-06-27 23:00:00,1.1805818515478679,0.9884215871650599,1.846362022295399,1.0,0.816659336495761
2023-06-28 00:00:00,1.1805818515478679,0.9884215871650599,1.8532137790399084,1.0,0.8135862286078951
2023-06-28 01:00:00,1.1805818515478679,0.9884215871650599,1.848229035376575,1.0,0.8158219552458927
2023-06-28 02:00:00,1.1805818515478679,0.9877296920540444,1.8417095948762878,1.0,0.8175948550189774
2023-06-28 03:00:00,1.1805818515478679,0.990601653717874,1.8363562822875443,1.0,0.8152175840924796
2023-06-28 04:00:00,1.1805818515478679,0.9893828528311923,1.838628116975318,1.0,0.8162264485037247
2023-06-28 05:00:00,1.1805818515478679,0.9885757213929377,1.840132603244615,1.0,0.8168945528611716
2023-06-28 06:00:00,1.1805818515478679,0.9895416859254673,1.8383320534122838,1.0,0.8160949741522593
2023-06-28 07:00:00,1.1805818515478679,0.9920992228924669,1.8335648258360775,1.0,0.8139779687786622
2023-06-28 08:00:00,1.1805818515478679,0.9979987378226812,1.8225681792090873,1.0,0.8090946357242308
2023-06-28 09:00:00,1.1805818515478679,0.9951397421257312,1.8278973233437057,1.0,0.8114611740506091
2023-06-28 10:00:00,1.1805818515478679,0.9942807468199581,1.8294984834295038,1.0,0.8121722088085347
2023-06-28 11:00:00,1.1805818515478679,0.9931786396351929,1.8315528020301504,1.0,0.8130844798187031
2023-06-28 12:00:00,1.1805818515478679,0.994160811626322,1.8297220416301625,1.0,0.8122714853596412
2023-06-28 13:00:00,1.1805818515478679,1.0007345568342751,1.8174686353886589,1.0,0.8068300570989889
2023-06-28 14:00:00,1.1805818515478679,0.9974314767716991,1.8236255490770672,1.0,0.8095641869794646
2023-06-28 15:00:00,1.1805818515478679,0.9938236964874526,1.8303504214374189,1.0,0.8125505329627516
2023-06-28 16:00:00,1.1805818515478679,0.9907442793535495,1.8360904292921665,1.0,0.8150995254911636
2023-06-28 17:00:00,1.1805818515478679,0.9958463873206689,1.8265801425938795,1.0,0.8108762473440894
2023-06-28 18:00:00,1.1805818515478679,0.9992369876596823,1.8202600918401257,1.0,0.8080696724128063
2023-06-28 19:00:00,1.1805818515478679,0.9977718334022884,1.8229911271562793,1.0,0.8092824562263243
2023-06-28 20:00:00,1.1805818515478679,1.0010943624151838,1.8167979607866833,1.0,0.8065322274456693
2023-06-28 21:00:00,1.1805818515478679,1.0007572472763144,1.81742634059394,1.0,0.8068112750487797
2023-06-28 22:00:00,1.1805818515478679,0.999752384843146,1.819299395788647,1.0,0.8076430515580509
2023-06-28 23:00:00,1.1805818515478679,1.0007669717514742,1.8174082142533459,1.0,0.8068032255986899
2023-06-29 00:00:00,1.1805818515478679,1.0015546542394094,1.8159399806652368,1.0,0.8061512201414224
2023-06-29 01:00:00,1.1805818515478679,1.0014282360623332,1.816175623092958,1.0,0.8062558629925889
2023-06-29 02:00:00,1.1805818515478679,0.9980114396079857,1.8212691247998551,1.0,0.8073858291581685
2023-06-29 03:00:00,1.1805818515478679,0.9980114396079857,1.8185199631431075,1.0,0.808604943667732
2023-06-29 04:00:00,1.1805818515478679,0.9980114396079857,1.8217404096552974,1.0,0.8071768380993862
2023-06-29 05:00:00,1.1805818515478679,0.9980114396079857,1.8245379082202955,1.0,0.8059362886094348
2023-06-29 06:00:00,1.1805818515478679,0.9980114396079857,1.8222962841001784,1.0,0.806930335824925
2023-06-29 07:00:00,1.1805818515478679,0.9980114396079857,1.825317340865835,1.0,0.8055906495506794
2023-06-29 08:00:00,1.1805818515478679,0.9980114396079857,1.8321086764750312,1.0,0.8025790348061753
2023-06-29 09:00:00,1.1805818515478679,0.9980114396079857,1.8346826168393704,1.0,0.8014376221005182
2023-06-29 10:00:00,1.1805818515478679,0.9980114396079857,1.8372867677713665,1.0,0.8002828125321185
2023-06-29 11:00:00,1.1805818515478679,0.9980114396079857,1.8535460952841305,1.0,0.7930726210041288
2023-06-29 12:00:00,1.1805818515478679,0.9980114396079857,1.8518543034953627,1.0,0.7938228453177063
2023-06-29 13:00:00,1.1805818515478679,0.9980114396079857,1.8490205522491767,1.0,0.7950794710429486
2023-06-29 14:00:00,1.1805818515478679,0.9980114396079857,1.8453469472221384,1.0,0.7967085295524312
2023-06-29 15:00:00,1.1805818515478679,0.9980114396079857,1.8381568321198756,1.0,0.7998969828851358
2023-06-29 16:00:00,1.1805818515478679,0.9980114396079857,1.8402232349475849,1.0,0.7989806374735517
2023-06-29 17:00:00,1.1805818515478679,0.9980114396079857,1.8416431316274433,1.0,0.7983509849246563
2023-06-29 18:00:00,1.1805818515478679,0.9980114396079857,1.844259366786502,1.0,0.7971908166111596
2023-06-29 19:00:00,1.1805818515478679,0.9980114396079857,1.8453167366544818,1.0,0.7967219264151737
2023-06-29 20:00:00,1.1805818515478679,0.9980114396079857,1.8464647382254313,1.0,0.7962128456309604
2023-06-29 21:00:00,1.1805818515478679,0.9980114396079857,1.8352807860789706,1.0,0.8011723642182175
2023-06-29 22:00:00,1.1805818515478679,0.9980114396079857,1.8368517355971121,1.0,0.8004757273556098
2023-06-29 23:00:00,1.1805818515478679,0.9980114396079857,1.836253566357512,1.0,0.8007409852379105
2023-06-30 00:00:00,1.1805818515478679,0.9980114396079857,1.8385133168182233,1.0,0.7997388999047748
2023-06-30 01:00:00,1.1805818515478679,0.9980114396079857,1.8379755687139363,1.0,0.7999773640615905
2023-06-30 02:00:00,1.1805818515478679,0.9980114396079857,1.8345678166822754,1.0,0.8003581929077945
2023-06-30 03:00:00,1.1805818515478679,0.9980114396079857,1.851086955076886,1.0,0.8075672165587345
2023-06-30 04:00:00,1.1805818515478679,0.9980114396079857,1.8563073411679407,1.0,0.8098454156934867
2023-06-30 05:00:00,1.1805818515478679,0.9980114396079857,1.8644037732999004,1.0,0.8133787337959957
2023-06-30 06:00:00,1.1805818515478679,0.9980114396079857,1.8561381619890638,1.0,0.8097715851659715
2023-06-30 07:00:00,1.1805818515478679,0.9980114396079857,1.8520053563336456,1.0,0.8079680108509595
2023-06-30 08:00:00,1.1805818515478679,0.9980114396079857,1.8578057853237064,1.0,0.8104993432229063
2023-06-30 09:00:00,1.1805818515478679,0.9980114396079857,1.8627844868735084,1.0,0.8126720701754938
2023-06-30 10:00:00,1.1805818515478679,0.9980114396079857,1.8577514063019245,1.0,0.8104756119819192
2023-06-30 11:00:00,1.1805818515478679,0.9980114396079857,1.8603193045527326,1.0,0.8115962539174165
2023-06-30 12:00:00,1.1805818515478679,0.9980114396079857,1.8661741125645752,1.0,0.8141513175303503
2023-06-30 13:00:00,1.1805818515478679,0.9980114396079857,1.87236123682064,1.0,0.8168514053937601
2023-06-30 14:00:00,1.1805818515478679,0.9980114396079857,1.819069795474457,1.0,0.7935947892264993
2023-06-30 15:00:00,1.1805818515478679,0.9980114396079857,1.8166831606295881,1.0,0.7925532514276253
2023-06-30 16:00:00,1.1805818515478679,0.9980114396079857,1.815075958430259,1.0,0.7918518614162319
2023-06-30 17:00:00,1.1805818515478679,0.9980114396079857,1.8349907646294674,1.0,0.8005427692265823
2023-06-30 18:00:00,1.1805818515478679,0.9980114396079857,1.838688538110631,1.0,0.8021564936136983
2023-06-30 19:00:00,1.1805818515478679,0.9980114396079857,1.8330633304129786,1.0,0.7997016285738209
2023-06-30 20:00:00,1.1805818515478679,0.9980114396079857,1.8336977523337665,1.0,0.7999784930520025
2023-06-30 21:00:00,1.1805818515478679,0.9980114396079857,1.8355768496420048,1.0,0.8007985392683311
2023-06-30 22:00:00,1.1805818515478679,0.9980114396079857,1.840501172170025,1.0,0.8029475349799318
2023-06-30 23:00:00,1.1805818515478679,0.9980114396079857,1.84024740340171,1.0,0.8028367891886591
2023-07-01 00:00:00,1.1805818515478679,0.9980114396079857,1.8397398658650796,1.0,0.8026152976061137
2023-07-01 01:00:00,1.1805818515478679,0.9980114396079857,1.8396734026162351,1.0,0.8025862927560184
2023-07-01 02:00:00,1.1805818515478679,0.9980114396079857,1.8381145373251564,1.0,0.8007833295434285
2023-07-01 03:00:00,1.1805818515478679,0.9980114396079857,1.8366100510558594,1.0,0.8001276835130517
2023-07-01 04:00:00,1.1805818515478679,0.9980114396079857,1.8355708075284736,1.0,0.79967478745994
2023-07-01 05:00:00,1.1805818515478679,0.9980114396079857,1.8349726382888736,1.0,0.7994141089177419
2023-07-01 06:00:00,1.1805818515478679,0.9980114396079857,1.83702695688952,1.0,0.8003093685576139
2023-07-01 07:00:00,1.1805818515478679,0.9980114396079857,1.838603948521193,1.0,0.8009966119870451
2023-07-01 08:00:00,1.1805818515478679,0.9980114396079857,1.8390087701277906,1.0,0.8011730307984315
2023-07-01 09:00:00,1.1805818515478679,0.9980114396079857,1.8379030633515605,1.0,0.8006911704628534
2023-07-01 10:00:00,1.1805818515478679,0.9980114396079857,1.8379876529409989,1.0,0.8007280340950834
2023-07-01 11:00:00,1.1805818515478679,0.9980114396079857,1.8394679707561705,1.0,0.8013731476591088
2023-07-01 12:00:00,1.1805818515478679,0.9980114396079857,1.842658206700704,1.0,0.8027634332174982
2023-07-01 13:00:00,1.1805818515478679,0.9980114396079857,1.8452865260868252,1.0,0.8039088389332167
2023-07-01 14:00:00,1.1805818515478679,0.9980114396079857,1.8451596417026677,1.0,0.8038535434848717
2023-07-01 15:00:00,1.1805818515478679,0.9980114396079857,1.8481142352194797,1.0,0.8051411374963346
2023-07-01 16:00:00,1.1805818515478679,0.9980114396079857,1.8458605268723,1.0,0.8041589850090634
2023-07-01 17:00:00,1.1805818515478679,0.9980114396079857,1.846011579710583,1.0,0.8042248129237598
2023-07-01 18:00:00,1.1805818515478679,0.9980114396079857,1.845920948007613,1.0,0.8041853161749419
2023-07-01 19:00:00,1.1805818515478679,0.9980114396079857,1.8481806984683244,1.0,0.8051701017788011
2023-07-01 20:00:00,1.1805818515478679,0.9980114396079857,1.8482169511495121,1.0,0.8051859004783283
2023-07-01 21:00:00,1.1805818515478679,0.9980114396079857,1.846845391377904,1.0,0.8045881830128843
2023-07-01 22:00:00,1.1805818515478679,0.9980114396079857,1.8466580858584334,1.0,0.8045065563986606
2023-07-01 23:00:00,1.1805818515478679,0.9980114396079857,1.8463257696142112,1.0,0.8043617349863285
2023-07-02 00:00:00,1.1805818515478679,0.9980114396079857,1.8465916226095889,1.0,0.8044775921161942
2023-07-02 01:00:00,1.1805818515478679,0.9980114396079857,1.8462532642518354,1.0,0.8043301375872741
2023-07-02 02:00:00,1.1805818515478679,0.9980114396079857,1.8457457267152049,1.0,0.8029832048853394
2023-07-02 03:00:00,1.1805818515478679,0.9980114396079857,1.844259366786502,1.0,0.802336363176125
2023-07-02 04:00:00,1.1805818515478679,0.9980114396079857,1.842464859067702,1.0,0.8015554201369516
2023-07-02 05:00:00,1.1805818515478679,0.9980114396079857,1.843661197546902,1.0,0.8020760488297338
2023-07-02 06:00:00,1.1805818515478679,0.9980114396079857,1.8405253406241504,1.0,0.8007113705895621
2023-07-02 07:00:00,1.1805818515478679,0.9980114396079857,1.8406763934624333,1.0,0.8007771065356205
2023-07-02 08:00:00,1.1805818515478679,0.9980114396079857,1.842428606386514,1.0,0.8015396435098976
2023-07-02 09:00:00,1.1805818515478679,0.9980114396079857,1.840767025165403,1.0,0.8008165481032555
2023-07-02 10:00:00,1.1805818515478679,0.9980114396079857,1.8429603123772695,1.0,0.801771034040023
2023-07-02 11:00:00,1.1805818515478679,0.9980114396079857,1.8424467327271081,1.0,0.8015475318234246
2023-07-02 12:00:00,1.1805818515478679,0.9980114396079857,1.844392293284191,1.0,0.8023942108086565
2023-07-02 13:00:00,1.1805818515478679,0.9980114396079857,1.843274502280898,1.0,0.8019077648078244
2023-07-02 14:00:00,1.1805818515478679,0.9980114396079857,1.842754880517205,1.0,0.8016816331533836
2023-07-02 15:00:00,1.1805818515478679,0.9980114396079857,1.8473710552551283,1.0,0.8036905236649274
2023-07-02 16:00:00,1.1805818515478679,0.9980114396079857,1.8416250052868495,1.0,0.8011899282768671
2023-07-02 17:00:00,1.1805818515478679,0.9980114396079857,1.8456732213528293,1.0,0.8029516516312314
2023-07-02 18:00:00,1.1805818515478679,0.9980114396079857,1.8381749584604694,1.0,0.7996885192688938
2023-07-02 19:00:00,1.1805818515478679,0.9980114396079857,1.8433470076432739,1.0,0.8019393180619325
2023-07-02 20:00:00,1.1805818515478679,0.9980114396079857,1.8453288208815446,1.0,0.8028017736742183
2023-07-02 21:00:00,1.1805818515478679,0.9980114396079857,1.8469541494214676,1.0,0.8035090924538063
2023-07-02 22:00:00,1.1805818515478679,0.9980114396079857,1.8454677894927647,1.0,0.802862250744592
2023-07-02 23:00:00,1.1805818515478679,0.9980114396079857,1.851008407600979,1.0,0.8052734452460131
2023-07-03 00:00:00,1.1805818515478679,0.9980114396079857,1.8489540890003324,1.0,0.8043794363796192
2023-07-03 01:00:00,1.1805818515478679,0.9980114396079857,1.8500477115495,1.0,0.8048553646290818
2023-07-03 02:00:00,1.1805818515478679,0.9980114396079857,1.8518301350412374,1.0,0.8045031666217045
2023-07-03 03:00:00,1.1805818515478679,0.9980114396079857,1.8570505211322923,1.0,0.8067718255725608
2023-07-03 04:00:00,1.1805818515478679,0.9980114396079857,1.8571290686081992,1.0,0.8068059604873306
2023-07-03 05:00:00,1.1805818515478679,0.9980114396079857,1.852802915319779,1.0,0.8049259144123155
2023-07-03 06:00:00,1.1805818515478679,0.9980114396079857,1.8520476511283648,1.0,0.8045976940779902
2023-07-03 07:00:00,1.1805818515478679,0.9980114396079857,1.8507365124920698,1.0,0.8040279035776016
2023-07-03 08:00:00,1.1805818515478679,0.9980114396079857,1.8519872299930518,1.0,0.8045714364512442
2023-07-03 09:00:00,1.1805818515478679,0.9980114396079857,1.8504827437237545,1.0,0.8039176215452682
2023-07-03 10:00:00,1.1805818515478679,0.9980114396079857,1.8485250989396091,1.0,0.8030668744386972
2023-07-03 11:00:00,1.1805818515478679,0.9980114396079857,1.8504525331560981,1.0,0.8039044927318952
2023-07-03 12:00:00,1.1805818515478679,0.9980114396079857,1.8493770369475244,1.0,0.803437106975816
2023-07-03 13:00:00,1.1805818515478679,0.9980114396079857,1.851086955076886,1.0,0.8041801978127284
2023-07-03 14:00:00,1.1805818515478679,0.9980114396079857,1.8508392284221022,1.0,0.8040725415430698
2023-07-03 15:00:00,1.1805818515478679,0.9980114396079857,1.8560294039455,1.0,0.806328071680553
2023-07-03 16:00:00,1.1805818515478679,0.9980114396079857,1.8764638319084017,1.0,0.8152084010460573
2023-07-03 17:00:00,1.1805818515478679,0.9980114396079857,1.8745122292377876,1.0,0.8143602797021608
2023-07-03 18:00:00,1.1805818515478679,0.9980114396079857,1.8721739313011692,1.0,0.8133441095470898
2023-07-03 19:00:00,1.1805818515478679,0.9980114396079857,1.8845240113591737,1.0,0.8187111684539765
2023-07-03 20:00:00,1.1805818515478679,0.9980114396079857,1.8877021630766442,1.0,0.8200923196208172
2023-07-03 21:00:00,1.1805818515478679,0.9980114396079857,1.8791827829974925,1.0,0.8163899942496282
2023-07-03 22:00:00,1.1805818515478679,0.9980114396079857,1.8750137246608864,1.0,0.8145782180041529
2023-07-03 23:00:00,1.1805818515478679,0.9980114396079857,1.8791646566568987,1.0,0.8163821169616045
2023-07-04 00:00:00,1.1805818515478679,0.9980114396079857,1.8813579438687653,1.0,0.817335268812485
2023-07-04 01:00:00,1.1805818515478679,0.9980114396079857,1.8785604453037674,1.0,0.8161195406941443
2023-07-04 02:00:00,1.1805818515478679,0.9980114396079857,1.8890978913023775,1.0,0.8195499003154272
2023-07-04 03:00:00,1.1805818515478679,0.9980114396079857,1.8875329838977675,1.0,0.8188707704962926
2023-07-04 04:00:00,1.1805818515478679,0.9980114396079857,1.883823126189541,1.0,0.8172607870640584
2023-07-04 05:00:00,1.1805818515478679,0.9980114396079857,1.874989556206761,1.0,0.8134272434518003
2023-07-04 06:00:00,1.1805818515478679,0.9980114396079857,1.869871886045739,1.0,0.8112063053946303
2023-07-04 07:00:00,1.1805818515478679,0.9980114396079857,1.8717509833539774,1.0,0.8120217856021626
2023-07-04 08:00:00,1.1805818515478679,0.9980114396079857,1.8664460076734843,1.0,0.8097195617365248
2023-07-04 09:00:00,1.1805818515478679,0.9980114396079857,1.8673160720219932,1.0,0.8100971474274722
2023-07-04 10:00:00,1.1805818515478679,0.9980114396079857,1.8725847950212984,1.0,0.8123836385559873
2023-07-04 11:00:00,1.1805818515478679,0.9980114396079857,1.873382354007432,1.0,0.812729758772689
2023-07-04 12:00:00,1.1805818515478679,0.9980114396079857,1.8757629467387693,1.0,0.813762875177087
2023-07-04 13:00:00,1.1805818515478679,0.9980114396079857,1.8742826289235976,1.0,0.8131204550779055
2023-07-04 14:00:00,1.1805818515478679,0.9980114396079857,1.8716905622186641,1.0,0.8119955643736246
2023-07-04 15:00:00,1.1805818515478679,0.9980114396079857,1.870125654814054,1.0,0.81131643455449
2023-07-04 16:00:00,1.1805818515478679,0.9980114396079857,1.8698960544998642,1.0,0.8112167938860455
2023-07-04 17:00:00,1.1805818515478679,0.9980114396079857,1.86914079030845,1.0,0.8108890285293203
2023-07-04 18:00:00,1.1805818515478679,0.9980114396079857,1.8657390803903207,1.0,0.80941277336263
2023-07-04 19:00:00,1.1805818515478679,0.9980114396079857,1.8661076493157307,1.0,0.8095727228567118
2023-07-04 20:00:00,1.1805818515478679,0.9980114396079857,1.8533346213105346,1.0,0.8040295551437752
2023-07-04 21:00:00,1.1805818515478679,0.9980114396079857,1.8594854928854114,1.0,0.8066988762089452
2023-07-04 22:00:00,1.1805818515478679,0.9980114396079857,1.859690924745476,1.0,0.8067880283859745
2023-07-04 23:00:00,1.1805818515478679,0.9980114396079857,1.8608026736352377,1.0,0.807270498991074
2023-07-05 00:00:00,1.1805818515478679,0.9980114396079857,1.8576184798042354,1.0,0.8058886402471205
2023-07-05 01:00:00,1.1805818515478679,0.9980114396079857,1.8573405425817953,1.0,0.8057680225958457
2023-07-05 02:00:00,1.1805818515478679,0.9980114396079857,1.859382776955379,1.0,0.8055249777814179
2023-07-05 03:00:00,1.1805818515478679,0.9980114396079857,1.8621440228391892,1.0,0.8043283586716672
2023-07-05 04:00:00,1.1805818515478679,0.9980114396079857,1.8637330986979246,1.0,0.8036397135384846
2023-07-05 05:00:00,1.1805818515478679,0.9980114396079857,1.8617875381408417,1.0,0.8044828456026853
2023-07-05 06:00:00,1.1805818515478679,0.9980114396079857,1.86053682063986,1.0,0.8050248590725286
2023-07-05 07:00:00,1.1805818515478679,0.9980114396079857,1.8602951360986075,1.0,0.8051295959749137
2023-07-05 08:00:00,1.1805818515478679,0.9980114396079857,1.8582106069303044,1.0,0.806032951757986
2023-07-05 09:00:00,1.1805818515478679,0.9980114396079857,1.8573828373765144,1.0,0.8063916756486551
2023-07-05 10:00:00,1.1805818515478679,0.9980114396079857,1.8523497568049305,1.0,0.8085728216408264
2023-07-05 11:00:00,1.1805818515478679,0.9980114396079857,1.837377399474336,1.0,0.8150612727435882
2023-07-05 12:00:00,1.1805818515478679,0.9980114396079857,1.8358004078426635,1.0,0.8157446810316514
2023-07-05 13:00:00,1.1805818515478679,0.9980114396079857,1.830658569227516,1.0,0.817972958629896
2023-07-05 14:00:00,1.1805818515478679,0.9980114396079857,1.833111667321229,1.0,0.8169098790706865
2023-07-05 15:00:00,1.1805818515478679,0.9980114396079857,1.8364831666717019,1.0,0.8154487992824133
2023-07-05 16:00:00,1.1805818515478679,0.9980114396079857,1.832785393190538,1.0,0.8170512738889065
2023-07-05 17:00:00,1.1805818515478679,0.9980114396079857,1.8389543911060091,1.0,0.8143778644555248
2023-07-05 18:00:00,1.1805818515478679,0.9980114396079857,1.8426098697924536,1.0,0.8127937188069491
2023-07-05 19:00:00,1.1805818515478679,0.9980114396079857,1.8417398054439442,1.0,0.8131707716555358
2023-07-05 20:00:00,1.1805818515478679,0.9980114396079857,1.8373109362254918,1.0,0.815090075391744
2023-07-05 21:00:00,1.1805818515478679,0.9980114396079857,1.8391356545119484,1.0,0.8142993117787359
2023-07-05 22:00:00,1.1805818515478679,0.9980114396079857,1.8396613183891728,1.0,0.8140715090160482
2023-07-05 23:00:00,1.1805818515478679,0.9980114396079857,1.837933273919217,1.0,0.8148203778681022
2023-07-06 00:00:00,1.1805818515478679,0.9980114396079857,1.8414437418809102,1.0,0.8132990743609575
2023-07-06 01:00:00,1.1805818515478679,0.9980114396079857,1.8363200296063562,1.0,0.8155194966915233
2023-07-06 02:00:00,1.1805818515478679,0.9980114396079857,1.840072182109302,1.0,0.812765717212545
2023-07-06 03:00:00,1.1805818515478679,0.9980114396079857,1.8396673605027039,1.0,0.8129445854101153
2023-07-06 04:00:00,1.1805818515478679,0.9980114396079857,1.840791193619528,1.0,0.8124480259362635
2023-07-06 05:00:00,1.1805818515478679,0.9980114396079857,1.8392806652366998,1.0,0.8131154445839138
2023-07-06 06:00:00,1.1805818515478679,0.9980114396079857,1.8467124648802151,1.0,0.8098317448374744
2023-07-06 07:00:00,1.1805818515478679,0.9980114396079857,1.853014389293375,1.0,0.8070472742394773
2023-07-06 08:00:00,1.1805818515478679,0.9980114396079857,1.8597996827890397,1.0,0.8040492296742323
2023-07-06 09:00:00,1.1805818515478679,0.9980114396079857,1.8920283163650644,1.0,0.7898091854079659
2023-07-06 10:00:00,1.1805818515478679,0.9980114396079857,1.8762704842753997,1.0,0.7967716967402536
2023-07-06 11:00:00,1.1805818515478679,0.9980114396079857,1.8857747288601552,1.0,0.7925722986092381
2023-07-06 12:00:00,1.1805818515478679,0.9980114396079857,1.8622648651098155,1.0,0.8029600024412671
2023-07-06 13:00:00,1.1805818515478679,0.9980114396079857,1.8474979396392859,1.0,0.8094846871406962
2023-07-06 14:00:00,1.1805818515478679,0.9980114396079857,1.8337823419232047,1.0,0.8155448484613608
2023-07-06 15:00:00,1.1805818515478679,0.9980114396079857,1.8238068124830067,1.0,0.8199524812104433
2023-07-06 16:00:00,1.1805818515478679,0.9980114396079857,1.8355164285066916,1.0,0.8147786518538582
2023-07-06 17:00:00,1.1805818515478679,0.9980114396079857,1.8302718739615118,1.0,0.8170959293985001
2023-07-06 18:00:00,1.1805818515478679,0.9980114396079857,1.8290876197093746,1.0,0.8176191856182579
2023-07-06 19:00:00,1.1805818515478679,0.9980114396079857,1.8341569529621462,1.0,0.8153793286367436
2023-07-06 20:00:00,1.1805818515478679,0.9980114396079857,1.8297341258572248,1.0,0.8173335304370636
2023-07-06 21:00:00,1.1805818515478679,0.9980114396079857,1.8302900003021056,1.0,0.8170879203747282
2023-07-06 22:00:00,1.1805818515478679,0.9980114396079857,1.8244593607443884,1.0,0.8196641563546584
2023-07-06 23:00:00,1.1805818515478679,0.9980114396079857,1.8208522189661944,1.0,0.8212579520852472
2023-07-07 00:00:00,1.1805818515478679,0.9980114396079857,1.8043391226851153,1.0,0.8285541727413601
2023-07-07 01:00:00,1.1805818515478679,0.9980114396079857,1.8143388205794386,1.0,0.8241358612939153
2023-07-07 02:00:00,1.1805818515478679,0.9980114396079857,1.816254170568865,1.0,0.822151697287907
2023-07-07 03:00:00,1.1805818515478679,0.9980114396079857,1.817583435545754,1.0,0.8215497982357987
2023-07-07 04:00:00,1.1805818515478679,0.9980114396079857,1.8193114800157095,1.0,0.820767329468058
2023-07-07 05:00:00,1.1805818515478679,0.9980114396079857,1.8165260656777742,1.0,0.8220285815727031
2023-07-07 06:00:00,1.1805818515478679,0.9980114396079857,1.8237826440288814,1.0,0.818742759929148
2023-07-07 07:00:00,1.1805818515478679,0.9980114396079857,1.8183507839642308,1.0,0.8212023383284452
2023-07-07 08:00:00,1.1805818515478679,0.9980114396079857,1.8115050693332528,1.0,0.8243021184468031
2023-07-07 09:00:00,1.1805818515478679,0.9980114396079857,1.814302567898251,1.0,0.8230353945325933
2023-07-07 10:00:00,1.1805818515478679,0.9980114396079857,1.819184595631552,1.0,0.8208247834684864
2023-07-07 11:00:00,1.1805818515478679,0.9980114396079857,1.8211724509833542,1.0,0.8199246707951061
2023-07-07 12:00:00,1.1805818515478679,0.9980114396079857,1.8182118153530107,1.0,0.8212652641384384
2023-07-07 13:00:00,1.1805818515478679,0.9980114396079857,1.8234382435575966,1.0,0.8188987065017397
2023-07-07 14:00:00,1.1805818515478679,0.9980114396079857,1.8341207002809583,1.0,0.8140616268466145
2023-07-07 15:00:00,1.1805818515478679,0.9980114396079857,1.8358366605238512,1.0,0.8132846298884384
2023-07-07 16:00:00,1.1805818515478679,0.9980114396079857,1.8346221957040574,1.0,0.8138345467496828
2023-07-07 17:00:00,1.1805818515478679,0.9980114396079857,1.8326162140116613,1.0,0.81474286713741
2023-07-07 18:00:00,1.1805818515478679,0.9980114396079857,1.8256315307694633,1.0,0.817905573065761
2023-07-07 19:00:00,1.1805818515478679,0.9980114396079857,1.8212993353675115,1.0,0.8198672167946777
2023-07-07 20:00:00,1.1805818515478679,0.9980114396079857,1.8256979940183076,1.0,0.8178754781131555
2023-07-07 21:00:00,1.1805818515478679,0.9980114396079857,1.8269668378598833,1.0,0.8173009381088704
2023-07-07 22:00:00,1.1805818515478679,0.9980114396079857,1.8286465454215886,1.0,0.8165403565793881
2023-07-07 23:00:00,1.1805818515478679,0.9980114396079857,1.82961932570013,1.0,0.816099875909436
2023-07-08 00:00:00,1.1805818515478679,0.9980114396079857,1.8317521917766835,1.0,0.8151341015212803
2023-07-08 01:00:00,1.1805818515478679,0.9980114396079857,1.8285317452644936,1.0,0.8165923387702518
2023-07-08 02:00:00,1.1805818515478679,0.9980114396079857,1.8294561886347844,1.0,0.8150227358915517
2023-07-08 03:00:00,1.1805818515478679,0.9980114396079857,1.8325255823086917,1.0,0.8163905852640686
2023-07-08 04:00:00,1.1805818515478679,0.9980114396079857,1.8276435545753906,1.0,0.8142149508290417
2023-07-08 05:00:00,1.1805818515478679,0.9980114396079857,1.8256496571100571,1.0,0.8133263872602808
2023-07-08 06:00:00,1.1805818515478679,0.9980114396079857,1.8254683937041178,1.0,0.8132456087540297
2023-07-08 07:00:00,1.1805818515478679,0.9980114396079857,1.8216799885199844,1.0,0.8115573379733839
2023-07-08 08:00:00,1.1805818515478679,0.9980114396079857,1.8224956738467115,1.0,0.8119208412515134
2023-07-08 09:00:00,1.1805818515478679,0.9980114396079857,1.8277583547324856,1.0,0.8142661105496675
2023-07-08 10:00:00,1.1805818515478679,0.9980114396079857,1.8262538684631886,1.0,0.8135956489477841
2023-07-08 11:00:00,1.1805818515478679,0.9980114396079857,1.8246587504909217,1.0,0.8128847980927753
2023-07-08 12:00:00,1.1805818515478679,0.9980114396079857,1.8231300957674994,1.0,0.8122035660233919
2023-07-08 13:00:00,1.1805818515478679,0.9980114396079857,1.8212812090269177,1.0,0.8113796252596318
2023-07-08 14:00:00,1.1805818515478679,0.9980114396079857,1.8235288752605663,1.0,0.8123812787371442
2023-07-08 15:00:00,1.1805818515478679,0.9980114396079857,1.823583254282348,1.0,0.8124055122890194
2023-07-08 16:00:00,1.1805818515478679,0.9980114396079857,1.8238249388236005,1.0,0.8125132169640207
2023-07-08 17:00:00,1.1805818515478679,0.9980114396079857,1.8267674481133502,1.0,0.8138245213821619
2023-07-08 18:00:00,1.1805818515478679,0.9980114396079857,1.8264834687773783,1.0,0.8136979683890353
2023-07-08 19:00:00,1.1805818515478679,0.9980114396079857,1.823353653968158,1.0,0.8123031928477682
2023-07-08 20:00:00,1.1805818515478679,0.9980114396079857,1.8179761729252892,1.0,0.8099067638289886
2023-07-08 21:00:00,1.1805818515478679,0.9980114396079857,1.8203930183378148,1.0,0.8109838105790019
2023-07-08 22:00:00,1.1805818515478679,0.9980114396079857,1.8223929579166793,1.0,0.8118750667646378
2023-07-08 23:00:00,1.1805818515478679,0.9980114396079857,1.82474334008036,1.0,0.8129224947290258
2023-07-09 00:00:00,1.1805818515478679,0.9980114396079857,1.8281994290202714,1.0,0.8144626715815448
2023-07-09 01:00:00,1.1805818515478679,0.9980114396079857,1.8315044651219,1.0,0.815935533012188
2023-07-09 02:00:00,1.1805818515478679,0.9973128316002601,1.8312929911483038,1.0,0.8146991140146638
2023-07-09 03:00:00,1.1805818515478679,0.9962430775143226,1.8293293042506271,1.0,0.8155729899725499
2023-07-09 04:00:00,1.1805818515478679,0.9959040477578561,1.8287069665569016,1.0,0.8158499414299725
2023-07-09 05:00:00,1.1805818515478679,0.995535394042087,1.8280302498413947,1.0,0.8161510925293054
2023-07-09 06:00:00,1.1805818515478679,0.9949725388153321,1.82699704842754,1.0,0.8166108857256087
2023-07-09 07:00:00,1.1805818515478679,0.9947421302429763,1.826574100480348,1.0,0.8167991051626918
2023-07-09 08:00:00,1.1805818515478679,0.9949955796725677,1.8270393432222591,1.0,0.8165920637819003
2023-07-09 09:00:00,1.1805818515478679,0.996371448004635,1.8295649466783481,1.0,0.8154681248576037
2023-07-09 10:00:00,1.1805818515478679,0.9953346094290341,1.8276616809159845,1.0,0.816315112324478
2023-07-09 11:00:00,1.1805818515478679,0.9949988712236013,1.8270453853357904,1.0,0.8165893749327992
2023-07-09 12:00:00,1.1805818515478679,0.9952325713469908,1.827474375396514,1.0,0.8163984666466148
2023-07-09 13:00:00,1.1805818515478679,0.9972996653961254,1.8312688226941785,1.0,0.8147098694110686
2023-07-09 14:00:00,1.1805818515478679,0.994926457100861,1.8269124588381018,1.0,0.8166485296130253
2023-07-09 15:00:00,1.1805818515478679,0.9975629894788177,1.8317521917766835,1.0,0.8144947614829735
2023-07-09 16:00:00,1.1805818515478679,0.9978559375208129,1.8322899398809704,1.0,0.8142554539129677
2023-07-09 17:00:00,1.1805818515478679,0.9958579660433851,1.8286223769674634,1.0,0.815887585317389
2023-07-09 18:00:00,1.1805818515478679,0.9959764618805965,1.8288398930545906,1.0,0.8157907867497463
2023-07-09 19:00:00,1.1805818515478679,0.9948737922843225,1.8268157850216007,1.0,0.8166915511986443
2023-07-09 20:00:00,1.1805818515478679,0.9942615637920629,1.8256919519047765,1.0,0.8171916771314652
2023-07-09 21:00:00,1.1805818515478679,0.9925729981117986,1.8225923476632127,1.0,0.8185710567203748
2023-07-09 22:00:00,1.1805818515478679,0.9914604538624234,1.8205501132896287,1.0,0.8194798877165765
2023-07-09 23:00:00,1.1805818515478679,0.9920397668443466,1.82161352527114,1.0,0.8190066502747674
2023-07-10 00:00:00,1.1805818515478679,0.9916316145161734,1.820864303193257,1.0,0.8193400675633147
2023-07-10 01:00:00,1.1805818515478679,0.9893242372415821,1.8166287816078066,1.0,0.8212249507832476
2023-07-10 02:00:00,1.1805818515478679,0.9865060716039035,1.813994420108154,1.0,0.8212567064596396
2023-07-10 03:00:00,1.1805818515478679,0.9915383474995285,1.8232448959245946,1.0,0.8170673857377528
2023-07-10 04:00:00,1.1805818515478679,0.9901512668803556,1.8206951240143803,1.0,0.8182221168576981
2023-07-10 05:00:00,1.1805818515478679,0.9889482538314995,1.8184837104619198,1.0,0.8192236135162287
2023-07-10 06:00:00,1.1805818515478679,0.9876236247093982,1.8160487387088002,1.0,0.8203263543724799
2023-07-10 07:00:00,1.1805818515478679,0.9878142661215121,1.8163991812936167,1.0,0.8201676472517291
2023-07-10 08:00:00,1.1805818515478679,0.9886721524760242,1.8179761729252892,1.0,0.8194534652083506
2023-07-10 09:00:00,1.1805818515478679,0.9881791143412472,1.8170698558955924,1.0,0.8198639146585681
2023-07-10 10:00:00,1.1805818515478679,0.9895661949604201,1.8196196278058065,1.0,0.8187091835386229
2023-07-10 11:00:00,1.1805818515478679,0.9910716047319396,1.822386915803148,1.0,0.8174559445506254
2023-07-10 12:00:00,1.1805818515478679,0.9926690482886174,1.8253233829793662,1.0,0.8161260883319208
2023-07-10 13:00:00,1.1805818515478679,0.9902202922192244,1.8208220083985378,1.0,0.8181646539346676
2023-07-10 14:00:00,1.1805818515478679,0.9917947273296126,1.8237161807800368,1.0,0.8168539520236398
2023-07-10 15:00:00,1.1805818515478679,0.9951408128042999,1.8298670523549139,1.0,0.814068368421497
2023-07-10 16:00:00,1.1805818515478679,0.9951638212505896,1.829909347149633,1.0,0.8140492141138201
2023-07-10 17:00:00,1.1805818515478679,0.9964292857965175,1.8322355608591887,1.0,0.8129957271915952
2023-07-10 18:00:00,1.1805818515478679,0.9940758504331815,1.8279094075707685,1.0,0.8149549392339668
2023-07-10 19:00:00,1.1805818515478679,1.0024542118034936,1.8433107549620857,1.0,0.8079800349099373
2023-07-10 20:00:00,1.1805818515478679,1.0124858943857586,1.8617512854596538,1.0,0.7996287567628452
2023-07-10 21:00:00,1.1805818515478679,1.0108029908857195,1.8586577233316215,1.0,0.8010297575529209
2023-07-10 22:00:00,1.1805818515478679,0.994680643878508,1.8290211564605299,1.0,0.8144514545750333
2023-07-10 23:00:00,1.1805818515478679,0.9962978089605768,1.8319938763179362,1.0,0.8131051803783199
2023-07-11 00:00:00,1.1805818515478679,0.9984310206237126,1.8359152079997585,1.0,0.8113293024237122
2023-07-11 01:00:00,1.1805818515478679,0.9987169827418831,1.8364408718769825,1.0,0.8110912417425861
2023-07-11 02:00:00,1.1805818515478679,1.0034862895170988,1.8465009909066192,1.0,0.8053855006696405
2023-07-11 03:00:00,1.1805818515478679,1.0034862895170988,1.8404890879429625,1.0,0.8027624557459739
2023-07-11 04:00:00,1.1805818515478679,1.0034862895170988,1.839782160659799,1.0,0.8024540172976635
2023-07-11 05:00:00,1.1805818515478679,1.0034862895170988,1.8379091054650918,1.0,0.8016367872209432
2023-07-11 06:00:00,1.1805818515478679,1.0034862895170988,1.8387550013594758,1.0,0.8020058588684943
2023-07-11 07:00:00,1.1805818515478679,1.0034862895170988,1.8495099634452132,1.0,0.8066983412445009
2023-07-11 08:00:00,1.1805818515478679,1.0034862895170988,1.8438726715204978,1.0,0.8042387423361783
2023-07-11 09:00:00,1.1805818515478679,1.0034862895170988,1.8410630887284372,1.0,0.8030128972210979
2023-07-11 10:00:00,1.1805818515478679,1.0034862895170988,1.8382414217093141,1.0,0.8017817796539097
2023-07-11 11:00:00,1.1805818515478679,1.0034862895170988,1.835196196489532,1.0,0.8004531217227259
2023-07-11 12:00:00,1.1805818515478679,1.0034862895170988,1.8355828917555363,1.0,0.8006218401901778
2023-07-11 13:00:00,1.1805818515478679,1.0034862895170988,1.8373713573608048,1.0,0.8014021631021429
2023-07-11 14:00:00,1.1805818515478679,1.0034862895170988,1.8382353795957826,1.0,0.8017791434278557
2023-07-11 15:00:00,1.1805818515478679,1.0034862895170988,1.8430449019667081,1.0,0.803877579366789
2023-07-11 16:00:00,1.1805818515478679,1.0034862895170988,1.847310634119815,1.0,0.805738754960868
2023-07-11 17:00:00,1.1805818515478679,1.0034862895170988,1.850065837890094,1.0,0.806940874041463
2023-07-11 18:00:00,1.1805818515478679,1.0034862895170988,1.8460961693000213,1.0,0.8052088735240269
2023-07-11 19:00:00,1.1805818515478679,1.0034862895170988,1.8398184133409867,1.0,0.8024698346539871
2023-07-11 20:00:00,1.1805818515478679,1.0034862895170988,1.8461022114135526,1.0,0.8052115097500808
2023-07-11 21:00:00,1.1805818515478679,1.0034862895170988,1.8458303163046434,1.0,0.8050928795776536
2023-07-11 22:00:00,1.1805818515478679,1.0034862895170988,1.8455584211957343,1.0,0.8049742494052265
2023-07-11 23:00:00,1.1805818515478679,1.0034862895170988,1.8464889066795567,1.0,0.8053802282175327
2023-07-12 00:00:00,1.1805818515478679,1.0034862895170988,1.8486882360049546,1.0,0.8063398145011654
2023-07-12 01:00:00,1.1805818515478679,1.0034862895170988,1.842138584937011,1.0,0.8034821454586987
2023-07-12 02:00:00,1.1805818515478679,1.0034862895170988,1.8432865865079606,1.0,0.8028574514819626
2023-07-12 03:00:00,1.1805818515478679,1.0034862895170988,1.8481263194465425,1.0,0.8049661097106156
2023-07-12 04:00:00,1.1805818515478679,1.0034862895170988,1.8470568653515,1.0,0.8045001515252578
2023-07-12 05:00:00,1.1805818515478679,1.0034862895170988,1.8496308057158395,1.0,0.8056216102086612
2023-07-12 06:00:00,1.1805818515478679,1.0034862895170988,1.8507546388326637,1.0,0.8061112611831049
2023-07-12 07:00:00,1.1805818515478679,1.0034862895170988,1.8546276336062355,1.0,0.8077987142724513
2023-07-12 08:00:00,1.1805818515478679,1.0034862895170988,1.856083782967282,1.0,0.8084331545135317
2023-07-12 09:00:00,1.1805818515478679,1.0034862895170988,1.855467487387088,1.0,0.8081646362372239
2023-07-12 10:00:00,1.1805818515478679,1.0034862895170988,1.8548330654663001,1.0,0.807888220364554
2023-07-12 11:00:00,1.1805818515478679,1.0034862895170988,1.85253102021087,1.0,0.8068852256265806
2023-07-12 12:00:00,1.1805818515478679,1.0034862895170988,1.8581803963626478,1.0,0.8093466431594026
2023-07-12 13:00:00,1.1805818515478679,1.0034862895170988,1.8547847285580497,1.0,0.8078671601075887
2023-07-12 14:00:00,1.1805818515478679,1.0034862895170988,1.8512259236881061,1.0,0.8063165986885168
2023-07-12 15:00:00,1.1805818515478679,1.0034862895170988,1.8557635509501225,1.0,0.8082936303111365
2023-07-12 16:00:00,1.1805818515478679,1.0034862895170988,1.842754880517205,1.0,0.8026257886553441
2023-07-12 17:00:00,1.1805818515478679,1.0034862895170988,1.8405797196459321,1.0,0.8016780770919045
2023-07-12 18:00:00,1.1805818515478679,1.0034862895170988,1.8381024530980936,1.0,0.8005987389224317
2023-07-12 19:00:00,1.1805818515478679,1.0034862895170988,1.8426642488142353,1.0,0.802586300673534
2023-07-12 20:00:00,1.1805818515478679,1.0034862895170988,1.828132965771427,1.0,0.796255060923334
2023-07-12 21:00:00,1.1805818515478679,1.0034862895170988,1.8318730340473097,1.0,0.7978845983060259
2023-07-12 22:00:00,1.1805818515478679,1.0034862895170988,1.8323745294704088,1.0,0.7981030984720411
2023-07-12 23:00:00,1.1805818515478679,1.0034862895170988,1.8330874988671038,1.0,0.7984137372622795
2023-07-13 00:00:00,1.1805818515478679,1.0034862895170988,1.8342234162109907,1.0,0.7989086533009647
2023-07-13 01:00:00,1.1805818515478679,1.0034862895170988,1.8327189299416937,1.0,0.798253152802919
2023-07-13 02:00:00,1.1805818515478679,1.0034862895170988,1.8344711428657745,1.0,0.7978979620139233
2023-07-13 03:00:00,1.1805818515478679,1.0034862895170988,1.8317582338902147,1.0,0.799078310151882
2023-07-13 04:00:00,1.1805818515478679,1.0034862895170988,1.8290694933687803,1.0,0.8002481429389459
2023-07-13 05:00:00,1.1805818515478679,1.0034862895170988,1.8291238723905623,1.0,0.8002244833994322
2023-07-13 06:00:00,1.1805818515478679,1.0034862895170988,1.830543769070421,1.0,0.7996067065343535
2023-07-13 07:00:00,1.1805818515478679,1.0034862895170988,1.8346101114769946,1.0,0.7978374987462773
2023-07-13 08:00:00,1.1805818515478679,1.0034862895170988,1.8333896045436693,1.0,0.7983685239664725
2023-07-13 09:00:00,1.1805818515478679,1.0034862895170988,1.836102513519229,1.0,0.7971881758285138
2023-07-13 10:00:00,1.1805818515478679,1.0034862895170988,1.8457759372828615,1.0,0.7929794066328079
2023-07-13 11:00:00,1.1805818515478679,1.0034862895170988,1.8457759372828615,1.0,0.7929794066328079
2023-07-13 12:00:00,1.1805818515478679,1.0034862895170988,1.843993513791124,1.0,0.7937549137613109
2023-07-13 13:00:00,1.1805818515478679,1.0034862895170988,1.8422292166399807,1.0,0.7945225343766426
2023-07-13 14:00:00,1.1805818515478679,1.0034862895170988,1.851008407600979,1.0,0.79070283316405
2023-07-13 15:00:00,1.1805818515478679,1.0034862895170988,1.8457517688287364,1.0,0.7929899219837028
2023-07-13 16:00:00,1.1805818515478679,1.0034862895170988,1.867249608773149,1.0,0.78363651736264
2023-07-13 17:00:00,1.1805818515478679,1.0034862895170988,1.8611652004471164,1.0,0.786283756950445
2023-07-13 18:00:00,1.1805818515478679,1.0034862895170988,1.875871704782333,1.0,0.7798851659308645
2023-07-13 19:00:00,1.1805818515478679,1.0034862895170988,1.8873275520377029,1.0,0.7749008896066557
2023-07-13 20:00:00,1.1805818515478679,1.0034862895170988,1.9086380864626447,1.0,0.7656289789550287
2023-07-13 21:00:00,1.1805818515478679,1.0034862895170988,1.8944028669828707,1.0,0.7718225206321574
2023-07-13 22:00:00,1.1805818515478679,1.0034862895170988,1.8870919096099816,1.0,0.7750034142778814
2023-07-13 23:00:00,1.1805818515478679,1.0034862895170988,1.8899739977644179,1.0,0.7737494586836581
2023-07-14 00:00:00,1.1805818515478679,1.0034862895170988,1.8990371680613878,1.0,0.7698062020980498
2023-07-14 01:00:00,1.1805818515478679,1.0034862895170988,1.8987411044983535,1.0,0.769935015146513
2023-07-14 02:00:00,1.1805818515478679,1.0034862895170988,1.897127860185493,1.0,0.7695198710298449
2023-07-14 03:00:00,1.1805818515478679,1.0034862895170988,1.8994299054409232,1.0,0.7704539444000271
2023-07-14 04:00:00,1.1805818515478679,1.0034862895170988,1.899266768375578,1.0,0.7703877502241876
2023-07-14 05:00:00,1.1805818515478679,1.0034862895170988,1.8952125101960666,1.0,0.768742702372764
2023-07-14 06:00:00,1.1805818515478679,1.0034862895170988,1.8937563608350203,1.0,0.7681518580624912
2023-07-14 07:00:00,1.1805818515478679,1.0034862895170988,1.8896114709525391,1.0,0.7664700356689346
2023-07-14 08:00:00,1.1805818515478679,1.0034862895170988,1.8781495815836382,1.0,0.7618192819071605
2023-07-14 09:00:00,1.1805818515478679,1.0034862895170988,1.886886477749917,1.0,0.7653643477687975
2023-07-14 10:00:00,1.1805818515478679,1.0034862895170988,1.8834485151505997,1.0,0.7639693668038794
2023-07-14 11:00:00,1.1805818515478679,1.0034862895170988,1.8828020090027493,1.0,0.7637070417366629
2023-07-14 12:00:00,1.1805818515478679,1.0034862895170988,1.8848261170357392,1.0,0.7645283398443036
2023-07-14 13:00:00,1.1805818515478679,1.0034862895170988,1.8797628258964987,1.0,0.7624738687571309
2023-07-14 14:00:00,1.1805818515478679,1.0034862895170988,1.887520899670705,1.0,0.7656217695637296
2023-07-14 15:00:00,1.1805818515478679,1.0034862895170988,1.8901250506027008,1.0,0.7666784247410224
2023-07-14 16:00:00,1.1805818515478679,1.0034862895170988,1.8866508353221958,1.0,0.7652687339592512
2023-07-14 17:00:00,1.1805818515478679,1.0034862895170988,1.8847777801274885,1.0,0.7645087267551658
2023-07-14 18:00:00,1.1805818515478679,1.0034862895170988,1.8527062415032778,1.0,0.7514954421123106
2023-07-14 19:00:00,1.1805818515478679,1.0034862895170988,1.8164414760883356,1.0,0.7367807219867609
2023-07-14 20:00:00,1.1805818515478679,1.0034862895170988,1.8179701308117582,1.0,0.7374009859307403
2023-07-14 21:00:00,1.1805818515478679,1.0034862895170988,1.822229820851334,1.0,0.739129389410999
2023-07-14 22:00:00,1.1805818515478679,1.0034862895170988,1.8254925621582432,1.0,0.7404532729277928
2023-07-14 23:00:00,1.1805818515478679,1.0034862895170988,1.8244956134255765,1.0,0.740048752964328
2023-07-15 00:00:00,1.1805818515478679,1.0034862895170988,1.8296555783813178,1.0,0.7421424502297761
2023-07-15 01:00:00,1.1805818515478679,1.0034862895170988,1.830966717017613,1.0,0.7426744552726359
2023-07-15 02:00:00,1.1797554442517844,1.0034862895170988,1.831450086100118,1.0,0.7418305542852336
2023-07-15 03:00:00,1.1779956480677007,1.0034862895170988,1.8287190507839644,1.0,0.7429371146194355
2023-07-15 04:00:00,1.1779255676886886,1.0034862895170988,1.8286102927404007,1.0,0.7429811811814169
2023-07-15 05:00:00,1.1781981024959582,1.0034862895170988,1.8290332406875927,1.0,0.7428098112181556
2023-07-15 06:00:00,1.1780423683203756,1.0034862895170988,1.8287915561463401,1.0,0.7429077369114477
2023-07-15 07:00:00,1.1788521860334051,1.0034862895170988,1.8300483157608531,1.0,0.7423985233063284
2023-07-15 08:00:00,1.1795490964691375,1.0034862895170988,1.8311298540829584,1.0,0.7419603058288458
2023-07-15 09:00:00,1.178918373058028,1.0034862895170988,1.8301510316908856,1.0,0.7423569048866792
2023-07-15 10:00:00,1.180207073360974,1.0034862895170988,1.8321509712697501,1.0,0.7415465697746862
2023-07-15 11:00:00,1.179229841409193,1.0034862895170988,1.8306344007733906,1.0,0.7421610535000948
2023-07-15 12:00:00,1.178801572426341,1.0034862895170988,1.829969768284946,1.0,0.7424303491566483
2023-07-15 13:00:00,1.180195393297805,1.0034862895170988,1.8321328449291563,1.0,0.7415539142016832
2023-07-15 14:00:00,1.1792726683074781,1.0034862895170988,1.8307008640222349,1.0,0.7421341239344394
2023-07-15 15:00:00,1.1777698335131062,1.0034862895170988,1.8283686081991481,1.0,0.7430791068747091
2023-07-15 16:00:00,1.178486210720786,1.0034862895170988,1.8294803570889098,1.0,0.742628648685565
2023-07-15 17:00:00,1.1776491395270297,1.0034862895170988,1.8281813026796776,1.0,0.7431549992870106
2023-07-15 18:00:00,1.1777581534499375,1.0034862895170988,1.8283504818585543,1.0,0.743086451301706
2023-07-15 19:00:00,1.1789027996404695,1.0034862895170988,1.8301268632367602,1.0,0.7423666974560084
2023-07-15 20:00:00,1.1792376281179722,1.0034862895170988,1.8306464850004533,1.0,0.7421561572154302
2023-07-15 21:00:00,1.1782642895205808,1.0034862895170988,1.829135956617625,1.0,0.7427681927985064
2023-07-15 22:00:00,1.178423917050553,1.0034862895170988,1.8293836832724086,1.0,0.7426678189628819
2023-07-15 23:00:00,1.1777854069306644,1.0034862895170988,1.8283927766532735,1.0,0.7430693143053798
2023-07-16 00:00:00,1.1779450344606366,1.0034862895170988,1.8286405033080573,1.0,0.7429689404697554
2023-07-16 01:00:00,1.1784667439488383,1.0034862895170988,1.8294501465212534,1.0,0.7426408893972265
2023-07-16 02:00:00,1.1760927683844529,1.002783849114437,1.8270453853357904,1.0,0.7425766863949836
2023-07-16 03:00:00,1.1760927683844529,1.0024222635145303,1.8263867949608774,1.0,0.7423089267607774
2023-07-16 04:00:00,1.1760927683844529,1.0002627018123356,1.8224533790519923,1.0,0.7407097384867565
2023-07-16 05:00:00,1.1760927683844529,0.9992509255924131,1.820610534424942,1.0,0.7399605028130601
2023-07-16 06:00:00,1.1760927683844529,1.0019512070449272,1.8255288148394309,1.0,0.7419601022831877
2023-07-16 07:00:00,1.1760927683844529,1.0026146668612697,1.8267372375456936,1.0,0.7424514043643
2023-07-16 08:00:00,1.1760927683844529,1.0028800507878066,1.8272206066281986,1.0,0.7426479251967449
2023-07-16 09:00:00,1.1760927683844529,1.0038851924095655,1.8290513670281865,1.0,0.7433922478496302
2023-07-16 10:00:00,1.1760927683844529,1.0041041341489587,1.8294501465212534,1.0,0.7435543775363974
2023-07-16 11:00:00,1.1760927683844529,1.0035600970995577,1.8284592399021178,1.0,0.7431515098298852
2023-07-16 12:00:00,1.1760927683844529,1.0042268742149818,1.8296737047219118,1.0,0.7436452684214031
2023-07-16 13:00:00,1.1760927683844529,1.0038055772316046,1.8289063563034351,1.0,0.7433332915998968
2023-07-16 14:00:00,1.1760927683844529,1.0041903839250832,1.8296072414730673,1.0,0.743618246806942
2023-07-16 15:00:00,1.1760927683844529,1.0073783083426087,1.8354137125766592,1.0,0.7459789533066871
2023-07-16 16:00:00,1.1760927683844529,1.0066252814510601,1.8340421528050515,1.0,0.7454213254446246
2023-07-16 17:00:00,1.1760927683844529,1.0060812444016591,1.8330512461859159,1.0,0.7450184577381124
2023-07-16 18:00:00,1.1760927683844529,1.0066120122547333,1.8340179843509261,1.0,0.7454114994030022
2023-07-16 19:00:00,1.1760927683844529,1.0031321655180168,1.8276798072565783,1.0,0.7428346199875676
2023-07-16 20:00:00,1.1760927683844529,1.0024355327108572,1.8264109634150025,1.0,0.7423187528023997
2023-07-16 21:00:00,1.1760927683844529,1.0029430794703593,1.8273354067852936,1.0,0.7426945988944507
2023-07-16 22:00:00,1.1760927683844529,1.0036065392867017,1.8285438294915564,1.0,0.7431859009755631
2023-07-16 23:00:00,1.1760927683844529,1.0047543247689743,1.8306344007733906,1.0,0.7440358535758875
2023-07-17 00:00:00,1.1760927683844529,1.0016825058193086,1.8250394036433946,1.0,0.7417611249403371
2023-07-17 01:00:00,1.1760927683844529,1.0011384687699076,1.8240484970242592,1.0,0.7413582572338249
2023-07-17 02:00:00,1.1760927683844529,1.0022644310080995,1.8286586296486511,1.0,0.7421920493901114
2023-07-17 03:00:00,1.1760927683844529,1.0013600756714562,1.8270091326546027,1.0,0.742861738266534
2023-07-17 04:00:00,1.1760927683844529,1.0028971484780587,1.8298126733331321,1.0,0.7417235124838962
2023-07-17 05:00:00,1.1760927683844529,1.0024101879121738,1.828924482644029,1.0,0.7420841141865854
2023-07-17 06:00:00,1.1760927683844529,1.001393202240564,1.8270695537899158,1.0,0.7428372075384599
2023-07-17 07:00:00,1.1760927683844529,1.0017012793332667,1.8276314703483278,1.0,0.7426090717673709
2023-07-17 08:00:00,1.1760927683844529,1.0018801628064489,1.827957744479019,1.0,0.7424766058357708
2023-07-17 09:00:00,1.1760927683844529,1.0011315023446123,1.826592226820942,1.0,0.7430310002902453
2023-07-17 10:00:00,1.1760927683844529,0.9985111907281843,1.8218129150176732,1.0,0.7449713808809055
2023-07-17 11:00:00,1.1760927683844529,0.9979447263964408,1.8207797136038189,1.0,0.7453908563309724
2023-07-17 12:00:00,1.1760927683844529,0.9978983491996898,1.8206951240143803,1.0,0.7454251993502762
2023-07-17 13:00:00,1.1760927683844529,0.9996176181363853,1.823830980937132,1.0,0.744152054563231
2023-07-17 14:00:00,1.1760927683844529,1.0022379297528132,1.8286102927404007,1.0,0.7422116739725707
2023-07-17 15:00:00,1.1760927683844529,1.001803971697501,1.8278187758677986,1.0,0.7425330265103411
2023-07-17 16:00:00,1.1760927683844529,0.9985078780712736,1.8218068729041421,1.0,0.7449738339537129
2023-07-17 17:00:00,1.1760927683844529,0.9972656317297306,1.8195410803298995,1.0,0.7458937362564911
2023-07-17 18:00:00,1.1760927683844529,0.993611771157139,1.8128766291048608,1.0,0.7485994755630632
2023-07-17 19:00:00,1.1760927683844529,0.9859396577517697,1.7988830941663394,1.0,0.7542807921850219
2023-07-17 20:00:00,1.1760927683844529,0.9887852300381309,1.8040732696897377,1.0,0.7521736026434577
2023-07-17 21:00:00,1.1760927683844529,0.9900175384089414,1.806320935923386,1.0,0.7512610595591016
2023-07-17 22:00:00,1.1760927683844529,1.0007107949169431,1.8258248784024653,1.0,0.7433425405367861
2023-07-17 23:00:00,1.1760927683844529,0.9962850852841394,1.8177526147246308,1.0,0.7466198458074842
2023-07-18 00:00:00,1.1760927683844529,0.9972689443866414,1.8195471224434308,1.0,0.7458912831836838
2023-07-18 01:00:00,1.1760927683844529,0.9980772326728721,1.8210213981450714,1.0,0.7452927334186761
2023-07-18 02:00:00,1.1760927683844529,0.9982677724862706,1.8239216126401017,1.0,0.7430761886596012
2023-07-18 03:00:00,1.1760927683844529,0.9952078603031275,1.818332657623637,1.0,0.7453538820254004
2023-07-18 04:00:00,1.1760927683844529,0.993815186758151,1.815788927826954,1.0,0.7463905403032398
2023-07-18 05:00:00,1.1760927683844529,0.995356720895821,1.818604552732546,1.0,0.7452430753211183
2023-07-18 06:00:00,1.1760927683844529,0.993044419689316,1.814381115374158,1.0,0.7469642727943006
2023-07-18 07:00:00,1.1760927683844529,0.9909372152994109,1.8105322890547113,1.0,0.7485328032526942
2023-07-18 08:00:00,1.1760927683844529,0.9901168280330115,1.8090338448989458,1.0,0.749143471311849
2023-07-18 09:00:00,1.1760927683844529,0.9921115599751037,1.8126772393583275,1.0,0.7476586614744686
2023-07-18 10:00:00,1.1760927683844529,0.9898786510847019,1.808598812724691,1.0,0.7493207620387005
2023-07-18 11:00:00,1.1760927683844529,0.9910099915891721,1.8106652155524003,1.0,0.7484786310861563
2023-07-18 12:00:00,1.1760927683844529,0.987470417496239,1.8042001540738952,1.0,0.7511133682768645
2023-07-18 13:00:00,1.1760927683844529,0.984294724852112,1.7983997250838344,1.0,0.7534772446348831
2023-07-18 14:00:00,1.1760927683844529,0.9856675503180627,1.8009072021993293,1.0,0.7524553605842813
2023-07-18 15:00:00,1.1760927683844529,0.9887274625012059,1.8064961572157943,1.0,0.7501776672184821
2023-07-18 16:00:00,1.1760927683844529,0.9882345685387319,1.8055958822996283,1.0,0.7505445605282163
2023-07-18 17:00:00,1.1760927683844529,0.9813836732616623,1.7930826651762788,1.0,0.7556441312964002
2023-07-18 18:00:00,1.1760927683844529,0.9853532890668211,1.8003332014138547,1.0,0.7526892858488768
2023-07-18 19:00:00,1.1760927683844529,0.9882312605255611,1.8055898401860973,1.0,0.7505470228994225
2023-07-18 20:00:00,1.1760927683844529,0.9820518919221974,1.794303172109604,1.0,0.7551467323127337
2023-07-18 21:00:00,1.1760927683844529,0.9839903876403832,1.7978438506389536,1.0,0.7537037827858599
2023-07-18 22:00:00,1.1760927683844529,0.9848901672228858,1.799487305519471,1.0,0.7530340178177546
2023-07-18 23:00:00,1.1760927683844529,0.9853731371458467,1.8003694540950423,1.0,0.7526745116216393
2023-07-19 00:00:00,1.1760927683844529,0.986600410032275,1.8026110782151599,1.0,0.7517609719041133
2023-07-19 01:00:00,1.1760927683844529,0.9931238120054192,1.8145261260989096,1.0,0.7469051758853501
2023-07-19 02:00:00,1.1760927683844529,0.9899991597720083,1.8113540164949702,1.0,0.7471576115948694
2023-07-19 03:00:00,1.1760927683844529,0.9906466194869376,1.8125382707471074,1.0,0.7466689703173133
2023-07-19 04:00:00,1.1760927683844529,0.9919018985260861,1.8148342738890064,1.0,0.7457216045751127
2023-07-19 05:00:00,1.1760927683844529,0.9931538741993423,1.8171242349173742,1.0,0.7447767319006546
2023-07-19 06:00:00,1.1760927683844529,0.9931241439063098,1.8170698558955924,1.0,0.7447991695103384
2023-07-19 07:00:00,1.1760927683844529,0.9912445287134793,1.813631893296275,1.0,0.7462177250558967
2023-07-19 08:00:00,1.1760927683844529,0.9897910477207809,1.8109733633424971,1.0,0.7473146748626553
2023-07-19 09:00:00,1.1760927683844529,0.9873795906192585,1.8065626204646386,1.0,0.7491346143147776
2023-07-19 10:00:00,1.1760927683844529,0.9900288900650407,1.8114083955167517,1.0,0.7471351739851857
2023-07-19 11:00:00,1.1760927683844529,0.9894937447904562,1.810429573124679,1.0,0.7475390509594924
2023-07-19 12:00:00,1.1760927683844529,0.9904715410946352,1.8122180387299478,1.0,0.7468011029076729
2023-07-19 13:00:00,1.1760927683844529,0.9883111398009425,1.8082664964804689,1.0,0.748431569211355
2023-07-19 14:00:00,1.1760927683844529,0.9898009578184584,1.8109914896830912,1.0,0.7473071956594274
2023-07-19 15:00:00,1.1760927683844529,0.9840696179949772,1.8005084227062629,1.0,0.751632668192896
2023-07-19 16:00:00,1.1760927683844529,0.9883243532645125,1.8082906649345942,1.0,0.7484215969403845
2023-07-19 17:00:00,1.1760927683844529,0.9867453443678993,1.8054025346666265,1.0,0.7496132833213631
2023-07-19 18:00:00,1.1760927683844529,0.9896556097191885,1.8107256366877134,1.0,0.7474168906401033
2023-07-19 19:00:00,1.1760927683844529,0.9925361447774455,1.8159943596870187,1.0,0.745242935568527
2023-07-19 20:00:00,1.1760927683844529,0.9913865734468568,1.8138917041781217,1.0,0.7461105231429634
2023-07-19 21:00:00,1.1760927683844529,0.988700936976257,1.8089794658771639,1.0,0.7481373872177243
2023-07-19 22:00:00,1.1760927683844529,0.9876207363294108,1.8070036947524246,1.0,0.7489526203695653
2023-07-19 23:00:00,1.1760927683844529,0.9855627393783855,1.8032394580224163,1.0,0.7505058015732259
2023-07-20 00:00:00,1.1760927683844529,0.9868642655400292,1.8056200507537536,1.0,0.7495235328826283
2023-07-20 01:00:00,1.1760927683844529,0.9898207780138134,1.811027742364279,1.0,0.7472922372529716
2023-07-20 02:00:00,1.1760927683844529,0.988764302140807,1.8103631098758346,1.0,0.7465204538480856
2023-07-20 03:00:00,1.1760927683844529,0.988764302140807,1.8100670463128001,1.0,0.7463983309221276
2023-07-20 04:00:00,1.1760927683844529,0.988764302140807,1.8081275278692488,1.0,0.7455983011418725
2023-07-20 05:00:00,1.1760927683844529,0.988764302140807,1.8088163288118186,1.0,0.7458824238675706
2023-07-20 06:00:00,1.1760927683844529,0.988764302140807,1.8187133107761095,1.0,0.7499648188210221
2023-07-20 07:00:00,1.1760927683844529,0.988764302140807,1.8185743421648894,1.0,0.7499074958149602
2023-07-20 08:00:00,1.1760927683844529,0.988764302140807,1.8237524334612247,1.0,0.7520434008669185
2023-07-20 09:00:00,1.1760927683844529,0.988764302140807,1.8272206066281986,1.0,0.7534739837138544
2023-07-20 10:00:00,1.1760927683844529,0.988764302140807,1.8312084015588654,1.0,0.7551189047573696
2023-07-20 11:00:00,1.1760927683844529,0.988764302140807,1.8288580193951844,1.0,0.7541493982635402
2023-07-20 12:00:00,1.1760927683844529,0.988764302140807,1.8284894504697744,1.0,0.7539973676822456
2023-07-20 13:00:00,1.1760927683844529,0.988764302140807,1.8246587504909217,1.0,0.7524172465586264
2023-07-20 14:00:00,1.1760927683844529,0.988764302140807,1.8249789825080815,1.0,0.75254933870303
2023-07-20 15:00:00,1.1760927683844529,0.988764302140807,1.7978378085254223,1.0,0.7413539063886811
2023-07-20 16:00:00,1.1760927683844529,0.988764302140807,1.7994208422706264,1.0,0.7420068901968644
2023-07-20 17:00:00,1.1760927683844529,0.988764302140807,1.7941158665901331,1.0,0.7398186467480669
2023-07-20 18:00:00,1.1760927683844529,0.988764302140807,1.796520627775596,1.0,0.7408105839833988
2023-07-20 19:00:00,1.1760927683844529,0.988764302140807,1.7924784538231475,1.0,0.7391432321983811
2023-07-20 20:00:00,1.1760927683844529,0.988764302140807,1.7964964593214707,1.0,0.7408006147649533
2023-07-20 21:00:00,1.1760927683844529,0.988764302140807,1.7956082686323676,1.0,0.7404342459870794
2023-07-20 22:00:00,1.1760927683844529,0.988764302140807,1.803233415908885,1.0,0.7435795344066494
2023-07-20 23:00:00,1.1760927683844529,0.988764302140807,1.799680653152473,1.0,0.7421140592951541
2023-07-21 00:00:00,1.1760927683844529,0.988764302140807,1.7993060421135314,1.0,0.741959536409248
2023-07-21 01:00:00,1.1760927683844529,0.988764302140807,1.7981701247696444,1.0,0.7414909831423073
2023-07-21 02:00:00,1.1760927683844529,0.988764302140807,1.8038315851484852,1.0,0.7427849144614395
2023-07-21 03:00:00,1.1760927683844529,0.988764302140807,1.8053541977583758,1.0,0.7421577345757286
2023-07-21 04:00:00,1.1760927683844529,0.988764302140807,1.8049433340382466,1.0,0.7423269735925078
2023-07-21 05:00:00,1.1760927683844529,0.988764302140807,1.8027560889399112,1.0,0.7432279224759496
2023-07-21 06:00:00,1.1760927683844529,0.988764302140807,1.8002304854838223,1.0,0.7442682446673271
2023-07-21 07:00:00,1.1760927683844529,0.988764302140807,1.8022062566085617,1.0,0.7434544041013451
2023-07-21 08:00:00,1.1760927683844529,0.988764302140807,1.7973000604211353,1.0,0.7454753170664136
2023-07-21 09:00:00,1.1760927683844529,0.988764302140807,1.7985145252409294,1.0,0.7449750664432869
2023-07-21 10:00:00,1.1760927683844529,0.988764302140807,1.7965689646838465,1.0,0.7457764629639175
2023-07-21 11:00:00,1.1760927683844529,0.988764302140807,1.798967683755778,1.0,0.7447884057630159
2023-07-21 12:00:00,1.1760927683844529,0.988764302140807,1.7977230083683273,1.0,0.7453011004314939
2023-07-21 13:00:00,1.1760927683844529,0.988764302140807,1.803136742092384,1.0,0.7430711275045218
2023-07-21 14:00:00,1.1760927683844529,0.988764302140807,1.7998135796501618,1.0,0.7444399724931765
2023-07-21 15:00:00,1.1760927683844529,0.988764302140807,1.8037409534455153,1.0,0.7428222465974936
2023-07-21 16:00:00,1.1760927683844529,0.988764302140807,1.8029917313676325,1.0,0.7431308589222085
2023-07-21 17:00:00,1.1760927683844529,0.988764302140807,1.8005628017280444,1.0,0.7441313601684617
2023-07-21 18:00:00,1.1760927683844529,0.988764302140807,1.8066351258270144,1.0,0.7416301070528291
2023-07-21 19:00:00,1.1760927683844529,0.988764302140807,1.810121425334582,1.0,0.7401940642192767
2023-07-21 20:00:00,1.1760927683844529,0.988764302140807,1.8037832482402345,1.0,0.7428048249340018
2023-07-21 21:00:00,1.1760927683844529,0.988764302140807,1.8039343010785172,1.0,0.7427426047072447
2023-07-21 22:00:00,1.1760927683844529,0.988764302140807,1.8050702184224043,1.0,0.7422747086020318
2023-07-21 23:00:00,1.1760927683844529,0.988764302140807,1.8065263677834507,1.0,0.7416749056160941
2023-07-22 00:00:00,1.1760927683844529,0.988764302140807,1.8053783662125011,1.0,0.7421477793394475
2023-07-22 01:00:00,1.1760927683844529,0.988764302140807,1.810042877858675,1.0,0.7402264187371904
2023-07-22 02:00:00,1.1760927683844529,0.988764302140807,1.8064296939669497,1.0,0.7406748282053646
2023-07-22 03:00:00,1.1760927683844529,0.988764302140807,1.8074749796078668,1.0,0.7411035517753796
2023-07-22 04:00:00,1.1760927683844529,0.988764302140807,1.8050883447629982,1.0,0.7401246742600274
2023-07-22 05:00:00,1.1760927683844529,0.988764302140807,1.8041336908250507,1.0,0.7397331232538866
2023-07-22 06:00:00,1.1760927683844529,0.988764302140807,1.8030702788435395,1.0,0.7392969651710967
2023-07-22 07:00:00,1.1760927683844529,0.988764302140807,1.8043149542309902,1.0,0.7398074683816348
2023-07-22 08:00:00,1.1760927683844529,0.988764302140807,1.807879801214465,1.0,0.7412695892273506
2023-07-22 09:00:00,1.1760927683844529,0.988764302140807,1.8076622851273376,1.0,0.7411803750740527
2023-07-22 10:00:00,1.1760927683844529,0.988764302140807,1.8071607897042385,1.0,0.7409746868872825
2023-07-22 11:00:00,1.1760927683844529,0.988764302140807,1.8053300293042507,1.0,0.7402238010970251
2023-07-22 12:00:00,1.1760927683844529,0.988764302140807,1.8043270384580525,1.0,0.7398124247234846
2023-07-22 13:00:00,1.1760927683844529,0.988764302140807,1.8014691187577414,1.0,0.7386402498759871
2023-07-22 14:00:00,1.1760927683844529,0.988764302140807,1.8020249932026224,1.0,0.7388682416010818
2023-07-22 15:00:00,1.1760927683844529,0.988764302140807,1.8040551433491434,1.0,0.7397009070318623
2023-07-22 16:00:00,1.1760927683844529,0.988764302140807,1.8049191655841215,1.0,0.740055285474129
2023-07-22 17:00:00,1.1760927683844529,0.988764302140807,1.8051729343524365,1.0,0.7401593686529765
2023-07-22 18:00:00,1.1760927683844529,0.988764302140807,1.801305981692396,1.0,0.7385733392610137
2023-07-22 19:00:00,1.1760927683844529,0.988764302140807,1.7998498323313497,1.0,0.7379761000681025
2023-07-22 20:00:00,1.1760927683844529,0.988764302140807,1.8010884656052688,1.0,0.7384841251077158
2023-07-22 21:00:00,1.1760927683844529,0.988764302140807,1.8004721700250748,1.0,0.7382313516733716
2023-07-22 22:00:00,1.1760927683844529,0.988764302140807,1.8005084227062629,1.0,0.7382462206989213
2023-07-22 23:00:00,1.1760927683844529,0.988764302140807,1.7994208422706264,1.0,0.7378001499324317
2023-07-23 00:00:00,1.1760927683844529,0.988764302140807,1.798852883598683,1.0,0.7375672018654872
2023-07-23 01:00:00,1.1760927683844529,0.988764302140807,1.7980311561584243,1.0,0.7372301706196951
2023-07-23 02:00:00,1.1760927683844529,0.9880721671293085,1.8008890758587355,1.0,0.737368581070022
2023-07-23 03:00:00,1.1760927683844529,0.9899623367368513,1.804333080571584,1.0,0.7359580042641346
2023-07-23 04:00:00,1.1760927683844529,0.9885795284450173,1.8018135192290263,1.0,0.736989952558968
2023-07-23 05:00:00,1.1760927683844529,0.990575812837545,1.805450871574877,1.0,0.7355001854762588
2023-07-23 06:00:00,1.1760927683844529,0.991169392416054,1.806532409896982,1.0,0.7350572148652872
2023-07-23 07:00:00,1.1760927683844529,0.9910864902402846,1.806381357058699,1.0,0.7351190822690542
2023-07-23 08:00:00,1.1760927683844529,0.9908477319740687,1.8059463248844447,1.0,0.7352972603919031
2023-07-23 09:00:00,1.1760927683844529,0.9919420406942251,1.807940222349778,1.0,0.7344806106621787
2023-07-23 10:00:00,1.1760927683844529,0.9905492841412988,1.8054025346666265,1.0,0.7355199830454643
2023-07-23 11:00:00,1.1760927683844529,0.990114876740267,1.8046110177940244,1.0,0.7358441682412034
2023-07-23 12:00:00,1.1760927683844529,0.9902044110900979,1.8047741548593699,1.0,0.735777351445135
2023-07-23 13:00:00,1.1760927683844529,0.9911859728512079,1.8065626204646386,1.0,0.7350448413845339
2023-07-23 14:00:00,1.1760927683844529,0.9900054458682513,1.8044116280474911,1.0,0.7359258332141757
2023-07-23 15:00:00,1.1760927683844529,0.9902740489177443,1.8049010392435274,1.0,0.7357253828259708
2023-07-23 16:00:00,1.1760927683844529,0.9903503189194522,1.8050400078547477,1.0,0.735668464814505
2023-07-23 17:00:00,1.1760927683844529,0.992180798960441,1.8083752545240326,1.0,0.7343024325393299
2023-07-23 18:00:00,1.1760927683844529,0.9977849860424539,1.818586426391952,1.0,0.7301201960446811
2023-07-23 19:00:00,1.1760927683844529,1.0020527900510638,1.826362626506752,1.0,0.7269352620987564
2023-07-23 20:00:00,1.1760927683844529,0.9968896425441441,1.8169550557384972,1.0,0.7307883640053647
2023-07-23 21:00:00,1.1760927683844529,0.9984846804059478,1.819861312347059,1.0,0.7295980351568877
2023-07-23 22:00:00,1.1760927683844529,0.9921741667863795,1.80836317029697,1.0,0.7343073819316311
2023-07-23 23:00:00,1.1760927683844529,0.9942798820509228,1.812199912389354,1.0,0.7327359498759496
2023-07-24 00:00:00,1.1760927683844529,0.9964850799263895,1.8162179178876772,1.0,0.7310902769357476
2023-07-24 01:00:00,1.1760927683844529,0.9941638190048456,1.811988438415758,1.0,0.7328225642412234
2023-07-24 02:00:00,1.1760927683844529,0.9902828909322031,1.8061819673121657,1.0,0.7341684322907672
2023-07-24 03:00:00,1.1760927683844529,0.9902828909322031,1.7989435153016526,1.0,0.7312252596669574
2023-07-24 04:00:00,1.1760927683844529,0.9902828909322031,1.7941521192713212,1.0,0.729277066102115
2023-07-24 05:00:00,1.1760927683844529,0.9902828909322031,1.7983876408567718,1.0,0.7309992397325746
2023-07-24 06:00:00,1.1760927683844529,0.9902828909322031,1.799028104891091,1.0,0.7312596540047982
2023-07-24 07:00:00,1.1760927683844529,0.9902828909322031,1.7977411347089212,1.0,0.7307363687219338
2023-07-24 08:00:00,1.1760927683844529,0.9902828909322031,1.800840738950485,1.0,0.7319966755299593
2023-07-24 09:00:00,1.1760927683844529,0.9902828909322031,1.796466248753814,1.0,0.7302179969159038
2023-07-24 10:00:00,1.1760927683844529,0.9902828909322031,1.761301148001571,1.0,0.715919779327779
2023-07-24 11:00:00,1.1760927683844529,0.9902828909322031,1.7701045074166946,1.0,0.7194992472016446
2023-07-24 12:00:00,1.1760927683844529,0.9902828909322031,1.767204292921664,1.0,0.7183200127613869
2023-07-24 13:00:00,1.1760927683844529,0.9902828909322031,1.7650170478233287,1.0,0.7174306734543592
2023-07-24 14:00:00,1.1760927683844529,0.9902828909322031,1.7618691066735146,1.0,0.7161507127389961
2023-07-24 15:00:00,1.1760927683844529,0.9902828909322031,1.7534645267514577,1.0,0.7127333896006659
2023-07-24 16:00:00,1.1760927683844529,0.9902828909322031,1.7567030996042416,1.0,0.7140502013922871
2023-07-24 17:00:00,1.1760927683844529,0.9902828909322031,1.7574402374550617,1.0,0.7143499234791859
2023-07-24 18:00:00,1.1760927683844529,0.9902828909322031,1.7534222319567385,1.0,0.7127161924317454
2023-07-24 19:00:00,1.1760927683844529,0.9902828909322031,1.758425101960666,1.0,0.7147503718411902
2023-07-24 20:00:00,1.1760927683844529,0.9902828909322031,1.7579659013322861,1.0,0.7145636597214826
2023-07-24 21:00:00,1.1760927683844529,0.9902828909322031,1.7596456088939911,1.0,0.7152466330014652
2023-07-24 22:00:00,1.1760927683844529,0.9902828909322031,1.7610896740279751,1.0,0.7158337934831769
2023-07-24 23:00:00,1.1760927683844529,0.9902828909322031,1.7607150629890336,1.0,0.7156814757013102
2023-07-25 00:00:00,1.1760927683844529,0.9902828909322031,1.7614099060451347,1.0,0.7159640006192887
2023-07-25 01:00:00,1.1760927683844529,0.9902828909322031,1.7577604694722215,1.0,0.7144801306152977
2023-07-25 02:00:00,1.1760927683844529,0.9895896929085506,1.755748445666294,1.0,0.7126628998228237
2023-07-25 03:00:00,1.1760927683844529,0.9912759273247083,1.7587392918642941,1.0,0.7114485412685547
2023-07-25 04:00:00,1.1760927683844529,0.9905946204898971,1.7575308691580314,1.0,0.7119391911894715
2023-07-25 05:00:00,1.1760927683844529,0.9899269397917821,1.7563466149058942,1.0,0.7124200281119699
2023-07-25 06:00:00,1.1760927683844529,0.9909727457832174,1.7582015437600074,1.0,0.7116668804833626
2023-07-25 07:00:00,1.1760927683844529,0.991691524493943,1.7594764297151144,1.0,0.7111492448167954
2023-07-25 08:00:00,1.1760927683844529,0.9917085571648133,1.759506640282771,1.0,0.7111369785687726
2023-07-25 09:00:00,1.1760927683844529,0.9932312779406163,1.762207465031268,1.0,0.7100403759955235
2023-07-25 10:00:00,1.1760927683844529,0.9924477750805835,1.760817778919066,1.0,0.7106046234045779
2023-07-25 11:00:00,1.1760927683844529,0.9923694247945802,1.760678810307846,1.0,0.7106610481454833
2023-07-25 12:00:00,1.1760927683844529,0.9912077966412272,1.7586184495936679,1.0,0.7114976062606464
2023-07-25 13:00:00,1.1760927683844529,0.9909080216339102,1.7580867436029124,1.0,0.7117134922258498
2023-07-25 14:00:00,1.1760927683844529,0.9964674854059693,1.7679474728860156,1.0,0.7077097888711689
2023-07-25 15:00:00,1.1760927683844529,0.9926760128702452,1.761222600525664,1.0,0.7104402556810707
2023-07-25 16:00:00,1.1760927683844529,0.9928906245232108,1.7616032536781367,1.0,0.7102857009559819
2023-07-25 17:00:00,1.1760927683844529,0.994495102119191,1.764449089151385,1.0,0.709130220392223
2023-07-25 18:00:00,1.1760927683844529,0.996072327441779,1.7672465877163834,1.0,0.7079943658253005
2023-07-25 19:00:00,1.1760927683844529,0.9957998047078545,1.7667632186338782,1.0,0.7081906257936672
2023-07-25 20:00:00,1.1760927683844529,0.993640062041503,1.7629325186550255,1.0,0.7097459860429735
2023-07-25 21:00:00,1.1760927683844529,0.9946926811012863,1.7647995317362015,1.0,0.708987931915157
2023-07-25 22:00:00,1.1760927683844529,0.9946245504178052,1.7646786894655753,1.0,0.7090369969072486
2023-07-25 23:00:00,1.1760927683844529,0.993643468575677,1.7629385607685568,1.0,0.7097435327933689
2023-07-26 00:00:00,1.1760927683844529,0.9945666393368462,1.7645759735355429,1.0,0.7090787021505266
2023-07-26 01:00:00,1.1760927683844529,0.9924886534906722,1.7608902842814418,1.0,0.7105751844093228
2023-07-26 02:00:00,1.1760927683844529,0.9899391683531398,1.7588299235672638,1.0,0.710414015077801
2023-07-26 03:00:00,1.1760927683844529,0.995344579615649,1.7684308419685206,1.0,0.7142931220380138
2023-07-26 04:00:00,1.1760927683844529,0.9935790613996375,1.765294985045769,1.0,0.7130261261208644
2023-07-26 05:00:00,1.1760927683844529,0.9921435147962525,1.762745213135555,1.0,0.7119959290552824
2023-07-26 06:00:00,1.1760927683844529,0.9946880381595985,1.7672647140569773,1.0,0.7138219655601529
2023-07-26 07:00:00,1.1760927683844529,0.9925755394849488,1.7635125615540317,1.0,0.7123059646650665
2023-07-26 08:00:00,1.1760927683844529,0.9928068597907077,1.7639234252741611,1.0,0.7124719679836912
2023-07-26 09:00:00,1.1760927683844529,0.9928612880979449,1.764020099090662,1.0,0.7125110275880734
2023-07-26 10:00:00,1.1760927683844529,0.9919087927212914,1.7623283073018943,1.0,0.7118274845113839
2023-07-26 11:00:00,1.1760927683844529,0.991946212182517,1.7623947705507386,1.0,0.7118543379893967
2023-07-26 12:00:00,1.1760927683844529,0.9913951255717389,1.761415948158666,1.0,0.7114588594950264
2023-07-26 13:00:00,1.1760927683844529,0.9932116703257854,1.7646424367843871,1.0,0.7127624737912841
2023-07-26 14:00:00,1.1760927683844529,0.9958650503036061,1.7693552853388115,1.0,0.7146666295049191
2023-07-26 15:00:00,1.1760927683844529,0.9944975390842677,1.7669263556992236,1.0,0.7136852569448149
2023-07-26 16:00:00,1.1760927683844529,0.9962732626078862,1.7700803389625692,1.0,0.714959576537786
2023-07-26 17:00:00,1.1760927683844529,0.9956847565358824,1.769035053321652,1.0,0.7145372445654029
2023-07-26 18:00:00,1.1760927683844529,0.9943138435473418,1.7666000815685328,1.0,0.7135534307800249
2023-07-26 19:00:00,1.1760927683844529,0.9981816551303958,1.773469964653636,1.0,0.7163291039164389
2023-07-26 20:00:00,1.1760927683844529,0.9990967310458236,1.775095293193559,1.0,0.7169857935151155
2023-07-26 21:00:00,1.1760927683844529,1.004940970535434,1.7854756442403552,1.0,0.7211798185356602
2023-07-26 22:00:00,1.1760927683844529,1.001246649181699,1.7789139089453492,1.0,0.7185286478882147
2023-07-26 23:00:00,1.1760927683844529,1.0013521040269713,1.7791012144648197,1.0,0.7186043258717052
2023-07-27 00:00:00,1.1760927683844529,0.9972495703689562,1.7718144255460562,1.0,0.7156602081913928
2023-07-27 01:00:00,1.1760927683844529,0.9974536765210963,1.772176952357935,1.0,0.7158066817078262
2023-07-27 02:00:00,1.1760927683844529,0.9974941796060262,1.7747327663816803,1.0,0.7158357480990833
2023-07-27 03:00:00,1.1760927683844529,0.9987239037617894,1.7769200114800159,1.0,0.716718239976223
2023-07-27 04:00:00,1.1760927683844529,0.9976232666721008,1.7749623666958703,1.0,0.7159283853679543
2023-07-27 05:00:00,1.1760927683844529,1.0005379167429431,1.780146500105737,1.0,0.7180200373861472
2023-07-27 06:00:00,1.1760927683844529,0.9995901459157112,1.7784607504305006,1.0,0.7173398848068047
2023-07-27 07:00:00,1.1760927683844529,0.9969574491734002,1.7737781124437328,1.0,0.7154505720864092
2023-07-27 08:00:00,1.1760927683844529,0.9979222051409051,1.775494072686626,1.0,0.7161429137800768
2023-07-27 09:00:00,1.1760927683844529,0.999926451693116,1.7790589196701008,1.0,0.7175812292704423
2023-07-27 10:00:00,1.1760927683844529,1.0024266643412978,1.7835059152291473,1.0,0.7193754668991018
2023-07-27 11:00:00,1.1760927683844529,1.0002763455827395,1.779681257363826,1.0,0.7178323250255401
2023-07-27 12:00:00,1.1760927683844529,1.0012207193819167,1.781360964925531,1.0,0.7185100397820174
2023-07-27 13:00:00,1.1760927683844529,1.000965942277822,1.7809078064106825,1.0,0.7183272030671404
2023-07-27 14:00:00,1.1760927683844529,0.9990636065672489,1.7775242228331471,1.0,0.7169620222627255
2023-07-27 15:00:00,1.1760927683844529,0.9958500180276024,1.771808383432525,1.0,0.7146558418324106
2023-07-27 16:00:00,1.1760927683844529,0.993883138783992,1.7683099996978944,1.0,0.7132443423935603
2023-07-27 17:00:00,1.1760927683844529,0.993397363772185,1.7674459774629165,1.0,0.7128957337238615
2023-07-27 18:00:00,1.1760927683844529,0.9915663656507584,1.7641892782695388,1.0,0.7115817471996122
2023-07-27 19:00:00,1.1760927683844529,0.9889064926840107,1.7594583033745206,1.0,0.7096729318962964
2023-07-27 20:00:00,1.1760927683844529,0.9896232656035301,1.7607331893296274,1.0,0.710187312520817
2023-07-27 21:00:00,1.1760927683844529,0.9889778302731571,1.759585187758678,1.0,0.709724126176462
2023-07-27 22:00:00,1.1760927683844529,0.9901973633447567,1.7617543065164196,1.0,0.7105993045850065
2023-07-27 23:00:00,1.1760927683844529,0.9907782551420924,1.762787507930274,1.0,0.711016172294926
2023-07-28 00:00:00,1.1760927683844529,0.9915663656507584,1.7641892782695388,1.0,0.7115817471996122
2023-07-28 01:00:00,1.1760927683844529,0.9931357926119811,1.7669807347210056,1.0,0.7127080213632544
2023-07-28 02:00:00,1.1760927683844529,0.9914672339085661,1.7664852814114378,1.0,0.7115106068899406
2023-07-28 03:00:00,1.1760927683844529,0.9904325942677209,1.7646424367843871,1.0,0.7122530994843435
2023-07-28 04:00:00,1.1760927683844529,0.991195853019164,1.7660019123289328,1.0,0.7117053590458495
2023-07-28 05:00:00,1.1760927683844529,0.9915215100864465,1.766581955227939,1.0,0.7114716564587588
2023-07-28 06:00:00,1.1760927683844529,0.988895899981482,1.7619053593547023,1.0,0.7133558835671778
2023-07-28 07:00:00,1.1760927683844529,0.9890146291205953,1.7621168333282984,1.0,0.7132706794989676
2023-07-28 08:00:00,1.1760927683844529,0.9873659902174781,1.7591803661520802,1.0,0.7144537988461144
2023-07-28 09:00:00,1.1760927683844529,0.9878748293851068,1.7600866831817772,1.0,0.7140886385537851
2023-07-28 10:00:00,1.1760927683844529,0.9899542854501499,1.763790498776472,1.0,0.7125963501591329
2023-07-28 11:00:00,1.1760927683844529,0.9901476443338488,1.764134899247757,1.0,0.7124575892480478
2023-07-28 12:00:00,1.1760927683844529,0.9896896890829829,1.7633192139210296,1.0,0.7127862335111441
2023-07-28 13:00:00,1.1760927683844529,0.9930649888949206,1.7693311168846864,1.0,0.7103640035720267
2023-07-28 14:00:00,1.1760927683844529,0.9924509896326484,1.7682374943355186,1.0,0.7108046303247707
2023-07-28 15:00:00,1.1760927683844529,0.9991948047342886,1.7802492160357692,1.0,0.7059650392504336
2023-07-28 16:00:00,1.1760927683844529,0.9959178804947593,1.7744125343645207,1.0,0.708316671533034
2023-07-28 17:00:00,1.1760927683844529,0.9948289646760337,1.7724730159209694,1.0,0.7090981145586186
2023-07-28 18:00:00,1.1760927683844529,0.9913824273806279,1.766334228573155,1.0,0.7115714669386621
2023-07-28 19:00:00,1.1760927683844529,0.9931599722062112,1.769500296063563,1.0,0.7102958403174586
2023-07-28 20:00:00,1.1760927683844529,0.9933567233510276,1.7698507386483793,1.0,0.7101546450044246
2023-07-28 21:00:00,1.1760927683844529,0.9942522802860544,1.7714458566206461,1.0,0.7095119628899251
2023-07-28 22:00:00,1.1760927683844529,0.9931497954228586,1.7694821697229692,1.0,0.7103031435233051
2023-07-28 23:00:00,1.1760927683844529,0.9926545252996999,1.7686000211473973,1.0,0.710658566207839
2023-07-29 00:00:00,1.1760927683844529,0.9932379942119143,1.7696392646747834,1.0,0.7102398490726348
2023-07-29 01:00:00,1.1760927683844529,0.9935772203236668,1.7702434760279147,1.0,0.7099964088777486
2023-07-29 02:00:00,1.1760927683844529,0.994833804754196,1.7737237334219509,1.0,0.707598079934601
2023-07-29 03:00:00,1.1760927683844529,0.994833804754196,1.7733612066100721,1.0,0.707453411576501
2023-07-29 04:00:00,1.1760927683844529,0.994833804754196,1.7729986797981934,1.0,0.7073087432184009
2023-07-29 05:00:00,1.1760927683844529,0.994833804754196,1.7736995649678258,1.0,0.7075884353773944
2023-07-29 06:00:00,1.1760927683844529,0.994833804754196,1.7730228482523187,1.0,0.7073183877756076
2023-07-29 07:00:00,1.1760927683844529,0.994833804754196,1.7718506782272438,1.0,0.7068506267510841
2023-07-29 08:00:00,1.1760927683844529,0.994833804754196,1.7686121053744601,1.0,0.7055582560853904
2023-07-29 09:00:00,1.1760927683844529,0.994833804754196,1.768877958369838,1.0,0.7056643462146638
2023-07-29 10:00:00,1.1760927683844529,0.994833804754196,1.7679353886589528,1.0,0.7052882084836036
2023-07-29 11:00:00,1.1760927683844529,0.994833804754196,1.7675063985982298,1.0,0.7051170175931852
2023-07-29 12:00:00,1.1760927683844529,0.994833804754196,1.7668115555421287,1.0,0.7048397365734935
2023-07-29 13:00:00,1.1760927683844529,0.994833804754196,1.7685093894444277,1.0,0.705517266717262
2023-07-29 14:00:00,1.1760927683844529,0.994833804754196,1.7686604422827106,1.0,0.7055775451998036
2023-07-29 15:00:00,1.1760927683844529,0.994833804754196,1.7679293465454218,1.0,0.705285797344302
2023-07-29 16:00:00,1.1760927683844529,0.994833804754196,1.7687208634180236,1.0,0.7056016565928204
2023-07-29 17:00:00,1.1760927683844529,0.994833804754196,1.7694157064741247,1.0,0.7058789376125121
2023-07-29 18:00:00,1.1760927683844529,0.994833804754196,1.7702736865955713,1.0,0.7062213193933489
2023-07-29 19:00:00,1.1760927683844529,0.994833804754196,1.7694640433823752,1.0,0.7058982267269255
2023-07-29 20:00:00,1.1760927683844529,0.994833804754196,1.771331056463551,1.0,0.7066432687711407
2023-07-29 21:00:00,1.1760927683844529,0.994833804754196,1.7719836047249329,1.0,0.7069036718157208
2023-07-29 22:00:00,1.1760927683844529,0.994833804754196,1.7720138152925893,1.0,0.7069157275122291
2023-07-29 23:00:00,1.1760927683844529,0.994833804754196,1.7721286154496845,1.0,0.7069615391589609
2023-07-30 00:00:00,1.1760927683844529,0.994833804754196,1.7720017310655267,1.0,0.7069109052336258
2023-07-30 01:00:00,1.1760927683844529,0.994833804754196,1.771868804567838,1.0,0.7068578601689892
2023-07-30 02:00:00,1.1760927683844529,0.9941374210908681,1.7704247394338541,1.0,0.7052928029937882
2023-07-30 03:00:00,1.1760927683844529,0.9936928291745757,1.769633222561252,1.0,0.7049773863600534
2023-07-30 04:00:00,1.1760927683844529,0.9936996168374198,1.7696453067883144,1.0,0.7049822018811791
2023-07-30 05:00:00,1.1760927683844529,0.9940220308225174,1.7702193075737893,1.0,0.7052109391346508
2023-07-30 06:00:00,1.1760927683844529,0.9935876204004912,1.7694459170417813,1.0,0.7049027457826047
2023-07-30 07:00:00,1.1760927683844529,0.9927764946906142,1.7680018519077976,1.0,0.7043272910080809
2023-07-30 08:00:00,1.1760927683844529,0.9930208505530038,1.768436884082052,1.0,0.7045006497686068
2023-07-30 09:00:00,1.1760927683844529,0.9931905421241078,1.7687389897586177,1.0,0.7046210377967499
2023-07-30 10:00:00,1.1760927683844529,0.9926780735793739,1.7678266306153894,1.0,0.704257465951758
2023-07-30 11:00:00,1.1760927683844529,0.9926644982536855,1.767802462161264,1.0,0.7042478349095065
2023-07-30 12:00:00,1.1760927683844529,0.9937403428144848,1.7697178121506902,1.0,0.7050110950079334
2023-07-30 13:00:00,1.1760927683844529,0.9939439726998095,1.7700803389625692,1.0,0.705155560641705
2023-07-30 14:00:00,1.1760927683844529,0.9927934638477246,1.768032062475454,1.0,0.7043393298108952
2023-07-30 15:00:00,1.1760927683844529,0.9963162608638433,1.7743037763209573,1.0,0.706838585275145
2023-07-30 16:00:00,1.1760927683844529,0.9949587282950114,1.771886930908432,1.0,0.7058754810500005
2023-07-30 17:00:00,1.1760927683844529,0.9959870592159015,1.7737176913084198,1.0,0.7066050325005474
2023-07-30 18:00:00,1.1760927683844529,0.9965877673776096,1.7747871454034623,1.0,0.7070312061201738
2023-07-30 19:00:00,1.1760927683844529,0.9951284198661153,1.7721890365849975,1.0,0.7059958690781436
2023-07-30 20:00:00,1.1760927683844529,0.989867981161892,1.762823760611462,1.0,0.7022638402057091
2023-07-30 21:00:00,1.1760927683844529,0.9921893618545944,1.7669565662668802,1.0,0.7039107484307059
2023-07-30 22:00:00,1.1760927683844529,0.9901394876756584,1.763307129693967,1.0,0.7024564610507379
2023-07-30 23:00:00,1.1760927683844529,0.9884663287845731,1.7603283677230297,1.0,0.7012694350932475
2023-07-31 00:00:00,1.1760927683844529,0.9927187995564388,1.7678991359777652,1.0,0.7042863590785123
2023-07-31 01:00:00,1.1760927683844529,0.998776788644851,1.7786843086311592,1.0,0.7085842116832192
2023-07-31 02:00:00,1.1760927683844529,0.9971311004484005,1.7782432343433734,1.0,0.707416674865568
2023-07-31 03:00:00,1.1760927683844529,0.9973412240593548,1.7786178453823147,1.0,0.7072676022450218
2023-07-31 04:00:00,1.1760927683844529,0.9960940387556257,1.7763943476027915,1.0,0.7081524203798772
2023-07-31 05:00:00,1.1760927683844529,0.9953213261217936,1.7750167457176522,1.0,0.7087006229199508
2023-07-31 06:00:00,1.1760927683844529,0.9946028389359497,1.7737358176490137,1.0,0.709210355106335
2023-07-31 07:00:00,1.1760927683844529,0.9956975151672118,1.7756874203196278,1.0,0.7084337348412308
2023-07-31 08:00:00,1.1760927683844529,0.9944672753159791,1.7734941331077612,1.0,0.7093065309905584
2023-07-31 09:00:00,1.1760927683844529,0.9951620388683282,1.7747327663816803,1.0,0.7088136295839134
2023-07-31 10:00:00,1.1760927683844529,0.9949112461713827,1.7742856499803632,1.0,0.7089915549697267
2023-07-31 11:00:00,1.1760927683844529,0.994965471619371,1.7743823237968641,1.0,0.7089530846160373
2023-07-31 12:00:00,1.1760927683844529,0.9955517842757435,1.7754276094377814,1.0,0.708537123916771
2023-07-31 13:00:00,1.1760927683844529,0.9976225185707938,1.779119340805414,1.0,0.7070680372852581
2023-07-31 14:00:00,1.1760927683844529,0.994091086270561,1.7728234585057854,1.0,0.7095734190692784
2023-07-31 15:00:00,1.1760927683844529,0.9919661265275226,1.769035053321652,1.0,0.7110809760544806
2023-07-31 16:00:00,1.1760927683844529,0.9899767304044548,1.7654883326787711,1.0,0.7124923571554594
2023-07-31 17:00:00,1.1760927683844529,0.9894243086530748,1.764503468173167,1.0,0.7128842738836699
2023-07-31 18:00:00,1.1760927683844529,0.9890820105126492,1.7638932147065045,1.0,0.713127117991334
2023-07-31 19:00:00,1.1760927683844529,0.988244905159331,1.76240081266427,1.0,0.7137210040764137
2023-07-31 20:00:00,1.1760927683844529,0.98709939257058,1.7603585782906863,1.0,0.7145336902981017
2023-07-31 21:00:00,1.1760927683844529,0.9887295451007257,1.763264834899248,1.0,0.713377175290315
2023-07-31 22:00:00,1.1760927683844529,0.9899530067709599,1.7654460378840517,1.0,0.7125091879351986
2023-07-31 23:00:00,1.1760927683844529,0.988898999625689,1.7635669405758134,1.0,0.7132569554350356
2023-08-01 00:00:00,1.1760927683844529,0.9896208759020321,1.7648539107579833,1.0,0.712744818851546
2023-08-01 01:00:00,1.1760927683844529,0.9913662575091529,1.7679655992266095,1.0,0.7115065543421694
2023-08-01 02:00:00,1.1760927683844529,0.9877389142867,1.7627331289084922,1.0,0.7125983758664719
2023-08-01 03:00:00,1.1760927683844529,0.9877389142867,1.7465221383039788,1.0,0.7191537804342821
2023-08-01 04:00:00,1.1760927683844529,0.9877389142867,1.740643161838011,1.0,0.7215311224560785
2023-08-01 05:00:00,1.1760927683844529,0.9877389142867,1.7425826802815627,1.0,0.7207468194869144
2023-08-01 06:00:00,1.1760927683844529,0.9877389142867,1.7461052324703181,1.0,0.7193223689229811
2023-08-01 07:00:00,1.1760927683844529,0.9877389142867,1.7454768526630615,1.0,0.7195764733117445
2023-08-01 08:00:00,1.1760927683844529,0.9877389142867,1.7467517386181688,1.0,0.7190609345999264
2023-08-01 09:00:00,1.1760927683844529,0.9877389142867,1.7505341016887708,1.0,0.717531421644485
2023-08-01 10:00:00,1.1760927683844529,0.9877389142867,1.746485885622791,1.0,0.7191684403028648
2023-08-01 11:00:00,1.1760927683844529,0.9877389142867,1.7464073381468839,1.0,0.7192002033514602
2023-08-01 12:00:00,1.1760927683844529,0.9877389142867,1.742624975076282,1.0,0.7207297163069015
2023-08-01 13:00:00,1.1760927683844529,0.9877389142867,1.743531292105979,1.0,0.7203632195923388
2023-08-01 14:00:00,1.1760927683844529,0.9877389142867,1.7428727017310657,1.0,0.7206295405382545
2023-08-01 15:00:00,1.1760927683844529,0.9877389142867,1.7404196036373525,1.0,0.7216215249790039
2023-08-01 16:00:00,1.1760927683844529,0.9877389142867,1.748068919367995,1.0,0.7185282927080953
2023-08-01 17:00:00,1.1760927683844529,0.9877389142867,1.7468121597534818,1.0,0.7190365014856221
2023-08-01 18:00:00,1.1760927683844529,0.9877389142867,1.7479782876650254,1.0,0.7185649423795516
2023-08-01 19:00:00,1.1760927683844529,0.9877389142867,1.7673070088516964,1.0,0.7107487891136458
2023-08-01 20:00:00,1.1760927683844529,0.9877389142867,1.767433893235854,1.0,0.7106974795736071
2023-08-01 21:00:00,1.1760927683844529,0.9877389142867,1.7648780792121086,1.0,0.7117310003086736
2023-08-01 22:00:00,1.1760927683844529,0.9877389142867,1.7657179329929609,1.0,0.7113913800198457
2023-08-01 23:00:00,1.1760927683844529,0.9877389142867,1.7661892178484035,1.0,0.711200801728273
2023-08-02 00:00:00,1.1760927683844529,0.9877389142867,1.793880224162412,1.0,0.7000031054426694
2023-08-02 01:00:00,1.1760927683844529,0.9877389142867,1.8008588652910789,1.0,0.6971810807405372
2023-08-02 02:00:00,1.1760927683844529,0.9877389142867,1.802000824748497,1.0,0.6957216649347249
2023-08-02 03:00:00,1.1760927683844529,0.9877389142867,1.7998437902178184,1.0,0.6948886110762016
2023-08-02 04:00:00,1.1760927683844529,0.9877389142867,1.7891250808132686,1.0,0.6907490101097575
2023-08-02 05:00:00,1.1760927683844529,0.9877389142867,1.7918319476752969,1.0,0.6917944110302574
2023-08-02 06:00:00,1.1760927683844529,0.9877389142867,1.7904905984713453,1.0,0.6912763775384025
2023-08-02 07:00:00,1.1760927683844529,0.9877389142867,1.7848835171142865,1.0,0.6891109042030813
2023-08-02 08:00:00,1.1760927683844529,0.9877389142867,1.7859650554363917,1.0,0.6895285978744418
2023-08-02 09:00:00,1.1760927683844529,0.9877389142867,1.780605700734117,1.0,0.6874587973912197
2023-08-02 10:00:00,1.1760927683844529,0.9877389142867,1.7782794870245613,1.0,0.6865604059751651
2023-08-02 11:00:00,1.1760927683844529,0.9877389142867,1.7832340201202381,1.0,0.6884738630171516
2023-08-02 12:00:00,1.1760927683844529,0.9877389142867,1.7849137276819431,1.0,0.689122571624069
2023-08-02 13:00:00,1.1760927683844529,0.9877389142867,1.7787628561070663,1.0,0.6867470847109687
2023-08-02 14:00:00,1.1760927683844529,0.9877389142867,1.7758445152714422,1.0,0.6856200118435547
2023-08-02 15:00:00,1.1760927683844529,0.9877389142867,1.7674036826681974,1.0,0.682360134419585
2023-08-02 16:00:00,1.1760927683844529,0.9877389142867,1.7703945288661975,1.0,0.6835152090973695
2023-08-02 17:00:00,1.1760927683844529,0.9877389142867,1.7523769463158214,1.0,0.6765567592202917
2023-08-02 18:00:00,1.1760927683844529,0.9877389142867,1.7598208301863993,1.0,0.6794316117516666
2023-08-02 19:00:00,1.1760927683844529,0.9877389142867,1.7598510407540557,1.0,0.6794432791726542
2023-08-02 20:00:00,1.1760927683844529,0.9877389142867,1.7600806410682457,1.0,0.679531951572161
2023-08-02 21:00:00,1.1760927683844529,0.9877389142867,1.7593616295580197,1.0,0.6792542669526532
2023-08-02 22:00:00,1.1760927683844529,0.9877389142867,1.7615972115646055,1.0,0.6801176561057447
2023-08-02 23:00:00,1.1760927683844529,0.9877389142867,1.7620262016253285,1.0,0.6802833334837703
2023-08-03 00:00:00,1.1760927683844529,0.9877389142867,1.7617966013111388,1.0,0.6801946610842636
2023-08-03 01:00:00,1.1760927683844529,0.9877389142867,1.7610594634603185,1.0,0.6799099760121632
2023-08-03 02:00:00,1.1760927683844529,0.9877389142867,1.7660683755777773,1.0,0.680889845403908
2023-08-03 03:00:00,1.1760927683844529,0.9877389142867,1.7612105162986014,1.0,0.6827633134193966
2023-08-03 04:00:00,1.1760927683844529,0.9877389142867,1.7617905591976073,1.0,0.6825396157459054
2023-08-03 05:00:00,1.1760927683844529,0.9877389142867,1.759138071357361,1.0,0.6835625665653078
2023-08-03 06:00:00,1.1760927683844529,0.9877389142867,1.7599718830246822,1.0,0.6832410011596641
2023-08-03 07:00:00,1.1760927683844529,0.9877389142867,1.7561472251593608,1.0,0.6847160076942466
2023-08-03 08:00:00,1.1760927683844529,0.9877389142867,1.7535672426814901,1.0,0.6857109963044625
2023-08-03 09:00:00,1.1760927683844529,0.9877389142867,1.7582136279870701,1.0,0.6839190847324342
2023-08-03 10:00:00,1.1760927683844529,0.9877389142867,1.7600323041599952,1.0,0.6832176993186755
2023-08-03 11:00:00,1.1760927683844529,0.9877389142867,1.7612890637745084,1.0,0.6827330210261113
2023-08-03 12:00:00,1.1760927683844529,0.9877389142867,1.7596153983263345,1.0,0.6833784820214973
2023-08-03 13:00:00,1.1760927683844529,0.9877389142867,1.75738585843328,1.0,0.684238319953979
2023-08-03 14:00:00,1.1760927683844529,0.9877389142867,1.7626847920002418,1.0,0.6821947484992731
2023-08-03 15:00:00,1.1760927683844529,0.9877389142867,1.774472955499834,1.0,0.6776485593223849
2023-08-03 16:00:00,1.1760927683844529,0.9877389142867,1.7662798495513732,1.0,0.6808082889604476
2023-08-03 17:00:00,1.1760927683844529,0.9877389142867,1.7688296214615873,1.0,0.6798249512707261
2023-08-03 18:00:00,1.1760927683844529,0.9877389142867,1.7645457629678862,1.0,0.6814770517968223
2023-08-03 19:00:00,1.1760927683844529,0.9877389142867,1.7669263556992236,1.0,0.680558959261869
2023-08-03 20:00:00,1.1760927683844529,0.9877389142867,1.7675607776200115,1.0,0.680314289931488
2023-08-03 21:00:00,1.1760927683844529,0.9877389142867,1.7692646536358418,1.0,0.6796571780156077
2023-08-03 22:00:00,1.1760927683844529,0.9877389142867,1.7662919337784357,1.0,0.68080362859225
2023-08-03 23:00:00,1.1760927683844529,0.9877389142867,1.7648539107579833,1.0,0.6813582124077802
2023-08-04 00:00:00,1.1760927683844529,0.9877389142867,1.7623947705507386,1.0,0.6823065973360188
2023-08-04 01:00:00,1.1760927683844529,0.9877389142867,1.764926416120359,1.0,0.6813302501985937
2023-08-04 02:00:00,1.1760927683844529,0.9870474970466994,1.7626545814325854,1.0,0.6812531529910906
2023-08-04 03:00:00,1.1760927683844529,0.9858900063712492,1.760588178604876,1.0,0.682052044811968
2023-08-04 04:00:00,1.1760927683844529,0.9859712337870703,1.7607331893296274,1.0,0.6819959822280468
2023-08-04 05:00:00,1.1760927683844529,0.987555168395581,1.7635608984622824,1.0,0.6809027618415829
2023-08-04 06:00:00,1.1760927683844529,0.9884215941643388,1.7651076795262983,1.0,0.6803047609464232
2023-08-04 07:00:00,1.1760927683844529,0.987057650473677,1.7626727077731792,1.0,0.6812461451681004
2023-08-04 08:00:00,1.1760927683844529,0.9876296268600835,1.763693824959971,1.0,0.6808513711396552
2023-08-04 09:00:00,1.1760927683844529,0.9866278220649571,1.7619053593547023,1.0,0.6815428096746836
2023-08-04 10:00:00,1.1760927683844529,0.9872674879645481,1.7630473188121207,1.0,0.6811013168263039
2023-08-04 11:00:00,1.1760927683844529,0.9859780027383886,1.7607452735566902,1.0,0.6819913103460534
2023-08-04 12:00:00,1.1760927683844529,0.986126919667394,1.761011126552068,1.0,0.6818885289421978
2023-08-04 13:00:00,1.1760927683844529,0.9878699246318875,1.7641228150206945,1.0,0.6806855193288882
2023-08-04 14:00:00,1.1760927683844529,0.9884215941643388,1.7651076795262983,1.0,0.6803047609464232
2023-08-04 15:00:00,1.1760927683844529,0.9889428034158574,1.7660381650101207,1.0,0.6799450260329287
2023-08-04 16:00:00,1.1760927683844529,0.989565546937152,1.7671499138998823,1.0,0.6795152128895326
2023-08-04 17:00:00,1.1760927683844529,0.9893218646896889,1.7667148817256275,1.0,0.6796834006412964
2023-08-04 18:00:00,1.1760927683844529,0.987169338170431,1.7628720975197125,1.0,0.6811690591152088
2023-08-04 19:00:00,1.1760927683844529,0.9824310722475359,1.7544131385758739,1.0,0.6844393765106135
2023-08-04 20:00:00,1.1760927683844529,0.981517263819549,1.7527817679224194,1.0,0.6850700805797272
2023-08-04 21:00:00,1.1760927683844529,0.9791853600903527,1.7486187516993443,1.0,0.6866795439264657
2023-08-04 22:00:00,1.1760927683844529,0.9822449260862792,1.7540808223316517,1.0,0.6845678532654329
2023-08-04 23:00:00,1.1760927683844529,0.9822550795132569,1.7540989486722456,1.0,0.6845608454424428
2023-08-05 00:00:00,1.1760927683844529,0.9842282288225768,1.7576215008610012,1.0,0.6831989918413565
2023-08-05 01:00:00,1.1760927683844529,0.9843568388976268,1.7578511011751912,1.0,0.683110226083481
2023-08-05 02:00:00,1.1760927683844529,0.9817518927289874,1.7556578139633243,1.0,0.6830044169256425
2023-08-05 03:00:00,1.1760927683844529,0.9819242588547139,1.7559659617534216,1.0,0.6828845018777863
2023-08-05 04:00:00,1.1760927683844529,0.9822250546427462,1.7565037098577083,1.0,0.6826752383629
2023-08-05 05:00:00,1.1760927683844529,0.9809542769315083,1.7542318751699346,1.0,0.6835593179314084
2023-08-05 06:00:00,1.1760927683844529,0.9823703829448295,1.7567635207395549,1.0,0.6825741335186291
2023-08-05 07:00:00,1.1760927683844529,0.9813226672786491,1.7548904655448478,1.0,0.6833030289075589
2023-08-05 08:00:00,1.1760927683844529,0.9807143162466735,1.7538028851092113,1.0,0.6837262584882279
2023-08-05 09:00:00,1.1760927683844529,0.9820357898772428,1.7561653514999547,1.0,0.682806909787997
2023-08-05 10:00:00,1.1760927683844529,0.9810252512185721,1.754358759554092,1.0,0.6835099411469971
2023-08-05 11:00:00,1.1760927683844529,0.9811266430572347,1.7545400229600314,1.0,0.6834394028835523
2023-08-05 12:00:00,1.1760927683844529,0.9808055689014697,1.7539660221745565,1.0,0.6836627740511275
2023-08-05 13:00:00,1.1760927683844529,0.979568588469786,1.751754608622096,1.0,0.6845233408651544
2023-08-05 14:00:00,1.1760927683844529,0.9799910544642135,1.7525098728135102,1.0,0.6842294314341343
2023-08-05 15:00:00,1.1760927683844529,0.9814274388452672,1.7550777710643184,1.0,0.683230139368666
2023-08-05 16:00:00,1.1760927683844529,0.9805318109370808,1.7534766109785203,1.0,0.6838532273624286
2023-08-05 17:00:00,1.1760927683844529,0.9801701800458508,1.7528301048306698,1.0,0.6841048138353818
2023-08-05 18:00:00,1.1760927683844529,0.981241553807719,1.7547454548200963,1.0,0.6833594595183148
2023-08-05 19:00:00,1.1760927683844529,0.9816471211623694,1.7554705084438538,1.0,0.6830773064645355
2023-08-05 20:00:00,1.1760927683844529,0.9813564645582034,1.7549508866801609,1.0,0.6832795161530772
2023-08-05 21:00:00,1.1760927683844529,0.9809204796519541,1.7541714540346214,1.0,0.6835828306858901
2023-08-05 22:00:00,1.1760927683844529,0.9815795266032611,1.7553496661732275,1.0,0.6831243319734986
2023-08-05 23:00:00,1.1760927683844529,0.9820864857965741,1.7562559832029245,1.0,0.6827716406562746
2023-08-06 00:00:00,1.1760927683844529,0.9813835023818467,1.7549992235884113,1.0,0.683260705949492
2023-08-06 01:00:00,1.1760927683844529,0.981241553807719,1.7547454548200963,1.0,0.6833594595183148
2023-08-06 02:00:00,1.1760927683844529,0.9789498159284031,1.753101999939579,1.0,0.6830427997691698
2023-08-06 03:00:00,1.1760927683844529,0.9800838135389697,1.7551321500861004,1.0,0.6822515754487297
2023-08-06 04:00:00,1.1760927683844529,0.9798678139940998,1.7547454548200963,1.0,0.6824022848430993
2023-08-06 05:00:00,1.1760927683844529,0.9802491881905105,1.7554282136491346,1.0,0.6821361885686656
2023-08-06 06:00:00,1.1760927683844529,0.98116043627043,1.7570595843025891,1.0,0.6815003833111691
2023-08-06 07:00:00,1.1760927683844529,0.9801141884749669,1.7551865291078819,1.0,0.6822303819401465
2023-08-06 08:00:00,1.1760927683844529,0.9808060620171279,1.7564251623818012,1.0,0.6817476409113067
2023-08-06 09:00:00,1.1760927683844529,0.9813696858295227,1.7574341953415304,1.0,0.6813543835853736
2023-08-06 10:00:00,1.1760927683844529,0.9805056876500435,1.7558874142775145,1.0,0.6819572211628517
2023-08-06 11:00:00,1.1760927683844529,0.9800196886740864,1.7550173499290052,1.0,0.6822963173001833
2023-08-06 12:00:00,1.1760927683844529,0.9803234380340595,1.7555611401468234,1.0,0.6820843822143511
2023-08-06 13:00:00,1.1760927683844529,0.9789430659426259,1.7530899157125162,1.0,0.6830475094377438
2023-08-06 14:00:00,1.1760927683844529,0.9781296926564756,1.7516337663514698,1.0,0.6836150245009166
2023-08-06 15:00:00,1.1760927683844529,0.9790341907506179,1.7532530527778618,1.0,0.6829839289119942
2023-08-06 16:00:00,1.1760927683844529,0.9780993177204783,1.7515793873296879,1.0,0.6836362180094999
2023-08-06 17:00:00,1.1760927683844529,0.980714937209136,1.7562620253164556,1.0,0.6818112214370563
2023-08-06 18:00:00,1.1760927683844529,0.9807250621878019,1.7562801516570499,1.0,0.6818041569341952
2023-08-06 19:00:00,1.1760927683844529,0.9806271873940327,1.7561049303646417,1.0,0.6818724471285189
2023-08-06 20:00:00,1.1760927683844529,0.9806609373229186,1.7561653514999547,1.0,0.6818488987856487
2023-08-06 21:00:00,1.1760927683844529,0.9823214338241052,1.759138071357361,1.0,0.6806903203164328
2023-08-06 22:00:00,1.1760927683844529,0.980674437294473,1.75618951995408,1.0,0.6818394794485005
2023-08-06 23:00:00,1.1760927683844529,0.9809613116900032,1.7567030996042416,1.0,0.6816393185341035
2023-08-07 00:00:00,1.1760927683844529,0.9806238124011442,1.7560988882511104,1.0,0.6818748019628059
2023-08-07 01:00:00,1.1760927683844529,0.9796315644918985,1.7543225068729043,1.0,0.682567123243191
2023-08-07 02:00:00,1.1760927683844529,0.9811955854157138,1.759585187758678,1.0,0.6795598038976175
2023-08-07 03:00:00,1.1760927683844529,0.9829784617369515,1.7627814658167427,1.0,0.6807945944951727
2023-08-07 04:00:00,1.1760927683844529,0.9817078674588672,1.7605035890154377,1.0,0.6799146019521135
2023-08-07 05:00:00,1.1760927683844529,0.9824965121831953,1.761917443581765,1.0,0.6804608042202192
2023-08-07 06:00:00,1.1760927683844529,0.9805855653511695,1.7584915652095103,1.0,0.6791373141090401
2023-08-07 07:00:00,1.1760927683844529,0.9780848201141973,1.754008316969276,1.0,0.6774053393956452
2023-08-07 08:00:00,1.1760927683844529,0.9795475201584641,1.7566305942418659,1.0,0.6784183812091403
2023-08-07 09:00:00,1.1760927683844529,0.9783814044549702,1.7545400229600314,1.0,0.6776107487956166
2023-08-07 10:00:00,1.1760927683844529,0.9794194496476758,1.7564009939276761,1.0,0.6783296816955163
2023-08-07 11:00:00,1.1760927683844529,0.9812292881817107,1.7596456088939911,1.0,0.679583145874887
2023-08-07 12:00:00,1.1760927683844529,0.9795879634776604,1.7567030996042416,1.0,0.6784463915818637
2023-08-07 13:00:00,1.1760927683844529,0.9790622003281083,1.7557605298933567,1.0,0.6780822567364599
2023-08-07 14:00:00,1.1760927683844529,0.9773433592622649,1.752679051992387,1.0,0.6768918158957168
2023-08-07 15:00:00,1.1760927683844529,0.977309656496268,1.752618630857074,1.0,0.6768684739184473
2023-08-07 16:00:00,1.1760927683844529,0.971745329830175,1.7426431014168757,1.0,0.6730147134712575
2023-08-07 17:00:00,1.1760927683844529,0.9743438130885382,1.747301570949518,1.0,0.6748143799187337
2023-08-07 18:00:00,1.1760927683844529,0.9755200396218311,1.7494102685719466,1.0,0.6756290149254384
2023-08-07 19:00:00,1.1760927683844529,0.9793891171582785,1.7563466149058942,1.0,0.6783086739159738
2023-08-07 20:00:00,1.1760927683844529,0.9815764266714793,1.7602679465877165,1.0,0.6798235682407626
2023-08-07 21:00:00,1.1760927683844529,0.9829784617369515,1.7627814658167427,1.0,0.6807945944951727
2023-08-07 22:00:00,1.1760927683844529,0.9829009453751585,1.7626424972055226,1.0,0.6807409079474529
2023-08-07 23:00:00,1.1760927683844529,0.9824459580342,1.7618268118787954,1.0,0.680425791254315
2023-08-08 00:00:00,1.1760927683844529,0.9835244465461017,1.7637602882088155,1.0,0.681172734526938
2023-08-08 01:00:00,1.1760927683844529,0.9852466578885447,1.7668478082233166,1.0,0.6823655095654081
2023-08-08 02:00:00,1.1760927683844529,0.9807541253539436,1.760026262046464,1.0,0.6787785781347145
2023-08-08 03:00:00,1.1760927683844529,0.9807541253539436,1.7612286426391952,1.0,0.6792424332563436
2023-08-08 04:00:00,1.1760927683844529,0.9807541253539436,1.7625579076160842,1.0,0.679755237913421
2023-08-08 05:00:00,1.1760927683844529,0.9807541253539436,1.7646122262167308,1.0,0.6805477542016314
2023-08-08 06:00:00,1.1760927683844529,0.9807541253539436,1.7655789643817408,1.0,0.6809207030431422
2023-08-08 07:00:00,1.1760927683844529,0.9807541253539436,1.7642617836319145,1.0,0.6804125602465837
2023-08-08 08:00:00,1.1760927683844529,0.9807541253539436,1.762207465031268,1.0,0.6796200439583733
2023-08-08 09:00:00,1.1760927683844529,0.9807541253539436,1.7617482644028883,1.0,0.6794428932586557
2023-08-08 10:00:00,1.1760927683844529,0.9807541253539436,1.7630714872662459,1.0,0.6799533669854735
2023-08-08 11:00:00,1.1760927683844529,0.9807541253539436,1.7689746321863389,1.0,0.682230685848949
2023-08-08 12:00:00,1.1760927683844529,0.9807541253539436,1.7773792121083956,1.0,0.6854730098398335
2023-08-08 13:00:00,1.1760927683844529,0.9807541253539436,1.785409180991511,1.0,0.6885708161546327
2023-08-08 14:00:00,1.1760927683844529,0.9807541253539436,1.7724851001480317,1.0,0.6835849563296851
2023-08-08 15:00:00,1.1760927683844529,0.9807541253539436,1.7770166852965168,1.0,0.685333154024267
2023-08-08 16:00:00,1.1760927683844529,0.9807541253539436,1.7827808616053897,1.0,0.6875568614917752
2023-08-08 17:00:00,1.1760927683844529,0.9807541253539436,1.7957532793571191,1.0,0.6925613687587984
2023-08-08 18:00:00,1.1760927683844529,0.9807541253539436,1.7995235582006586,1.0,0.6940158692406905
2023-08-08 19:00:00,1.1760927683844529,0.9807541253539436,1.8016866348448688,1.0,0.694850342273571
2023-08-08 20:00:00,1.1760927683844529,0.9807541253539436,1.8038617957161416,1.0,0.6956894771669703
2023-08-08 21:00:00,1.1760927683844529,0.9807541253539436,1.8099341198151115,1.0,0.6980320620777101
2023-08-08 22:00:00,1.1760927683844529,0.9807541253539436,1.8027621310534425,1.0,0.6952652478597517
2023-08-08 23:00:00,1.1760927683844529,0.9807541253539436,1.7972154708316972,1.0,0.6931254538815835
2023-08-09 00:00:00,1.1760927683844529,0.9807541253539436,1.7973665236699798,1.0,0.6931837271380695
2023-08-09 01:00:00,1.1760927683844529,0.9807541253539436,1.7977350925953899,1.0,0.6933259138838955
2023-08-09 02:00:00,1.1760927683844529,0.9800675974661958,1.8023210567656567,1.0,0.6941219648199722
2023-08-09 03:00:00,1.1760927683844529,0.9747860145399309,1.7926113803208363,1.0,0.6903813425122696
2023-08-09 04:00:00,1.1760927683844529,0.9757654244416277,1.7944119301531676,1.0,0.691074998671383
2023-08-09 05:00:00,1.1760927683844529,0.9770570623321206,1.7967864807709737,1.0,0.6919897868275293
2023-08-09 06:00:00,1.1760927683844529,0.9762551293924763,1.7953122050693333,1.0,0.6914218267509398
2023-08-09 07:00:00,1.1760927683844529,0.9758377298706121,1.7945448566508566,1.0,0.6911262081864854
2023-08-09 08:00:00,1.1760927683844529,0.9789797294210223,1.8003211171867919,1.0,0.6933514943882052
2023-08-09 09:00:00,1.1760927683844529,0.9794924406447294,1.801263686897677,1.0,0.6937146164043855
2023-08-09 10:00:00,1.1760927683844529,0.9776946647513461,1.7979586507960486,1.0,0.6924413616425227
2023-08-09 11:00:00,1.1760927683844529,0.9796304782818813,1.8015174556659919,1.0,0.6938123800241263
2023-08-09 12:00:00,1.1760927683844529,0.9812573504340288,1.804508301863992,1.0,0.6949645941139289
2023-08-09 13:00:00,1.1760927683844529,0.9874197449497393,1.8158372647352043,1.0,0.6993290414237873
2023-08-09 14:00:00,1.1760927683844529,0.9809451224452328,1.8039343010785172,1.0,0.694743462116896
2023-08-09 15:00:00,1.1760927683844529,0.976912451474152,1.796520627775596,1.0,0.6918873677973247
2023-08-09 16:00:00,1.1760927683844529,0.9770570623321206,1.7967864807709737,1.0,0.6919897868275293
2023-08-09 17:00:00,1.1760927683844529,0.9690081534420008,1.7819893447327877,1.0,0.6862892367145462
2023-08-09 18:00:00,1.1760927683844529,0.9689095551297493,1.7818080813268482,1.0,0.6862194055575885
2023-08-09 19:00:00,1.1760927683844529,0.9691560509103777,1.7822612398416968,1.0,0.6863939834499829
2023-08-09 20:00:00,1.1760927683844529,0.9657182564232133,1.775941189087943,1.0,0.6839592037773898
2023-08-09 21:00:00,1.1760927683844529,0.9686531995178957,1.7813367964714057,1.0,0.6860378445494983
2023-08-09 22:00:00,1.1760927683844529,0.9693696805869224,1.7826539772212322,1.0,0.686545284290058
2023-08-09 23:00:00,1.1760927683844529,0.9719956823032171,1.7874816259327513,1.0,0.6884051207703656
2023-08-10 00:00:00,1.1760927683844529,0.9712594815717402,1.7861281925017374,1.0,0.6878837147984146
2023-08-10 01:00:00,1.1760927683844529,0.9725675525142751,1.7885329536872,1.0,0.6888101414807205
2023-08-10 02:00:00,1.1760927683844529,0.9705889362420548,1.7873970363433132,1.0,0.6874088085338411
2023-08-10 03:00:00,1.1760927683844529,0.9696470051258169,1.7856629497598262,1.0,0.6880759207604042
2023-08-10 04:00:00,1.1760927683844529,0.9697684387540427,1.7858865079604846,1.0,0.687989916745133
2023-08-10 05:00:00,1.1760927683844529,0.9685015906325521,1.7835542521373977,1.0,0.6888871478233678
2023-08-10 06:00:00,1.1760927683844529,0.9701458675985283,1.7865813510165858,1.0,0.6877226069679387
2023-08-10 07:00:00,1.1760927683844529,0.9676187353354513,1.7819289235974745,1.0,0.6895124202587178
2023-08-10 08:00:00,1.1760927683844529,0.9676384272751636,1.7819651762786624,1.0,0.6894984736616468
2023-08-10 09:00:00,1.1760927683844529,0.9677270410038689,1.7821283133440078,1.0,0.6894357139748274
2023-08-10 10:00:00,1.1760927683844529,0.9684261048636551,1.7834152835261776,1.0,0.6889406097788067
2023-08-10 11:00:00,1.1760927683844529,0.9690168630550238,1.784502863961814,1.0,0.6885222118666765
2023-08-10 12:00:00,1.1760927683844529,0.9671789486818768,1.7811192803842786,1.0,0.6898238942599704
2023-08-10 13:00:00,1.1760927683844529,0.9692203464320507,1.7848774750007554,1.0,0.6883780970302761
2023-08-10 14:00:00,1.1760927683844529,0.9730799666156592,1.7919830005135797,1.0,0.6856445640043589
2023-08-10 15:00:00,1.1760927683844529,0.9669721833148978,1.7807386272318058,1.0,0.6899703335292159
2023-08-10 16:00:00,1.1760927683844529,0.965961330409667,1.7788776562641613,1.0,0.6906862588455276
2023-08-10 17:00:00,1.1760927683844529,0.9648618637757309,1.7768535482311714,1.0,0.6914649438486588
2023-08-10 18:00:00,1.1760927683844529,0.9643597193130675,1.7759291048608803,1.0,0.6918205820739695
2023-08-10 19:00:00,1.1760927683844529,0.9650916030723743,1.7772764961783634,1.0,0.6913022335494969
2023-08-10 20:00:00,1.1760927683844529,0.9653869821680586,1.7778202863961816,1.0,0.6910930345934319
2023-08-10 21:00:00,1.1760927683844529,0.9657512830527359,1.7784909609981572,1.0,0.6908350225476183
2023-08-10 22:00:00,1.1760927683844529,0.9659777403594273,1.778907866831818,1.0,0.6906746366813017
2023-08-10 23:00:00,1.1760927683844529,0.9657841029522564,1.7785513821334704,1.0,0.6908117782191666
2023-08-11 00:00:00,1.1760927683844529,0.9656593873340786,1.7783217818192805,1.0,0.690900106667283
2023-08-11 01:00:00,1.1760927683844529,0.966578344520652,1.7800135736080482,1.0,0.690249265470636
2023-08-11 02:00:00,1.1760927683844529,0.964140314540843,1.7780136340291834,1.0,0.6900562786416156
2023-08-11 03:00:00,1.1760927683844529,0.9616527808085656,1.7734276698589169,1.0,0.6918366608581897
2023-08-11 04:00:00,1.1760927683844529,0.9628981863662276,1.775723673000816,1.0,0.6909452969025927
2023-08-11 05:00:00,1.1760927683844529,0.9630456686033192,1.7759955681097248,1.0,0.690839740644693
2023-08-11 06:00:00,1.1760927683844529,0.9645073814420487,1.7786903507446905,1.0,0.6897935608441764
2023-08-11 07:00:00,1.1760927683844529,0.9645499874216529,1.7787688982205976,1.0,0.6897630668141165
2023-08-11 08:00:00,1.1760927683844529,0.9630981067320628,1.7760922419262257,1.0,0.6908022095307731
2023-08-11 09:00:00,1.1760927683844529,0.9629539018780178,1.775826388930848,1.0,0.6909054200940528
2023-08-11 10:00:00,1.1760927683844529,0.9621247239672586,1.7742977342074258,1.0,0.6914988808329109
2023-08-11 11:00:00,1.1760927683844529,0.9623148121839544,1.7746481767922422,1.0,0.6913628305449513
2023-08-11 12:00:00,1.1760927683844529,0.9640223287511699,1.7777961179420563,1.0,0.6901407236479352
2023-08-11 13:00:00,1.1760927683844529,0.9634323998028037,1.7767085375064198,1.0,0.6905629486795339
2023-08-11 14:00:00,1.1760927683844529,0.9648351197466966,1.7792945620978218,1.0,0.6895589913821771
2023-08-11 15:00:00,1.1760927683844529,0.9655299249525501,1.7805754901664603,1.0,0.6890617041227387
2023-08-11 16:00:00,1.1760927683844529,0.9623148121839544,1.7746481767922422,1.0,0.6913628305449513
2023-08-11 17:00:00,1.1760927683844529,0.9611644507346403,1.772527394942751,1.0,0.6921861693565687
2023-08-11 18:00:00,1.1760927683844529,0.9604925872101121,1.7712887616688318,1.0,0.6926670367536671
2023-08-11 19:00:00,1.1760927683844529,0.9616265617441939,1.7733793329506664,1.0,0.6918554264151497
2023-08-11 20:00:00,1.1760927683844529,0.9624754039532318,1.7749442403552762,1.0,0.6912478915085717
2023-08-11 21:00:00,1.1760927683844529,0.9631144936472952,1.7761224524938823,1.0,0.6907904810576732
2023-08-11 22:00:00,1.1760927683844529,0.9629276828136458,1.7757780520225974,1.0,0.6909241856510128
2023-08-11 23:00:00,1.1760927683844529,0.9635339986772444,1.7768958430258905,1.0,0.6904902321463141
2023-08-12 00:00:00,1.1760927683844529,0.9633832390571064,1.7766179058034501,1.0,0.6905981340988337
2023-08-12 01:00:00,1.1760927683844529,0.9643500670558177,1.7784003292951875,1.0,0.689906154185936
2023-08-12 02:00:00,1.1760927683844529,0.9612719406098009,1.7752100933506543,1.0,0.6901786016218766
2023-08-12 03:00:00,1.1760927683844529,0.9608333866039386,1.7744004501374582,1.0,0.6904934767136324
2023-08-12 04:00:00,1.1760927683844529,0.9611344833840828,1.774956324582339,1.0,0.690277293814815
2023-08-12 05:00:00,1.1760927683844529,0.9616875850780436,1.775977441769131,1.0,0.6898801752289438
2023-08-12 06:00:00,1.1760927683844529,0.9613046685206862,1.7752705144859673,1.0,0.6901551034807009
2023-08-12 07:00:00,1.1760927683844529,0.9618774069611781,1.7763278843539472,1.0,0.6897438860101243
2023-08-12 08:00:00,1.1760927683844529,0.9618610430057354,1.7762976737862906,1.0,0.6897556350807121
2023-08-12 09:00:00,1.1760927683844529,0.9609675710385681,1.7746481767922422,1.0,0.6903971343348115
2023-08-12 10:00:00,1.1760927683844529,0.9617988599750534,1.7761828736291956,1.0,0.6898002815489462
2023-08-12 11:00:00,1.1760927683844529,0.9622799602650666,1.7770710643182985,1.0,0.6894548588736619
2023-08-12 12:00:00,1.1760927683844529,0.9620737744264896,1.776690411165826,1.0,0.6896028971630694
2023-08-12 13:00:00,1.1760927683844529,0.962001773022542,1.776557484668137,1.0,0.6896545930736562
2023-08-12 14:00:00,1.1760927683844529,0.961409397835519,1.7754638621189693,1.0,0.6900799094289383
2023-08-12 15:00:00,1.1760927683844529,0.9628036068392306,1.7780378024833088,1.0,0.6890788886148491
2023-08-12 16:00:00,1.1760927683844529,0.9623781439977224,1.777252327724238,1.0,0.6893843644501345
2023-08-12 17:00:00,1.1760927683844529,0.9630130654688962,1.7784244977493129,1.0,0.6889285005113239
2023-08-12 18:00:00,1.1760927683844529,0.9621523214126141,1.7768354218905773,1.0,0.6895465016242476
2023-08-12 19:00:00,1.1760927683844529,0.9621130479195519,1.7767629165282017,1.0,0.6895746993936585
2023-08-12 20:00:00,1.1760927683844529,0.9617759504374337,1.7761405788344762,1.0,0.6898167302477693
2023-08-12 21:00:00,1.1760927683844529,0.9618381334681158,1.7762553789915714,1.0,0.6897720837795352
2023-08-12 22:00:00,1.1760927683844529,0.9619035892898862,1.7763762212621976,1.0,0.6897250874971836
2023-08-12 23:00:00,1.1760927683844529,0.9621490486215256,1.776829379777046,1.0,0.6895488514383651
2023-08-13 00:00:00,1.1760927683844529,0.962207958861119,1.7769381378206097,1.0,0.6895065547842487
2023-08-13 01:00:00,1.1760927683844529,0.9629508824382141,1.778309697592218,1.0,0.6889731469795579
2023-08-13 02:00:00,1.1760927683844529,0.9615766063392048,1.7782613606839675,1.0,0.6880256960316894
2023-08-13 03:00:00,1.1760927683844529,0.961308612864149,1.7777659073743997,1.0,0.6878339417855985
2023-08-13 04:00:00,1.1760927683844529,0.9602399071770367,1.7757901362496602,1.0,0.6870692632676509
2023-08-13 05:00:00,1.1760927683844529,0.959455536030532,1.774340029002145,1.0,0.6865080313278729
2023-08-13 06:00:00,1.1760927683844529,0.9593346121454459,1.7741164708014863,1.0,0.6864215080704904
2023-08-13 07:00:00,1.1760927683844529,0.9598640626693365,1.775095293193559,1.0,0.6868003396298406
2023-08-13 08:00:00,1.1760927683844529,0.959710456653146,1.7748113138575874,1.0,0.6866904317083007
2023-08-13 09:00:00,1.1760927683844529,0.9601712747017175,1.7756632518655027,1.0,0.6870201554729204
2023-08-13 10:00:00,1.1760927683844529,0.9601418607837235,1.7756088728437207,1.0,0.6869991092751786
2023-08-13 11:00:00,1.1760927683844529,0.9598444533906739,1.7750590405123714,1.0,0.6867863088313462
2023-08-13 12:00:00,1.1760927683844529,0.9593313439323355,1.7741104286879552,1.0,0.6864191696040747
2023-08-13 13:00:00,1.1760927683844529,0.9595405095714035,1.7744971239539593,1.0,0.6865688314546822
2023-08-13 14:00:00,1.1760927683844529,0.9589849133426294,1.773469964653636,1.0,0.6861712921640061
2023-08-13 15:00:00,1.1760927683844529,0.9588868669493164,1.7732887012476966,1.0,0.6861011381715337
2023-08-13 16:00:00,1.1760927683844529,0.9589653040639667,1.773433711972448,1.0,0.6861572613655115
2023-08-13 17:00:00,1.1760927683844529,0.9583835621303092,1.7723582157638742,1.0,0.6857410143435094
2023-08-13 18:00:00,1.1760927683844529,0.9597366023580296,1.774859650765838,1.0,0.6867091394396266
2023-08-13 19:00:00,1.1760927683844529,0.960550387422528,1.7763641370351348,1.0,0.6872914175771464
2023-08-13 20:00:00,1.1760927683844529,0.961030814749762,1.777252327724238,1.0,0.6876351721402605
2023-08-13 21:00:00,1.1760927683844529,0.9605699967011907,1.776400389716323,1.0,0.6873054483756409
2023-08-13 22:00:00,1.1760927683844529,0.9588737940968746,1.7732645327935712,1.0,0.6860917843058708
2023-08-13 23:00:00,1.1760927683844529,0.9571416411483437,1.7700622126219752,1.0,0.6848523971055275
2023-08-14 00:00:00,1.1760927683844529,0.956693895952214,1.7692344430681852,1.0,0.6845320272065708
2023-08-14 01:00:00,1.1760927683844529,0.955628458478212,1.7672647140569773,1.0,0.683769687155039
2023-08-14 02:00:00,1.1760927683844529,0.9548186122641542,1.767004903175131,1.0,0.6827119941781075
2023-08-14 03:00:00,1.1760927683844529,0.9548186122641542,1.7702434760279147,1.0,0.6814603365515617
2023-08-14 04:00:00,1.1760927683844529,0.9548186122641542,1.7750771668529652,1.0,0.6795921908402992
2023-08-14 05:00:00,1.1760927683844529,0.9548186122641542,1.775923062747349,1.0,0.6792652653408282
2023-08-14 06:00:00,1.1760927683844529,0.9548186122641542,1.777850496963838,1.0,0.6785203422384622
2023-08-14 07:00:00,1.1760927683844529,0.9548186122641542,1.7761768315156643,1.0,0.6791671876909869
2023-08-14 08:00:00,1.1760927683844529,0.9548186122641542,1.7763097580133533,1.0,0.6791158136839271
2023-08-14 09:00:00,1.1760927683844529,0.9548186122641542,1.776539358327543,1.0,0.6790270767626423
2023-08-14 10:00:00,1.1760927683844529,0.9548186122641542,1.7759532733150056,1.0,0.6792535894301328
2023-08-14 11:00:00,1.1760927683844529,0.9548186122641542,1.7768112534364522,1.0,0.6789219935663837
2023-08-14 12:00:00,1.1760927683844529,0.9548186122641542,1.775669293979034,1.0,0.6793633429906695
2023-08-14 13:00:00,1.1760927683844529,0.9548186122641542,1.77399562853086,1.0,0.6800101884431942
2023-08-14 14:00:00,1.1760927683844529,0.9548186122641542,1.7742312709585815,1.0,0.6799191163397701
2023-08-14 15:00:00,1.1760927683844529,0.9548186122641542,1.7831494305307998,1.0,0.6764723875024908
2023-08-14 16:00:00,1.1760927683844529,0.9548186122641542,1.7873305730944684,1.0,0.6748564414622488
2023-08-14 17:00:00,1.1760927683844529,0.9548186122641542,1.79009786109181,1.0,0.673786928042551
2023-08-14 18:00:00,1.1760927683844529,0.9548186122641542,1.7802310896951754,1.0,0.6776002804756656
2023-08-14 19:00:00,1.1760927683844529,0.9548186122641542,1.770557665931543,1.0,0.6813389070803295
2023-08-14 20:00:00,1.1760927683844529,0.9548186122641542,1.7728838796410986,1.0,0.6804398619567845
2023-08-14 21:00:00,1.1760927683844529,0.9548186122641542,1.7749804930364643,1.0,0.6796295537545244
2023-08-14 22:00:00,1.1760927683844529,0.9548186122641542,1.775095293193559,1.0,0.6795851852938819
2023-08-14 23:00:00,1.1760927683844529,0.9548186122641542,1.7772825382918946,1.0,0.6787398493595357
2023-08-15 00:00:00,1.1760927683844529,0.9548186122641542,1.7768595903447026,1.0,0.6789033121092711
2023-08-15 01:00:00,1.1760927683844529,0.9548186122641542,1.7771314854536118,1.0,0.6787982289130126
2023-08-15 02:00:00,1.1760927683844529,0.9541502392355693,1.7755907465031269,1.0,0.6784379051925922
2023-08-15 03:00:00,1.1760927683844529,0.9550011754275969,1.7740077127579228,1.0,0.6778328564865999
2023-08-15 04:00:00,1.1760927683844529,0.9545269896106654,1.7748898613334947,1.0,0.6781700210326872
2023-08-15 05:00:00,1.1760927683844529,0.955192798463206,1.7736512280595753,1.0,0.6776966050604414
2023-08-15 06:00:00,1.1760927683844529,0.9553909171949376,1.7732826591341653,1.0,0.6775557349418706
2023-08-15 07:00:00,1.1760927683844529,0.9552772425127966,1.7734941331077612,1.0,0.6776365620590833
2023-08-15 08:00:00,1.1760927683844529,0.954202204804548,1.775494072686626,1.0,0.678400955653295
2023-08-15 09:00:00,1.1760927683844529,0.9536793012666991,1.7764668529651673,1.0,0.6787727603924734
2023-08-15 10:00:00,1.1760927683844529,0.9537280189876167,1.7763762212621976,1.0,0.6787381201993823
2023-08-15 11:00:00,1.1760927683844529,0.954367845055668,1.775185924896529,1.0,0.6782831789967849
2023-08-15 12:00:00,1.1760927683844529,0.9554948483328952,1.773089311501163,1.0,0.677481835863276
2023-08-15 13:00:00,1.1760927683844529,0.9556312579514644,1.7728355427328482,1.0,0.6773848433226209
2023-08-15 14:00:00,1.1760927683844529,0.9554266435236105,1.7732161958853208,1.0,0.6775303321336038
2023-08-15 15:00:00,1.1760927683844529,0.9527211860886529,1.7782492764569047,1.0,0.6794540175232663
2023-08-15 16:00:00,1.1760927683844529,0.9568589445185882,1.7705516238180115,1.0,0.6765119104567235
2023-08-15 17:00:00,1.1760927683844529,0.9582620148810151,1.7679414307724843,1.0,0.6755142728956982
2023-08-15 18:00:00,1.1760927683844529,0.9566153559140002,1.77100478233286,1.0,0.6766851114221794
2023-08-15 19:00:00,1.1760927683844529,0.9568784316069552,1.7705153711368238,1.0,0.6764980543794872
2023-08-15 20:00:00,1.1760927683844529,0.9614936237018831,1.7619295278088276,1.0,0.6732164734206512
2023-08-15 21:00:00,1.1760927683844529,0.9608635411780154,1.7631016978339022,1.0,0.6736644865846302
2023-08-15 22:00:00,1.1760927683844529,0.9601165361239454,1.7644913839461043,1.0,0.6741956362120279
2023-08-15 23:00:00,1.1760927683844529,0.9615390935747395,1.7618449382193893,1.0,0.673184142573766
2023-08-16 00:00:00,1.1760927683844529,0.9609577287717893,1.7629264765414945,1.0,0.673597515544654
2023-08-16 01:00:00,1.1760927683844529,0.9601132882758842,1.7644974260596358,1.0,0.6741979455582341
2023-08-16 02:00:00,1.1760927683844529,0.958030470331023,1.7658871121718378,1.0,0.673784472635055
2023-08-16 03:00:00,1.1760927683844529,0.9583026247251422,1.7663886075949369,1.0,0.6735930659829747
2023-08-16 04:00:00,1.1760927683844529,0.9573353289870075,1.7646061841031995,1.0,0.6742733667343445
2023-08-16 05:00:00,1.1760927683844529,0.9566926511406535,1.7634219298510618,1.0,0.6747253631657629
2023-08-16 06:00:00,1.1760927683844529,0.9544924632074726,1.7593676716715507,1.0,0.6762727591120987
2023-08-16 07:00:00,1.1760927683844529,0.9561581792582265,1.762437065345458,1.0,0.6751012581571977
2023-08-16 08:00:00,1.1760927683844529,0.956361475311665,1.7628116763843993,1.0,0.674958279694198
2023-08-16 09:00:00,1.1760927683844529,0.9558368403350497,1.7618449382193893,1.0,0.6753272563729069
2023-08-16 10:00:00,1.1760927683844529,0.9555155014118727,1.7612528110933205,1.0,0.6755532545886161
2023-08-16 11:00:00,1.1760927683844529,0.9565483765220844,1.7631560768556842,1.0,0.6748268317524079
2023-08-16 12:00:00,1.1760927683844529,0.9553089263898304,1.760872157940848,1.0,0.6756985391558578
2023-08-16 13:00:00,1.1760927683844529,0.9551843255828841,1.7606425576266578,1.0,0.6757861711170513
2023-08-16 14:00:00,1.1760927683844529,0.952774283659057,1.7562016041811426,1.0,0.6774811577348706
2023-08-16 15:00:00,1.1760927683844529,0.9553089263898304,1.760872157940848,1.0,0.6756985391558578
2023-08-16 16:00:00,1.1760927683844529,0.9534399142856379,1.7574281532279994,1.0,0.6770130185737585
2023-08-16 17:00:00,1.1760927683844529,0.952859536842757,1.7563586991329567,1.0,0.6774211990245803
2023-08-16 18:00:00,1.1760927683844529,0.9555122224432688,1.761246768979789,1.0,0.6755555606928582
2023-08-16 19:00:00,1.1760927683844529,0.9555384541920997,1.7612951058880397,1.0,0.6755371118589226
2023-08-16 20:00:00,1.1760927683844529,0.9536858369309265,1.7578813117428478,1.0,0.6768400607556136
2023-08-16 21:00:00,1.1760927683844529,0.9489772380158028,1.7492048367118818,1.0,0.6801516264470268
2023-08-16 22:00:00,1.1760927683844529,0.9477377878835489,1.7469209177970455,1.0,0.6810233338504766
2023-08-16 23:00:00,1.1760927683844529,0.9468295135802834,1.7452472523488716,1.0,0.6816621247254916
2023-08-17 00:00:00,1.1760927683844529,0.9408650696898868,1.734256647835413,1.0,0.6858569283415641
2023-08-17 01:00:00,1.1760927683844529,0.9360187540934016,1.7253264040361318,1.0,0.6892653504111383
2023-08-17 02:00:00,1.1760927683844529,0.9365223233805205,1.7286737349324794,1.0,0.6870444634398043
2023-08-17 03:00:00,1.1760927683844529,0.9349768402543873,1.7258218573456996,1.0,0.6881782491474602
2023-08-17 04:00:00,1.1760927683844529,0.9372263040417889,1.7299727893417118,1.0,0.6865280144416136
2023-08-17 05:00:00,1.1760927683844529,0.9370003753644516,1.7295558835080511,1.0,0.6866937585387074
2023-08-17 06:00:00,1.1760927683844529,0.9381529390517374,1.7316827074710734,1.0,0.6858482234346929
2023-08-17 07:00:00,1.1760927683844529,0.9382839121980199,1.731924392012326,1.0,0.6857521399001457
2023-08-17 08:00:00,1.1760927683844529,0.936230908130042,1.7281359868281925,1.0,0.6872582493041717
2023-08-17 09:00:00,1.1760927683844529,0.934007638971897,1.724033391740431,1.0,0.6888892673031087
2023-08-17 10:00:00,1.1760927683844529,0.9352486095329234,1.7263233527687984,1.0,0.687978875813275
2023-08-17 11:00:00,1.1760927683844529,0.933585250575136,1.7232539590948914,1.0,0.6891991367020232
2023-08-17 12:00:00,1.1760927683844529,0.9338373738817297,1.7237192018368026,1.0,0.6890141758980199
2023-08-17 13:00:00,1.1760927683844529,0.9322034838818558,1.720704187184677,1.0,0.6902128179914951
2023-08-17 14:00:00,1.1760927683844529,0.929037208070477,1.7148614633998975,1.0,0.6925356374391713
2023-08-17 15:00:00,1.1760927683844529,0.9288603943229955,1.7145351892692064,1.0,0.69266535021081
2023-08-17 16:00:00,1.1760927683844529,0.9135660051658591,1.6863124769644424,1.0,0.7038855049575483
2023-08-17 17:00:00,1.1760927683844529,0.9137821108572252,1.6867112564575089,1.0,0.7037269671255457
2023-08-17 18:00:00,1.1760927683844529,0.915042727390194,1.6890374701670645,1.0,0.7028021631055298
2023-08-17 19:00:00,1.1760927683844529,0.9120630883122676,1.6835391468535694,1.0,0.7049880635164765
2023-08-17 20:00:00,1.1760927683844529,0.9125345916388846,1.6844092112020788,1.0,0.7046421627921068
2023-08-17 21:00:00,1.1760927683844529,0.9051378832025816,1.6707600767348418,1.0,0.7100684804056547
2023-08-17 22:00:00,1.1760927683844529,0.8588552476350105,1.585354801969729,1.0,0.7440219994262385
2023-08-17 23:00:00,1.1760927683844529,0.8765366223831452,1.6179822150388206,1.0,0.7310507222623791
2023-08-18 00:00:00,1.1760927683844529,0.8706330078144625,1.6070882843418628,1.0,0.7353816875820899
2023-08-18 01:00:00,1.1760927683844529,0.8743526451688849,1.6139521253134346,1.0,0.7326529152009521
2023-08-18 02:00:00,1.1752695034465837,0.8691852070836622,1.606665336394671,1.0,0.7345879477511001
2023-08-18 03:00:00,1.1694294250070423,0.8648661042966236,1.5986837044198061,1.0,0.7382382179427687
2023-08-18 04:00:00,1.1656892990722565,0.8621000475533726,1.5935720763723151,1.0,0.7405759382926185
2023-08-18 05:00:00,1.1599641654013966,0.857865953602415,1.5857475393492644,1.0,0.7441543636508401
2023-08-18 06:00:00,1.1675328363238,0.8634634585012871,1.5960916377148728,1.0,0.7394236576946428
2023-08-18 07:00:00,1.1702605641036614,0.8654807835729017,1.599819621763693,1.0,0.737718724531691
2023-08-18 08:00:00,1.1669183239066188,0.8630089881853156,1.5952517839340201,1.0,0.7398077512273014
2023-08-18 09:00:00,1.1741333186176948,0.8683449274347077,1.6051125132171233,1.0,0.7352981062970947
2023-08-18 10:00:00,1.1680766134987155,0.8638656156873626,1.5968348176792242,1.0,0.7390837763671825
2023-08-18 11:00:00,1.1679793525406006,0.8637936851337555,1.5967018911815354,1.0,0.7391445681493298
2023-08-18 12:00:00,1.1698228897921439,0.8651570960816701,1.599221452524093,1.0,0.7379922875513543
2023-08-18 13:00:00,1.162683051275975,0.8598767395327925,1.589463439171022,1.0,0.7424549570135379
2023-08-18 14:00:00,1.1586997729459017,0.856930856405524,1.584019494879309,1.0,0.7449446568187561
2023-08-18 15:00:00,1.1485669494913757,0.8494370005479219,1.570170970665539,1.0,0.7512780552133846
2023-08-18 16:00:00,1.1483193761434465,0.8492539045932859,1.5698326123077853,1.0,0.751432797931578
2023-08-18 17:00:00,1.1437392692067587,0.8458666294325199,1.5635729826893447,1.0,0.7542955382181553
2023-08-18 18:00:00,1.1485404237755261,0.8494173831242109,1.570134717984351,1.0,0.751294634790334
2023-08-18 19:00:00,1.1535139954973157,0.8530956500700234,1.5769320957070783,1.0,0.7481859641123423
2023-08-18 20:00:00,1.1509852105863259,0.8512254556762415,1.5734760067671674,1.0,0.7497665504481744
2023-08-18 21:00:00,1.151834033493511,0.8518532132349934,1.5746360925651792,1.0,0.7492360039857973
2023-08-18 22:00:00,1.150843740101795,0.8511208294164494,1.5732826591341653,1.0,0.7498549748585707
2023-08-18 23:00:00,1.151060366781233,0.8512810383767558,1.5735787226971996,1.0,0.7497195749801515
2023-08-19 00:00:00,1.1504812219851845,0.8508527246257325,1.5727872058245975,1.0,0.750081562410211
2023-08-19 01:00:00,1.1524794925791835,0.8523305705452945,1.5755182411407511,1.0,0.7488325676133645
2023-08-19 02:00:00,1.147868404932669,0.8489203832145051,1.5703159813902903,1.0,0.7501833056330792
2023-08-19 03:00:00,1.147868404932669,0.8489203832145051,1.569482169722969,1.0,0.7505817419094198
2023-08-19 04:00:00,1.147868404932669,0.8489203832145051,1.567748083139482,1.0,0.7514103738754327
2023-08-19 05:00:00,1.147868404932669,0.8489203832145051,1.5688477478021812,1.0,0.750884899945766
2023-08-19 06:00:00,1.147868404932669,0.8489203832145051,1.5625518655025528,1.0,0.7538933825540777
2023-08-19 07:00:00,1.147868404932669,0.8489203832145051,1.5596093562128035,1.0,0.755299458398845
2023-08-19 08:00:00,1.147868404932669,0.8489203832145051,1.5646122262167308,1.0,0.752908840740801
2023-08-19 09:00:00,1.147868404932669,0.8489203832145051,1.565313111386363,1.0,0.7525739232911233
2023-08-19 10:00:00,1.147868404932669,0.8489203832145051,1.5661469230536842,1.0,0.7521754870147827
2023-08-19 11:00:00,1.147868404932669,0.8489203832145051,1.5640321833177244,1.0,0.7531860138026032
2023-08-19 12:00:00,1.147868404932669,0.8489203832145051,1.5633192139210297,1.0,0.7535267056910684
2023-08-19 13:00:00,1.147868404932669,0.8489203832145051,1.5642074046101326,1.0,0.7531022844401838
2023-08-19 14:00:00,1.147868404932669,0.8489203832145051,1.5648176580767952,1.0,0.7528106752814128
2023-08-19 15:00:00,1.147868404932669,0.8489203832145051,1.5679474728860157,1.0,0.7513150956354382
2023-08-19 16:00:00,1.147868404932669,0.8489203832145051,1.5823941663393857,1.0,0.7444117540649268
2023-08-19 17:00:00,1.147868404932669,0.8489203832145051,1.584756632730129,1.0,0.7432828512819616
2023-08-19 18:00:00,1.147868404932669,0.8489203832145051,1.5745817135433977,1.0,0.7481449287410754
2023-08-19 19:00:00,1.147868404932669,0.8489203832145051,1.5768777166852967,1.0,0.7470477853714416
2023-08-19 20:00:00,1.147868404932669,0.8489203832145051,1.5770529379777045,1.0,0.7469640560090223
2023-08-19 21:00:00,1.147868404932669,0.8489203832145051,1.572968469230537,1.0,0.7489158163192128
2023-08-19 22:00:00,1.147868404932669,0.8489203832145051,1.5745454608622096,1.0,0.748162252057438
2023-08-19 23:00:00,1.147868404932669,0.8489203832145051,1.5725153107156884,1.0,0.7491323577737458
2023-08-20 00:00:00,1.147868404932669,0.8489203832145051,1.575590746503127,1.0,0.7476627631023153
2023-08-20 01:00:00,1.147868404932669,0.8489203832145051,1.5804546478958341,1.0,0.7453385514903279
2023-08-20 02:00:00,1.147868404932669,0.848326138946255,1.573741859762545,1.0,0.7474959964110797
2023-08-20 03:00:00,1.147868404932669,0.8475475161477521,1.575185924896529,1.0,0.746809918972374
2023-08-20 04:00:00,1.147868404932669,0.8472477952378682,1.5757417993414098,1.0,0.7465458222177258
2023-08-20 05:00:00,1.147868404932669,0.8467916982010882,1.5765876952357936,1.0,0.7461439358519569
2023-08-20 06:00:00,1.147868404932669,0.8477625333222342,1.574787145403462,1.0,0.7469993796876652
2023-08-20 07:00:00,1.147868404932669,0.8485378982847599,1.5733491223830096,1.0,0.7476825865094724
2023-08-20 08:00:00,1.147868404932669,0.8478114008618891,1.5746965137004925,1.0,0.7470424389411404
2023-08-20 09:00:00,1.147868404932669,0.8469545899999382,1.576285589559228,1.0,0.7462874666968744
2023-08-20 10:00:00,1.147868404932669,0.8459707235348846,1.5781103078456844,1.0,0.7454205403935729
2023-08-20 11:00:00,1.147868404932669,0.8458143474079884,1.5784003292951876,1.0,0.745282750782452
2023-08-20 12:00:00,1.147868404932669,0.8448728328106357,1.580146500105737,1.0,0.744453142498829
2023-08-20 13:00:00,1.147868404932669,0.8445437913769588,1.5807567535723999,1.0,0.7441632101920955
2023-08-20 14:00:00,1.147868404932669,0.8460717164501714,1.5779230023262139,1.0,0.7455095295174217
2023-08-20 15:00:00,1.147868404932669,0.8485802501524609,1.5732705749071025,1.0,0.7477199045291509
2023-08-20 16:00:00,1.147868404932669,0.8471142239628112,1.5759895259961936,1.0,0.7464281269248936
2023-08-20 17:00:00,1.147868404932669,0.8490396050252177,1.5724186368991875,1.0,0.7481246615118182
2023-08-20 18:00:00,1.147868404932669,0.8465831966985604,1.5769743905017977,1.0,0.7459602163704626
2023-08-20 19:00:00,1.147868404932669,0.8469448164920073,1.5763037158998219,1.0,0.7462788548461793
2023-08-20 20:00:00,1.147868404932669,0.8462313504130445,1.5776269387631794,1.0,0.7456501897454408
2023-08-20 21:00:00,1.147868404932669,0.8429507095842063,1.583711347089212,1.0,0.7427594785288026
2023-08-20 22:00:00,1.147868404932669,0.8447588085514408,1.580357974079333,1.0,0.7443526709073867
2023-08-20 23:00:00,1.147868404932669,0.843888966345582,1.5819712183921937,1.0,0.7435862161955273
2023-08-21 00:00:00,1.147868404932669,0.8444786346574188,1.5808775958430261,1.0,0.7441057978541286
2023-08-21 01:00:00,1.147868404932669,0.8460782321221255,1.577910918099151,1.0,0.7455152707512184
2023-08-21 02:00:00,1.147868404932669,0.8447276849100421,1.5782130237757168,1.0,0.7443252465522111
2023-08-21 03:00:00,1.147868404932669,0.8462706990072439,1.5753309356212803,1.0,0.7429656316504506
2023-08-21 04:00:00,1.147868404932669,0.8465068416258933,1.5748898613334945,1.0,0.742757556413913
2023-08-21 05:00:00,1.147868404932669,0.8475775704857964,1.57288992175463,1.0,0.7418140919852281
2023-08-21 06:00:00,1.147868404932669,0.8459569204591757,1.5759170206338178,1.0,0.7432421151839324
2023-08-21 07:00:00,1.147868404932669,0.8482859983417445,1.5715666988912722,1.0,0.7411898662756147
2023-08-21 08:00:00,1.147868404932669,0.8486062465505976,1.5709685296516722,1.0,0.7409076820507211
2023-08-21 09:00:00,1.147868404932669,0.8473770110014641,1.5732645327935713,1.0,0.7419908134189999
2023-08-21 10:00:00,1.147868404932669,0.8483862780839105,1.5713793933718017,1.0,0.7411015055587289
2023-08-21 11:00:00,1.147868404932669,0.8512361636596649,1.5660562913507146,1.0,0.7385903509917456
2023-08-21 12:00:00,1.147868404932669,0.8483183466456691,1.571506277755959,1.0,0.7411613628185547
2023-08-21 13:00:00,1.147868404932669,0.8493761361840024,1.5695305066312195,1.0,0.7402292997726938
2023-08-21 14:00:00,1.147868404932669,0.8451773263345935,1.5773731699948643,1.0,0.7439290484990776
2023-08-21 15:00:00,1.147868404932669,0.8459504507983907,1.5759291048608803,1.0,0.7432478158753444
2023-08-21 16:00:00,1.147868404932669,0.85141407933125,1.5657239751064922,1.0,0.7384335819779159
2023-08-21 17:00:00,1.147868404932669,0.8489232599290585,1.5703764025256035,1.0,0.7406283481715333
2023-08-21 18:00:00,1.147868404932669,0.8477263726838494,1.5726119845321893,1.0,0.7416829760827521
2023-08-21 19:00:00,1.147868404932669,0.8483118769848841,1.5715183619830217,1.0,0.7411670635099668
2023-08-21 20:00:00,1.147868404932669,0.8462027675690024,1.575457820005438,1.0,0.7430254889102766
2023-08-21 21:00:00,1.147868404932669,0.8459892687631002,1.5758565994985045,1.0,0.7432136117268724
2023-08-21 22:00:00,1.147868404932669,0.8431005652226364,1.5812522068819672,1.0,0.7457589704423274
2023-08-21 23:00:00,1.147868404932669,0.8451611521826312,1.577403380562521,1.0,0.7439433002276076
2023-08-22 00:00:00,1.147868404932669,0.845258197094405,1.5772221171565814,1.0,0.7438577898564277
2023-08-22 01:00:00,1.147868404932669,0.8462092372297872,1.5754457357783753,1.0,0.7430197882188646
2023-08-22 02:00:00,1.147868404932669,0.8472500464964245,1.5724005105585934,1.0,0.7405449961398701
2023-08-22 03:00:00,1.147868404932669,0.8472500464964245,1.57339745929126,1.0,0.7400753487446684
2023-08-22 04:00:00,1.147868404932669,0.8472500464964245,1.57279929005166,1.0,0.7403571371817894
2023-08-22 05:00:00,1.147868404932669,0.8472500464964245,1.5704549500015106,1.0,0.7414615201474758
2023-08-22 06:00:00,1.147868404932669,0.8472500464964245,1.572007773179058,1.0,0.7407300087501011
2023-08-22 07:00:00,1.147868404932669,0.8472500464964245,1.5737539439896076,1.0,0.7399074142215356
2023-08-22 08:00:00,1.147868404932669,0.8472500464964245,1.5757901362496602,1.0,0.7389481949961842
2023-08-22 09:00:00,1.147868404932669,0.8472500464964245,1.5733672487236035,1.0,0.7400895804839169
2023-08-22 10:00:00,1.147868404932669,0.8472500464964245,1.572219247152654,1.0,0.7406303865753614
2023-08-22 11:00:00,1.147868404932669,0.8472500464964245,1.572448847466844,1.0,0.7405222253570724
2023-08-22 12:00:00,1.147868404932669,0.8472500464964245,1.572605942418658,1.0,0.7404482203129801
2023-08-22 13:00:00,1.147868404932669,0.8472500464964245,1.5719715204978701,1.0,0.7407470868371993
2023-08-22 14:00:00,1.147868404932669,0.8472500464964245,1.5694157064741248,1.0,0.7419510919776254
2023-08-22 15:00:00,1.147868404932669,0.8472500464964245,1.5690471375487145,1.0,0.7421247191964577
2023-08-22 16:00:00,1.147868404932669,0.8472500464964245,1.5655970907223347,1.0,0.7437499838186405
2023-08-22 17:00:00,1.147868404932669,0.8472500464964245,1.5707449714510138,1.0,0.7413248954506899
2023-08-22 18:00:00,1.147868404932669,0.8472500464964245,1.5596456088939912,1.0,0.7465536364506022
2023-08-22 19:00:00,1.147868404932669,0.8472500464964245,1.5641409413612883,1.0,0.7444359536504199
2023-08-22 20:00:00,1.147868404932669,0.8472500464964245,1.5561774357270173,1.0,0.7481874401163343
2023-08-22 21:00:00,1.147868404932669,0.8472500464964245,1.5612286426391953,1.0,0.7458078933139789
2023-08-22 22:00:00,1.147868404932669,0.8472500464964245,1.5492471315066012,1.0,0.7514522010999485
2023-08-22 23:00:00,1.147868404932669,0.8472500464964245,1.5580142382405366,1.0,0.7473221503700233
2023-08-23 00:00:00,1.147868404932669,0.8472500464964245,1.5729382586628804,1.0,0.7402916711812462
2023-08-23 01:00:00,1.147868404932669,0.8472500464964245,1.5718990151354943,1.0,0.7407812430113958
2023-08-23 02:00:00,1.147868404932669,0.8472500464964245,1.5725394791698137,1.0,0.7394427671768093
2023-08-23 03:00:00,1.147868404932669,0.8472500464964245,1.5719352678166825,1.0,0.7397269532055193
2023-08-23 04:00:00,1.147868404932669,0.8472500464964245,1.569766149058941,1.0,0.7407471810485879
2023-08-23 05:00:00,1.147868404932669,0.8472500464964245,1.57243072112625,1.0,0.7394939206619772
2023-08-23 06:00:00,1.147868404932669,0.8472500464964245,1.571983604724933,1.0,0.7397042183232225
2023-08-23 07:00:00,1.147868404932669,0.8472500464964245,1.5732464064529772,1.0,0.7391102695232188
2023-08-23 08:00:00,1.147868404932669,0.8472500464964245,1.5729865955711309,1.0,0.7392324695155641
2023-08-23 09:00:00,1.147868404932669,0.8472500464964245,1.5719110993625571,1.0,0.7397383206466677
2023-08-23 10:00:00,1.147868404932669,0.8472500464964245,1.57206215220084,1.0,0.7396672741394902
2023-08-23 11:00:00,1.147868404932669,0.8472500464964245,1.567512440711761,1.0,0.7418071949356759
2023-08-23 12:00:00,1.147868404932669,0.8472500464964245,1.5659052385124317,1.0,0.7425631297720443
2023-08-23 13:00:00,1.147868404932669,0.8472500464964245,1.5601350200900275,1.0,0.745277106346224
2023-08-23 14:00:00,1.147868404932669,0.8472500464964245,1.5704851605691672,1.0,0.7404089996744231
2023-08-23 15:00:00,1.147868404932669,0.8472500464964245,1.5719110993625571,1.0,0.7397383206466677
2023-08-23 16:00:00,1.147868404932669,0.8472500464964245,1.5783640766139997,1.0,0.7367032138600458
2023-08-23 17:00:00,1.147868404932669,0.8472500464964245,1.593161212652186,1.0,0.7297434980169399
2023-08-23 18:00:00,1.147868404932669,0.8472500464964245,1.6020914564514668,1.0,0.7255432285126073
2023-08-23 19:00:00,1.147868404932669,0.8472500464964245,1.59727589196701,1.0,0.7278081911614254
2023-08-23 20:00:00,1.147868404932669,0.8472500464964245,1.6074206005860852,1.0,0.7230367077393859
2023-08-23 21:00:00,1.147868404932669,0.8472500464964245,1.6051850185794991,1.0,0.7240881960456126
2023-08-23 22:00:00,1.147868404932669,0.8472500464964245,1.5887565118878584,1.0,0.7318152141662352
2023-08-23 23:00:00,1.147868404932669,0.8472500464964245,1.5968650282468808,1.0,0.7280014376609482
2023-08-24 00:00:00,1.147868404932669,0.8472500464964245,1.5955780580647112,1.0,0.7286067539021002
2023-08-24 01:00:00,1.147868404932669,0.8472500464964245,1.6004600857980122,1.0,0.7263105307901241
2023-08-24 02:00:00,1.147868404932669,0.8466569714638771,1.5906537355366908,1.0,0.729887654336788
2023-08-24 03:00:00,1.147868404932669,0.8458109341780528,1.5922428113954261,1.0,0.7306170077713485
2023-08-24 04:00:00,1.147868404932669,0.8436877987839688,1.596230606326093,1.0,0.7324473243751887
2023-08-24 05:00:00,1.147868404932669,0.8433596778594286,1.596846901906287,1.0,0.7327301914866913
2023-08-24 06:00:00,1.147868404932669,0.8442700525814373,1.5951369837769254,1.0,0.7319453739126205
2023-08-24 07:00:00,1.147868404932669,0.8434915696036066,1.596599175251503,1.0,0.7326164900006951
2023-08-24 08:00:00,1.147868404932669,0.8426970022667297,1.5980915772937374,1.0,0.7333014721236474
2023-08-24 09:00:00,1.147868404932669,0.8418831336989976,1.5996202320171595,1.0,0.7340030934884527
2023-08-24 10:00:00,1.147868404932669,0.8437167506302519,1.596176227304311,1.0,0.732422365512409
2023-08-24 11:00:00,1.147868404932669,0.8424782549837029,1.5985024410138666,1.0,0.7334900501979824
2023-08-24 12:00:00,1.147868404932669,0.8435655576552186,1.5964602066402829,1.0,0.7325527062402583
2023-08-24 13:00:00,1.147868404932669,0.8453766564838083,1.5930584967221535,1.0,0.7309913907130431
2023-08-24 14:00:00,1.147868404932669,0.846373886744666,1.5911854415274465,1.0,0.7301316965506334
2023-08-24 15:00:00,1.147868404932669,0.8543002588825792,1.5762976737862904,1.0,0.7232985145629636
2023-08-24 16:00:00,1.147868404932669,0.8579288902833772,1.569482169722969,1.0,0.7201703370945822
2023-08-24 17:00:00,1.147868404932669,0.8541812346256382,1.576521231986949,1.0,0.7234011232210577
2023-08-24 18:00:00,1.147868404932669,0.8560245021723201,1.5730591009335066,1.0,0.7218120756240873
2023-08-24 19:00:00,1.147868404932669,0.8572211784853493,1.570811434699858,1.0,0.7207804426291956
2023-08-24 20:00:00,1.147868404932669,0.8566839608932098,1.5718204676595875,1.0,0.7212435681941067
2023-08-24 21:00:00,1.147868404932669,0.8568126357655785,1.5715787831183348,1.0,0.7211326399150861
2023-08-24 22:00:00,1.147868404932669,0.8549532838598505,1.5750711247394338,1.0,0.722735553546934
2023-08-24 23:00:00,1.147868404932669,0.8540493428814602,1.576768958641733,1.0,0.7235148247070539
2023-08-25 00:00:00,1.147868404932669,0.8522253765656336,1.5801948370139876,1.0,0.7250872330621709
2023-08-25 01:00:00,1.147868404932669,0.853367366057906,1.5780498867103714,1.0,0.724102744585863
2023-08-25 02:00:00,1.147868404932669,0.8525021436702985,1.5785695084740643,1.0,0.7233271599314746
2023-08-25 03:00:00,1.147868404932669,0.8525021436702985,1.577427549016646,1.0,0.7238505594518783
2023-08-25 04:00:00,1.147868404932669,0.8525021436702985,1.5760016102232561,1.0,0.7245041165249749
2023-08-25 05:00:00,1.147868404932669,0.8525021436702985,1.5710833298087672,1.0,0.7267583345652322
2023-08-25 06:00:00,1.147868404932669,0.8525021436702985,1.572968469230537,1.0,0.7258943099601214
2023-08-25 07:00:00,1.147868404932669,0.8525021436702985,1.5705334974774177,1.0,0.7270103417417229
2023-08-25 08:00:00,1.147868404932669,0.8525021436702985,1.5684006314008643,1.0,0.7279879080417361
2023-08-25 09:00:00,1.147868404932669,0.8525021436702985,1.57542156732425,1.0,0.7247699702496245
2023-08-25 10:00:00,1.147868404932669,0.8525021436702985,1.574472955499834,1.0,0.7252047518618117
2023-08-25 11:00:00,1.147868404932669,0.8525021436702985,1.574648176792242,1.0,0.7251244418824905
2023-08-25 12:00:00,1.147868404932669,0.8525021436702985,1.5755484517084077,1.0,0.7247118147473574
2023-08-25 13:00:00,1.147868404932669,0.8525021436702985,1.5760197365638502,1.0,0.7244958085960796
2023-08-25 14:00:00,1.147868404932669,0.8525021436702985,1.5736512280595754,1.0,0.7255813779717318
2023-08-25 15:00:00,1.147868404932669,0.8525021436702985,1.559464345488052,1.0,0.7320837169871176
2023-08-25 16:00:00,1.147868404932669,0.8525021436702985,1.56525269025105,1.0,0.729430718359886
2023-08-25 17:00:00,1.147868404932669,0.8525021436702985,1.565832733150056,1.0,0.7291648646352366
2023-08-25 18:00:00,1.147868404932669,0.8525021436702985,1.5629506449956196,1.0,0.7304858253295887
2023-08-25 19:00:00,1.147868404932669,0.8525021436702985,1.572599900305127,1.0,0.726063237847659
2023-08-25 20:00:00,1.147868404932669,0.8525021436702985,1.5679414307724842,1.0,0.7281983755737503
2023-08-25 21:00:00,1.147868404932669,0.8525021436702985,1.5730228482523188,1.0,0.7258693861734354
2023-08-25 22:00:00,1.147868404932669,0.8525021436702985,1.5743823237968644,1.0,0.7252462915062882
2023-08-25 23:00:00,1.147868404932669,0.8525021436702985,1.5728838796410984,1.0,0.7259330802949661
2023-08-26 00:00:00,1.147868404932669,0.8525021436702985,1.573373290837135,1.0,0.725708766214793
2023-08-26 01:00:00,1.147868404932669,0.8525021436702985,1.57206215220084,1.0,0.7263097064048862
2023-08-26 02:00:00,1.147868404932669,0.8525021436702985,1.5723642578774055,1.0,0.7251585815057942
2023-08-26 03:00:00,1.147868404932669,0.8525021436702985,1.5740741760067671,1.0,0.7243697832222938
2023-08-26 04:00:00,1.147868404932669,0.8525021436702985,1.5748656928793694,1.0,0.7240046504479526
2023-08-26 05:00:00,1.147868404932669,0.8525021436702985,1.5741889761638623,1.0,0.7243168250336489
2023-08-26 06:00:00,1.147868404932669,0.8525021436702985,1.5733370381559468,1.0,0.7247098305388558
2023-08-26 07:00:00,1.147868404932669,0.8525021436702985,1.5742856499803632,1.0,0.7242722286642638
2023-08-26 08:00:00,1.147868404932669,0.8525021436702985,1.5726542793269085,1.0,0.7250247923976386
2023-08-26 09:00:00,1.147868404932669,0.8525021436702985,1.572158826017341,1.0,0.7252533487907377
2023-08-26 10:00:00,1.147868404932669,0.8525021436702985,1.5703824446391348,1.0,0.7260728070781903
2023-08-26 11:00:00,1.147868404932669,0.8525021436702985,1.57169358327543,1.0,0.7254679688184038
2023-08-26 12:00:00,1.147868404932669,0.8525021436702985,1.5724246790127188,1.0,0.7251307087749285
2023-08-26 13:00:00,1.147868404932669,0.8525021436702985,1.5712404247605813,1.0,0.7256770142998968
2023-08-26 14:00:00,1.147868404932669,0.8525021436702985,1.5723280051962178,1.0,0.7251753051443136
2023-08-26 15:00:00,1.147868404932669,0.8525021436702985,1.5736874807407633,1.0,0.7245481686998345
2023-08-26 16:00:00,1.147868404932669,0.8525021436702985,1.5726784477810338,1.0,0.7250136433052923
2023-08-26 17:00:00,1.147868404932669,0.8525021436702985,1.5718808887949005,1.0,0.7253815633527201
2023-08-26 18:00:00,1.147868404932669,0.8525021436702985,1.5713793933718017,1.0,0.7256129070189057
2023-08-26 19:00:00,1.147868404932669,0.8525021436702985,1.57086581372164,1.0,0.7258498252312644
2023-08-26 20:00:00,1.147868404932669,0.8525021436702985,1.5716452463671793,1.0,0.7254902670030965
2023-08-26 21:00:00,1.147868404932669,0.8525021436702985,1.5713370985770823,1.0,0.7256324179305117
2023-08-26 22:00:00,1.147868404932669,0.8525021436702985,1.5718627624543067,1.0,0.7253899251719798
2023-08-26 23:00:00,1.147868404932669,0.8525021436702985,1.5713673091447389,1.0,0.7256184815650788
2023-08-27 00:00:00,1.147868404932669,0.8525021436702985,1.5705093290232923,1.0,0.7260142743433723
2023-08-27 01:00:00,1.147868404932669,0.8525021436702985,1.5695063381770944,1.0,0.7264769616757435
2023-08-27 02:00:00,1.147868404932669,0.8519053921697293,1.5695002960635631,1.0,0.72546452628735
2023-08-27 03:00:00,1.147868404932669,0.8518955509130106,1.569482169722969,1.0,0.7254729068924137
2023-08-27 04:00:00,1.147868404932669,0.8526303647480018,1.5708356031539834,1.0,0.7248471550476537
2023-08-27 05:00:00,1.147868404932669,0.853178194705339,1.5718446361137128,1.0,0.724380634699105
2023-08-27 06:00:00,1.147868404932669,0.8530830625570588,1.5716694148213046,1.0,0.7244616472147212
2023-08-27 07:00:00,1.147868404932669,0.8535259191093972,1.5724851001480318,1.0,0.7240845199868524
2023-08-27 08:00:00,1.147868404932669,0.8532470835023693,1.5719715204978701,1.0,0.7243219704636588
2023-08-27 09:00:00,1.147868404932669,0.8538539610000182,1.5730893115011633,1.0,0.7238051664847275
2023-08-27 10:00:00,1.147868404932669,0.8544969231056354,1.5742735657533005,1.0,0.7232576336205625
2023-08-27 11:00:00,1.147868404932669,0.8545100447812602,1.5742977342074258,1.0,0.7232464594804775
2023-08-27 12:00:00,1.147868404932669,0.8539195693781424,1.5732101537717895,1.0,0.7237492957843025
2023-08-27 13:00:00,1.147868404932669,0.8542541721065758,1.5738264493519833,1.0,0.7234643552121349
2023-08-27 14:00:00,1.147868404932669,0.8545067643623541,1.5742916920938945,1.0,0.7232492530154987
2023-08-27 15:00:00,1.147868404932669,0.8567079254484211,1.5783459502734056,1.0,0.7213747910162399
2023-08-27 16:00:00,1.147868404932669,0.8559501486810867,1.5769502220476725,1.0,0.7220200976061486
2023-08-27 17:00:00,1.147868404932669,0.8572918400137266,1.5794214464819794,1.0,0.7208775417824574
2023-08-27 18:00:00,1.147868404932669,0.8540901511612654,1.5735243436754178,1.0,0.7236040319631974
2023-08-27 19:00:00,1.147868404932669,0.85534983202125,1.575844515271442,1.0,0.7225313145150375
2023-08-27 20:00:00,1.147868404932669,0.8559927941268674,1.5770287695235794,1.0,0.7219837816508724
2023-08-27 21:00:00,1.147868404932669,0.8550414726440664,1.5752765565994986,1.0,0.7227939068070349
2023-08-27 22:00:00,1.147868404932669,0.8542344895931385,1.5737901966707954,1.0,0.7234811164222625
2023-08-27 23:00:00,1.147868404932669,0.8548315258340689,1.5748898613334945,1.0,0.722972693048395
2023-08-28 00:00:00,1.147868404932669,0.8551858110759395,1.5755424095948762,1.0,0.7226709912661
2023-08-28 01:00:00,1.147868404932669,0.852617243072377,1.570811434699858,1.0,0.7248583291877387
2023-08-28 02:00:00,1.147868404932669,0.8516954729988357,1.571312930122957,1.0,0.7236108158548223
2023-08-28 03:00:00,1.147868404932669,0.8517675412361212,1.571445856620646,1.0,0.7236720459043325
2023-08-28 04:00:00,1.147868404932669,0.851184443679903,1.5703703604120722,1.0,0.7231766391401139
2023-08-28 05:00:00,1.147868404932669,0.8515415090373625,1.5710289507869855,1.0,0.7234800062035961
2023-08-28 06:00:00,1.147868404932669,0.8494842884457608,1.5672345034893205,1.0,0.7217321666084875
2023-08-28 07:00:00,1.147868404932669,0.8489830866137306,1.5663100601190296,1.0,0.7213063394459849
2023-08-28 08:00:00,1.147868404932669,0.8485998146245309,1.565603132835866,1.0,0.7209807069099535
2023-08-28 09:00:00,1.147868404932669,0.8495760116568515,1.5674036826681974,1.0,0.7218100957624096
2023-08-28 10:00:00,1.147868404932669,0.8485408497031156,1.5654943747923025,1.0,0.720930609596718
2023-08-28 11:00:00,1.147868404932669,0.8492353254442295,1.5667753028609408,1.0,0.7215206446192706
2023-08-28 12:00:00,1.147868404932669,0.8508830674148912,1.5698144859671914,1.0,0.7229205862057986
2023-08-28 13:00:00,1.147868404932669,0.8552464715996256,1.5778625811909006,1.0,0.7266277873852328
2023-08-28 14:00:00,1.147868404932669,0.8539688983022935,1.5755061569136886,1.0,0.7255423455984615
2023-08-28 15:00:00,1.147868404932669,0.8552628507444633,1.5778927917585572,1.0,0.726641703305576
2023-08-28 16:00:00,1.147868404932669,0.8541785513562148,1.5758928521796927,1.0,0.7257204693788548
2023-08-28 17:00:00,1.147868404932669,0.8554626763114819,1.5782613606839673,1.0,0.7268114775337633
2023-08-28 18:00:00,1.147868404932669,0.8553447464686512,1.57804384459684,1.0,0.7267112829072921
2023-08-28 19:00:00,1.147868404932669,0.8555216412328973,1.578370118727531,1.0,0.726861574846999
2023-08-28 20:00:00,1.147868404932669,0.8505194503994967,1.5691438113652156,1.0,0.7226116527741792
2023-08-28 21:00:00,1.147868404932669,0.8504441063332439,1.5690048427539955,1.0,0.7225476395406003
2023-08-28 22:00:00,1.147868404932669,0.8500346277123041,1.5682495785625814,1.0,0.7221997415320198
2023-08-28 23:00:00,1.147868404932669,0.8526290842545785,1.5730349324793813,1.0,0.7244040233143859
2023-08-29 00:00:00,1.147868404932669,0.8546076849509596,1.5766843690522945,1.0,0.7260850664918471
2023-08-29 01:00:00,1.147868404932669,0.855311988178976,1.5779834234615269,1.0,0.7266834510666057
2023-08-29 02:00:00,1.147868404932669,0.8535343792447261,1.575808262590254,1.0,0.7246655517098086
2023-08-29 03:00:00,1.147868404932669,0.8535343792447261,1.5757599256820036,1.0,0.7246433173644788
2023-08-29 04:00:00,1.147868404932669,0.8535343792447261,1.5743823237968644,1.0,0.72400963852258
2023-08-29 05:00:00,1.147868404932669,0.8535343792447261,1.57302889036585,1.0,0.7233870768533461
2023-08-29 06:00:00,1.147868404932669,0.8535343792447261,1.5733007854747592,1.0,0.7235121450458262
2023-08-29 07:00:00,1.147868404932669,0.8535343792447261,1.5702072233467268,1.0,0.72208914694472
2023-08-29 08:00:00,1.147868404932669,0.8535343792447261,1.569772191172472,1.0,0.721889037836752
2023-08-29 09:00:00,1.147868404932669,0.8535343792447261,1.5666846711579712,1.0,0.7204688190288121
2023-08-29 10:00:00,1.147868404932669,0.8535343792447261,1.5689262952780882,1.0,0.7214999367934808
2023-08-29 11:00:00,1.147868404932669,0.8535343792447261,1.5683341681520195,1.0,0.7212275660631909
2023-08-29 12:00:00,1.147868404932669,0.8535343792447261,1.5679655992266095,1.0,0.7210580291800515
2023-08-29 13:00:00,1.147868404932669,0.8535343792447261,1.5723340473097491,1.0,0.7230674581392305
2023-08-29 14:00:00,1.147868404932669,0.8535343792447261,1.5724367632397813,1.0,0.7231147061230563
2023-08-29 15:00:00,1.147868404932669,0.8535343792447261,1.6599628198543852,1.0,0.7633755469289601
2023-08-29 16:00:00,1.147868404932669,0.8535343792447261,1.6555279085224013,1.0,0.7613355457449527
2023-08-29 17:00:00,1.147868404932669,0.8535343792447261,1.6903848614845474,1.0,0.7773692880208921
2023-08-29 18:00:00,1.147868404932669,0.8535343792447261,1.6838412525301352,1.0,0.7743593135218728
2023-08-29 19:00:00,1.147868404932669,0.8535343792447261,1.688680985468717,1.0,0.7765855273480172
2023-08-29 20:00:00,1.147868404932669,0.8535343792447261,1.6802159844113471,1.0,0.772691737622139
2023-08-29 21:00:00,1.147868404932669,0.8535343792447261,1.6645125313434639,1.0,0.7654683546831259
2023-08-29 22:00:00,1.147868404932669,0.8535343792447261,1.670028980997553,1.0,0.7680058493438874
2023-08-29 23:00:00,1.147868404932669,0.8535343792447261,1.6684217787982236,1.0,0.7672665573616722
2023-08-30 00:00:00,1.147868404932669,0.8535343792447261,1.6729714902873025,1.0,0.7693593651158379
2023-08-30 01:00:00,1.147868404932669,0.8535343792447261,1.6676363040391529,1.0,0.7669052492500631
2023-08-30 02:00:00,1.147868404932669,0.8535343792447261,1.6634672457025468,1.0,0.7639165741713907
2023-08-30 03:00:00,1.147868404932669,0.8535343792447261,1.6541442645237305,1.0,0.7596339705210094
2023-08-30 04:00:00,1.147868404932669,0.8535343792447261,1.6535823479653184,1.0,0.7593758485900403
2023-08-30 05:00:00,1.147868404932669,0.8535343792447261,1.6565188151415366,1.0,0.7607247438422018
2023-08-30 06:00:00,1.147868404932669,0.8535343792447261,1.6582347753844295,1.0,0.7615129871582798
2023-08-30 07:00:00,1.147868404932669,0.8535343792447261,1.6531412736775326,1.0,0.7591732367517526
2023-08-30 08:00:00,1.147868404932669,0.8535343792447261,1.6564765203468172,1.0,0.7607053153097633
2023-08-30 09:00:00,1.147868404932669,0.8535343792447261,1.6583072807468053,1.0,0.7615462932138888
2023-08-30 10:00:00,1.147868404932669,0.8535343792447261,1.6556487507930275,1.0,0.7603250711748948
2023-08-30 11:00:00,1.147868404932669,0.8535343792447261,1.6561562883296577,1.0,0.7605582135641572
2023-08-30 12:00:00,1.147868404932669,0.8535343792447261,1.6502108486148457,1.0,0.7578271170042252
2023-08-30 13:00:00,1.147868404932669,0.8535343792447261,1.651376976526389,1.0,0.7583627893986021
2023-08-30 14:00:00,1.147868404932669,0.8535343792447261,1.6526458203679648,1.0,0.7589456453717583
2023-08-30 15:00:00,1.147868404932669,0.8535343792447261,1.6364710824446391,1.0,0.7515156194663334
2023-08-30 16:00:00,1.147868404932669,0.8535343792447261,1.6422654693211687,1.0,0.7541773284104135
2023-08-30 17:00:00,1.147868404932669,0.8535343792447261,1.6395163076644212,1.0,0.7529144738019083
2023-08-30 18:00:00,1.147868404932669,0.8535343792447261,1.6398486239086434,1.0,0.7530671265567827
2023-08-30 19:00:00,1.147868404932669,0.8535343792447261,1.6466822543125585,1.0,0.756206222297924
2023-08-30 20:00:00,1.147868404932669,0.8535343792447261,1.640785151505997,1.0,0.7534973297750647
2023-08-30 21:00:00,1.147868404932669,0.8535343792447261,1.6448091991178515,1.0,0.7553458158613601
2023-08-30 22:00:00,1.147868404932669,0.8535343792447261,1.6454980000604214,1.0,0.755662223389645
2023-08-30 23:00:00,1.147868404932669,0.8535343792447261,1.6442714510135645,1.0,0.7550987959489271
2023-08-31 00:00:00,1.147868404932669,0.8535343792447261,1.6482169511495122,1.0,0.7569112004749797
2023-08-31 01:00:00,1.147868404932669,0.8535343792447261,1.6433590918703362,1.0,0.7546796947491815
2023-08-31 02:00:00,1.147868404932669,0.8535343792447261,1.6419331530769465,1.0,0.7529690362625914
2023-08-31 03:00:00,1.147868404932669,0.8535343792447261,1.6415524999244735,1.0,0.7531436466504305
2023-08-31 04:00:00,1.147868404932669,0.8535343792447261,1.6432261653726474,1.0,0.7523759152626301
2023-08-31 05:00:00,1.147868404932669,0.8535343792447261,1.645183810156793,1.0,0.751477918982315
2023-08-31 06:00:00,1.147868404932669,0.8535343792447261,1.6450267152049787,1.0,0.7515499804122169
2023-08-31 07:00:00,1.147868404932669,0.8535343792447261,1.6454436210386394,1.0,0.7513587404636312
2023-08-31 08:00:00,1.147868404932669,0.8535343792447261,1.645727600374611,1.0,0.7512284755711163
2023-08-31 09:00:00,1.147868404932669,0.8535343792447261,1.6442654089000333,1.0,0.7518992011878949
2023-08-31 10:00:00,1.147868404932669,0.8535343792447261,1.6419150267363523,1.0,0.7529773510429647
2023-08-31 11:00:00,1.147868404932669,0.8535343792447261,1.6421687955046675,1.0,0.7528609441177386
2023-08-31 12:00:00,1.147868404932669,0.8535343792447261,1.6483015407389505,1.0,0.7500477767581093
2023-08-31 13:00:00,1.147868404932669,0.8535343792447261,1.6414739524485666,1.0,0.7531796773653814
2023-08-31 14:00:00,1.147868404932669,0.8535343792447261,1.6390087701277907,1.0,0.7543104874961487
2023-08-31 15:00:00,1.147868404932669,0.8535343792447261,1.6404770037158998,1.0,0.7536369902859122
2023-08-31 16:00:00,1.147868404932669,0.8535343792447261,1.6251964985952088,1.0,0.7606463501405946
2023-08-31 17:00:00,1.147868404932669,0.8535343792447261,1.5837415576568683,1.0,0.7796622528543059
2023-08-31 18:00:00,1.147868404932669,0.8535343792447261,1.5895419866469291,1.0,0.7770015231348535
2023-08-31 19:00:00,1.147868404932669,0.8535343792447261,1.587167436029123,1.0,0.7780907593637543
2023-08-31 20:00:00,1.147868404932669,0.8535343792447261,1.5792341409625088,1.0,0.781729861573797
2023-08-31 21:00:00,1.147868404932669,0.8535343792447261,1.5706966345427633,1.0,0.7856461231296159
2023-08-31 22:00:00,1.147868404932669,0.8535343792447261,1.5710349929005167,1.0,0.7854909138959812
2023-08-31 23:00:00,1.147868404932669,0.8535343792447261,1.572835542732848,1.0,0.7846649790455679
2023-09-01 00:00:00,1.147868404932669,0.8535343792447261,1.5658991963989004,1.0,0.7878467683350797
2023-09-01 01:00:00,1.147868404932669,0.8535343792447261,1.5725334370562822,1.0,0.7848035587184561
2023-09-01 02:00:00,1.147868404932669,0.8535343792447261,1.5687329476450864,1.0,0.7854927178994725
2023-09-01 03:00:00,1.147868404932669,0.8535343792447261,1.5729926376846624,1.0,0.7833592726183976
2023-09-01 04:00:00,1.147868404932669,0.8535343792447261,1.5745635872028036,1.0,0.7825724701033911
2023-09-01 05:00:00,1.147868404932669,0.8535343792447261,1.5721346575632158,1.0,0.7837889878381318
2023-09-01 06:00:00,1.147868404932669,0.8535343792447261,1.5712827195553005,1.0,0.7842156768943469
2023-09-01 07:00:00,1.147868404932669,0.8535343792447261,1.5693854959064681,1.0,0.7851658922393929
2023-09-01 08:00:00,1.147868404932669,0.8535343792447261,1.5687571160992115,1.0,0.7854806132453955
2023-09-01 09:00:00,1.147868404932669,0.8535343792447261,1.5685577263526782,1.0,0.785580476641531
2023-09-01 10:00:00,1.147868404932669,0.8535343792447261,1.5714821093018339,1.0,0.7841158134982114
2023-09-01 11:00:00,1.147868404932669,0.8535343792447261,1.569476127609438,1.0,0.7851204997866041
2023-09-01 12:00:00,1.147868404932669,0.8535343792447261,1.5722796682879672,1.0,0.7837163599136697
2023-09-01 13:00:00,1.147868404932669,0.8535343792447261,1.5733007854747592,1.0,0.7832049382789156
2023-09-01 14:00:00,1.147868404932669,0.8535343792447261,1.5695546750853449,1.0,0.7850811596608538
2023-09-01 15:00:00,1.147868404932669,0.8535343792447261,1.552425283224072,1.0,0.7936603332379426
2023-09-01 16:00:00,1.147868404932669,0.8535343792447261,1.5580444488081933,1.0,0.7908460011650352
2023-09-01 17:00:00,1.147868404932669,0.8535343792447261,1.5569508262590255,1.0,0.7913937367620204
2023-09-01 18:00:00,1.147868404932669,0.8535343792447261,1.5380510951330775,1.0,0.8008595762502511
2023-09-01 19:00:00,1.147868404932669,0.8535343792447261,1.5485402042234375,1.0,0.7956061563808238
2023-09-01 20:00:00,1.147868404932669,0.8535343792447261,1.5483287302498414,1.0,0.7957120721039977
2023-09-01 21:00:00,1.147868404932669,0.8535343792447261,1.55595991963989,1.0,0.7918900275791783
2023-09-01 22:00:00,1.147868404932669,0.8535343792447261,1.5576879641098456,1.0,0.7910245448126713
2023-09-01 23:00:00,1.147868404932669,0.8535343792447261,1.5551442343131627,1.0,0.7922985596542778
2023-09-02 00:00:00,1.147868404932669,0.8535343792447261,1.5578994380834417,1.0,0.7909186290894974
2023-09-02 01:00:00,1.147868404932669,0.8535343792447261,1.5568058155342739,1.0,0.7914663646864826
2023-09-02 02:00:00,1.147868404932669,0.8535343792447261,1.5557484456662942,1.0,0.7908962503107125
2023-09-02 03:00:00,1.147868404932669,0.8535343792447261,1.5551200658590374,1.0,0.7912157799210062
2023-09-02 04:00:00,1.147868404932669,0.8535343792447261,1.5573254372979668,1.0,0.7900943538848795
2023-09-02 05:00:00,1.147868404932669,0.8535343792447261,1.5562620253164559,1.0,0.7906350963022994
2023-09-02 06:00:00,1.147868404932669,0.8535343792447261,1.558696997069575,1.0,0.7893969190624116
2023-09-02 07:00:00,1.147868404932669,0.8535343792447261,1.5576215008610013,1.0,0.7899438062800296
2023-09-02 08:00:00,1.147868404932669,0.8535343792447261,1.5571925108002782,1.0,0.7901619466870569
2023-09-02 09:00:00,1.147868404932669,0.8535343792447261,1.5561593093864234,1.0,0.7906873271039822
2023-09-02 10:00:00,1.147868404932669,0.8535343792447261,1.5580746593758497,1.0,0.7897133762726063
2023-09-02 11:00:00,1.147868404932669,0.8535343792447261,1.559373713785082,1.0,0.7890528102513261
2023-09-02 12:00:00,1.147868404932669,0.8535343792447261,1.5581713331923506,1.0,0.7896642178710227
2023-09-02 13:00:00,1.147868404932669,0.8535343792447261,1.558062575148787,1.0,0.7897195210728042
2023-09-02 14:00:00,1.147868404932669,0.8535343792447261,1.55904139754086,1.0,0.7892217922567699
2023-09-02 15:00:00,1.147868404932669,0.8535343792447261,1.5611923899580074,1.0,0.788128017821534
2023-09-02 16:00:00,1.147868404932669,0.8535343792447261,1.5630050240174014,1.0,0.7872062977918408
2023-09-02 17:00:00,1.147868404932669,0.8535343792447261,1.5612709374339147,1.0,0.7880880766202472
2023-09-02 18:00:00,1.147868404932669,0.8535343792447261,1.5583888492794782,1.0,0.7895536114674594
2023-09-02 19:00:00,1.147868404932669,0.8535343792447261,1.558274049122383,1.0,0.78961198706934
2023-09-02 20:00:00,1.147868404932669,0.8535343792447261,1.559470387601583,1.0,0.7890036518497425
2023-09-02 21:00:00,1.147868404932669,0.8535343792447261,1.5605579680372195,1.0,0.7884506198319267
2023-09-02 22:00:00,1.147868404932669,0.8535343792447261,1.561144053049757,1.0,0.7881525970223258
2023-09-02 23:00:00,1.147868404932669,0.8535343792447261,1.5611742636174133,1.0,0.7881372350218309
2023-09-03 00:00:00,1.147868404932669,0.8535343792447261,1.5615367904292923,1.0,0.7879528910158923
2023-09-03 01:00:00,1.147868404932669,0.8535343792447261,1.5617905591976073,1.0,0.7878238502117352
2023-09-03 02:00:00,1.147868404932669,0.8535343792447261,1.5613555270233528,1.0,0.7869378096655083
2023-09-03 03:00:00,1.147868404932669,0.8535343792447261,1.5610050844385366,1.0,0.7867611388019419
2023-09-03 04:00:00,1.147868404932669,0.8535343792447261,1.561186347844476,1.0,0.7868525202830969
2023-09-03 05:00:00,1.147868404932669,0.8535343792447261,1.5619416120358902,1.0,0.7872332764545764
2023-09-03 06:00:00,1.147868404932669,0.8535343792447261,1.5633010875804356,1.0,0.7879186375632394
2023-09-03 07:00:00,1.147868404932669,0.8535343792447261,1.564171151928945,1.0,0.7883572686727838
2023-09-03 08:00:00,1.147868404932669,0.8535343792447261,1.5667148817256278,1.0,0.7896396554583265
2023-09-03 09:00:00,1.147868404932669,0.8535343792447261,1.562437065345458,1.0,0.7874830525030669
2023-09-03 10:00:00,1.147868404932669,0.8535343792447261,1.5636273617111267,1.0,0.7880831242293186
2023-09-03 11:00:00,1.147868404932669,0.8535343792447261,1.5653856167487388,1.0,0.7889695245965227
2023-09-03 12:00:00,1.147868404932669,0.8535343792447261,1.5660502492371833,1.0,0.7893045900274246
2023-09-03 13:00:00,1.147868404932669,0.8535343792447261,1.5632044137639347,1.0,0.7878699007732901
2023-09-03 14:00:00,1.147868404932669,0.8535343792447261,1.5627331289084923,1.0,0.7876323089222868
2023-09-03 15:00:00,1.147868404932669,0.8535343792447261,1.565101637412767,1.0,0.7888263602760464
2023-09-03 16:00:00,1.147868404932669,0.8535343792447261,1.5616818011540439,1.0,0.7871022963315875
2023-09-03 17:00:00,1.147868404932669,0.8535343792447261,1.560141062203559,1.0,0.7863255537417694
2023-09-03 18:00:00,1.147868404932669,0.8535343792447261,1.5627391710220235,1.0,0.7876353549716587
2023-09-03 19:00:00,1.147868404932669,0.8535343792447261,1.5656695960847105,1.0,0.7891126889169989
2023-09-03 20:00:00,1.147868404932669,0.8535343792447261,1.570098465303163,1.0,0.7913454431065544
2023-09-03 21:00:00,1.147868404932669,0.8535343792447261,1.5726482372133774,1.0,0.7926308759414691
2023-09-03 22:00:00,1.147868404932669,0.8535343792447261,1.5675909881876682,1.0,0.7900813326172427
2023-09-03 23:00:00,1.147868404932669,0.8535343792447261,1.5665336183196883,1.0,0.7895482739771714
2023-09-04 00:00:00,1.147868404932669,0.8535343792447261,1.5679595571130782,1.0,0.7902671416289245
2023-09-04 01:00:00,1.147868404932669,0.8535343792447261,1.5642194888371954,1.0,0.7883816370677584
2023-09-04 02:00:00,1.147868404932669,0.8535343792447261,1.5640684359989125,1.0,0.7872018588234571
2023-09-04 03:00:00,1.147868404932669,0.8535343792447261,1.5684791788767711,1.0,0.7894223645010667
2023-09-04 04:00:00,1.147868404932669,0.8535343792447261,1.5686846107368357,1.0,0.7895257853134485
2023-09-04 05:00:00,1.147868404932669,0.8535343792447261,1.5684127156279266,1.0,0.7893889048264726
2023-09-04 06:00:00,1.147868404932669,0.8535343792447261,1.5654399957705207,1.0,0.7878923448355357
2023-09-04 07:00:00,1.147868404932669,0.8535343792447261,1.5673674299870095,1.0,0.7888626753987651
2023-09-04 08:00:00,1.147868404932669,0.8535343792447261,1.5674580616899791,1.0,0.7889083022277571
2023-09-04 09:00:00,1.147868404932669,0.8535343792447261,1.568666484396242,1.0,0.7895166599476502
2023-09-04 10:00:00,1.147868404932669,0.8535343792447261,1.566702797498565,1.0,0.7885280786528239
2023-09-04 11:00:00,1.147868404932669,0.8535343792447261,1.5638509199117852,1.0,0.7870923544338763
2023-09-04 12:00:00,1.147868404932669,0.8535343792447261,1.5628720975197126,1.0,0.786599584680763
2023-09-04 13:00:00,1.147868404932669,0.8535343792447261,1.5608902842814416,1.0,0.7856018780201383
2023-09-04 14:00:00,1.147868404932669,0.8535343792447261,1.5624491495725206,1.0,0.7863866594788004
2023-09-04 15:00:00,1.147868404932669,0.8535343792447261,1.5605760943778135,1.0,0.7854437050129661
2023-09-04 16:00:00,1.147868404932669,0.8535343792447261,1.5584009335065407,1.0,0.7843486611171585
2023-09-04 17:00:00,1.147868404932669,0.8535343792447261,1.5613132322286336,1.0,0.7858148032221007
2023-09-04 18:00:00,1.147868404932669,0.8535343792447261,1.5638750883659105,1.0,0.7871045215882742
2023-09-04 19:00:00,1.147868404932669,0.8535343792447261,1.564255741518383,1.0,0.7872961542700404
2023-09-04 20:00:00,1.147868404932669,0.8535343792447261,1.5630654451527144,1.0,0.7866969219159458
2023-09-04 21:00:00,1.147868404932669,0.8535343792447261,1.559567061418084,1.0,0.7849357263168554
2023-09-04 22:00:00,1.147868404932669,0.8535343792447261,1.5499540587897647,1.0,0.7800962406551059
2023-09-04 23:00:00,1.147868404932669,0.8535343792447261,1.55595991963989,1.0,0.7831197785229745
2023-09-05 00:00:00,1.147868404932669,0.8535343792447261,1.5590111869732033,1.0,0.7846558817657046
2023-09-05 01:00:00,1.147868404932669,0.8535343792447261,1.5555853086009486,1.0,0.7829311876298076
2023-09-05 02:00:00,1.147868404932669,0.8529369051792548,1.554630654663001,1.0,0.7813551518839245
2023-09-05 03:00:00,1.147868404932669,0.8502743248846585,1.5497788374973567,1.0,0.7837942781755113
2023-09-05 04:00:00,1.147868404932669,0.8509540620707011,1.5510174707712758,1.0,0.7831715871546205
2023-09-05 05:00:00,1.147868404932669,0.8510170621025782,1.5511322709283708,1.0,0.7831138743282942
2023-09-05 06:00:00,1.147868404932669,0.8523500101454521,1.5535612005679587,1.0,0.7818927924239131
2023-09-05 07:00:00,1.147868404932669,0.8508910620388239,1.5509026706141809,1.0,0.783229299980947
2023-09-05 08:00:00,1.147868404932669,0.852379852265815,1.5536155795897406,1.0,0.7818654547693373
2023-09-05 09:00:00,1.147868404932669,0.8515940097629267,1.5521835986828194,1.0,0.7825853463398307
2023-09-05 10:00:00,1.147868404932669,0.8529170104323462,1.5545944019818134,1.0,0.7813733769869748
2023-09-05 11:00:00,1.147868404932669,0.8530529578695548,1.5548421286365972,1.0,0.7812488387827967
2023-09-05 12:00:00,1.147868404932669,0.8539250109423802,1.5564312044953326,1.0,0.7804499717657515
2023-09-05 13:00:00,1.147868404932669,0.8551982747445285,1.558751376091357,1.0,0.7792835651705219
2023-09-05 14:00:00,1.147868404932669,0.8523699048923608,1.5535974532491468,1.0,0.7818745673208626
2023-09-05 15:00:00,1.147868404932669,0.8516304834655923,1.5522500619316637,1.0,0.7825519336509049
2023-09-05 16:00:00,1.147868404932669,0.8531491158129462,1.5550173499290054,1.0,0.7811607507847195
2023-09-05 17:00:00,1.147868404932669,0.8528208524889548,1.5544191806894052,1.0,0.7814614649850522
2023-09-05 18:00:00,1.147868404932669,0.8528440630270149,1.5544614754841244,1.0,0.7814402023648266
2023-09-05 19:00:00,1.147868404932669,0.8526417997667777,1.5540929065587141,1.0,0.7816254909125063
2023-09-05 20:00:00,1.147868404932669,0.8505793776705899,1.5503347119422375,1.0,0.7835148265954042
2023-09-05 21:00:00,1.147868404932669,0.8516072729275324,1.5522077671369447,1.0,0.7825731962711303
2023-09-05 22:00:00,1.147868404932669,0.8522505364109093,1.5533799371620194,1.0,0.7819839179391654
2023-09-05 23:00:00,1.147868404932669,0.8534409054342719,1.555549055919761,1.0,0.7808934492733127
2023-09-06 00:00:00,1.147868404932669,0.8542035373991002,1.556938742031963,1.0,0.780194820323045
2023-09-06 01:00:00,1.147868404932669,0.85464453762224,1.5577423431316275,1.0,0.7797908305387597
2023-09-06 02:00:00,1.147868404932669,0.8533467260234605,1.5564674571765205,1.0,0.7793378499025321
2023-09-06 03:00:00,1.147868404932669,0.8533467260234605,1.5603827467448115,1.0,0.777376936341583
2023-09-06 04:00:00,1.147868404932669,0.8533467260234605,1.5563586991329568,1.0,0.7793923197236696
2023-09-06 05:00:00,1.147868404932669,0.8533467260234605,1.5546548231171264,1.0,0.7802456802548233
2023-09-06 06:00:00,1.147868404932669,0.8533467260234605,1.5542741699646536,1.0,0.7804363246288046
2023-09-06 07:00:00,1.147868404932669,0.8533467260234605,1.5560928461375791,1.0,0.779525468175339
2023-09-06 08:00:00,1.147868404932669,0.8533467260234605,1.5530355366907345,1.0,0.7810566753695369
2023-09-06 09:00:00,1.147868404932669,0.8533467260234605,1.5545400229600315,1.0,0.7803031761771352
2023-09-06 10:00:00,1.147868404932669,0.8533467260234605,1.5544796018247184,1.0,0.7803334371888783
2023-09-06 11:00:00,1.147868404932669,0.8533467260234605,1.5531382526207669,1.0,0.7810052316495738
2023-09-06 12:00:00,1.147868404932669,0.8533467260234605,1.5534524425243952,1.0,0.7808478743885099
2023-09-06 13:00:00,1.147868404932669,0.8533467260234605,1.5521292196610375,1.0,0.7815105905456826
2023-09-06 14:00:00,1.147868404932669,0.8533467260234605,1.5538512220174616,1.0,0.7806481517110059
2023-09-06 15:00:00,1.147868404932669,0.8533467260234605,1.5464375487145405,1.0,0.7843611778518771
2023-09-06 16:00:00,1.147868404932669,0.8533467260234605,1.5446490831092716,1.0,0.7852569037994712
2023-09-06 17:00:00,1.147868404932669,0.8533467260234605,1.5452291260082778,1.0,0.784966398086738
2023-09-06 18:00:00,1.147868404932669,0.8533467260234605,1.5609204948490982,1.0,0.7771076133370699
2023-09-06 19:00:00,1.147868404932669,0.8533467260234605,1.547253234041268,1.0,0.783952654193346
2023-09-06 20:00:00,1.147868404932669,0.8533467260234605,1.550884544273587,1.0,0.7821339673875892
2023-09-06 21:00:00,1.147868404932669,0.8533467260234605,1.550401175191082,1.0,0.7823760554815335
2023-09-06 22:00:00,1.147868404932669,0.8533467260234605,1.5528421890577326,1.0,0.7811535106071146
2023-09-06 23:00:00,1.147868404932669,0.8533467260234605,1.5541774961481527,1.0,0.7804847422475935
2023-09-07 00:00:00,1.147868404932669,0.8533467260234605,1.5549871393613488,1.0,0.7800792446902366
2023-09-07 01:00:00,1.147868404932669,0.8533467260234605,1.5547937917283468,1.0,0.7801760799278143
2023-09-07 02:00:00,1.147868404932669,0.8533467260234605,1.554243959396997,1.0,0.779360381599146
2023-09-07 03:00:00,1.147868404932669,0.8533467260234605,1.5544191806894052,1.0,0.7792724966359456
2023-09-07 04:00:00,1.147868404932669,0.8533467260234605,1.5596516510075225,1.0,0.7766480698038228
2023-09-07 05:00:00,1.147868404932669,0.8533467260234605,1.5583828071659467,1.0,0.7772844781580327
2023-09-07 06:00:00,1.147868404932669,0.8533467260234605,1.5567453943989609,1.0,0.7781057479865607
2023-09-07 07:00:00,1.147868404932669,0.8533467260234605,1.5551442343131627,1.0,0.7789088347192542
2023-09-07 08:00:00,1.147868404932669,0.8533467260234605,1.555204655448476,1.0,0.7788785295595299
2023-09-07 09:00:00,1.147868404932669,0.8533467260234605,1.5540808223316518,1.0,0.7794422055304014
2023-09-07 10:00:00,1.147868404932669,0.8533467260234605,1.5536880849521164,1.0,0.7796391890686093
2023-09-07 11:00:00,1.147868404932669,0.8533467260234605,1.5546185704359385,1.0,0.7791724896088554
2023-09-07 12:00:00,1.147868404932669,0.8533467260234605,1.551851282438597,1.0,0.7805604659242276
2023-09-07 13:00:00,1.147868404932669,0.8533467260234605,1.5490477417600677,1.0,0.7819666253354343
2023-09-07 14:00:00,1.147868404932669,0.8533467260234605,1.548087045708589,1.0,0.7824484773750502
2023-09-07 15:00:00,1.147868404932669,0.8533467260234605,1.555742403552763,1.0,0.7786088136379837
2023-09-07 16:00:00,1.147868404932669,0.8533467260234605,1.5561532672728922,1.0,0.7784027385518586
2023-09-07 17:00:00,1.147868404932669,0.8533467260234605,1.5591259871302983,1.0,0.776911724693424
2023-09-07 18:00:00,1.147868404932669,0.8533467260234605,1.5653554061810822,1.0,0.7737872627258505
2023-09-07 19:00:00,1.147868404932669,0.8533467260234605,1.56359715114347,1.0,0.7746691428738272
2023-09-07 20:00:00,1.147868404932669,0.8533467260234605,1.5622195492583306,1.0,0.7753601005155408
2023-09-07 21:00:00,1.147868404932669,0.8533467260234605,1.5697359384912843,1.0,0.7715901386458401
2023-09-07 22:00:00,1.147868404932669,0.8533467260234605,1.5792885199842905,1.0,0.7667988928934313
2023-09-07 23:00:00,1.147868404932669,0.8533467260234605,1.5890586175644241,1.0,0.7618985485660149
2023-09-08 00:00:00,1.147868404932669,0.8533467260234605,1.584792885411317,1.0,0.7640380928425491
2023-09-08 01:00:00,1.147868404932669,0.8533467260234605,1.5910283465756323,1.0,0.7609106003590033
2023-09-08 02:00:00,1.147868404932669,0.8527493833152441,1.5843216005558747,1.0,0.7631833759462548
2023-09-08 03:00:00,1.147868404932669,0.8528144425901258,1.584442442826501,1.0,0.7632416019127726
2023-09-08 04:00:00,1.147868404932669,0.8528372133363344,1.5844847376212199,1.0,0.7632619810010537
2023-09-08 05:00:00,1.147868404932669,0.8560413826242633,1.5904362194495634,1.0,0.7661296098520509
2023-09-08 06:00:00,1.147868404932669,0.8525119169619254,1.5838805262680886,1.0,0.7629708511684651
2023-09-08 07:00:00,1.147868404932669,0.8520499961102647,1.5830225461466423,1.0,0.7625574468061894
2023-09-08 08:00:00,1.147868404932669,0.8531104622908381,1.5849922751578502,1.0,0.7635065300604281
2023-09-08 09:00:00,1.147868404932669,0.8511749488631043,1.5813972176067188,1.0,0.7617743075565262
2023-09-08 10:00:00,1.147868404932669,0.8462206850808549,1.5721950786985288,1.0,0.7573404002062025
2023-09-08 11:00:00,1.147868404932669,0.839308137124663,1.5593555874444882,1.0,0.7511538912636958
2023-09-08 12:00:00,1.147868404932669,0.8396074097891193,1.559911461889369,1.0,0.7514217307096773
2023-09-08 13:00:00,1.147868404932669,0.8399457180185046,1.5605398416966254,1.0,0.7517245057355694
2023-09-08 14:00:00,1.147868404932669,0.8410517256914953,1.562594160297272,1.0,0.7527143471663704
2023-09-08 15:00:00,1.147868404932669,0.8391780185748994,1.5591139029032357,1.0,0.7510374393306604
2023-09-08 16:00:00,1.147868404932669,0.8396399394265602,1.5599718830246823,1.0,0.7514508436929361
2023-09-08 17:00:00,1.147868404932669,0.8380687579381645,1.5570535421890577,1.0,0.7500446866015333
2023-09-08 18:00:00,1.147868404932669,0.8391519948649467,1.5590655659949852,1.0,0.7510141489440533
2023-09-08 19:00:00,1.147868404932669,0.83819237056044,1.5572831425032478,1.0,0.7501553159379171
2023-09-08 20:00:00,1.147868404932669,0.8413867809571366,1.5632164979909973,1.0,0.7530142108939366
2023-09-08 21:00:00,1.147868404932669,0.8417153302952898,1.56382675145766,1.0,0.7533082520248511
2023-09-08 22:00:00,1.147868404932669,0.8412143738786999,1.5628962659738377,1.0,0.7528599120826647
2023-09-08 23:00:00,1.147868404932669,0.8415949706367585,1.5636031932570014,1.0,0.7532005339867933
2023-09-09 00:00:00,1.147868404932669,0.8419170140474235,1.5642013624966016,1.0,0.753488752521056
2023-09-09 01:00:00,1.147868404932669,0.8401766784443351,1.560968831757349,1.0,0.7519312079167072
2023-09-09 02:00:00,1.147868404932669,0.8398644449964332,1.5614824114075105,1.0,0.7511256127465166
2023-09-09 03:00:00,1.147868404932669,0.8398644449964332,1.5628600132926498,1.0,0.7504627728077485
2023-09-09 04:00:00,1.147868404932669,0.8398644449964332,1.5621651702365489,1.0,0.7507970999698464
2023-09-09 05:00:00,1.147868404932669,0.8398644449964332,1.5618570224464519,1.0,0.7509453667982552
2023-09-09 06:00:00,1.147868404932669,0.8398644449964332,1.559911461889369,1.0,0.7518814828521292
2023-09-09 07:00:00,1.147868404932669,0.8398644449964332,1.5624431074589893,1.0,0.7506633691050073
2023-09-09 08:00:00,1.147868404932669,0.8398644449964332,1.5624551916860518,1.0,0.7506575547195795
2023-09-09 09:00:00,1.147868404932669,0.8398644449964332,1.5617905591976073,1.0,0.7509773459181079
2023-09-09 10:00:00,1.147868404932669,0.8398644449964332,1.5624612337995831,1.0,0.7506546475268657
2023-09-09 11:00:00,1.147868404932669,0.8398644449964332,1.5616334642457934,1.0,0.7510529329286691
2023-09-09 12:00:00,1.147868404932669,0.8398644449964332,1.5612286426391953,1.0,0.7512477148405001
2023-09-09 13:00:00,1.147868404932669,0.8398644449964332,1.5605881786048759,1.0,0.7515558772681731
2023-09-09 14:00:00,1.147868404932669,0.8398644449964332,1.558926597383765,1.0,0.7523553552644942
2023-09-09 15:00:00,1.147868404932669,0.8398644449964332,1.5601773148847466,1.0,0.751753566372718
2023-09-09 16:00:00,1.147868404932669,0.8398644449964332,1.563113782060965,1.0,0.750340670713765
2023-09-09 17:00:00,1.147868404932669,0.8398644449964332,1.563210455877466,1.0,0.7502941556303426
2023-09-09 18:00:00,1.147868404932669,0.8398644449964332,1.5622980967342377,1.0,0.7507331417301407
2023-09-09 19:00:00,1.147868404932669,0.8398644449964332,1.5614099060451347,1.0,0.7511604990590833
2023-09-09 20:00:00,1.147868404932669,0.8398644449964332,1.561669716926981,1.0,0.7510354897723859
2023-09-09 21:00:00,1.147868404932669,0.8398644449964332,1.5612105162986014,1.0,0.7512564364186418
2023-09-09 22:00:00,1.147868404932669,0.8398644449964332,1.5627935500438053,1.0,0.7504947519276015
2023-09-09 23:00:00,1.147868404932669,0.8398644449964332,1.5641469834748196,1.0,0.749843540759689
2023-09-10 00:00:00,1.147868404932669,0.8398644449964332,1.5637602882088155,1.0,0.7500296010933782
2023-09-10 01:00:00,1.147868404932669,0.8398644449964332,1.5619234856952964,1.0,0.7509133876784022
2023-09-10 02:00:00,1.147868404932669,0.8392765398849357,1.5606002628319386,1.0,0.7504984868169196
2023-09-10 03:00:00,1.147868404932669,0.8393480445415764,1.5607331893296277,1.0,0.7504345458700934
2023-09-10 04:00:00,1.147868404932669,0.8396275627448081,1.5612528110933204,1.0,0.7501845948961368
2023-09-10 05:00:00,1.147868404932669,0.838662249880159,1.5594583033745206,1.0,0.7510477976782893
2023-09-10 06:00:00,1.147868404932669,0.8391237799366579,1.560316283495967,1.0,0.7506350879305935
2023-09-10 07:00:00,1.147868404932669,0.8393317934832489,1.560702978761971,1.0,0.7504490779034629
2023-09-10 08:00:00,1.147868404932669,0.8393675458115692,1.5607694420108154,1.0,0.75041710743005
2023-09-10 09:00:00,1.147868404932669,0.8395853099931568,1.5611742636174133,1.0,0.7502223781828977
2023-09-10 10:00:00,1.147868404932669,0.8385159903552122,1.5591864082656115,1.0,0.7511785859786155
2023-09-10 11:00:00,1.147868404932669,0.8376741855338514,1.5576215008610013,1.0,0.7519313453071594
2023-09-10 12:00:00,1.147868404932669,0.8374141686006126,1.5571381317784962,1.0,0.7521638578410725
2023-09-10 13:00:00,1.147868404932669,0.8376481838405275,1.5575731639527508,1.0,0.7519545965605507
2023-09-10 14:00:00,1.147868404932669,0.8379537037370831,1.5581411226246942,1.0,0.7516813943332028
2023-09-10 15:00:00,1.147868404932669,0.8367251237275296,1.5558572037098577,1.0,0.7527800160559425
2023-09-10 16:00:00,1.147868404932669,0.8367998785958357,1.555996172321078,1.0,0.7527131687024425
2023-09-10 17:00:00,1.147868404932669,0.8373556647906338,1.5570293737349326,1.0,0.752216173161203
2023-09-10 18:00:00,1.147868404932669,0.8342387118034332,1.551234986858403,1.0,0.7550034171614871
2023-09-10 19:00:00,1.147868404932669,0.8352657786897267,1.5531442947342982,1.0,0.75408499265253
2023-09-10 20:00:00,1.147868404932669,0.8375344264322355,1.557361689979155,1.0,0.7520563207941378
2023-09-10 21:00:00,1.147868404932669,0.838194219400329,1.5585882390260113,1.0,0.7514663202393331
2023-09-10 22:00:00,1.147868404932669,0.8409894014326466,1.5637844566629409,1.0,0.7489668104997665
2023-09-10 23:00:00,1.147868404932669,0.839211535651626,1.5604794205613124,1.0,0.7505566149503978
2023-09-11 00:00:00,1.147868404932669,0.8388897646967429,1.5598812513217124,1.0,0.7508443492111153
2023-09-11 01:00:00,1.147868404932669,0.8352235259380753,1.553065747258391,1.0,0.7541227759392911
2023-09-11 02:00:00,1.147868404932669,0.8327689284829292,1.550673070299991,1.0,0.7542230127607567
2023-09-11 03:00:00,1.147868404932669,0.8343138563647484,1.553549116340896,1.0,0.7528238009005753
2023-09-11 04:00:00,1.147868404932669,0.8344371909435492,1.553778716655086,1.0,0.7527120991134179
2023-09-11 05:00:00,1.147868404932669,0.8357581691954409,1.5562378568623305,1.0,0.7515157141825486
2023-09-11 06:00:00,1.147868404932669,0.8395458390233467,1.563289003353373,1.0,0.7480852935085324
2023-09-11 07:00:00,1.147868404932669,0.8377574876307365,1.5599597987976195,1.0,0.7497049694223138
2023-09-11 08:00:00,1.147868404932669,0.8368389695833524,1.5582498806682579,1.0,0.7505368537845645
2023-09-11 09:00:00,1.147868404932669,0.8365728265448877,1.5577544273586903,1.0,0.7507778944831671
2023-09-11 10:00:00,1.147868404932669,0.8344306996499281,1.5537666324280235,1.0,0.7527179781548472
2023-09-11 11:00:00,1.147868404932669,0.833482970781249,1.55200233527688,1.0,0.75357631820353
2023-09-11 12:00:00,1.147868404932669,0.8300360938684505,1.5455856107066253,1.0,0.7566980892025061
2023-09-11 13:00:00,1.147868404932669,0.8338464832240301,1.552679051992387,1.0,0.7532470918834873
2023-09-11 14:00:00,1.147868404932669,0.8304904844219267,1.546431506601009,1.0,0.7562865563024528
2023-09-11 15:00:00,1.147868404932669,0.8153333138166825,1.5182148364097763,1.0,0.7700141180399467
2023-09-11 16:00:00,1.147868404932669,0.8141518983776442,1.5160155070843784,1.0,0.7710841035800853
2023-09-11 17:00:00,1.147868404932669,0.816521220549342,1.520426249962237,1.0,0.7689382534583785
2023-09-11 18:00:00,1.147868404932669,0.8176474599926009,1.5225228633576025,1.0,0.7679182397703893
2023-09-11 19:00:00,1.147868404932669,0.8156903349658424,1.5188794688982206,1.0,0.7696907707613333
2023-09-11 20:00:00,1.147868404932669,0.8110944990821111,1.5103238361378812,1.0,0.7738531320933014
2023-09-11 21:00:00,1.147868404932669,0.8136293492411465,1.5150427268058366,1.0,0.7715573664151467
2023-09-11 22:00:00,1.147868404932669,0.815300857348577,1.518154415274463,1.0,0.7700435132470933
2023-09-11 23:00:00,1.147868404932669,0.8153625246379774,1.518269215431558,1.0,0.7699876623535147
2023-09-12 00:00:00,1.147868404932669,0.8157098088467057,1.5189157215794087,1.0,0.7696731336370453
2023-09-12 01:00:00,1.147868404932669,0.8170892087411873,1.5214836198302168,1.0,0.7684238373333119
2023-09-12 02:00:00,1.147868404932669,0.8139131036472855,1.5176952146460834,1.0,0.76921099674203
2023-09-12 03:00:00,1.147868404932669,0.816019788461755,1.521622588441437,1.0,0.76722001623232
2023-09-12 04:00:00,1.147868404932669,0.835239236076838,1.5574523216821246,1.0,0.7490561478898882
2023-09-12 05:00:00,1.147868404932669,0.834072456794978,1.5552771608108518,1.0,0.7501588447875738
2023-09-12 06:00:00,1.147868404932669,0.8344678653293862,1.556014298661672,1.0,0.7497851530611359
2023-09-12 07:00:00,1.147868404932669,0.8340919031163423,1.5553134134920394,1.0,0.7501404665059458
2023-09-12 08:00:00,1.147868404932669,0.8359522678601969,1.5587815866590133,1.0,0.7483822775635248
2023-09-12 09:00:00,1.147868404932669,0.8342604379014998,1.555627603395668,1.0,0.7499811880651689
2023-09-12 10:00:00,1.147868404932669,0.8375987230690438,1.5618509803329206,1.0,0.746826249719013
2023-09-12 11:00:00,1.147868404932669,0.8469426804846061,1.5792703936436967,1.0,0.7379954853967144
2023-09-12 12:00:00,1.147868404932669,0.8449299862233977,1.5755182411407511,1.0,0.739897637545222
2023-09-12 13:00:00,1.147868404932669,0.8457045980244101,1.5769623062747349,1.0,0.7391655693270364
2023-09-12 14:00:00,1.147868404932669,0.8504851520264756,1.585874423733422,1.0,0.7346475750934636
2023-09-12 15:00:00,1.147868404932669,0.8452573326330305,1.5761284946074137,1.0,0.7395882698044824
2023-09-12 16:00:00,1.147868404932669,0.8483363335157167,1.5818685024621613,1.0,0.7366783752133678
2023-09-12 17:00:00,1.147868404932669,0.8451633420797696,1.5759532733150057,1.0,0.7396770981656848
2023-09-12 18:00:00,1.147868404932669,0.838577521244382,1.5636756986193772,1.0,0.7459012095437323
2023-09-12 19:00:00,1.147868404932669,0.8411152661824275,1.5684066735143953,1.0,0.7435028437912662
2023-09-12 20:00:00,1.147868404932669,0.8437923764235841,1.57339745929126,1.0,0.7409727670204654
2023-09-12 21:00:00,1.147868404932669,0.8442558470827675,1.5742614815262381,1.0,0.7405347513083291
2023-09-12 22:00:00,1.147868404932669,0.8450207357230978,1.5756874203196278,1.0,0.7398118722309576
2023-09-12 23:00:00,1.147868404932669,0.8407133755408979,1.5676574514365125,1.0,0.7438826616115801
2023-09-13 00:00:00,1.147868404932669,0.8364578722156696,1.5597241563698983,1.0,0.7479044422411945
2023-09-13 01:00:00,1.147868404932669,0.839206285635162,1.5648478686444518,1.0,0.7453069784377574
2023-09-13 02:00:00,1.147868404932669,0.8397358229024432,1.566932397812755,1.0,0.7431733440794803
2023-09-13 03:00:00,1.147868404932669,0.8397358229024432,1.5640926044530377,1.0,0.7418261295880338
2023-09-13 04:00:00,1.147868404932669,0.8397358229024432,1.5622920546207064,1.0,0.7409719382721807
2023-09-13 05:00:00,1.147868404932669,0.8397358229024432,1.5649868372556721,1.0,0.7422503588321491
2023-09-13 06:00:00,1.147868404932669,0.8397358229024432,1.5633856771698742,1.0,0.7414907591720782
2023-09-13 07:00:00,1.147868404932669,0.8397358229024432,1.5669686504939428,1.0,0.74319054256235
2023-09-13 08:00:00,1.147868404932669,0.8397358229024432,1.5621349596688923,1.0,0.7408974115130794
2023-09-13 09:00:00,1.147868404932669,0.8397358229024432,1.566642376363252,1.0,0.7430357562165241
2023-09-13 10:00:00,1.147868404932669,0.8397358229024432,1.5788051509017855,1.0,0.748805847219251
2023-09-13 11:00:00,1.147868404932669,0.8397358229024432,1.5789018247182867,1.0,0.7488517098402365
2023-09-13 12:00:00,1.147868404932669,0.8397358229024432,1.5814153439473129,1.0,0.7500441379858572
2023-09-13 13:00:00,1.147868404932669,0.8397358229024432,1.582629808767107,1.0,0.7506202871619865
2023-09-13 14:00:00,1.147868404932669,0.8397358229024432,1.5769381378206098,1.0,0.7479201253514703
2023-09-13 15:00:00,1.147868404932669,0.8397358229024432,1.582424376907042,1.0,0.7505228290923924
2023-09-13 16:00:00,1.147868404932669,0.8397358229024432,1.584098042355216,1.0,0.7513168257182024
2023-09-13 17:00:00,1.147868404932669,0.8397358229024432,1.586297371680614,1.0,0.7523602003456205
2023-09-13 18:00:00,1.147868404932669,0.8397358229024432,1.5751194616476845,1.0,0.7470573347941822
2023-09-13 19:00:00,1.147868404932669,0.8397358229024432,1.5762130841968522,1.0,0.7475761556940798
2023-09-13 20:00:00,1.147868404932669,0.8397358229024432,1.5780680130509654,1.0,0.7484561447342374
2023-09-13 21:00:00,1.147868404932669,0.8397358229024432,1.582575429745325,1.0,0.7505944894376821
2023-09-13 22:00:00,1.147868404932669,0.8397358229024432,1.5831856832119875,1.0,0.7508839972326525
2023-09-13 23:00:00,1.147868404932669,0.8397358229024432,1.5840013685387149,1.0,0.7512709630972169
2023-09-14 00:00:00,1.147868404932669,0.8397358229024432,1.5829319144436726,1.0,0.7507636078525659
2023-09-14 01:00:00,1.147868404932669,0.8397358229024432,1.601299939578865,1.0,0.7594775058397939
2023-09-14 02:00:00,1.147868404932669,0.8397358229024432,1.5800558684027672,1.0,0.7483500390560871
2023-09-14 03:00:00,1.147868404932669,0.8397358229024432,1.586798867103713,1.0,0.7515444969751214
2023-09-14 04:00:00,1.147868404932669,0.8397358229024432,1.585584402283919,1.0,0.7509691510595964
2023-09-14 05:00:00,1.147868404932669,0.8397358229024432,1.5824304190205734,1.0,0.7494749691297254
2023-09-14 06:00:00,1.147868404932669,0.8397358229024432,1.5812461647684362,1.0,0.7489139353016514
2023-09-14 07:00:00,1.147868404932669,0.8397358229024432,1.5872157729373735,1.0,0.7517420037819433
2023-09-14 08:00:00,1.147868404932669,0.8397358229024432,1.5903214192924686,1.0,0.7532132863718929
2023-09-14 09:00:00,1.147868404932669,0.8397358229024432,1.587958952901725,1.0,0.7520940811332347
2023-09-14 10:00:00,1.147868404932669,0.8397358229024432,1.5870345095314342,1.0,0.7516561312572382
2023-09-14 11:00:00,1.147868404932669,0.8397358229024432,1.589614492009305,1.0,0.7528783835255425
2023-09-14 12:00:00,1.147868404932669,0.8397358229024432,1.5963272801425938,1.0,0.7560585293571258
2023-09-14 13:00:00,1.147868404932669,0.8397358229024432,1.5973423552158548,1.0,0.7565394154954752
2023-09-14 14:00:00,1.147868404932669,0.8397358229024432,1.6047258179511192,1.0,0.7600372896684678
2023-09-14 15:00:00,1.147868404932669,0.8397358229024432,1.6136318932962752,1.0,0.7642564930489844
2023-09-14 16:00:00,1.147868404932669,0.8397358229024432,1.6113358901543762,1.0,0.7631687744027182
2023-09-14 17:00:00,1.147868404932669,0.8397358229024432,1.6069613999577053,1.0,0.7610963841398322
2023-09-14 18:00:00,1.147868404932669,0.8397358229024432,1.6084054650916892,1.0,0.7617805019199838
2023-09-14 19:00:00,1.147868404932669,0.8397358229024432,1.6045687229993053,1.0,0.7599628668137233
2023-09-14 20:00:00,1.147868404932669,0.8397358229024432,1.6102483097187397,1.0,0.762653539254487
2023-09-14 21:00:00,1.147868404932669,0.8397358229024432,1.6037409534455154,1.0,0.7595707156175694
2023-09-14 22:00:00,1.147868404932669,0.8397358229024432,1.601958529953778,1.0,0.7587263024579681
2023-09-14 23:00:00,1.147868404932669,0.8397358229024432,1.6057711035920366,1.0,0.760532487894268
2023-09-15 00:00:00,1.147868404932669,0.8397358229024432,1.6010824234917373,1.0,0.7583112519218929
2023-09-15 01:00:00,1.147868404932669,0.8397358229024432,1.5982305459049575,1.0,0.7569601908665307
2023-09-15 02:00:00,1.147868404932669,0.8397358229024432,1.599855874444881,1.0,0.7566693635140173
2023-09-15 03:00:00,1.147868404932669,0.8397358229024432,1.6062605147880729,1.0,0.759699304500359
2023-09-15 04:00:00,1.147868404932669,0.8397358229024432,1.606665336394671,1.0,0.7598908196381751
2023-09-15 05:00:00,1.147868404932669,0.8397358229024432,1.6080731488474669,1.0,0.7605568349681917
2023-09-15 06:00:00,1.147868404932669,0.8397358229024432,1.6051306395577174,1.0,0.7591647771754101
2023-09-15 07:00:00,1.147868404932669,0.8397358229024432,1.6041941119603638,1.0,0.75872171976703
2023-09-15 08:00:00,1.147868404932669,0.8397358229024432,1.6037469955590467,1.0,0.7585101955849646
2023-09-15 09:00:00,1.147868404932669,0.8397358229024432,1.6076441587867438,1.0,0.7603538860908047
2023-09-15 10:00:00,1.147868404932669,0.8397358229024432,1.6065686625781699,1.0,0.7598450846798906
2023-09-15 11:00:00,1.147868404932669,0.8397358229024432,1.6080671067339356,1.0,0.7605539765332989
2023-09-15 12:00:00,1.147868404932669,0.8397358229024432,1.5953424156369898,1.0,0.7545341126491141
2023-09-15 13:00:00,1.147868404932669,0.8397358229024432,1.5915479683393252,1.0,0.7527390155364512
2023-09-15 14:00:00,1.147868404932669,0.8397358229024432,1.5915117156581373,1.0,0.7527218649270946
2023-09-15 15:00:00,1.147868404932669,0.8397358229024432,1.583965115857527,1.0,0.7491516797460182
2023-09-15 16:00:00,1.147868404932669,0.8397358229024432,1.5890465333373613,1.0,0.7515556234908422
2023-09-15 17:00:00,1.147868404932669,0.8397358229024432,1.5923576115525213,1.0,0.7531220458120831
2023-09-15 18:00:00,1.147868404932669,0.8397358229024432,1.5897413763934625,1.0,0.7518843435035113
2023-09-15 19:00:00,1.147868404932669,0.8397358229024432,1.590406008881907,1.0,0.7521987713417166
2023-09-15 20:00:00,1.147868404932669,0.8397358229024432,1.593626455394097,1.0,0.753722317139566
2023-09-15 21:00:00,1.147868404932669,0.8397358229024432,1.5946052777861697,1.0,0.7541853835921954
2023-09-15 22:00:00,1.147868404932669,0.8397358229024432,1.597813640071297,1.0,0.7557032125202592
2023-09-15 23:00:00,1.147868404932669,0.8397358229024432,1.6164233497477418,1.0,0.7645071919900073
2023-09-16 00:00:00,1.147868404932669,0.8397358229024432,1.6059644512250386,1.0,0.759559241190613
2023-09-16 01:00:00,1.147868404932669,0.8397358229024432,1.6076622851273377,1.0,0.760362461395483
2023-09-16 02:00:00,1.147868404932669,0.8397358229024432,1.6089311289689134,1.0,0.7598973870009046
2023-09-16 03:00:00,1.147868404932669,0.8397358229024432,1.6099401619286429,1.0,0.7603740792098957
2023-09-16 04:00:00,1.147868404932669,0.8397358229024432,1.6066472100540772,1.0,0.7588184070308529
2023-09-16 05:00:00,1.147868404932669,0.8397358229024432,1.6029131838917252,1.0,0.7570543604131491
2023-09-16 06:00:00,1.147868404932669,0.8397358229024432,1.601861856137277,1.0,0.7565576870936015
2023-09-16 07:00:00,1.147868404932669,0.8397358229024432,1.5989858100963716,1.0,0.7551989715757585
2023-09-16 08:00:00,1.147868404932669,0.8397358229024432,1.5996141899036285,1.0,0.7554958337897411
2023-09-16 09:00:00,1.147868404932669,0.8397358229024432,1.6002486118244164,1.0,0.7557955504480888
2023-09-16 10:00:00,1.147868404932669,0.8397358229024432,1.5996746110389415,1.0,0.7555243782333932
2023-09-16 11:00:00,1.147868404932669,0.8397358229024432,1.6023875200145012,1.0,0.7568060237533754
2023-09-16 12:00:00,1.147868404932669,0.8397358229024432,1.6011005498323314,1.0,0.7561980271035842
2023-09-16 13:00:00,1.147868404932669,0.8397358229024432,1.6027560889399113,1.0,0.7569801448596535
2023-09-16 14:00:00,1.147868404932669,0.8397358229024432,1.6026292045557538,1.0,0.756920201527984
2023-09-16 15:00:00,1.147868404932669,0.8397358229024432,1.5997108637201294,1.0,0.7555415048995845
2023-09-16 16:00:00,1.147868404932669,0.8397358229024432,1.6000733905320081,1.0,0.7557127715614974
2023-09-16 17:00:00,1.147868404932669,0.8397358229024432,1.601299939578865,1.0,0.7562922237676364
2023-09-16 18:00:00,1.147868404932669,0.8397358229024432,1.6037590797861092,1.0,0.7574539826242794
2023-09-16 19:00:00,1.147868404932669,0.8397358229024432,1.6046472704752122,1.0,0.7578735859459662
2023-09-16 20:00:00,1.147868404932669,0.8397358229024432,1.6019162351590586,1.0,0.7565833770928884
2023-09-16 21:00:00,1.147868404932669,0.8397358229024432,1.6014147397359597,1.0,0.7563464582105754
2023-09-16 22:00:00,1.147868404932669,0.8397358229024432,1.6037409534455154,1.0,0.7574454192911837
2023-09-16 23:00:00,1.147868404932669,0.8397358229024432,1.6031790368871033,1.0,0.7571799559652187
2023-09-17 00:00:00,1.147868404932669,0.8397358229024432,1.6032998791577295,1.0,0.757237044852523
2023-09-17 01:00:00,1.147868404932669,0.8397358229024432,1.597565913416513,1.0,0.7545281771499327
2023-09-17 02:00:00,1.147868404932669,0.8397358229024432,1.5993664632488447,1.0,0.7543212690344613
2023-09-17 03:00:00,1.147868404932669,0.8397358229024432,1.5999888009425698,1.0,0.7540276741059581
2023-09-17 04:00:00,1.147868404932669,0.8397358229024432,1.6011307603999878,1.0,0.7534889416643356
2023-09-17 05:00:00,1.147868404932669,0.8397358229024432,1.6029071417781942,1.0,0.7526509134218116
2023-09-17 06:00:00,1.147868404932669,0.8397358229024432,1.6021639618138426,1.0,0.7530015170742961
2023-09-17 07:00:00,1.147868404932669,0.8397358229024432,1.6025264886257213,1.0,0.7528304909023524
2023-09-17 08:00:00,1.147868404932669,0.8397358229024432,1.5994087580435636,1.0,0.754301315981068
2023-09-17 09:00:00,1.147868404932669,0.8397358229024432,1.6027742152805051,1.0,0.752713623018191
2023-09-17 10:00:00,1.147868404932669,0.8397358229024432,1.604369333252772,1.0,0.7519611078616388
2023-09-17 11:00:00,1.147868404932669,0.8397358229024432,1.6054629558019395,1.0,0.7514451789096088
2023-09-17 12:00:00,1.147868404932669,0.8397358229024432,1.6037167849913903,1.0,0.7522689549711374
2023-09-17 13:00:00,1.147868404932669,0.8397358229024432,1.6043330805715839,1.0,0.7519782104788333
2023-09-17 14:00:00,1.147868404932669,0.8397358229024432,1.6022425092897497,1.0,0.7529644614037083
2023-09-17 15:00:00,1.147868404932669,0.8397358229024432,1.6020310353161538,1.0,0.7530642266706754
2023-09-17 16:00:00,1.147868404932669,0.8397358229024432,1.602689625691067,1.0,0.7527535291249777
2023-09-17 17:00:00,1.147868404932669,0.8397358229024432,1.6000613063049456,1.0,0.7539934688715693
2023-09-17 18:00:00,1.147868404932669,0.8397358229024432,1.598375556629709,1.0,0.7547887405711073
2023-09-17 19:00:00,1.147868404932669,0.8397358229024432,1.5995960635630344,1.0,0.754212952458897
2023-09-17 20:00:00,1.147868404932669,0.8397358229024432,1.5999283798072568,1.0,0.7540561784679486
2023-09-17 21:00:00,1.147868404932669,0.8397358229024432,1.595650563427087,1.0,0.7560742872968838
2023-09-17 22:00:00,1.147868404932669,0.8397358229024432,1.5990220627775598,1.0,0.7544837438978078
2023-09-17 23:00:00,1.147868404932669,0.8397358229024432,1.5994148001570951,1.0,0.7542984655448688
2023-09-18 00:00:00,1.147868404932669,0.8397358229024432,1.6013180659194588,1.0,0.7534005781421647
2023-09-18 01:00:00,1.147868404932669,0.8397358229024432,1.5974390290323557,1.0,0.7552305581819617
2023-09-18 02:00:00,1.147868404932669,0.8397358229024432,1.5974148605782303,1.0,0.7541859096989713
2023-09-18 03:00:00,1.147868404932669,0.8397358229024432,1.6094326243920125,1.0,0.7598613322497295
2023-09-18 04:00:00,1.147868404932669,0.8397358229024432,1.6092936557807922,1.0,0.7597957039346629
2023-09-18 05:00:00,1.147868404932669,0.8397358229024432,1.6073178846560527,1.0,0.7588626404987162
2023-09-18 06:00:00,1.147868404932669,0.8397358229024432,1.6086169390652851,1.0,0.7594761225743387
2023-09-18 07:00:00,1.147868404932669,0.8397358229024432,1.6071789160448327,1.0,0.7587970121836497
2023-09-18 08:00:00,1.147868404932669,0.8397358229024432,1.6126530709042024,1.0,0.7613821971162725
2023-09-18 09:00:00,1.147868404932669,0.8397358229024432,1.6131606084408328,1.0,0.7616218831365158
2023-09-18 10:00:00,1.147868404932669,0.8397358229024432,1.6221210628077702,1.0,0.7658534827558091
2023-09-18 11:00:00,1.147868404932669,0.8397358229024432,1.6377278420591523,1.0,0.7732238278782869
2023-09-18 12:00:00,1.147868404932669,0.8397358229024432,1.6418243950333826,1.0,0.7751584364702497
2023-09-18 13:00:00,1.147868404932669,0.8397358229024432,1.6520959880366153,1.0,0.7800092249751712
2023-09-18 14:00:00,1.147868404932669,0.8397358229024432,1.645189852270324,1.0,0.7767477830568623
2023-09-18 15:00:00,1.147868404932669,0.8397358229024432,1.6455765475363284,1.0,0.7769304009770476
2023-09-18 16:00:00,1.147868404932669,0.8397358229024432,1.6463076432736172,1.0,0.7772756629823978
2023-09-18 17:00:00,1.147868404932669,0.8397358229024432,1.6445735566901303,1.0,0.7764567357465669
2023-09-18 18:00:00,1.147868404932669,0.8397358229024432,1.6154324431286065,1.0,0.7626947634176042
2023-09-18 19:00:00,1.147868404932669,0.8397358229024432,1.6123811757952933,1.0,0.7612537938911422
2023-09-18 20:00:00,1.147868404932669,0.8397358229024432,1.618779774024954,1.0,0.7642755497892081
2023-09-18 21:00:00,1.147868404932669,0.8397358229024432,1.6160185281411439,1.0,0.7629715437028851
2023-09-18 22:00:00,1.147868404932669,0.8397358229024432,1.6200969547747803,1.0,0.7648975920798392
2023-09-18 23:00:00,1.147868404932669,0.8397358229024432,1.622157315488958,1.0,0.7658706031858264
2023-09-19 00:00:00,1.147868404932669,0.8397358229024432,1.6155593275127642,1.0,0.7627546849226651
2023-09-19 01:00:00,1.147868404932669,0.8397358229024432,1.6105322890547114,1.0,0.7603806519602564
2023-09-19 02:00:00,1.147868404932669,0.8397358229024432,1.6117709223286307,1.0,0.759900251467918
2023-09-19 03:00:00,1.147868404932669,0.8397358229024432,1.61913021660977,1.0,0.76337085479492
2023-09-19 04:00:00,1.147868404932669,0.8397358229024432,1.6188945741820489,1.0,0.7632597271021834
2023-09-19 05:00:00,1.147868404932669,0.8397358229024432,1.6214926830005136,1.0,0.7644849811503039
2023-09-19 06:00:00,1.147868404932669,0.8397358229024432,1.6175532249780975,1.0,0.762627154081991
2023-09-19 07:00:00,1.147868404932669,0.8397358229024432,1.619607543578744,1.0,0.7635959596084119
2023-09-19 08:00:00,1.147868404932669,0.8397358229024432,1.6207615872632248,1.0,0.764140200360019
2023-09-19 09:00:00,1.147868404932669,0.8397358229024432,1.6337762998096736,1.0,0.7702778683126974
2023-09-19 10:00:00,1.147868404932669,0.8397358229024432,1.6475039817528172,1.0,0.7767517687716042
2023-09-19 11:00:00,1.147868404932669,0.8397358229024432,1.6402292770611162,1.0,0.7733210574368666
2023-09-19 12:00:00,1.147868404932669,0.8397358229024432,1.6442291562188456,1.0,0.7752073787853686
2023-09-19 13:00:00,1.147868404932669,0.8397358229024432,1.6382172532551889,1.0,0.772372197906578
2023-09-19 14:00:00,1.147868404932669,0.8397358229024432,1.6282054711338028,1.0,0.7676506956792853
2023-09-19 15:00:00,1.147868404932669,0.8397358229024432,1.6399513398386756,1.0,0.7731899837479979
2023-09-19 16:00:00,1.147868404932669,0.8397358229024432,1.655642708679496,1.0,0.7805899483130424
2023-09-19 17:00:00,1.147868404932669,0.8397358229024432,1.647268339325096,1.0,0.7766406410788678
2023-09-19 18:00:00,1.147868404932669,0.8397358229024432,1.6380964109845626,1.0,0.7723152093462002
2023-09-19 19:00:00,1.147868404932669,0.8397358229024432,1.6373773994743361,1.0,0.7719761274119529
2023-09-19 20:00:00,1.147868404932669,0.8397358229024432,1.6410691308419685,1.0,0.7737171279314916
2023-09-19 21:00:00,1.147868404932669,0.8397358229024432,1.6410328781607808,1.0,0.7737000313633784
2023-09-19 22:00:00,1.147868404932669,0.8397358229024432,1.6394800549832331,1.0,0.7729677283625248
2023-09-19 23:00:00,1.147868404932669,0.8397358229024432,1.6411295519772817,1.0,0.7737456222116804
2023-09-20 00:00:00,1.147868404932669,0.8397358229024432,1.6425071538624212,1.0,0.7743952917999863
2023-09-20 01:00:00,1.147868404932669,0.8397358229024432,1.6422715114347,1.0,0.7742841641072498
2023-09-20 02:00:00,1.147868404932669,0.8397358229024432,1.650603585994381,1.0,0.7771240353833131
2023-09-20 03:00:00,1.147868404932669,0.8397358229024432,1.6398546660221747,1.0,0.7720619162778297
2023-09-20 04:00:00,1.147868404932669,0.8397358229024432,1.637099462251896,1.0,0.7707643747870482
2023-09-20 05:00:00,1.147868404932669,0.8397358229024432,1.6339394368750189,1.0,0.7692761857526648
2023-09-20 06:00:00,1.147868404932669,0.8397358229024432,1.6314017491918673,1.0,0.7680810817479976
2023-09-20 07:00:00,1.147868404932669,0.8397358229024432,1.6336433733119846,1.0,0.7691367569521204
2023-09-20 08:00:00,1.147868404932669,0.8397358229024432,1.6360783450651037,1.0,0.7702834876994558
2023-09-20 09:00:00,1.147868404932669,0.8397358229024432,1.6410812150690313,1.0,0.7726395498800855
2023-09-20 10:00:00,1.147868404932669,0.8397358229024432,1.6331720884565422,1.0,0.7689148090655393
2023-09-20 11:00:00,1.147868404932669,0.8397358229024432,1.6348517960182474,1.0,0.7697058540972
2023-09-20 12:00:00,1.147868404932669,0.8397358229024432,1.6358366605238512,1.0,0.7701696682704399
2023-09-20 13:00:00,1.147868404932669,0.8397358229024432,1.634072363372708,1.0,0.7693387864386236
2023-09-20 14:00:00,1.147868404932669,0.8397358229024432,1.6395283918914836,1.0,0.7719082600486581
2023-09-20 15:00:00,1.147868404932669,0.8397358229024432,1.6373169783390231,1.0,0.7708668122731624
2023-09-20 16:00:00,1.147868404932669,0.8397358229024432,1.640863698981904,1.0,0.7725371123939712
2023-09-20 17:00:00,1.147868404932669,0.8397358229024432,1.6396975710703605,1.0,0.7719879336489693
2023-09-20 18:00:00,1.147868404932669,0.8397358229024432,1.6418002265792575,1.0,0.772978162681408
2023-09-20 19:00:00,1.147868404932669,0.8397358229024432,1.639939255611613,1.0,0.7721017530779853
2023-09-20 20:00:00,1.147868404932669,0.8397358229024432,1.6256254886559318,1.0,0.7653607973945169
2023-09-20 21:00:00,1.147868404932669,0.8397358229024432,1.6358547868644453,1.0,0.7701782047276161
2023-09-20 22:00:00,1.147868404932669,0.8397358229024432,1.6367369354400172,1.0,0.7705936456435243
2023-09-20 23:00:00,1.147868404932669,0.8397358229024432,1.63546204948491,1.0,0.7699932481554652
2023-09-21 00:00:00,1.147868404932669,0.8397358229024432,1.6371780097278028,1.0,0.7708013661014783
2023-09-21 01:00:00,1.147868404932669,0.8397358229024432,1.6326645509199118,1.0,0.7686757882646058
2023-09-21 02:00:00,1.147868404932669,0.8397358229024432,1.6316373916195885,1.0,0.7671165824366503
2023-09-21 03:00:00,1.147868404932669,0.8397358229024432,1.628078586749645,1.0,0.7687902135099948
2023-09-21 04:00:00,1.147868404932669,0.8397358229024432,1.6322959819945018,1.0,0.7668068612363199
2023-09-21 05:00:00,1.147868404932669,0.8397358229024432,1.6354197546901905,1.0,0.7653378166439277
2023-09-21 06:00:00,1.147868404932669,0.8397358229024432,1.6342415425515846,1.0,0.7658919050298397
2023-09-21 07:00:00,1.147868404932669,0.8397358229024432,1.6343321742545542,1.0,0.765849282846308
2023-09-21 08:00:00,1.147868404932669,0.8397358229024432,1.6293655569318148,1.0,0.7681849785038446
2023-09-21 09:00:00,1.147868404932669,0.8397358229024432,1.625631530769463,1.0,0.7699410124653504
2023-09-21 10:00:00,1.147868404932669,0.8397358229024432,1.6148705265701944,1.0,0.7750016863900132
2023-09-21 11:00:00,1.147868404932669,0.8397358229024432,1.6087196549953175,1.0,0.777894311912364
2023-09-21 12:00:00,1.147868404932669,0.8397358229024432,1.6139219147457782,1.0,0.7754477985776449
2023-09-21 13:00:00,1.147868404932669,0.8397358229024432,1.6083208755022507,1.0,0.7780818495199034
2023-09-21 14:00:00,1.147868404932669,0.8397358229024432,1.5949134255762667,1.0,0.7843870912036917
2023-09-21 15:00:00,1.147868404932669,0.8397358229024432,1.6046774810428688,1.0,0.7797952612978775
2023-09-21 16:00:00,1.147868404932669,0.8397358229024432,1.60454455454518,1.0,0.779857773833724
2023-09-21 17:00:00,1.147868404932669,0.8397358229024432,1.604526428204586,1.0,0.7798662982704303
2023-09-21 18:00:00,1.147868404932669,0.8397358229024432,1.6086834023141294,1.0,0.7779113607857767
2023-09-21 19:00:00,1.147868404932669,0.8397358229024432,1.6061155040633213,1.0,0.7791189893191747
2023-09-21 20:00:00,1.147868404932669,0.8397358229024432,1.6058436089544121,1.0,0.7792468558697697
2023-09-21 21:00:00,1.147868404932669,0.8397358229024432,1.6053058608501254,1.0,0.7794997474920577
2023-09-21 22:00:00,1.147868404932669,0.8397358229024432,1.6065082414428566,1.0,0.7789342931905373
2023-09-21 23:00:00,1.147868404932669,0.8397358229024432,1.605082302649467,1.0,0.7796048822114359
2023-09-22 00:00:00,1.147868404932669,0.8397358229024432,1.603638237515483,1.0,0.7802839956690409
2023-09-22 01:00:00,1.147868404932669,0.8397358229024432,1.608266496480469,1.0,0.7781074228300224
2023-09-22 02:00:00,1.147868404932669,0.8397358229024432,1.6074145584725537,1.0,0.7774341025579794
2023-09-22 03:00:00,1.147868404932669,0.8397358229024432,1.6039645116461738,1.0,0.7791031769955807
2023-09-22 04:00:00,1.147868404932669,0.8397358229024432,1.6075233165161176,1.0,0.7773814872517152
2023-09-22 05:00:00,1.147868404932669,0.8397358229024432,1.6083873387510952,1.0,0.7769634878741722
2023-09-22 06:00:00,1.147868404932669,0.8397358229024432,1.6097468142956408,1.0,0.7763057965458705
2023-09-22 07:00:00,1.147868404932669,0.8397358229024432,1.6069372315035801,1.0,0.7776650252910275
2023-09-22 08:00:00,1.147868404932669,0.8397358229024432,1.6101818464698954,1.0,0.7760953353208139
2023-09-22 09:00:00,1.147868404932669,0.8397358229024432,1.6101335095616447,1.0,0.7761187199013758
2023-09-22 10:00:00,1.147868404932669,0.8397358229024432,1.6080610646204043,1.0,0.7771213337929648
2023-09-22 11:00:00,1.147868404932669,0.8397358229024432,1.6053300293042505,1.0,0.7784425625947088
2023-09-22 12:00:00,1.147868404932669,0.8397358229024432,1.6083208755022507,1.0,0.7769956416724448
2023-09-22 13:00:00,1.147868404932669,0.8397358229024432,1.6049675024923717,1.0,0.7786179469489226
2023-09-22 14:00:00,1.147868404932669,0.8397358229024432,1.606381357058699,1.0,0.7779339479674887
2023-09-22 15:00:00,1.147868404932669,0.8397358229024432,1.6105443732817741,1.0,0.7759199509666
2023-09-22 16:00:00,1.147868404932669,0.8397358229024432,1.6077045799220568,1.0,0.7772937950746083
2023-09-22 17:00:00,1.147868404932669,0.8397358229024432,1.6056019244131596,1.0,0.7783110243290484
2023-09-22 18:00:00,1.147868404932669,0.8397358229024432,1.6044780912963355,1.0,0.7788547158271112
2023-09-22 19:00:00,1.147868404932669,0.8397358229024432,1.6054992084831277,1.0,0.7783607165627423
2023-09-22 20:00:00,1.147868404932669,0.8397358229024432,1.6019706141808405,1.0,0.7800677909437568
2023-09-22 21:00:00,1.147868404932669,0.8397358229024432,1.6022606356303435,1.0,0.7799274834603857
2023-09-22 22:00:00,1.147868404932669,0.8397358229024432,1.6041699435062386,1.0,0.779003792528193
2023-09-22 23:00:00,1.147868404932669,0.8397358229024432,1.6048104075405578,1.0,0.7786939468357486
2023-09-23 00:00:00,1.147868404932669,0.8397358229024432,1.6044901755233982,1.0,0.7788488696819708
2023-09-23 01:00:00,1.147868404932669,0.8397358229024432,1.6060309144738831,1.0,0.778103486176562
2023-09-23 02:00:00,1.147868404932669,0.8391480078264115,1.604526428204586,1.0,0.7777429228183261
2023-09-23 03:00:00,1.147868404932669,0.8381239127673714,1.6025687834204407,1.0,0.7767937664394357
2023-09-23 04:00:00,1.147868404932669,0.837621347599509,1.6016080873689618,1.0,0.77632797673498
2023-09-23 05:00:00,1.147868404932669,0.8382819521283343,1.6028708890970063,1.0,0.7769402411892644
2023-09-23 06:00:00,1.147868404932669,0.8379658734064084,1.602266677743875,1.0,0.7766472916896069
2023-09-23 07:00:00,1.147868404932669,0.8391227215286575,1.6044780912963355,1.0,0.7777194868583536
2023-09-23 08:00:00,1.147868404932669,0.8392934040384975,1.6048043654270265,1.0,0.7778776795881687
2023-09-23 09:00:00,1.147868404932669,0.8388698585511166,1.6039947222138304,1.0,0.7774851272586275
2023-09-23 10:00:00,1.147868404932669,0.8390468626353952,1.6043330805715839,1.0,0.7776491789784357
2023-09-23 11:00:00,1.147868404932669,0.8387623917856618,1.6037892903537658,1.0,0.7773855244287439
2023-09-23 12:00:00,1.147868404932669,0.8389962900398871,1.604236406755083,1.0,0.7776023070584905
2023-09-23 13:00:00,1.147868404932669,0.8390373802737374,1.60431495423099,1.0,0.777640390493446
2023-09-23 14:00:00,1.147868404932669,0.8389741645293523,1.6041941119603638,1.0,0.7775818005935144
2023-09-23 15:00:00,1.147868404932669,0.8386612465946456,1.6035959427207638,1.0,0.7772917805888535
2023-09-23 16:00:00,1.147868404932669,0.8391511686136308,1.6045324703181174,1.0,0.7777458523133228
2023-09-23 17:00:00,1.147868404932669,0.8399350438440073,1.6060309144738831,1.0,0.7784723670724736
2023-09-23 18:00:00,1.147868404932669,0.8396948240153435,1.6055717138455032,1.0,0.7782497254527337
2023-09-23 19:00:00,1.147868404932669,0.8402542833531526,1.6066411679405457,1.0,0.7787682460671277
2023-09-23 20:00:00,1.147868404932669,0.840004581162831,1.606163840971572,1.0,0.7785368159623982
2023-09-23 21:00:00,1.147868404932669,0.8393155295490323,1.6048466602217455,1.0,0.7778981860531446
2023-09-23 22:00:00,1.147868404932669,0.8387149799773729,1.603698658650796,1.0,0.7773415820037952
2023-09-23 23:00:00,1.147868404932669,0.8385917092758218,1.603463016223075,1.0,0.7772273316989289
2023-09-24 00:00:00,1.147868404932669,0.8390120939759834,1.6042666173227396,1.0,0.7776169545334733
2023-09-24 01:00:00,1.147868404932669,0.8387307839134692,1.6037288692184526,1.0,0.7773562294787781
2023-09-24 02:00:00,1.147868404932669,0.8382067715267341,1.6049735446059032,1.0,0.776870561966669
2023-09-24 03:00:00,1.147868404932669,0.8382099278894672,1.6049795867194345,1.0,0.7768676365723944
2023-09-24 04:00:00,1.147868404932669,0.8377396298422115,1.604079311803269,1.0,0.7773035203193105
2023-09-24 05:00:00,1.147868404932669,0.8376954407639458,1.6039947222138304,1.0,0.777344475839155
2023-09-24 06:00:00,1.147868404932669,0.8373387717750874,1.603311963384792,1.0,0.7776750453921852
2023-09-24 07:00:00,1.147868404932669,0.8370452300408942,1.60275004682638,1.0,0.7779471070597234
2023-09-24 08:00:00,1.147868404932669,0.8375029026372169,1.6036261532884204,1.0,0.7775229248899058
2023-09-24 09:00:00,1.147868404932669,0.8383424951242643,1.6052333554877496,1.0,0.776744770012861
2023-09-24 10:00:00,1.147868404932669,0.8383424951242643,1.6052333554877496,1.0,0.776744770012861
2023-09-24 11:00:00,1.147868404932669,0.837988982498139,1.6045566387722425,1.0,0.7770724141716168
2023-09-24 12:00:00,1.147868404932669,0.8386107859565914,1.6057469351379112,1.0,0.7764961114995197
2023-09-24 13:00:00,1.147868404932669,0.8387212586522556,1.6059584091115073,1.0,0.7763937226999086
2023-09-24 14:00:00,1.147868404932669,0.8382635860559328,1.605082302649467,1.0,0.7768179048697261
2023-09-24 15:00:00,1.147868404932669,0.8382604296931995,1.6050762605359357,1.0,0.7768208302640007
2023-09-24 16:00:00,1.147868404932669,0.8379321679689403,1.604447880728679,1.0,0.7771250712685597
2023-09-24 17:00:00,1.147868404932669,0.8378216952732762,1.604236406755083,1.0,0.7772274600681708
2023-09-24 18:00:00,1.147868404932669,0.8409401816537377,1.6102060149240205,1.0,0.7743371705248617
2023-09-24 19:00:00,1.147868404932669,0.8383929969279964,1.6053300293042505,1.0,0.7766979637044674
2023-09-24 20:00:00,1.147868404932669,0.8337184237200373,1.5963816591643758,1.0,0.7810304726251565
2023-09-24 21:00:00,1.147868404932669,0.8355112377525294,1.5998135796501616,1.0,0.7793688486771811
2023-09-24 22:00:00,1.147868404932669,0.8359846921625185,1.6007198966798586,1.0,0.7789300395359905
2023-09-24 23:00:00,1.147868404932669,0.8351640378518708,1.5991489471617173,1.0,0.7796906420473877
2023-09-25 00:00:00,1.147868404932669,0.8274025418907828,1.584291389988218,1.0,0.7868841865686396
2023-09-25 01:00:00,1.147868404932669,0.827623487282111,1.58471433793541,1.0,0.7866794089694173
2023-09-25 02:00:00,1.147868404932669,0.8237005531228172,1.5794154043684483,1.0,0.7881573548980273
2023-09-25 03:00:00,1.147868404932669,0.8251157598542544,1.5821283133440078,1.0,0.786803215229364
2023-09-25 04:00:00,1.147868404932669,0.8235996920640065,1.5792220567354462,1.0,0.7882538637385557
2023-09-25 05:00:00,1.147868404932669,0.8232939569794866,1.5786359717229088,1.0,0.7885464061614073
2023-09-25 06:00:00,1.147868404932669,0.8222317639538866,1.5765997794628561,1.0,0.7895627648882214
2023-09-25 07:00:00,1.147868404932669,0.8228936646523317,1.577868623304432,1.0,0.7889294256222541
2023-09-25 08:00:00,1.147868404932669,0.8244885301447756,1.5809259327512766,1.0,0.7874033795813996
2023-09-25 09:00:00,1.147868404932669,0.8230449562405479,1.578158644753935,1.0,0.7887846623614615
2023-09-25 10:00:00,1.147868404932669,0.8204950625974903,1.5732705749071025,1.0,0.7912245264860688
2023-09-25 11:00:00,1.147868404932669,0.8214437869319282,1.5750892510800278,1.0,0.7903167402048491
2023-09-25 12:00:00,1.147868404932669,0.8209520892702262,1.574146681369143,1.0,0.7907872208024247
2023-09-25 13:00:00,1.147868404932669,0.8218188639943804,1.575808262590254,1.0,0.7899578479541343
2023-09-25 14:00:00,1.147868404932669,0.8237415279279591,1.5794939518443551,1.0,0.7881181481815627
2023-09-25 15:00:00,1.147868404932669,0.8228085631339603,1.5777054862390867,1.0,0.7890108549564498
2023-09-25 16:00:00,1.147868404932669,0.8262000162364693,1.5842068003987795,1.0,0.7857657451936844
2023-09-25 17:00:00,1.147868404932669,0.8286648083611553,1.5889317331802666,1.0,0.7834073104032729
2023-09-25 18:00:00,1.147868404932669,0.8296765708573498,1.5908712516238182,1.0,0.782439206096723
2023-09-25 19:00:00,1.147868404932669,0.8288854419273036,1.5893546811274586,1.0,0.7831961973146171
2023-09-25 20:00:00,1.147868404932669,0.8289610877214115,1.58949969185221,1.0,0.783123815684221
2023-09-25 21:00:00,1.147868404932669,0.8275931596112918,1.58687741457962,1.0,0.7844327168338865
2023-09-25 22:00:00,1.147868404932669,0.8273567665047042,1.5864242560647717,1.0,0.7846589094288748
2023-09-25 23:00:00,1.147868404932669,0.8273410069642652,1.586394045497115,1.0,0.7846739889352073
2023-09-26 00:00:00,1.147868404932669,0.8280754015487304,1.587801857949911,1.0,0.7839712839401104
2023-09-26 01:00:00,1.147868404932669,0.826792574956982,1.5853427177426664,1.0,0.7851987557555803
2023-09-26 02:00:00,1.147868404932669,0.8268342632092534,1.587644762998097,1.0,0.7829462790889345
2023-09-26 03:00:00,1.147868404932669,0.8285685394823561,1.5909739675538503,1.0,0.7845885007715093
2023-09-26 04:00:00,1.147868404932669,0.8284363441947511,1.5907201987855353,1.0,0.7844633223492441
2023-09-26 05:00:00,1.147868404932669,0.8281971336743231,1.5902609981571556,1.0,0.7842368090137165
2023-09-26 06:00:00,1.147868404932669,0.827470059592496,1.588865269931422,1.0,0.7835483276912577
2023-09-26 07:00:00,1.147868404932669,0.8265761676477389,1.5871493096885292,1.0,0.7827018831216548
2023-09-26 08:00:00,1.147868404932669,0.8258396510453686,1.5857354551222018,1.0,0.7820044604833198
2023-09-26 09:00:00,1.147868404932669,0.8258963061686279,1.5858442131657653,1.0,0.7820581083785764
2023-09-26 10:00:00,1.147868404932669,0.825918338716562,1.5858865079604847,1.0,0.782078971448954
2023-09-26 11:00:00,1.147868404932669,0.8252636572922328,1.5846297483459715,1.0,0.7814590402148786
2023-09-26 12:00:00,1.147868404932669,0.8260316489630806,1.586104024047612,1.0,0.782186267239467
2023-09-26 13:00:00,1.147868404932669,0.8240707521969407,1.5823397873176037,1.0,0.7803294539758661
2023-09-26 14:00:00,1.147868404932669,0.8230698450193605,1.5804183952146462,1.0,0.7793816744930008
2023-09-26 15:00:00,1.147868404932669,0.8235325285259778,1.5813065859037492,1.0,0.7798197989709291
2023-09-26 16:00:00,1.147868404932669,0.8213859288558216,1.5771858644753936,1.0,0.7777871398284317
2023-09-26 17:00:00,1.147868404932669,0.8242658976215004,1.5827143983565453,1.0,0.7805142411706385
2023-09-26 18:00:00,1.147868404932669,0.8229030271564306,1.5800981631974866,1.0,0.7792237112458565
2023-09-26 19:00:00,1.147868404932669,0.8232398103891384,1.580744669345337,1.0,0.7795426181787704
2023-09-26 20:00:00,1.147868404932669,0.8251944121415826,1.5844968218482827,1.0,0.7813934705651205
2023-09-26 21:00:00,1.147868404932669,0.8226040140058956,1.5795241624120118,1.0,0.7789405695764471
2023-09-26 22:00:00,1.147868404932669,0.8227078817318709,1.579723552158545,1.0,0.779038924051084
2023-09-26 23:00:00,1.147868404932669,0.8223396234306857,1.5790166248753814,1.0,0.7786902127319165
2023-09-27 00:00:00,1.147868404932669,0.8243414377858461,1.5828594090812969,1.0,0.7805857716976473
2023-09-27 01:00:00,1.147868404932669,0.8255217528537473,1.5851252016555393,1.0,0.7817034361821583
2023-09-27 02:00:00,1.147868404932669,0.8249088838546355,1.5850587384066948,1.0,0.7805763118203214
2023-09-27 03:00:00,1.147868404932669,0.8249088838546355,1.5833125675961452,1.0,0.781436451714316
2023-09-27 04:00:00,1.147868404932669,0.8249088838546355,1.5863759191565212,1.0,0.7799274865715641
2023-09-27 05:00:00,1.147868404932669,0.8249088838546355,1.5844484849400322,1.0,0.7808769143438281
2023-09-27 06:00:00,1.147868404932669,0.8249088838546355,1.5850526962931635,1.0,0.7805792880829303
2023-09-27 07:00:00,1.147868404932669,0.8249088838546355,1.58508290686082,1.0,0.7805644067698855
2023-09-27 08:00:00,1.147868404932669,0.8249088838546355,1.584351811123531,1.0,0.7809245345455718
2023-09-27 09:00:00,1.147868404932669,0.8249088838546355,1.5851735385637897,1.0,0.7805197628307508
2023-09-27 10:00:00,1.147868404932669,0.8249088838546355,1.5934089393069697,1.0,0.7764631168947136
2023-09-27 11:00:00,1.147868404932669,0.8249088838546355,1.5959707954442466,1.0,0.7752011815485068
2023-09-27 12:00:00,1.147868404932669,0.8249088838546355,1.6159097700975802,1.0,0.7653795149388791
2023-09-27 13:00:00,1.147868404932669,0.8249088838546355,1.6131968611220204,1.0,0.7667158568503103
2023-09-27 14:00:00,1.147868404932669,0.8249088838546355,1.6069734841847678,1.0,0.7697814073375577
2023-09-27 15:00:00,1.147868404932669,0.8249088838546355,1.5813670070390624,1.0,0.782394808274407
2023-09-27 16:00:00,1.147868404932669,0.8249088838546355,1.5879770792423191,1.0,0.7791387769801849
2023-09-27 17:00:00,1.147868404932669,0.8249088838546355,1.5840255369928402,1.0,0.7810852527264566
2023-09-27 18:00:00,1.147868404932669,0.8249088838546355,1.5835542521373978,1.0,0.7813174012099569
2023-09-27 19:00:00,1.147868404932669,0.8249088838546355,1.5847808011842544,1.0,0.7807132199003344
2023-09-27 20:00:00,1.147868404932669,0.8249088838546355,1.585874423733422,1.0,0.7801745163681093
2023-09-27 21:00:00,1.147868404932669,0.8249088838546355,1.5851191595420078,1.0,0.7805465491942316
2023-09-27 22:00:00,1.147868404932669,0.8249088838546355,1.5865028035406785,1.0,0.7798649850567756
2023-09-27 23:00:00,1.147868404932669,0.8249088838546355,1.5897232500528686,1.0,0.7782786370861903
2023-09-28 00:00:00,1.147868404932669,0.8249088838546355,1.5919769584000483,1.0,0.7771684911330414
2023-09-28 01:00:00,1.147868404932669,0.8249088838546355,1.5961943536449053,1.0,0.7750910598319747
2023-09-28 02:00:00,1.147868404932669,0.8249088838546355,1.5965750067973778,1.0,0.7738107512307113
2023-09-28 03:00:00,1.147868404932669,0.8249088838546355,1.5927201383644,1.0,0.7719419257967532
2023-09-28 04:00:00,1.147868404932669,0.8249088838546355,1.592236769281895,1.0,0.7717075903191409
2023-09-28 05:00:00,1.147868404932669,0.8249088838546355,1.5963393643696566,1.0,0.7736965126853753
2023-09-28 06:00:00,1.147868404932669,0.8249088838546355,1.596653554273285,1.0,0.7738488307458233
2023-09-28 07:00:00,1.147868404932669,0.8249088838546355,1.5981519984290504,1.0,0.7745752707264214
2023-09-28 08:00:00,1.147868404932669,0.8249088838546355,1.5971792181505091,1.0,0.7741036705777267
2023-09-28 09:00:00,1.147868404932669,0.8249088838546355,1.5939587716383192,1.0,0.7725424104581348
2023-09-28 10:00:00,1.147868404932669,0.8249088838546355,1.5952819945016767,1.0,0.7731839038280983
2023-09-28 11:00:00,1.147868404932669,0.8249088838546355,1.6037590797861092,1.0,0.7772935622667241
2023-09-28 12:00:00,1.147868404932669,0.8249088838546355,1.5983030512673333,1.0,0.7746485005631752
2023-09-28 13:00:00,1.147868404932669,0.8249088838546355,1.598297009153802,1.0,0.7746455713697051
2023-09-28 14:00:00,1.147868404932669,0.8249088838546355,1.6044539228422101,1.0,0.7776304195157918
2023-09-28 15:00:00,1.147868404932669,0.8249088838546355,1.6173780036856893,1.0,0.7838959643484508
2023-09-28 16:00:00,1.147868404932669,0.8249088838546355,1.6314138334189299,1.0,0.790700480779618
2023-09-28 17:00:00,1.147868404932669,0.8249088838546355,1.6335466994954835,1.0,0.7917344860745822
2023-09-28 18:00:00,1.147868404932669,0.8249088838546355,1.6393712969396697,1.0,0.7945582285798105
2023-09-28 19:00:00,1.147868404932669,0.8249088838546355,1.6275831334400774,1.0,0.7888433721195406
2023-09-28 20:00:00,1.147868404932669,0.8249088838546355,1.6360179239297907,1.0,0.7929325262038752
2023-09-28 21:00:00,1.147868404932669,0.8249088838546355,1.6349847225159362,1.0,0.7924316341204789
2023-09-28 22:00:00,1.147868404932669,0.8249088838546355,1.6299999788526027,1.0,0.790015049507602
2023-09-28 23:00:00,1.147868404932669,0.8249088838546355,1.630773369384611,1.0,0.7903899862717817
2023-09-29 00:00:00,1.147868404932669,0.8249088838546355,1.6313775807377422,1.0,0.7906829056187971
2023-09-29 01:00:00,1.147868404932669,0.8249088838546355,1.6341025739403643,1.0,0.7920039718738364
2023-09-29 02:00:00,1.147868404932669,0.8249088838546355,1.6322718135403764,1.0,0.7900088717354072
2023-09-29 03:00:00,1.147868404932669,0.8249088838546355,1.6233838645358147,1.0,0.7857059945878396
2023-09-29 04:00:00,1.147868404932669,0.8249088838546355,1.6273233225582309,1.0,0.7876131841868974
2023-09-29 05:00:00,1.147868404932669,0.8249088838546355,1.62842298722093,1.0,0.7881455591976774
2023-09-29 06:00:00,1.147868404932669,0.8249088838546355,1.6285438294915562,1.0,0.7882040619461147
2023-09-29 07:00:00,1.147868404932669,0.8249088838546355,1.6343321742545542,1.0,0.7910063435962642
2023-09-29 08:00:00,1.147868404932669,0.8249088838546355,1.6408153620736536,1.0,0.7941450160499285
2023-09-29 09:00:00,1.147868404932669,0.8249088838546355,1.630374589891544,1.0,0.7890903785849407
2023-09-29 10:00:00,1.147868404932669,0.8249088838546355,1.6318126129119968,1.0,0.7897865612913453
2023-09-29 11:00:00,1.147868404932669,0.8249088838546355,1.6314198755324614,1.0,0.7895964273589239
2023-09-29 12:00:00,1.147868404932669,0.8249088838546355,1.6281510921120208,1.0,0.7880139280136933
2023-09-29 13:00:00,1.147868404932669,0.8249088838546355,1.6299818525120087,1.0,0.7889002446525193
2023-09-29 14:00:00,1.147868404932669,0.8249088838546355,1.6234805383523156,1.0,0.7857527967865894
2023-09-29 15:00:00,1.147868404932669,0.8249088838546355,1.6244835291985136,1.0,0.7862383695986195
2023-09-29 16:00:00,1.147868404932669,0.8249088838546355,1.6231119694269056,1.0,0.7855743634038556
2023-09-29 17:00:00,1.147868404932669,0.8249088838546355,1.622483589619649,1.0,0.7852701491119812
2023-09-29 18:00:00,1.147868404932669,0.8249088838546355,1.620133207455968,1.0,0.7841322706548746
2023-09-29 19:00:00,1.147868404932669,0.8249088838546355,1.6251119090057704,1.0,0.7865425838904938
2023-09-29 20:00:00,1.147868404932669,0.8249088838546355,1.6253898462282106,1.0,0.7866771402118996
2023-09-29 21:00:00,1.147868404932669,0.8249088838546355,1.624507697652639,1.0,0.786250070148307
2023-09-29 22:00:00,1.147868404932669,0.8249088838546355,1.6221331470348328,1.0,0.7851004911415129
2023-09-29 23:00:00,1.147868404932669,0.8249088838546355,1.6231240536539682,1.0,0.7855802136786991
2023-09-30 00:00:00,1.147868404932669,0.8249088838546355,1.6240787075919159,1.0,0.7860423853913544
2023-09-30 01:00:00,1.147868404932669,0.8249088838546355,1.6259638470136855,1.0,0.786955028266977
2023-09-30 02:00:00,1.147868404932669,0.8249088838546355,1.6235409594876289,1.0,0.7846819512222394
2023-09-30 03:00:00,1.147868404932669,0.8249088838546355,1.624447276517326,1.0,0.7842437965387979
2023-09-30 04:00:00,1.147868404932669,0.8249088838546355,1.624876266578049,1.0,0.784036403321969
2023-09-30 05:00:00,1.147868404932669,0.8249088838546355,1.6251964985952088,1.0,0.783881588667153
2023-09-30 06:00:00,1.147868404932669,0.8249088838546355,1.626090731397843,1.0,0.7834492760461573
2023-09-30 07:00:00,1.147868404932669,0.8249088838546355,1.6253777620011483,1.0,0.7837939577304646
2023-09-30 08:00:00,1.147868404932669,0.8249088838546355,1.6255892359747441,1.0,0.7836917216376617
2023-09-30 09:00:00,1.147868404932669,0.8249088838546355,1.6256436149965259,1.0,0.7836654323566552
2023-09-30 10:00:00,1.147868404932669,0.8249088838546355,1.626882248270445,1.0,0.7830666209559518
2023-09-30 11:00:00,1.147868404932669,0.8249088838546355,1.6286284190809948,1.0,0.7822224429325212
2023-09-30 12:00:00,1.147868404932669,0.8249088838546355,1.6260967735113743,1.0,0.7834463550149344
2023-09-30 13:00:00,1.147868404932669,0.8249088838546355,1.6254865200447117,1.0,0.7837413791684517
2023-09-30 14:00:00,1.147868404932669,0.8249088838546355,1.6283746503126795,1.0,0.7823451262438849
2023-09-30 15:00:00,1.147868404932669,0.8249088838546355,1.6293172200235642,1.0,0.7818894453731058
2023-09-30 16:00:00,1.147868404932669,0.8249088838546355,1.6298368417872573,1.0,0.7816382366879325
2023-09-30 17:00:00,1.147868404932669,0.8249088838546355,1.6310331802664573,1.0,0.7810598725057898
2023-09-30 18:00:00,1.147868404932669,0.8249088838546355,1.631027138152926,1.0,0.7810627935370127
2023-09-30 19:00:00,1.147868404932669,0.8249088838546355,1.6302054107126673,1.0,0.781460053783333
2023-09-30 20:00:00,1.147868404932669,0.8249088838546355,1.6313473701700856,1.0,0.7809079788821968
2023-09-30 21:00:00,1.147868404932669,0.8249088838546355,1.633631289084922,1.0,0.7798038290799243
2023-09-30 22:00:00,1.147868404932669,0.8249088838546355,1.6297039152895683,1.0,0.7817024993748374
2023-09-30 23:00:00,1.147868404932669,0.8249088838546355,1.6304591794809826,1.0,0.7813373704719695
2023-10-01 00:00:00,1.147868404932669,0.8249088838546355,1.627710017824235,1.0,0.7826664396784085
2023-10-01 01:00:00,1.147868404932669,0.8249088838546355,1.6292749252288452,1.0,0.7819098925916662
2023-10-01 02:00:00,1.147868404932669,0.8249088838546355,1.6309788012446753,1.0,0.779987608817022
2023-10-01 03:00:00,1.147868404932669,0.8249088838546355,1.6316192652789947,1.0,0.7802939828062171
2023-10-01 04:00:00,1.147868404932669,0.8249088838546355,1.6326585088063805,1.0,0.7807911179584959
2023-10-01 05:00:00,1.147868404932669,0.8249088838546355,1.632785393190538,1.0,0.7808518146922043
2023-10-01 06:00:00,1.147868404932669,0.8249088838546355,1.6344107217304615,1.0,0.7816293109478031
2023-10-01 07:00:00,1.147868404932669,0.8249088838546355,1.6375042838584937,1.0,0.7831091551220282
2023-10-01 08:00:00,1.147868404932669,0.8249088838546355,1.636235440016918,1.0,0.7825021877849436
2023-10-01 09:00:00,1.147868404932669,0.8249088838546355,1.638048074076312,1.0,0.7833692839807788
2023-10-01 10:00:00,1.147868404932669,0.8249088838546355,1.6429180175825504,1.0,0.7856988824269223
2023-10-01 11:00:00,1.147868404932669,0.8249088838546355,1.6424829854082958,1.0,0.7854907793399218
2023-10-01 12:00:00,1.147868404932669,0.8249088838546355,1.6411960152261262,1.0,0.784875141040879
2023-10-01 13:00:00,1.147868404932669,0.8249088838546355,1.6413228996102838,1.0,0.7849358377745874
2023-10-01 14:00:00,1.147868404932669,0.8249088838546355,1.6412806048155644,1.0,0.7849156055300179
2023-10-01 15:00:00,1.147868404932669,0.8249088838546355,1.6372444729766473,1.0,0.7829848713339586
2023-10-01 16:00:00,1.147868404932669,0.8249088838546355,1.6388758436301019,1.0,0.7837652579102101
2023-10-01 17:00:00,1.147868404932669,0.8249088838546355,1.6367067248723606,1.0,0.7827276327958609
2023-10-01 18:00:00,1.147868404932669,0.8249088838546355,1.6343986375033988,1.0,0.7816235303064976
2023-10-01 19:00:00,1.147868404932669,0.8249088838546355,1.6356856076855686,1.0,0.7822391686055404
2023-10-01 20:00:00,1.147868404932669,0.8249088838546355,1.6361689767680736,1.0,0.7824703942577631
2023-10-01 21:00:00,1.147868404932669,0.8249088838546355,1.6363260717198875,1.0,0.7825455425947354
2023-10-01 22:00:00,1.147868404932669,0.8249088838546355,1.6405857617594635,1.0,0.7845832186549478
2023-10-01 23:00:00,1.147868404932669,0.8249088838546355,1.6904634089604544,1.0,0.8084428156436759
2023-10-02 00:00:00,1.147868404932669,0.8249088838546355,1.6899679556508869,1.0,0.8082058093501477
2023-10-02 01:00:00,1.147868404932669,0.8249088838546355,1.6861130872179089,1.0,0.8063617847736717
2023-10-02 02:00:00,1.147868404932669,0.8243314476359372,1.685496791637715,1.0,0.804938491085082
2023-10-02 03:00:00,1.147868404932669,0.8224426411660293,1.689357702184224,1.0,0.8067828621013761
2023-10-02 04:00:00,1.147868404932669,0.818197999396408,1.6980341772151901,1.0,0.8109276457937054
2023-10-02 05:00:00,1.147868404932669,0.8199981295062265,1.6943545300746201,1.0,0.8091698649659695
2023-10-02 06:00:00,1.147868404932669,0.8225993027355208,1.6890374701670645,1.0,0.8066298861015896
2023-10-02 07:00:00,1.147868404932669,0.8190374689385894,1.696318216972297,1.0,0.810107925342019
2023-10-02 08:00:00,1.147868404932669,0.8127503150082382,1.7091697924534004,1.0,0.8162471697108102
2023-10-02 09:00:00,1.147868404932669,0.8137760049066077,1.7070731790580347,1.0,0.8152456098631513
2023-10-02 10:00:00,1.147868404932669,0.8135424904917051,1.7075505060270084,1.0,0.8154736306930218
2023-10-02 11:00:00,1.147868404932669,0.8129010648203906,1.7088616446633031,1.0,0.816099966390261
2023-10-02 12:00:00,1.147868404932669,0.816182090143705,1.7021548986435455,1.0,0.8128961294135998
2023-10-02 13:00:00,1.147868404932669,0.8125788740453984,1.7095202350382164,1.0,0.8164145774086898
2023-10-02 14:00:00,1.147868404932669,0.8056325591717148,1.7237192018368026,1.0,0.8231974755124319
2023-10-02 15:00:00,1.147868404932669,0.8129513147577746,1.708758928733271,1.0,0.8160508986167446
2023-10-02 16:00:00,1.147868404932669,0.821150922187391,1.691998105797408,1.0,0.8080441925147103
2023-10-02 17:00:00,1.147868404932669,0.8219844799722331,1.6902942297815777,1.0,0.8072302447422611
2023-10-02 18:00:00,1.147868404932669,0.8202316439211291,1.6938772031056464,1.0,0.808941844136099
2023-10-02 19:00:00,1.147868404932669,0.8278046050727791,1.678397308238422,1.0,0.8015470420332109
2023-10-02 20:00:00,1.147868404932669,0.8229155817531737,1.6883909640192138,1.0,0.8063210477623979
2023-10-02 21:00:00,1.147868404932669,0.8264242097340514,1.681218975257545,1.0,0.8028949626351034
2023-10-02 22:00:00,1.147868404932669,0.8376535928000616,1.6582649859520862,1.0,0.7919297584239902
2023-10-02 23:00:00,1.147868404932669,0.835277066349661,1.6631228452312619,1.0,0.7942503754773554
2023-10-03 00:00:00,1.147868404932669,0.8370328582794345,1.659533829793662,1.0,0.792535889743899
2023-10-03 01:00:00,1.147868404932669,0.8387975178452172,1.655926688015468,1.0,0.7908127449915867
2023-10-03 02:00:00,1.147868404932669,0.8342517681052153,1.6640533307150842,1.0,0.7935822939387586
2023-10-03 03:00:00,1.147868404932669,0.8342517681052153,1.6650744479018762,1.0,0.7930951898493888
2023-10-03 04:00:00,1.147868404932669,0.8342517681052153,1.6660653545210116,1.0,0.7926224971236099
2023-10-03 05:00:00,1.147868404932669,0.8342517681052153,1.6681317573487207,1.0,0.7916367598539976
2023-10-03 06:00:00,1.147868404932669,0.8342517681052153,1.664065414942147,1.0,0.7935765293933222
2023-10-03 07:00:00,1.147868404932669,0.8342517681052153,1.6682465575058156,1.0,0.7915819966723525
2023-10-03 08:00:00,1.147868404932669,0.8342517681052153,1.6625730128999126,1.0,0.7942884507547088
2023-10-03 09:00:00,1.147868404932669,0.8342517681052153,1.6659565964774479,1.0,0.7926743780325368
2023-10-03 10:00:00,1.147868404932669,0.8342517681052153,1.6627119815111326,1.0,0.794222158482191
2023-10-03 11:00:00,1.147868404932669,0.8342517681052153,1.6676242198120903,1.0,0.7918788707623234
2023-10-03 12:00:00,1.147868404932669,0.8342517681052153,1.6638478988550194,1.0,0.7936802912111762
2023-10-03 13:00:00,1.147868404932669,0.8342517681052153,1.6583495755415245,1.0,0.7963031593847057
2023-10-03 14:00:00,1.147868404932669,0.8342517681052153,1.6628992870306034,1.0,0.794132808027928
2023-10-03 15:00:00,1.147868404932669,0.8342517681052153,1.651129249871605,1.0,0.7997474752829121
2023-10-03 16:00:00,1.147868404932669,0.8342517681052153,1.6507365124920697,1.0,0.7999348230095928
2023-10-03 17:00:00,1.147868404932669,0.8342517681052153,1.6531231473369385,1.0,0.7987963252859179
2023-10-03 18:00:00,1.147868404932669,0.8342517681052153,1.6562892148273467,1.0,0.7972860143815997
2023-10-03 19:00:00,1.147868404932669,0.8342517681052153,1.6479571402676656,1.0,0.8012606684599484
2023-10-03 20:00:00,1.147868404932669,0.8342517681052153,1.6466097489501827,1.0,0.801903415276099
2023-10-03 21:00:00,1.147868404932669,0.8342517681052153,1.653902579982478,1.0,0.7984245121052747
2023-10-03 22:00:00,1.147868404932669,0.8342517681052153,1.654114053956074,1.0,0.7983236325601389
2023-10-03 23:00:00,1.147868404932669,0.8342517681052153,1.6544342859732335,1.0,0.7981708721060762
2023-10-04 00:00:00,1.147868404932669,0.8342517681052153,1.6555641612035892,1.0,0.7976318871077794
2023-10-04 01:00:00,1.147868404932669,0.8342517681052153,1.6486157306425788,1.0,0.8009465007336685
2023-10-04 02:00:00,1.147868404932669,0.8342517681052153,1.6501866801607203,1.0,0.7990860913741716
2023-10-04 03:00:00,1.147868404932669,0.8342517681052153,1.6547666022174556,1.0,0.7968676982645345
2023-10-04 04:00:00,1.147868404932669,0.8342517681052153,1.6558239720854355,1.0,0.796355536266927
2023-10-04 05:00:00,1.147868404932669,0.8342517681052153,1.6535460952841303,1.0,0.7974588795417729
2023-10-04 06:00:00,1.147868404932669,0.8342517681052153,1.6546820126280175,1.0,0.7969086712243431
2023-10-04 07:00:00,1.147868404932669,0.8342517681052153,1.655352687229993,1.0,0.7965838141858606
2023-10-04 08:00:00,1.147868404932669,0.8342517681052153,1.657376795262983,1.0,0.7956033897904404
2023-10-04 09:00:00,1.147868404932669,0.8342517681052153,1.6611712425606477,1.0,0.793765459879026
2023-10-04 10:00:00,1.147868404932669,0.8342517681052153,1.6675819250173713,1.0,0.7906602948535312
2023-10-04 11:00:00,1.147868404932669,0.8342517681052153,1.6616727379837466,1.0,0.7935225487601608
2023-10-04 12:00:00,1.147868404932669,0.8342517681052153,1.6645064892299326,1.0,0.7921499546065726
2023-10-04 13:00:00,1.147868404932669,0.8342517681052153,1.6640835412827408,1.0,0.7923548194056156
2023-10-04 14:00:00,1.147868404932669,0.8342517681052153,1.6551170448022718,1.0,0.7966979531453274
2023-10-04 15:00:00,1.147868404932669,0.8342517681052153,1.6534312951270356,1.0,0.7975144857015131
2023-10-04 16:00:00,1.147868404932669,0.8342517681052153,1.6541321802966678,1.0,0.797174995463099
2023-10-04 17:00:00,1.147868404932669,0.8342517681052153,1.6614552218966194,1.0,0.7936279077996685
2023-10-04 18:00:00,1.147868404932669,0.8342517681052153,1.6621923597474397,1.0,0.7932708577213364
2023-10-04 19:00:00,1.147868404932669,0.8342517681052153,1.6677571463097791,1.0,0.7905754222939277
2023-10-04 20:00:00,1.147868404932669,0.8342517681052153,1.6673039877949307,1.0,0.7907949202929024
2023-10-04 21:00:00,1.147868404932669,0.8342517681052153,1.6689414005619168,1.0,0.7900018008566072
2023-10-04 22:00:00,1.147868404932669,0.8342517681052153,1.6712132352496905,1.0,0.7889013842217477
2023-10-04 23:00:00,1.147868404932669,0.8342517681052153,1.6754125041539532,1.0,0.7868673694312492
2023-10-05 00:00:00,1.147868404932669,0.8342517681052153,1.6765725899519652,1.0,0.7863054545538741
2023-10-05 01:00:00,1.147868404932669,0.8342517681052153,1.6785906558714239,1.0,0.7853279567984404
2023-10-05 02:00:00,1.147868404932669,0.8342517681052153,1.6740228180417511,1.0,0.7864217817575224
2023-10-05 03:00:00,1.147868404932669,0.8342517681052153,1.6707117398265914,1.0,0.7848658657509688
2023-10-05 04:00:00,1.147868404932669,0.8342517681052153,1.669219337784357,1.0,0.7841645678429053
2023-10-05 05:00:00,1.147868404932669,0.8342517681052153,1.6716724358780701,1.0,0.7853173085338921
2023-10-05 06:00:00,1.147868404932669,0.8342517681052153,1.6684821999335369,1.0,0.7838181777830522
2023-10-05 07:00:00,1.147868404932669,0.8342517681052153,1.6695214434609227,1.0,0.7843065309821895
2023-10-05 08:00:00,1.147868404932669,0.8342517681052153,1.6666453974200177,1.0,0.782955041896205
2023-10-05 09:00:00,1.147868404932669,0.8342517681052153,1.6689836953566357,1.0,0.7840538365942638
2023-10-05 10:00:00,1.147868404932669,0.8342517681052153,1.6712917827255975,1.0,0.7851384349783942
2023-10-05 11:00:00,1.147868404932669,0.8342517681052153,1.6746089030542886,1.0,0.7866971902477335
2023-10-05 12:00:00,1.147868404932669,0.8342517681052153,1.6736059122080904,1.0,0.7862258726253103
2023-10-05 13:00:00,1.147868404932669,0.8342517681052153,1.6735757016404338,1.0,0.7862116763113819
2023-10-05 14:00:00,1.147868404932669,0.8342517681052153,1.6896779342013837,1.0,0.7937783116352239
2023-10-05 15:00:00,1.147868404932669,0.8342517681052153,1.6878471738013958,1.0,0.7929180150111624
2023-10-05 16:00:00,1.147868404932669,0.8342517681052153,1.66329806652367,1.0,0.7813820903129371
2023-10-05 17:00:00,1.147868404932669,0.8342517681052153,1.6568571734992903,1.0,0.7783554361834004
2023-10-05 18:00:00,1.147868404932669,0.8342517681052153,1.6592921452524094,1.0,0.7794996590860301
2023-10-05 19:00:00,1.147868404932669,0.8342517681052153,1.659727177426664,1.0,0.7797040860065992
2023-10-05 20:00:00,1.147868404932669,0.8342517681052153,1.6582891544062113,1.0,0.7790283414636069
2023-10-05 21:00:00,1.147868404932669,0.8342517681052153,1.6586456391045588,1.0,0.7791958579679622
2023-10-05 22:00:00,1.147868404932669,0.8342517681052153,1.656839047158696,1.0,0.7783469183950433
2023-10-05 23:00:00,1.147868404932669,0.8342517681052153,1.656180456783783,1.0,0.7780374387514041
2023-10-06 00:00:00,1.147868404932669,0.8342517681052153,1.6547363916497992,1.0,0.7773588549456261
2023-10-06 01:00:00,1.147868404932669,0.8342517681052153,1.6574493006253588,1.0,0.7786336839363972
2023-10-06 02:00:00,1.147868404932669,0.8342517681052153,1.6611410319929911,1.0,0.7792759546694299
2023-10-06 03:00:00,1.147868404932669,0.8342517681052153,1.6626092655811002,1.0,0.7785869834733699
2023-10-06 04:00:00,1.147868404932669,0.8342517681052153,1.663588087973173,1.0,0.7781276693426631
2023-10-06 05:00:00,1.147868404932669,0.8342517681052153,1.661854001389686,1.0,0.7789413925248411
2023-10-06 06:00:00,1.147868404932669,0.8342517681052153,1.6601682517144498,1.0,0.7797324335277248
2023-10-06 07:00:00,1.147868404932669,0.8342517681052153,1.659557998247787,1.0,0.7800187960413136
2023-10-06 08:00:00,1.147868404932669,0.8342517681052153,1.6685426210688499,1.0,0.7758027459650119
2023-10-06 09:00:00,1.147868404932669,0.8342517681052153,1.6670925138213348,1.0,0.7764832113438367
2023-10-06 10:00:00,1.147868404932669,0.8342517681052153,1.6714488776774117,1.0,0.7744389799349506
2023-10-06 11:00:00,1.147868404932669,0.8342517681052153,1.670433802604151,1.0,0.774915305700128
2023-10-06 12:00:00,1.147868404932669,0.8342517681052153,1.6759865049394278,1.0,0.7723096903537116
2023-10-06 13:00:00,1.147868404932669,0.8342517681052153,1.6450931784538232,1.0,0.7868064381950903
2023-10-06 14:00:00,1.147868404932669,0.8342517681052153,1.661715032778466,1.0,0.7790066037903117
2023-10-06 15:00:00,1.147868404932669,0.8342517681052153,1.6702283707440864,1.0,0.7750117049621281
2023-10-06 16:00:00,1.147868404932669,0.8342517681052153,1.686656877435727,1.0,0.7673025992745262
2023-10-06 17:00:00,1.147868404932669,0.8342517681052153,1.682699293072717,1.0,0.7691597027042354
2023-10-06 18:00:00,1.147868404932669,0.8342517681052153,1.6878773843690524,1.0,0.7667298742473486
2023-10-06 19:00:00,1.147868404932669,0.8342517681052153,1.6844092112020788,1.0,0.7683573206117044
2023-10-06 20:00:00,1.147868404932669,0.8342517681052153,1.6874121416271413,1.0,0.7669481902230549
2023-10-06 21:00:00,1.147868404932669,0.8342517681052153,1.6888864173287816,1.0,0.766256383754583
2023-10-06 22:00:00,1.147868404932669,0.8342517681052153,1.6929165070541676,1.0,0.7643652570559326
2023-10-06 23:00:00,1.147868404932669,0.8342517681052153,1.6884393009274645,1.0,0.766466193913054
2023-10-07 00:00:00,1.147868404932669,0.8342517681052153,1.6860345397420018,1.0,0.7675946323329385
2023-10-07 01:00:00,1.147868404932669,0.8342517681052153,1.6851463490528986,1.0,0.7680114173774686
2023-10-07 02:00:00,1.147868404932669,0.8342517681052153,1.684264200477327,1.0,0.7673343861298376
2023-10-07 03:00:00,1.147868404932669,0.8342517681052153,1.6827113772997795,1.0,0.7666267335412137
2023-10-07 04:00:00,1.147868404932669,0.8342517681052153,1.6845058850185797,1.0,0.7674445266105573
2023-10-07 05:00:00,1.147868404932669,0.8342517681052153,1.6850496752363977,1.0,0.7676923426921766
2023-10-07 06:00:00,1.147868404932669,0.8342517681052153,1.6843910848614845,1.0,0.7673922098822155
2023-10-07 07:00:00,1.147868404932669,0.8342517681052153,1.6835753995347573,1.0,0.7670204857597865
2023-10-07 08:00:00,1.147868404932669,0.8342517681052153,1.68372645237304,1.0,0.7670893235602363
2023-10-07 09:00:00,1.147868404932669,0.8342517681052153,1.6906748829340503,1.0,0.7702558623809268
2023-10-07 10:00:00,1.147868404932669,0.8342517681052153,1.6876659103954563,1.0,0.7688846133959669
2023-10-07 11:00:00,1.147868404932669,0.8342517681052153,1.6869408567716988,1.0,0.7685541919538079
2023-10-07 12:00:00,1.147868404932669,0.8342517681052153,1.686826056614604,1.0,0.7685018752254662
2023-10-07 13:00:00,1.147868404932669,0.8342517681052153,1.6878290474608018,1.0,0.7689589582204528
2023-10-07 14:00:00,1.147868404932669,0.8342517681052153,1.6864272771215372,1.0,0.7683201434322786
2023-10-07 15:00:00,1.147868404932669,0.8342517681052153,1.6874000574000787,1.0,0.7687634588671753
2023-10-07 16:00:00,1.147868404932669,0.8342517681052153,1.6866508353221958,1.0,0.7684220233769443
2023-10-07 17:00:00,1.147868404932669,0.8342517681052153,1.6866810458898522,1.0,0.7684357909370343
2023-10-07 18:00:00,1.147868404932669,0.8342517681052153,1.6861493398990968,1.0,0.768193481879451
2023-10-07 19:00:00,1.147868404932669,0.8342517681052153,1.6837385366001028,1.0,0.7670948305842723
2023-10-07 20:00:00,1.147868404932669,0.8342517681052153,1.6820104921301473,1.0,0.7663073261471267
2023-10-07 21:00:00,1.147868404932669,0.8342517681052153,1.685647844475998,1.0,0.7679649403819577
2023-10-07 22:00:00,1.147868404932669,0.8342517681052153,1.6861372556720342,1.0,0.768187974855415
2023-10-07 23:00:00,1.147868404932669,0.8342517681052153,1.6873758889459534,1.0,0.7687524448191033
2023-10-08 00:00:00,1.147868404932669,0.8342517681052153,1.6876477840548625,1.0,0.768876352859913
2023-10-08 01:00:00,1.147868404932669,0.8342517681052153,1.6881251110238362,1.0,0.7690938803093343
2023-10-08 02:00:00,1.147868404932669,0.8342517681052153,1.6911763783571494,1.0,0.7694057272564991
2023-10-08 03:00:00,1.147868404932669,0.8342517681052153,1.6910434518594606,1.0,0.7693452346270312
2023-10-08 04:00:00,1.147868404932669,0.8342517681052153,1.6941128455333676,1.0,0.7707420644347462
2023-10-08 05:00:00,1.147868404932669,0.8342517681052153,1.6859741186066886,1.0,0.7670382657123205
2023-10-08 06:00:00,1.147868404932669,0.8342517681052153,1.686560203619226,1.0,0.7673049832149748
2023-10-08 07:00:00,1.147868404932669,0.8342517681052153,1.6837022839189149,1.0,0.7660043916814132
2023-10-08 08:00:00,1.147868404932669,0.8342517681052153,1.684590474608018,1.0,0.7664085924328584
2023-10-08 09:00:00,1.147868404932669,0.8342517681052153,1.6850678015769918,1.0,0.7666258159659479
2023-10-08 10:00:00,1.147868404932669,0.8342517681052153,1.6831403673605028,1.0,0.7657486728386622
2023-10-08 11:00:00,1.147868404932669,0.8342517681052153,1.6793338358357754,1.0,0.7640163839038975
2023-10-08 12:00:00,1.147868404932669,0.8342517681052153,1.6789592247968341,1.0,0.7638459046753967
2023-10-08 13:00:00,1.147868404932669,0.8342517681052153,1.678862550980333,1.0,0.7638019100357836
2023-10-08 14:00:00,1.147868404932669,0.8342517681052153,1.6849348750793027,1.0,0.7665653233364799
2023-10-08 15:00:00,1.147868404932669,0.8342517681052153,1.686076834536721,1.0,0.7670850100169094
2023-10-08 16:00:00,1.147868404932669,0.8342517681052153,1.684052726503731,1.0,0.7661638722500106
2023-10-08 17:00:00,1.147868404932669,0.8342517681052153,1.6852188544152744,1.0,0.7666945575903433
2023-10-08 18:00:00,1.147868404932669,0.8342517681052153,1.6828080511162806,1.0,0.7655974412649923
2023-10-08 19:00:00,1.147868404932669,0.8342517681052153,1.6825784508020905,1.0,0.7654929539959112
2023-10-08 20:00:00,1.147868404932669,0.8342517681052153,1.683859378870729,1.0,0.7660758829707844
2023-10-08 21:00:00,1.147868404932669,0.8342517681052153,1.6846206851756746,1.0,0.7664223407577375
2023-10-08 22:00:00,1.147868404932669,0.8342517681052153,1.6852913597776502,1.0,0.7667275535700532
2023-10-08 23:00:00,1.147868404932669,0.8342517681052153,1.6852732334370564,1.0,0.7667193045751257
2023-10-09 00:00:00,1.147868404932669,0.8342517681052153,1.6851221805987735,1.0,0.7666505629507303
2023-10-09 01:00:00,1.147868404932669,0.8342517681052153,1.67953926769584,1.0,0.7641098725130752
2023-10-09 02:00:00,1.147868404932669,0.8342517681052153,1.687968016072022,1.0,0.7668705305216886
2023-10-09 03:00:00,1.147868404932669,0.8342517681052153,1.6864876982568502,1.0,0.7675432544097287
2023-10-09 04:00:00,1.147868404932669,0.8342517681052153,1.6857686867466242,1.0,0.7678700060124909
2023-10-09 05:00:00,1.147868404932669,0.8342517681052153,1.6860526660825956,1.0,0.7677409528584588
2023-10-09 06:00:00,1.147868404932669,0.8342517681052153,1.6821313344007736,1.0,0.7695229847088179
2023-10-09 07:00:00,1.147868404932669,0.8342517681052153,1.6844998429050484,1.0,0.7684466264879538
2023-10-09 08:00:00,1.147868404932669,0.8342517681052153,1.6792854989275248,1.0,0.7708162620609276
2023-10-09 09:00:00,1.147868404932669,0.8342517681052153,1.6751345669315127,1.0,0.7727026347592275
2023-10-09 10:00:00,1.147868404932669,0.8342517681052153,1.6627542763058518,1.0,0.7783288031126726
2023-10-09 11:00:00,1.147868404932669,0.8342517681052153,1.6622286124286276,1.0,0.7785676887382216
2023-10-09 12:00:00,1.147868404932669,0.8342517681052153,1.658222691157367,1.0,0.7803881619536115
2023-10-09 13:00:00,1.147868404932669,0.8342517681052153,1.656373804416785,1.0,0.7812283803607145
2023-10-09 14:00:00,1.147868404932669,0.8342517681052153,1.661231663695961,1.0,0.7790207476832282
2023-10-09 15:00:00,1.147868404932669,0.8342517681052153,1.6600715778979487,1.0,0.7795479435465085
2023-10-09 16:00:00,1.147868404932669,0.8342517681052153,1.656839047158696,1.0,0.781016952853045
2023-10-09 17:00:00,1.147868404932669,0.8342517681052153,1.654307401589076,1.0,0.7821674479921827
2023-10-09 18:00:00,1.147868404932669,0.8342517681052153,1.6658720068880095,1.0,0.7769119642301067
2023-10-09 19:00:00,1.147868404932669,0.8342517681052153,1.664204383553367,1.0,0.7776698082835722
2023-10-09 20:00:00,1.147868404932669,0.8342517681052153,1.667388577384369,1.0,0.7762227654713391
2023-10-09 21:00:00,1.147868404932669,0.8342517681052153,1.6642708468022114,1.0,0.7776396043539051
2023-10-09 22:00:00,1.147868404932669,0.8342517681052153,1.6673704510437752,1.0,0.7762310029067029
2023-10-09 23:00:00,1.147868404932669,0.8342517681052153,1.6654671852814116,1.0,0.7770959336198972
2023-10-10 00:00:00,1.147868404932669,0.8342517681052153,1.6656182381196944,1.0,0.7770272883251992
2023-10-10 01:00:00,1.147868404932669,0.8342517681052153,1.6632074348207004,1.0,0.7781228672285787
2023-10-10 02:00:00,1.147868404932669,0.8342517681052153,1.6658176278662278,1.0,0.775863052861056
2023-10-10 03:00:00,1.147868404932669,0.8342517681052153,1.6710440560708137,1.0,0.7734281353074489
2023-10-10 04:00:00,1.147868404932669,0.8342517681052153,1.6682223890516903,1.0,0.7747427092930379
2023-10-10 05:00:00,1.147868404932669,0.8342517681052153,1.6659928491586358,1.0,0.7757814197870044
2023-10-10 06:00:00,1.147868404932669,0.8342517681052153,1.6666756079876743,1.0,0.7754633322915621
2023-10-10 07:00:00,1.147868404932669,0.8342517681052153,1.669219337784357,1.0,0.7742782452510204
2023-10-10 08:00:00,1.147868404932669,0.8342517681052153,1.6690320322648864,1.0,0.7743655081922479
2023-10-10 09:00:00,1.147868404932669,0.8342517681052153,1.6707661188483731,1.0,0.7735576222524962
2023-10-10 10:00:00,1.147868404932669,0.8342517681052153,1.669950433521646,1.0,0.7739376382868742
2023-10-10 11:00:00,1.147868404932669,0.8342517681052153,1.6667299870094558,1.0,0.7754379978892703
2023-10-10 12:00:00,1.147868404932669,0.8342517681052153,1.660518694299266,1.0,0.7783317496177188
2023-10-10 13:00:00,1.147868404932669,0.8342517681052153,1.655558119090058,1.0,0.7806428100934545
2023-10-10 14:00:00,1.147868404932669,0.8342517681052153,1.6539267484366034,1.0,0.7814028421622105
2023-10-10 15:00:00,1.147868404932669,0.8342517681052153,1.656470478233286,1.0,0.7802177551216688
2023-10-10 16:00:00,1.147868404932669,0.8342517681052153,1.6545732545844536,1.0,0.7811016442682961
2023-10-10 17:00:00,1.147868404932669,0.8342517681052153,1.6559025195613426,1.0,0.7804823588789395
2023-10-10 18:00:00,1.147868404932669,0.8342517681052153,1.6522349566478356,1.0,0.7821910235668462
2023-10-10 19:00:00,1.147868404932669,0.8342517681052153,1.6514434397752333,1.0,0.7825597798668723
2023-10-10 20:00:00,1.147868404932669,0.8342517681052153,1.6540113380260415,1.0,0.7813634330919788
2023-10-10 21:00:00,1.147868404932669,0.8342517681052153,1.6543013594755445,1.0,0.7812283162797554
2023-10-10 22:00:00,1.147868404932669,0.8342517681052153,1.655721256155403,1.0,0.780566806886579
2023-10-10 23:00:00,1.147868404932669,0.8342517681052153,1.65694780520226,1.0,0.779995375368218
2023-10-11 00:00:00,1.147868404932669,0.8342517681052153,1.653709232349476,1.0,0.781504179771378
2023-10-11 01:00:00,1.147868404932669,0.8342517681052153,1.6580958067732094,1.0,0.7794605379865007
2023-10-11 02:00:00,1.147868404932669,0.8336677918675416,1.6565973626174435,1.0,0.7790724311374772
2023-10-11 03:00:00,1.147868404932669,0.8239593740055198,1.6373109362254918,1.0,0.7881450626821364
2023-10-11 04:00:00,1.147868404932669,0.820638073157986,1.6307129482492977,1.0,0.7912488576842567
2023-10-11 05:00:00,1.147868404932669,0.823995871817031,1.6373834415878674,1.0,0.7881109550447505
2023-10-11 06:00:00,1.147868404932669,0.8237434286207441,1.6368819461647686,1.0,0.7883468662033365
2023-10-11 07:00:00,1.147868404932669,0.8224325488906279,1.6342777952327725,1.0,0.7895718988461148
2023-10-11 08:00:00,1.147868404932669,0.8210030512730996,1.6314380018730552,1.0,0.7909077813103973
2023-10-11 09:00:00,1.147868404932669,0.8236552255762585,1.6367067248723606,1.0,0.7884292929936858
2023-10-11 10:00:00,1.147868404932669,0.8289869475412097,1.6472985498927526,1.0,0.7834467356322236
2023-10-11 11:00:00,1.147868404932669,0.8286827991119483,1.6466943385396213,1.0,0.783730965943773
2023-10-11 12:00:00,1.147868404932669,0.8262435287092724,1.641848563487508,1.0,0.7860104930423998
2023-10-11 13:00:00,1.147868404932669,0.8254162449816815,1.6402051086069909,1.0,0.7867835994898145
2023-10-11 14:00:00,1.147868404932669,0.8246528324242356,1.6386885381106313,1.0,0.7874970175718036
2023-10-11 15:00:00,1.147868404932669,0.8231047169192953,1.6356131023231928,1.0,0.7889437498575904
2023-10-11 16:00:00,1.147868404932669,0.813597037020586,1.6167254554243076,1.0,0.797828789396627
2023-10-11 17:00:00,1.147868404932669,0.8106650461625067,1.6109008579801214,1.0,0.800568769599964
2023-10-11 18:00:00,1.147868404932669,0.8092507559664415,1.6080912751880607,1.0,0.8018904405486691
2023-10-11 19:00:00,1.147868404932669,0.8109600701388902,1.6114869429926588,1.0,0.800293066197761
2023-10-11 20:00:00,1.147868404932669,0.8131286484395235,1.6157949699404852,1.0,0.7982665040764133
2023-10-11 21:00:00,1.147868404932669,0.8119303036282339,1.6134143772091478,1.0,0.7993863715039181
2023-10-11 22:00:00,1.147868404932669,0.8121432075287168,1.6138373251563398,1.0,0.7991874102858335
2023-10-11 23:00:00,1.147868404932669,0.8138342727954098,1.61719674027975,1.0,0.7976070897536185
2023-10-12 00:00:00,1.147868404932669,0.8164955715514465,1.622483589619649,1.0,0.7951200745275605
2023-10-12 01:00:00,1.147868404932669,0.8143513251251541,1.6182238995800733,1.0,0.7971238982239843
2023-10-12 02:00:00,1.147868404932669,0.8123608000475294,1.6165321077913055,1.0,0.7968290324575474
2023-10-12 03:00:00,1.147868404932669,0.8161268951501579,1.624024328570134,1.0,0.7931349424465634
2023-10-12 04:00:00,1.147868404932669,0.8144868214764326,1.6207615872632248,1.0,0.7947436590642499
2023-10-12 05:00:00,1.147868404932669,0.8136789333334494,1.6191543850638954,1.0,0.795536100953703
2023-10-12 06:00:00,1.147868404932669,0.8153949363439214,1.6225681792090876,1.0,0.7938529067148271
2023-10-12 07:00:00,1.147868404932669,0.81498491792549,1.6217524938823602,1.0,0.7942550858692489
2023-10-12 08:00:00,1.147868404932669,0.8133721788129934,1.6185441315972326,1.0,0.7958369905433074
2023-10-12 09:00:00,1.147868404932669,0.8130441640782483,1.617891583335851,1.0,0.7961587338668447
2023-10-12 10:00:00,1.147868404932669,0.8113311982412462,1.6144838313041903,1.0,0.7978389490008729
2023-10-12 11:00:00,1.147868404932669,0.8117594397004968,1.6153357693121055,1.0,0.7974188952173659
2023-10-12 12:00:00,1.147868404932669,0.8142256245580246,1.620241965499532,1.0,0.7949998620811408
2023-10-12 13:00:00,1.147868404932669,0.8139097585171589,1.6196135856922753,1.0,0.7953096889852879
2023-10-12 14:00:00,1.147868404932669,0.8117746255678461,1.6153659798797622,1.0,0.797403999693128
2023-10-12 15:00:00,1.147868404932669,0.8100616597308441,1.6119582278481013,1.0,0.7990842148271563
2023-10-12 16:00:00,1.147868404932669,0.8093054035368485,1.6104537415788045,1.0,0.7998260119342006
2023-10-12 17:00:00,1.147868404932669,0.8092993291899088,1.6104416573517417,1.0,0.7998319701438957
2023-10-12 18:00:00,1.147868404932669,0.8082515043428066,1.6083571281834388,1.0,0.8008597613163067
2023-10-12 19:00:00,1.147868404932669,0.8087951583939117,1.6094386665055436,1.0,0.8003265015485921
2023-10-12 20:00:00,1.147868404932669,0.8103623399043605,1.6125563970877015,1.0,0.798789283447247
2023-10-12 21:00:00,1.147868404932669,0.8114010532310532,1.6146227999154106,1.0,0.7977704295893788
2023-10-12 22:00:00,1.147868404932669,0.8117412166596776,1.6152995166309174,1.0,0.7974367698464513
2023-10-12 23:00:00,1.147868404932669,0.811537726037197,1.6148946950243197,1.0,0.7976363698712383
2023-10-13 00:00:00,1.147868404932669,0.8116926218841598,1.6152028428144165,1.0,0.7974844355240124
2023-10-13 01:00:00,1.147868404932669,0.8139401302518575,1.6196740068275883,1.0,0.7952798979368122
2023-10-13 02:00:00,1.147868404932669,0.8122682516012733,1.6174807196157217,1.0,0.7952457525802213
2023-10-13 03:00:00,1.147868404932669,0.8122682516012733,1.6183024470559801,1.0,0.7948416364009689
2023-10-13 04:00:00,1.147868404932669,0.8122682516012733,1.6167435817649014,1.0,0.7956082685645508
2023-10-13 05:00:00,1.147868404932669,0.8122682516012733,1.6181393099906347,1.0,0.7949218653483205
2023-10-13 06:00:00,1.147868404932669,0.8122682516012733,1.6191483429503641,1.0,0.7944256344517384
2023-10-13 07:00:00,1.147868404932669,0.8122682516012733,1.618374952418356,1.0,0.7948059790910349
2023-10-13 08:00:00,1.147868404932669,0.8122682516012733,1.6220848101265823,1.0,0.7929815133994098
2023-10-13 09:00:00,1.147868404932669,0.8122682516012733,1.61756530920516,1.0,0.7952041523852984
2023-10-13 10:00:00,1.147868404932669,0.8122682516012733,1.6140971360381864,1.0,0.7969097603771432
2023-10-13 11:00:00,1.147868404932669,0.8122682516012733,1.616544192018368,1.0,0.7957063261668693
2023-10-13 12:00:00,1.147868404932669,0.8122682516012733,1.6191906377450833,1.0,0.7944048343542769
2023-10-13 13:00:00,1.147868404932669,0.8122682516012733,1.6258430047430592,1.0,0.7911332761678288
2023-10-13 14:00:00,1.147868404932669,0.8122682516012733,1.6211845352104166,1.0,0.7934242583310908
2023-10-13 15:00:00,1.147868404932669,0.8122682516012733,1.6152813902903236,1.0,0.7963273576482206
2023-10-13 16:00:00,1.147868404932669,0.8122682516012733,1.6121153227999157,1.0,0.7978843935153404
2023-10-13 17:00:00,1.147868404932669,0.8122682516012733,1.617740530497568,1.0,0.7951179805529577
2023-10-13 18:00:00,1.147868404932669,0.8122682516012733,1.615982275459956,1.0,0.7959826703188582
2023-10-13 19:00:00,1.147868404932669,0.8122682516012733,1.6146348841424731,1.0,0.7966453019951325
2023-10-13 20:00:00,1.147868404932669,0.8122682516012733,1.6167133711972448,1.0,0.7956231257770233
2023-10-13 21:00:00,1.147868404932669,0.8122682516012733,1.6287250928974957,1.0,0.7897158980979506
2023-10-13 22:00:00,1.147868404932669,0.8122682516012733,1.6309969275852696,1.0,0.7885986357200173
2023-10-13 23:00:00,1.147868404932669,0.8122682516012733,1.6194262801728045,1.0,0.7942889480969912
2023-10-14 00:00:00,1.147868404932669,0.8122682516012733,1.6215893568170148,1.0,0.793225171683959
2023-10-14 01:00:00,1.147868404932669,0.8122682516012733,1.6234140751034714,1.0,0.792327796050619
2023-10-14 02:00:00,1.147868404932669,0.8122682516012733,1.6246285399232652,1.0,0.7906171937780676
2023-10-14 03:00:00,1.147868404932669,0.8122682516012733,1.62400620222954,1.0,0.7903142546911189
2023-10-14 04:00:00,1.147868404932669,0.8122682516012733,1.6257282045859642,1.0,0.7911524842035499
2023-10-14 05:00:00,1.147868404932669,0.8122682516012733,1.6244170659496693,1.0,0.7905142533116287
2023-10-14 06:00:00,1.147868404932669,0.8122682516012733,1.6230696746321864,1.0,0.7898583754826037
2023-10-14 07:00:00,1.147868404932669,0.8122682516012733,1.621673946406453,1.0,0.789178968404107
2023-10-14 08:00:00,1.147868404932669,0.8122682516012733,1.6222358629648652,1.0,0.7894524959292162
2023-10-14 09:00:00,1.147868404932669,0.8122682516012733,1.6220908522401136,1.0,0.7893819081808009
2023-10-14 10:00:00,1.147868404932669,0.8122682516012733,1.6228582006585905,1.0,0.7897554350161649
2023-10-14 11:00:00,1.147868404932669,0.8122682516012733,1.622405042143742,1.0,0.7895348483023672
2023-10-14 12:00:00,1.147868404932669,0.8122682516012733,1.6222177366242712,1.0,0.7894436724606642
2023-10-14 13:00:00,1.147868404932669,0.8122682516012733,1.6235590858282227,1.0,0.7900966091335052
2023-10-14 14:00:00,1.147868404932669,0.8122682516012733,1.6243083079061056,1.0,0.7904613125003173
2023-10-14 15:00:00,1.147868404932669,0.8122682516012733,1.6230757167457177,1.0,0.7898613166387877
2023-10-14 16:00:00,1.147868404932669,0.8122682516012733,1.6263142895985017,1.0,0.7914377763533949
2023-10-14 17:00:00,1.147868404932669,0.8122682516012733,1.6255227727258996,1.0,0.7910524848932949
2023-10-14 18:00:00,1.147868404932669,0.8122682516012733,1.623118011540437,1.0,0.7898819047320755
2023-10-14 19:00:00,1.147868404932669,0.8122682516012733,1.6221210628077702,1.0,0.7893966139617207
2023-10-14 20:00:00,1.147868404932669,0.8122682516012733,1.6216981148605782,1.0,0.7891907330288429
2023-10-14 21:00:00,1.147868404932669,0.8122682516012733,1.620513860608441,1.0,0.7886142664167851
2023-10-14 22:00:00,1.147868404932669,0.8122682516012733,1.6189791637714874,1.0,0.7878672127460571
2023-10-14 23:00:00,1.147868404932669,0.8122682516012733,1.6205621975166915,1.0,0.7886377956662569
2023-10-15 00:00:00,1.147868404932669,0.8122682516012733,1.6207857557173502,1.0,0.7887466184450638
2023-10-15 01:00:00,1.147868404932669,0.8122682516012733,1.6207011661279116,1.0,0.7887054422584882
2023-10-15 02:00:00,1.147868404932669,0.8116996638251524,1.6232146853569378,1.0,0.7888230623452624
2023-10-15 03:00:00,1.147868404932669,0.8115153087975534,1.6228461164315278,1.0,0.7890022215884043
2023-10-15 04:00:00,1.147868404932669,0.8115425087196582,1.6229004954533097,1.0,0.7889757882574489
2023-10-15 05:00:00,1.147868404932669,0.8115969085638677,1.6230092534968734,1.0,0.7889229215955381
2023-10-15 06:00:00,1.147868404932669,0.8114518423126423,1.6227192320473702,1.0,0.7890638993606334
2023-10-15 07:00:00,1.147868404932669,0.8114548645262094,1.6227252741609015,1.0,0.7890609623238606
2023-10-15 08:00:00,1.147868404932669,0.8115817974960318,1.6229790429292168,1.0,0.7889376067794023
2023-10-15 09:00:00,1.147868404932669,0.8122527289079495,1.6243203921331684,1.0,0.7882855846158369
2023-10-15 10:00:00,1.147868404932669,0.8121167292974256,1.6240484970242592,1.0,0.7884177512706136
2023-10-15 11:00:00,1.147868404932669,0.8118265967949746,1.623468454125253,1.0,0.7886997068008041
2023-10-15 12:00:00,1.147868404932669,0.8106086447273942,1.621033482372134,1.0,0.7898833326202493
2023-10-15 13:00:00,1.147868404932669,0.8101190461295084,1.6200546599800612,1.0,0.7903591325774457
2023-10-15 14:00:00,1.147868404932669,0.8108866883755764,1.6215893568170148,1.0,0.7896131252371502
2023-10-15 15:00:00,1.147868404932669,0.8112523762172072,1.6223204525543036,1.0,0.7892577437876394
2023-10-15 16:00:00,1.147868404932669,0.8119746852597673,1.6237645176882876,1.0,0.788555791998936
2023-10-15 17:00:00,1.147868404932669,0.812890415970628,1.6255952780882754,1.0,0.7876658698567724
2023-10-15 18:00:00,1.147868404932669,0.8145073002290785,1.6288278088275279,1.0,0.7860945551833153
2023-10-15 19:00:00,1.147868404932669,0.8168223158215513,1.6334560677925138,1.0,0.7838447850153375
2023-10-15 20:00:00,1.147868404932669,0.8163387616507998,1.6324893296275036,1.0,0.7843147108989882
2023-10-15 21:00:00,1.147868404932669,0.8212891474738686,1.642386311591795,1.0,0.7795038446651137
2023-10-15 22:00:00,1.147868404932669,0.8203975944715455,1.6406038881000575,1.0,0.7803702705130947
2023-10-15 23:00:00,1.147868404932669,0.8180160901805941,1.6358427026373825,1.0,0.7826846554900747
2023-10-16 00:00:00,1.147868404932669,0.8196541299340149,1.6391175281713544,1.0,0.7810927815592078
2023-10-16 01:00:00,1.147868404932669,0.8193277308687577,1.6384649799099726,1.0,0.7814099815306721
2023-10-16 02:00:00,1.147868404932669,0.8203302946109458,1.6416189631733182,1.0,0.778772500431623
2023-10-16 03:00:00,1.147868404932669,0.8203302946109458,1.6413047732696897,1.0,0.778623410114792
2023-10-16 04:00:00,1.147868404932669,0.8203302946109458,1.644047892812906,1.0,0.7799250832655863
2023-10-16 05:00:00,1.147868404932669,0.8203302946109458,1.6450810942267606,1.0,0.7804153610382422
2023-10-16 06:00:00,1.147868404932669,0.8203302946109458,1.6852551070964625,1.0,0.799478851742275
2023-10-16 07:00:00,1.147868404932669,0.8203302946109458,1.6790015195915533,1.0,0.7965113810130414
2023-10-16 08:00:00,1.147868404932669,0.8203302946109458,1.6812552279387332,1.0,0.7975808173241564
2023-10-16 09:00:00,1.147868404932669,0.8203302946109458,1.6785664874172987,1.0,0.7963049482666599
2023-10-16 10:00:00,1.147868404932669,0.8203302946109458,1.6764215371136826,1.0,0.7952871201421402
2023-10-16 11:00:00,1.147868404932669,0.8203302946109458,1.676143599891242,1.0,0.7951552325541742
2023-10-16 12:00:00,1.147868404932669,0.8203302946109458,1.6752010301803573,1.0,0.7947079616036811
2023-10-16 13:00:00,1.147868404932669,0.8203302946109458,1.683436430923537,1.0,0.7986158481775413
2023-10-16 14:00:00,1.147868404932669,0.8203302946109458,1.6902761034409837,1.0,0.8018614296900942
2023-10-16 15:00:00,1.147868404932669,0.8203302946109458,1.7020461405999818,1.0,0.8074465823283038
2023-10-16 16:00:00,1.147868404932669,0.8203302946109458,1.6943605721881514,1.0,0.8037996038088979
2023-10-16 17:00:00,1.147868404932669,0.8203302946109458,1.6958227636627292,1.0,0.8044934472064579
2023-10-16 18:00:00,1.147868404932669,0.8203302946109458,1.704324017401287,1.0,0.8085274871253291
2023-10-16 19:00:00,1.147868404932669,0.8203302946109458,1.7235258542038006,1.0,0.8176391991808887
2023-10-16 20:00:00,1.147868404932669,0.8203302946109458,1.7187586266275945,1.0,0.8153770403351251
2023-10-16 21:00:00,1.147868404932669,0.8203302946109458,1.7147043684480832,1.0,0.813453201823709
2023-10-16 22:00:00,1.147868404932669,0.8203302946109458,1.7159792544031904,1.0,0.8140581644554657
2023-10-16 23:00:00,1.147868404932669,0.8203302946109458,1.7208491979094287,1.0,0.8163690643663472
2023-10-17 00:00:00,1.147868404932669,0.8203302946109458,1.7204745868704874,1.0,0.8161913028347408
2023-10-17 01:00:00,1.147868404932669,0.8203302946109458,1.7070308842633153,1.0,0.8098119575472581
2023-10-17 02:00:00,1.147868404932669,0.8203302946109458,1.7115866378659257,1.0,0.8108370201359314
2023-10-17 03:00:00,1.147868404932669,0.8203302946109458,1.7127406815504063,1.0,0.8113838893337032
2023-10-17 04:00:00,1.147868404932669,0.8203302946109458,1.7067952418355943,1.0,0.8085665108488475
2023-10-17 05:00:00,1.147868404932669,0.8203302946109458,1.7016654874475092,1.0,0.8061356629488041
2023-10-17 06:00:00,1.147868404932669,0.8203302946109458,1.703901069454095,1.0,0.8071950430701421
2023-10-17 07:00:00,1.147868404932669,0.8203302946109458,1.7040642065194407,1.0,0.8072723491871047
2023-10-17 08:00:00,1.147868404932669,0.8203302946109458,1.7157496540890003,1.0,0.8128097577132338
2023-10-17 09:00:00,1.147868404932669,0.8203302946109458,1.7168311924111055,1.0,0.8133222686368001
2023-10-17 10:00:00,1.147868404932669,0.8203302946109458,1.7173387299477358,1.0,0.8135627765562391
2023-10-17 11:00:00,1.147868404932669,0.8203302946109458,1.7209942086341805,1.0,0.8152950062141027
2023-10-17 12:00:00,1.147868404932669,0.8203302946109458,1.7157919488837197,1.0,0.8128298000398537
2023-10-17 13:00:00,1.147868404932669,0.8203302946109458,1.7033874898039334,1.0,0.8069516719611861
2023-10-17 14:00:00,1.147868404932669,0.8203302946109458,1.7077982326817922,1.0,0.8090418003086909
2023-10-17 15:00:00,1.147868404932669,0.8203302946109458,1.7182631733180267,1.0,0.81400084455236
2023-10-17 16:00:00,1.147868404932669,0.8203302946109458,1.7180214887767742,1.0,0.8138863169716748
2023-10-17 17:00:00,1.147868404932669,0.8203302946109458,1.7253324461496633,1.0,0.8173507762874019
2023-10-17 18:00:00,1.147868404932669,0.8203302946109458,1.7161544756955984,1.0,0.8130015914108816
2023-10-17 19:00:00,1.147868404932669,0.8203302946109458,1.7112724479622974,1.0,0.8106881342810406
2023-10-17 20:00:00,1.147868404932669,0.8203302946109458,1.721241935288964,1.0,0.815412396984305
2023-10-17 21:00:00,1.147868404932669,0.8203302946109458,1.7171574665417966,1.0,0.8134768808707252
2023-10-17 22:00:00,1.147868404932669,0.8203302946109458,1.719405132775445,1.0,0.8145419873710974
2023-10-17 23:00:00,1.147868404932669,0.8203302946109458,1.715586517023655,1.0,0.8127324515962714
2023-10-18 00:00:00,1.147868404932669,0.8203302946109458,1.7141726624573277,1.0,0.812062465249263
2023-10-18 01:00:00,1.147868404932669,0.8203302946109458,1.7129340291834085,1.0,0.8114755113982514
2023-10-18 02:00:00,1.147868404932669,0.8203302946109458,1.7116349747741761,1.0,0.8097247217673793
2023-10-18 03:00:00,1.147868404932669,0.8203302946109458,1.7186196580163742,1.0,0.8064195084060889
2023-10-18 04:00:00,1.147868404932669,0.8203302946109458,1.7211875562671823,1.0,0.8052043564350263
2023-10-18 05:00:00,1.147868404932669,0.8203302946109458,1.7344016585601645,1.0,0.7989513273509933
2023-10-18 06:00:00,1.147868404932669,0.8203302946109458,1.7322929609377362,1.0,0.7999491815578188
2023-10-18 07:00:00,1.147868404932669,0.8203302946109458,1.7305709585813118,1.0,0.8007640481737078
2023-10-18 08:00:00,1.147868404932669,0.8203302946109458,1.7204020815081116,1.0,0.805576049979116
2023-10-18 09:00:00,1.147868404932669,0.8203302946109458,1.7239246336968674,1.0,0.8039091473929288
2023-10-18 10:00:00,1.147868404932669,0.8203302946109458,1.7059674722818043,1.0,0.8124066336470422
2023-10-18 11:00:00,1.147868404932669,0.8203302946109458,1.7127104709827499,1.0,0.8092157875300872
2023-10-18 12:00:00,1.147868404932669,0.8203302946109458,1.7108676263556992,1.0,0.810087837768144
2023-10-18 13:00:00,1.147868404932669,0.8203302946109458,1.7101606990725355,1.0,0.8104223619578247
2023-10-18 14:00:00,1.147868404932669,0.8203302946109458,1.7100096462342527,1.0,0.8104938414855343
2023-10-18 15:00:00,1.147868404932669,0.8203302946109458,1.7019857194646688,1.0,0.8142908339974665
2023-10-18 16:00:00,1.147868404932669,0.8203302946109458,1.7053149240204226,1.0,0.8127154252067476
2023-10-18 17:00:00,1.147868404932669,0.8203302946109458,1.7111576478052022,1.0,0.8099505970749415
2023-10-18 18:00:00,1.147868404932669,0.8203302946109458,1.7099552672124712,1.0,0.8105195741155097
2023-10-18 19:00:00,1.147868404932669,0.8203302946109458,1.7082695175372347,1.0,0.8113172856447485
2023-10-18 20:00:00,1.147868404932669,0.8203302946109458,1.7051819975227336,1.0,0.812778327191132
2023-10-18 21:00:00,1.147868404932669,0.8203302946109458,1.7054055557233923,1.0,0.8126725374901218
2023-10-18 22:00:00,1.147868404932669,0.8203302946109458,1.7063722938884023,1.0,0.8122150685127806
2023-10-18 23:00:00,1.147868404932669,0.8203302946109458,1.7110247213075136,1.0,0.810013499059326
2023-10-19 00:00:00,1.147868404932669,0.8203302946109458,1.7096531615359054,1.0,0.8106625331709288
2023-10-19 01:00:00,1.147868404932669,0.8203302946109458,1.7134536509471012,1.0,0.8088641082537561
2023-10-19 02:00:00,1.147868404932669,0.8203302946109458,1.7045717440560708,1.0,0.8119334882348369
2023-10-19 03:00:00,1.147868404932669,0.8203302946109458,1.7029282891755537,1.0,0.8127165369049911
2023-10-19 04:00:00,1.147868404932669,0.8203302946109458,1.706021851303586,1.0,0.8112425629376419
2023-10-19 05:00:00,1.147868404932669,0.8203302946109458,1.7075082112322892,1.0,0.810534364508017
2023-10-19 06:00:00,1.147868404932669,0.8203302946109458,1.709127497658681,1.0,0.8097628312594826
2023-10-19 07:00:00,1.147868404932669,0.8203302946109458,1.7077498957735417,1.0,0.8104192102918177
2023-10-19 08:00:00,1.147868404932669,0.8203302946109458,1.7101184042778166,1.0,0.8092906989730658
2023-10-19 09:00:00,1.147868404932669,0.8203302946109458,1.709689414217093,1.0,0.8094950977068195
2023-10-19 10:00:00,1.147868404932669,0.8203302946109458,1.7143297574091416,1.0,0.8072841367557955
2023-10-19 11:00:00,1.147868404932669,0.8203302946109458,1.718945932147065,1.0,0.8050846912263913
2023-10-19 12:00:00,1.147868404932669,0.8203302946109458,1.717441445877768,1.0,0.8058015262222311
2023-10-19 13:00:00,1.147868404932669,0.8203302946109458,1.7189217636929397,1.0,0.8050962066480112
2023-10-19 14:00:00,1.147868404932669,0.8203302946109458,1.7190909428718166,1.0,0.8050155986966717
2023-10-19 15:00:00,1.147868404932669,0.8203302946109458,1.7313020543186006,1.0,0.7991974319232087
2023-10-19 16:00:00,1.147868404932669,0.8203302946109458,1.7309395275067219,1.0,0.7993701632475074
2023-10-19 17:00:00,1.147868404932669,0.8203302946109458,1.7274471858856228,1.0,0.8010341416715854
2023-10-19 18:00:00,1.147868404932669,0.8203302946109458,1.7232902117760793,1.0,0.8030147941902112
2023-10-19 19:00:00,1.147868404932669,0.8203302946109458,1.7292477357179543,1.0,0.8001762427609016
2023-10-19 20:00:00,1.147868404932669,0.8203302946109458,1.735477154768738,1.0,0.797208142838368
2023-10-19 21:00:00,1.147868404932669,0.8203302946109458,1.7333563729192472,1.0,0.7982186210855157
2023-10-19 22:00:00,1.147868404932669,0.8203302946109458,1.7267463007159904,1.0,0.801368088898563
2023-10-19 23:00:00,1.147868404932669,0.8203302946109458,1.729205440923235,1.0,0.8001963947487365
2023-10-20 00:00:00,1.147868404932669,0.8203302946109458,1.7332053200809645,1.0,0.7982905924706402
2023-10-20 01:00:00,1.147868404932669,0.8203302946109458,1.728589145343041,1.0,0.8004900380000444
2023-10-20 02:00:00,1.147868404932669,0.8203302946109458,1.7299063260928675,1.0,0.79872574655304
2023-10-20 03:00:00,1.147868404932669,0.8203302946109458,1.7495492371831667,1.0,0.8077978785513319
2023-10-20 04:00:00,1.147868404932669,0.8203302946109458,1.7649807951421408,1.0,0.814924985633349
2023-10-20 05:00:00,1.147868404932669,0.8203302946109458,1.7700622126219752,1.0,0.8172718521392128
2023-10-20 06:00:00,1.147868404932669,0.8203302946109458,1.764177194042476,1.0,0.8145538402762978
2023-10-20 07:00:00,1.147868404932669,0.8203302946109458,1.767663493550044,1.0,0.8161639972012485
2023-10-20 08:00:00,1.147868404932669,0.8203302946109458,1.7653251956134255,1.0,0.815084047929228
2023-10-20 09:00:00,1.147868404932669,0.8203302946109458,1.7950040572792363,1.0,0.8287913110407659
2023-10-20 10:00:00,1.147868404932669,0.8203302946109458,1.7990039364369657,1.0,0.8306386661262378
2023-10-20 11:00:00,1.147868404932669,0.8203302946109458,1.8020854143379355,1.0,0.8320618550893658
2023-10-20 12:00:00,1.147868404932669,0.8203302946109458,1.8016564242772124,1.0,0.8318637248611657
2023-10-20 13:00:00,1.147868404932669,0.8203302946109458,1.781650986375034,1.0,0.8226241588672115
2023-10-20 14:00:00,1.147868404932669,0.8203302946109458,1.7899286819129332,1.0,0.8264472351014964
2023-10-20 15:00:00,1.147868404932669,0.8203302946109458,1.7859046343010787,1.0,0.824588717749647
2023-10-20 16:00:00,1.147868404932669,0.8203302946109458,1.784061789674028,1.0,0.8237375949383646
2023-10-20 17:00:00,1.147868404932669,0.8203302946109458,1.7804244373281775,1.0,0.8220576738485548
2023-10-20 18:00:00,1.147868404932669,0.8203302946109458,1.781977260505725,1.0,0.8227748494633075
2023-10-20 19:00:00,1.147868404932669,0.8203302946109458,1.77983835231564,1.0,0.821786988888901
2023-10-20 20:00:00,1.147868404932669,0.8203302946109458,1.7847324642760038,1.0,0.8240473478303395
2023-10-20 21:00:00,1.147868404932669,0.8203302946109458,1.7857052445545454,1.0,0.8244966290520329
2023-10-20 22:00:00,1.147868404932669,0.8203302946109458,1.7876387208845657,1.0,0.8253896103622308
2023-10-20 23:00:00,1.147868404932669,0.8203302946109458,1.7907443672396606,1.0,0.8268239615917361
2023-10-21 00:00:00,1.147868404932669,0.8203302946109458,1.790967925440319,1.0,0.8269272125557278
2023-10-21 01:00:00,1.147868404932669,0.8203302946109458,1.7886779644119513,1.0,0.8258695878164621
2023-10-21 02:00:00,1.147868404932669,0.8203302946109458,1.782998377692517,1.0,0.8220939221955982
2023-10-21 03:00:00,1.147868404932669,0.8203302946109458,1.780031699948642,1.0,0.8207256436849559
2023-10-21 04:00:00,1.147868404932669,0.8203302946109458,1.787221815050905,1.0,0.824041838038651
2023-10-21 05:00:00,1.147868404932669,0.8203302946109458,1.7841645056040605,1.0,0.8226317587588446
2023-10-21 06:00:00,1.147868404932669,0.8203302946109458,1.7856206549651068,1.0,0.8233033577834165
2023-10-21 07:00:00,1.147868404932669,0.8203302946109458,1.7931189178574665,1.0,0.8267616747522699
2023-10-21 08:00:00,1.147868404932669,0.8203302946109458,1.792665759342618,1.0,0.8265526709064488
2023-10-21 09:00:00,1.147868404932669,0.8203302946109458,1.7909256306455998,1.0,0.8257500961384957
2023-10-21 10:00:00,1.147868404932669,0.8203302946109458,1.8016443400501496,1.0,0.8306937337716515
2023-10-21 11:00:00,1.147868404932669,0.8203302946109458,1.7972819340805415,1.0,0.8286817234158801
2023-10-21 12:00:00,1.147868404932669,0.8203302946109458,1.7995235582006586,1.0,0.8297155957732085
2023-10-21 13:00:00,1.147868404932669,0.8203302946109458,1.7971308812422586,1.0,0.828612055467273
2023-10-21 14:00:00,1.147868404932669,0.8203302946109458,1.7975417449623878,1.0,0.8288015522874842
2023-10-21 15:00:00,1.147868404932669,0.8203302946109458,1.80394638530558,1.0,0.8317554733084227
2023-10-21 16:00:00,1.147868404932669,0.8203302946109458,1.8068828524817984,1.0,0.8331098182293437
2023-10-21 17:00:00,1.147868404932669,0.8203302946109458,1.8029554786864448,1.0,0.8312984515655606
2023-10-21 18:00:00,1.147868404932669,0.8203302946109458,1.8199398598229661,1.0,0.8391319157069362
2023-10-21 19:00:00,1.147868404932669,0.8203302946109458,1.8237101386665058,1.0,0.8408708277041681
2023-10-21 20:00:00,1.147868404932669,0.8203302946109458,1.8197102595087762,1.0,0.8390260204250536
2023-10-21 21:00:00,1.147868404932669,0.8203302946109458,1.8120367753240085,1.0,0.8354868886358159
2023-10-21 22:00:00,1.147868404932669,0.8203302946109458,1.810236225491677,1.0,0.83465644668842
2023-10-21 23:00:00,1.147868404932669,0.8203302946109458,1.8108223105042143,1.0,0.8349267583290152
2023-10-22 00:00:00,1.147868404932669,0.8203302946109458,1.8056140086402226,1.0,0.8325246074610445
2023-10-22 01:00:00,1.147868404932669,0.8203302946109458,1.8093903295972933,1.0,0.8342663061762206
2023-10-22 02:00:00,1.147868404932669,0.8203302946109458,1.8069311893900488,1.0,0.831965732424849
2023-10-22 03:00:00,1.147868404932669,0.8203302946109458,1.8030038155946952,1.0,0.830156884886807
2023-10-22 04:00:00,1.147868404932669,0.8203302946109458,1.8057106824567235,1.0,0.8314035982668728
2023-10-22 05:00:00,1.147868404932669,0.8203302946109458,1.8085625600435034,1.0,0.832717099863728
2023-10-22 06:00:00,1.147868404932669,0.8203302946109458,1.8181755626718226,1.0,0.8371446020683815
2023-10-22 07:00:00,1.147868404932669,0.8203302946109458,1.8156862118969215,1.0,0.8359980710134994
2023-10-22 08:00:00,1.147868404932669,0.8203302946109458,1.799874000785475,1.0,0.8287153725411057
2023-10-22 09:00:00,1.147868404932669,0.8203302946109458,1.8008951179722668,1.0,0.8291856729009967
2023-10-22 10:00:00,1.147868404932669,0.8203302946109458,1.80371678499139,1.0,0.8304852602860207
2023-10-22 11:00:00,1.147868404932669,0.8203302946109458,1.8047318600646507,1.0,0.8309527778035454
2023-10-22 12:00:00,1.147868404932669,0.8203302946109458,1.805644219207879,1.0,0.8313729870008444
2023-10-22 13:00:00,1.147868404932669,0.8203302946109458,1.8048104075405578,1.0,0.8309889547543062
2023-10-22 14:00:00,1.147868404932669,0.8203302946109458,1.8078858433279963,1.0,0.8324054215187114
2023-10-22 15:00:00,1.147868404932669,0.8203302946109458,1.8036080269478265,1.0,0.8304351691234287
2023-10-22 16:00:00,1.147868404932669,0.8203302946109458,1.8007742757016405,1.0,0.8291300160536723
2023-10-22 17:00:00,1.147868404932669,0.8203302946109458,1.803136742092384,1.0,0.8302181074188637
2023-10-22 18:00:00,1.147868404932669,0.8203302946109458,1.806091335609196,1.0,0.8315789173359446
2023-10-22 19:00:00,1.147868404932669,0.8203302946109458,1.8040853539168,1.0,0.83065501367036
2023-10-22 20:00:00,1.147868404932669,0.8203302946109458,1.8016624663907435,1.0,0.8295390938815064
2023-10-22 21:00:00,1.147868404932669,0.8203302946109458,1.8021941723814991,1.0,0.8297839840097336
2023-10-22 22:00:00,1.147868404932669,0.8203302946109458,1.7962547747802182,1.0,0.8270484499637408
2023-10-22 23:00:00,1.147868404932669,0.8203302946109458,1.8133479139603035,1.0,0.834921111017773
2023-10-23 00:00:00,1.147868404932669,0.8203302946109458,1.810810226277152,1.0,0.8337523172239613
2023-10-23 01:00:00,1.147868404932669,0.8203302946109458,1.818417247213075,1.0,0.8372559157630303
2023-10-23 02:00:00,1.147868404932669,0.8203302946109458,1.8322778556539079,1.0,0.8424586662127956
2023-10-23 03:00:00,1.147868404932669,0.8203302946109458,1.8341811214162715,1.0,0.8433340428098465
2023-10-23 04:00:00,1.147868404932669,0.8203302946109458,1.8556729192471528,1.0,0.8532188509232107
2023-10-23 05:00:00,1.147868404932669,0.8203302946109458,1.850796933627383,1.0,0.8509762194507662
2023-10-23 06:00:00,1.147868404932669,0.8203302946109458,1.8585489652880578,1.0,0.8545416422254207
2023-10-23 07:00:00,1.147868404932669,0.8203302946109458,1.8516488716352981,1.0,0.8513680546894461
2023-10-23 08:00:00,1.147868404932669,0.8203302946109458,1.8426279961330474,1.0,0.8472190475167576
2023-10-23 09:00:00,1.147868404932669,0.8203302946109458,1.852766662638591,1.0,0.8518821647543806
2023-10-23 10:00:00,1.147868404932669,0.8203302946109458,1.8401386453581463,1.0,0.8460741105072817
2023-10-23 11:00:00,1.147868404932669,0.8203302946109458,1.844954209842603,1.0,0.8482889522464864
2023-10-23 12:00:00,1.147868404932669,0.8203302946109458,1.8508694389897589,1.0,0.8510095671306539
2023-10-23 13:00:00,1.147868404932669,0.8203302946109458,1.8511352919851365,1.0,0.8511318419569085
2023-10-23 14:00:00,1.147868404932669,0.8203302946109458,1.8476369082505062,1.0,0.8495228164023295
2023-10-23 15:00:00,1.147868404932669,0.8203302946109458,1.8580172592973023,1.0,0.8542970925729113
2023-10-23 16:00:00,1.147868404932669,0.8203302946109458,1.8641439624180538,1.0,0.8571149715234176
2023-10-23 17:00:00,1.147868404932669,0.8203302946109458,1.8842883689314522,1.0,0.8663800685855365
2023-10-23 18:00:00,1.147868404932669,0.8203302946109458,1.8701860759493671,1.0,0.8598939448473886
2023-10-23 19:00:00,1.147868404932669,0.8203302946109458,1.881811102383614,1.0,0.8652406895227084
2023-10-23 20:00:00,1.147868404932669,0.8203302946109458,1.8929165070541676,1.0,0.8703484424921668
2023-10-23 21:00:00,1.147868404932669,0.8203302946109458,1.9032606054197758,1.0,0.8751060448228049
2023-10-23 22:00:00,1.147868404932669,0.8203302946109458,1.9097377511253437,1.0,0.8780851042261016
2023-10-23 23:00:00,1.147868404932669,0.8203302946109458,2.0148765686837256,1.0,0.9264420190365179
2023-10-24 00:00:00,1.147868404932669,0.8203302946109458,1.9976686293465455,1.0,0.918527503009849
2023-10-24 01:00:00,1.147868404932669,0.8203302946109458,2.0236738859853176,1.0,0.9304882041962195
2023-10-24 02:00:00,1.147868404932669,0.8203302946109458,2.0646273315005588,1.0,0.9479950840306085
2023-10-24 03:00:00,1.147868404932669,0.8203302946109458,2.087816963233739,1.0,0.9586466915929351
2023-10-24 04:00:00,1.147868404932669,0.8203302946109458,2.0579145433672696,1.0,0.9449117239467771
2023-10-24 05:00:00,1.147868404932669,0.8203302946109458,2.0773157699163165,1.0,0.953823217402387
2023-10-24 06:00:00,1.147868404932669,0.8203302946109458,2.0477154557264132,1.0,0.9402270148365096
2023-10-24 07:00:00,1.147868404932669,0.8203302946109458,2.0523799673725867,1.0,0.9423695476760395
2023-10-24 08:00:00,1.147868404932669,0.8203302946109458,2.055177465937585,1.0,0.9436545123194365
2023-10-24 09:00:00,1.147868404932669,0.8203302946109458,2.061219579468898,1.0,0.9464298139250453
2023-10-24 10:00:00,1.147868404932669,0.8203302946109458,2.0744578502160054,1.0,0.9525104997429341
2023-10-24 11:00:00,1.147868404932669,0.8203302946109458,2.0805301743149753,1.0,0.955299677856571
2023-10-24 12:00:00,1.147868404932669,0.8203302946109458,2.086844182955198,1.0,0.9581998680344321
2023-10-24 13:00:00,1.147868404932669,0.8203302946109458,2.088258037521525,1.0,0.9588492886101447
2023-10-24 14:00:00,1.147868404932669,0.8203302946109458,2.079871583940062,1.0,0.9549971699815596
2023-10-24 15:00:00,1.147868404932669,0.8203302946109458,2.0791525724298356,1.0,0.9546669090904921
2023-10-24 16:00:00,1.147868404932669,0.8203302946109458,2.0339152684208934,1.0,0.9338882259692991
2023-10-24 17:00:00,1.147868404932669,0.8203302946109458,2.049993332527718,1.0,0.941273303541824
2023-10-24 18:00:00,1.147868404932669,0.8203302946109458,2.0406824355759645,1.0,0.936996563767581
2023-10-24 19:00:00,1.147868404932669,0.8203302946109458,2.0452140207244494,1.0,0.9390780399717875
2023-10-24 20:00:00,1.147868404932669,0.8203302946109458,2.0410510045013743,1.0,0.937165857165523
2023-10-24 21:00:00,1.147868404932669,0.8203302946109458,2.033021035618259,1.0,0.933477481331669
2023-10-24 22:00:00,1.147868404932669,0.8203302946109458,2.0610685266306152,1.0,0.9463604313849051
2023-10-24 23:00:00,1.147868404932669,0.8203302946109458,2.06283886589529,1.0,0.9471735947553483
2023-10-25 00:00:00,1.147868404932669,0.8203302946109458,2.048603646415516,1.0,0.940634984172534
2023-10-25 01:00:00,1.147868404932669,0.8203302946109458,2.0552439291864295,1.0,0.9436850406370981
2023-10-25 02:00:00,1.147868404932669,0.8197560634047181,2.065418848373161,1.0,0.9470309466111327
2023-10-25 03:00:00,1.147868404932669,0.8152028443975107,2.053950916890728,1.0,0.9417707972825458
2023-10-25 04:00:00,1.147868404932669,0.8151596631845865,2.0538421588471643,1.0,0.9417209117778489
2023-10-25 05:00:00,1.147868404932669,0.8197320738419825,2.065358427237848,1.0,0.9470032324418567
2023-10-25 06:00:00,1.147868404932669,0.815346781773924,2.054313443702607,1.0,0.9419370822982018
2023-10-25 07:00:00,1.147868404932669,0.8180168201063908,2.061038316062959,1.0,0.945021669338622
2023-10-25 08:00:00,1.147868404932669,0.8115540319054335,2.0447608622096007,1.0,0.9375554721356645
2023-10-25 09:00:00,1.147868404932669,0.8137370821143686,2.050259185523096,1.0,0.9400774615397816
2023-10-25 10:00:00,1.147868404932669,0.8174722570322936,2.0596667562913504,1.0,0.9443925576960563
2023-10-25 11:00:00,1.147868404932669,0.8208859718095625,2.0682646838464094,1.0,0.9483362839840328
2023-10-25 12:00:00,1.147868404932669,0.8197608613172651,2.0654309326002234,1.0,0.9470364894449879
2023-10-25 13:00:00,1.147868404932669,0.8230618251496767,2.0737448808193104,1.0,0.9508499591373669
2023-10-25 14:00:00,1.147868404932669,0.8266602595600092,2.08280805111628,1.0,0.9550070845287686
2023-10-25 15:00:00,1.147868404932669,0.833432513120255,2.0998649376151777,1.0,0.9628307945153867
2023-10-25 16:00:00,1.147868404932669,0.8352581188444302,2.104462986012507,1.0,0.9649398427972911
2023-10-25 17:00:00,1.147868404932669,0.8264251618452009,2.0822159239902116,1.0,0.9547354856698639
2023-10-25 18:00:00,1.147868404932669,0.8307336873125056,2.09306755989245,1.0,0.9597129504718354
2023-10-25 19:00:00,1.147868404932669,0.8308488372136361,2.093357581341953,1.0,0.9598459784843602
2023-10-25 20:00:00,1.147868404932669,0.8326312617248876,2.097846871695719,1.0,0.9619051412615678
2023-10-25 21:00:00,1.147868404932669,0.8308128528695329,2.0932669496389833,1.0,0.9598044072304461
2023-10-25 22:00:00,1.147868404932669,0.8282579644381968,2.086832098728135,1.0,0.9568528482025509
2023-10-25 23:00:00,1.147868404932669,0.8295366081320017,2.090052545240325,1.0,0.9583300134249624
2023-10-26 00:00:00,1.147868404932669,0.8267730105048664,2.0830920304522524,1.0,0.955137341124366
2023-10-26 01:00:00,1.147868404932669,0.8306641175805725,2.092892338600042,1.0,0.9596325793809349
2023-10-26 02:00:00,1.147868404932669,0.8306887618184752,2.0944209933234648,1.0,0.9589892871349818
2023-10-26 03:00:00,1.147868404932669,0.8306887618184752,2.098324198664693,1.0,0.9607771333489034
2023-10-26 04:00:00,1.147868404932669,0.8306887618184752,2.100952518050814,1.0,0.9619810236013118
2023-10-26 05:00:00,1.147868404932669,0.8306887618184752,2.095901311138636,1.0,0.9596673402656486
2023-10-26 06:00:00,1.147868404932669,0.8306887618184752,2.0849590435334275,1.0,0.954655282226311
2023-10-26 07:00:00,1.147868404932669,0.8306887618184752,2.090705093501707,1.0,0.957287235398818
2023-10-26 08:00:00,1.147868404932669,0.8306887618184752,2.092807749010604,1.0,0.9582503476007447
2023-10-26 09:00:00,1.147868404932669,0.8306887618184752,2.0849107066251773,1.0,0.9546331417159221
2023-10-26 10:00:00,1.147868404932669,0.8306887618184752,2.079503015014652,1.0,0.952156172116139
2023-10-26 11:00:00,1.147868404932669,0.8306887618184752,2.070361297241775,1.0,0.9479688480887963
2023-10-26 12:00:00,1.147868404932669,0.8306887618184752,2.059908440832603,1.0,0.9431809627171488
2023-10-26 13:00:00,1.147868404932669,0.8306887618184752,2.0687782634965712,1.0,0.9472437463735527
2023-10-26 14:00:00,1.147868404932669,0.8306887618184752,2.0637330986979245,1.0,0.9449328306016881
2023-10-26 15:00:00,1.147868404932669,0.8306887618184752,2.0655819854385062,1.0,0.945779705124072
2023-10-26 16:00:00,1.147868404932669,0.8306887618184752,2.056645699525694,1.0,0.941686478265883
2023-10-26 17:00:00,1.147868404932669,0.8306887618184752,2.0401869822663965,1.0,0.934147634478387
2023-10-26 18:00:00,1.147868404932669,0.8306887618184752,2.051207797347512,1.0,0.9391956708471069
2023-10-26 19:00:00,1.147868404932669,0.8306887618184752,2.052827083773904,1.0,0.9399373779451425
2023-10-26 20:00:00,1.147868404932669,0.8306887618184752,2.056772583909851,1.0,0.9417445971056544
2023-10-26 21:00:00,1.147868404932669,0.8306887618184752,2.065038195220688,1.0,0.9455306243821944
2023-10-26 22:00:00,1.147868404932669,0.8306887618184752,2.0611470741065223,1.0,0.94374831329587
2023-10-26 23:00:00,1.147868404932669,0.8306887618184752,2.0679202833751242,1.0,0.9468507523141456
2023-10-27 00:00:00,1.147868404932669,0.8306887618184752,2.062923455484728,1.0,0.9445619770526702
2023-10-27 01:00:00,1.147868404932669,0.8306887618184752,2.0548330654663,1.0,0.940856209126291
2023-10-27 02:00:00,1.147868404932669,0.8301072796852023,2.044495009214223,1.0,0.9348103269908581
2023-10-27 03:00:00,1.147868404932669,0.8360952869493373,2.0592377662306274,1.0,0.9280670407125683
2023-10-27 04:00:00,1.147868404932669,0.8368585124653808,2.0611168635388655,1.0,0.927207548076278
2023-10-27 05:00:00,1.147868404932669,0.8362449871309406,2.059606335156037,1.0,0.927898458555611
2023-10-27 06:00:00,1.147868404932669,0.8359504949704094,2.0588812815322797,1.0,0.9282300955856908
2023-10-27 07:00:00,1.147868404932669,0.8397617143479512,2.0682646838464094,1.0,0.9239381596880744
2023-10-27 08:00:00,1.147868404932669,0.8326840860898506,2.050839228422102,1.0,0.9319085029776596
2023-10-27 09:00:00,1.147868404932669,0.8360732000372975,2.0591833872088454,1.0,0.9280919134898242
2023-10-27 10:00:00,1.147868404932669,0.8378696022165381,2.063606214313767,1.0,0.9260689276063372
2023-10-27 11:00:00,1.147868404932669,0.8357909783834551,2.0584885441527443,1.0,0.9284097323103174
2023-10-27 12:00:00,1.147868404932669,0.8351651825423262,2.0569478052022596,1.0,0.9291144609992371
2023-10-27 13:00:00,1.147868404932669,0.8371996325513295,2.061956717319718,1.0,0.9268234018497689
2023-10-27 14:00:00,1.147868404932669,0.8379186842432933,2.0637270565843933,1.0,0.9260136547679906
2023-10-27 15:00:00,1.147868404932669,0.8316877209467199,2.048386130328389,1.0,0.9330305415960963
2023-10-27 16:00:00,1.147868404932669,0.8340780156496984,2.054271148907888,1.0,0.930338754368615
2023-10-27 17:00:00,1.147868404932669,0.8308925921132856,2.046428485544243,1.0,0.9339259615773119
2023-10-27 18:00:00,1.147868404932669,0.8242198905759154,2.029999978852602,1.0,0.9414403039505373
2023-10-27 19:00:00,1.147868404932669,0.8241045478130407,2.0297159995166307,1.0,0.9415701951206519
2023-10-27 20:00:00,1.147868404932669,0.826588098366854,2.0358306184103196,1.0,0.9387733895003121
2023-10-27 21:00:00,1.147868404932669,0.8297686137005913,2.0436611975469017,1.0,0.93519170957545
2023-10-27 22:00:00,1.147868404932669,0.8299821205169765,2.044186861424126,1.0,0.934951272728642
2023-10-27 23:00:00,1.147868404932669,0.8292434360143107,2.042368185251201,1.0,0.9357831289457589
2023-10-28 00:00:00,1.147868404932669,0.8311919924764922,2.0471656233950632,1.0,0.9335887972633975
2023-10-28 01:00:00,1.147868404932669,0.8312999729353537,2.0474314763904413,1.0,0.9334671970190348
2023-10-28 02:00:00,1.147868404932669,0.8307929322596344,2.049050762816833,1.0,0.9314178075484577
2023-10-28 03:00:00,1.147868404932669,0.8351012090894613,2.0596727984048817,1.0,0.9265877161943643
2023-10-28 04:00:00,1.147868404932669,0.8343243468852206,2.0577574484154555,1.0,0.9274586712337543
2023-10-28 05:00:00,1.147868404932669,0.8350203369987991,2.0594734086583486,1.0,0.9266783834382123
2023-10-28 06:00:00,1.147868404932669,0.8349149582139966,2.059213597776502,1.0,0.9267965256044388
2023-10-28 07:00:00,1.147868404932669,0.8342728828275265,2.057630564031298,1.0,0.9275163685707485
2023-10-28 08:00:00,1.147868404932669,0.8340474212414376,2.057074689586417,1.0,0.9277691378566283
2023-10-28 09:00:00,1.147868404932669,0.8351404198000856,2.059769472221383,1.0,0.9265437563185589
2023-10-28 10:00:00,1.147868404932669,0.835052195701181,2.0595519561342552,1.0,0.9266426660391207
2023-10-28 11:00:00,1.147868404932669,0.8354590068239066,2.060554946980454,1.0,0.9261865823276418
2023-10-28 12:00:00,1.147868404932669,0.8371181100171904,2.0646454578411526,1.0,0.9243265300826355
2023-10-28 13:00:00,1.147868404932669,0.8335254286562539,2.0557877194042478,1.0,0.9283543537032846
2023-10-28 14:00:00,1.147868404932669,0.836132940912759,2.062216528201565,1.0,0.9254310219622405
2023-10-28 15:00:00,1.147868404932669,0.8352016865354358,2.059920525059666,1.0,0.9264750690126133
2023-10-28 16:00:00,1.147868404932669,0.8375469771646419,2.0657028277091327,1.0,0.9238457189410164
2023-10-28 17:00:00,1.147868404932669,0.8362824317470134,2.062585097126975,1.0,0.9252634249357332
2023-10-28 18:00:00,1.147868404932669,0.8360471674832687,2.062005054227969,1.0,0.9255271841905642
2023-10-28 19:00:00,1.147868404932669,0.8368411843734074,2.063962699012114,1.0,0.9246369967055096
2023-10-28 20:00:00,1.147868404932669,0.835544780253397,2.06076642095405,1.0,0.9260904200993181
2023-10-28 21:00:00,1.147868404932669,0.835829057905422,2.061467306123682,1.0,0.9257717109997305
2023-10-28 22:00:00,1.147868404932669,0.8374195423551135,2.0653886378055044,1.0,0.9239885885373832
2023-10-28 23:00:00,1.147868404932669,0.8352433479154738,2.060023240989698,1.0,0.9264283616445704
2023-10-29 00:00:00,1.147868404932669,0.8347703687185701,2.0588571130781546,1.0,0.9269586276464704
2023-10-29 01:00:00,1.147868404932669,0.8347238059997041,2.05874231292106,1.0,0.9270108299989889
2023-10-29 02:00:00,1.147868404932669,0.8323195191803597,2.054253022567294,1.0,0.9277482329602634
2023-10-29 03:00:00,1.147868404932669,0.8323195191803597,2.055914603788405,1.0,0.9284989113704619
2023-10-29 04:00:00,1.147868404932669,0.8323195191803597,2.0524705990755563,1.0,0.9269429597565959
2023-10-29 05:00:00,1.147868404932669,0.8323195191803597,2.055104960575209,1.0,0.9281331262542197
2023-10-29 06:00:00,1.147868404932669,0.8323195191803597,2.0559206459019363,1.0,0.9285016411101353
2023-10-29 07:00:00,1.147868404932669,0.8323195191803597,2.0592679767982838,1.0,0.9300139168892262
2023-10-29 08:00:00,1.147868404932669,0.8323195191803597,2.0588208603969664,1.0,0.9298119161533909
2023-10-29 09:00:00,1.147868404932669,0.8323195191803597,2.0692072535572943,1.0,0.93450433865205
2023-10-29 10:00:00,1.147868404932669,0.8323195191803597,2.0673039877949306,1.0,0.9336444706549135
2023-10-29 11:00:00,1.147868404932669,0.8323195191803597,2.064832763360623,1.0,0.9325280071284728
2023-10-29 12:00:00,1.147868404932669,0.8323195191803597,2.070089402132866,1.0,0.9349028806443735
2023-10-29 13:00:00,1.147868404932669,0.8323195191803597,2.0802461949790034,1.0,0.9394915730354414
2023-10-29 14:00:00,1.147868404932669,0.8323195191803597,2.077412443732818,1.0,0.938211325128594
2023-10-29 15:00:00,1.147868404932669,0.8323195191803597,2.0836418627836015,1.0,0.94102568673192
2023-10-29 16:00:00,1.147868404932669,0.8323195191803597,2.081569417842361,1.0,0.9400893860239268
2023-10-29 17:00:00,1.147868404932669,0.8323195191803597,2.0781254131295124,1.0,0.9385334344100609
2023-10-29 18:00:00,1.147868404932669,0.8323195191803597,2.088397006132745,1.0,0.9431739918549243
2023-10-29 19:00:00,1.147868404932669,0.8323195191803597,2.0957563004138846,1.0,0.9464988147771854
2023-10-29 20:00:00,1.147868404932669,0.8323195191803597,2.0881553215914925,1.0,0.9430648022679864
2023-10-29 21:00:00,1.147868404932669,0.8323195191803597,2.0891583124376902,1.0,0.9435179390537789
2023-10-29 22:00:00,1.147868404932669,0.8323195191803597,2.080487879520256,1.0,0.9396007626223793
2023-10-29 23:00:00,1.147868404932669,0.8323195191803597,2.096402806561735,1.0,0.9467908969222444
2023-10-30 00:00:00,1.147868404932669,0.8323195191803597,2.0855572127730277,1.0,0.9418910142084033
2023-10-30 01:00:00,1.147868404932669,0.8323195191803597,2.08184131295127,1.0,0.940212224309232
2023-10-30 02:00:00,1.147868404932669,0.8323195191803597,2.07967823630706,1.0,0.9379200541661336
2023-10-30 03:00:00,1.147868404932669,0.8323195191803597,2.0734669435968702,1.0,0.9351177864163425
2023-10-30 04:00:00,1.147868404932669,0.8323195191803597,2.0703310866741185,1.0,0.9337030228344927
2023-10-30 05:00:00,1.147868404932669,0.8323195191803597,2.0732071327150234,1.0,0.9350005709365359
2023-10-30 06:00:00,1.147868404932669,0.8323195191803597,2.0694247696444212,1.0,0.9332941316258656
2023-10-30 07:00:00,1.147868404932669,0.8323195191803597,2.0719382888734477,1.0,0.934428123244458
2023-10-30 08:00:00,1.147868404932669,0.8323195191803597,2.065207374399565,1.0,0.9313914245350543
2023-10-30 09:00:00,1.147868404932669,0.8323195191803597,2.0769109483097186,1.0,0.9366715730091254
2023-10-30 10:00:00,1.147868404932669,0.8323195191803597,2.0860889187637834,1.0,0.9408122779818225
2023-10-30 11:00:00,1.147868404932669,0.8323195191803597,2.0862943506238483,1.0,0.9409049599891114
2023-10-30 12:00:00,1.147868404932669,0.8323195191803597,2.0915509893960906,1.0,0.9432765289991485
2023-10-30 13:00:00,1.147868404932669,0.8323195191803597,2.089647723633727,1.0,0.9424178574610316
2023-10-30 14:00:00,1.147868404932669,0.8323195191803597,2.0941490982145554,1.0,0.9444486837972128
2023-10-30 15:00:00,1.147868404932669,0.8323195191803597,2.090976988610616,1.0,0.943017564567018
2023-10-30 16:00:00,1.147868404932669,0.8323195191803597,2.0937684450620826,1.0,0.9442769494895894
2023-10-30 17:00:00,1.147868404932669,0.8323195191803597,2.0820829974925226,1.0,0.9390049788396907
2023-10-30 18:00:00,1.147868404932669,0.8323195191803597,2.0727237636325184,1.0,0.9347824956252682
2023-10-30 19:00:00,1.147868404932669,0.8323195191803597,2.072886900697864,1.0,0.9348560960428212
2023-10-30 20:00:00,1.147868404932669,0.8323195191803597,2.0802039001842845,1.0,0.9381572110671372
2023-10-30 21:00:00,1.147868404932669,0.8323195191803597,2.079370088516963,1.0,0.9377810311552002
2023-10-30 22:00:00,1.147868404932669,0.8323195191803597,2.0863668559862236,1.0,0.9409376712858014
2023-10-30 23:00:00,1.147868404932669,0.8323195191803597,2.0823609347149628,1.0,0.9391303721436696
2023-10-31 00:00:00,1.147868404932669,0.8323195191803597,2.0828503459109995,1.0,0.9393511733963283
2023-10-31 01:00:00,1.147868404932669,0.8323195191803597,2.085369907253557,1.0,0.9404878909563117
2023-10-31 02:00:00,1.147868404932669,0.8317368955169335,2.0813458596417025,1.0,0.9373582729790777
2023-10-31 03:00:00,1.147868404932669,0.8340991545842816,2.075436672608078,1.0,0.9400205127950984
2023-10-31 04:00:00,1.147868404932669,0.8375096963052381,2.066905208301864,1.0,0.9438641555560605
2023-10-31 05:00:00,1.147868404932669,0.8370097089566276,2.0681559258028455,1.0,0.9433006753496023
2023-10-31 06:00:00,1.147868404932669,0.8359324415291868,2.070850708437811,1.0,0.9420866068854457
2023-10-31 07:00:00,1.147868404932669,0.836637737692444,2.069086411286668,1.0,0.94288146785301
2023-10-31 08:00:00,1.147868404932669,0.8391521668224126,2.062796571100571,1.0,0.9457152016449092
2023-10-31 09:00:00,1.147868404932669,0.8328189937400132,2.0786389927796742,1.0,0.9385777856964369
2023-10-31 10:00:00,1.147868404932669,0.8324808380453008,2.079484888674058,1.0,0.9381966879722622
2023-10-31 11:00:00,1.147868404932669,0.8318576654079023,2.0810437539651367,1.0,0.9374943793091401
2023-10-31 12:00:00,1.147868404932669,0.8306451357025765,2.084076894957856,1.0,0.9361278717553136
2023-10-31 13:00:00,1.147868404932669,0.8351764220117225,2.0727418899731123,1.0,0.941234581259255
2023-10-31 14:00:00,1.147868404932669,0.8373382030600625,2.067334198362587,1.0,0.9436708845673719
2023-10-31 15:00:00,1.147868404932669,0.8348237739300939,2.073624038548684,1.0,0.9408371507754728
2023-10-31 16:00:00,1.147868404932669,0.8358092562403985,2.0711588562279086,1.0,0.9419477784287819
2023-10-31 17:00:00,1.147868404932669,0.8320702204160072,2.080512047974381,1.0,0.93773392645005
2023-10-31 18:00:00,1.147868404932669,0.833224780573668,2.0776239177064135,1.0,0.9390351029654465
2023-10-31 19:00:00,1.147868404932669,0.8309470604299982,2.083321630766442,1.0,0.9364681375804697
2023-10-31 20:00:00,1.147868404932669,0.8294495137819862,2.087067741155856,1.0,0.9347804190876959
2023-10-31 21:00:00,1.147868404932669,0.82708000852118,2.0929950545300744,1.0,0.9321100128918717
2023-10-31 22:00:00,1.147868404932669,0.8308890908823332,2.0834666414911935,1.0,0.9364028065420397
2023-10-31 23:00:00,1.147868404932669,0.8290123267766795,2.088161363705024,1.0,0.93428771417287
2023-11-01 00:00:00,1.147868404932669,0.8270872547146381,2.0929769281894806,1.0,0.9321181792716753
2023-11-01 01:00:00,1.147868404932669,0.8302055332994502,2.0851765596205554,1.0,0.9356324447138864
2023-11-01 02:00:00,1.147868404932669,0.8299916522379426,2.0842521162502643,1.0,0.9347366291432848
2023-11-01 03:00:00,1.147868404932669,0.8299916522379426,2.081786933929488,1.0,0.9336306515373637
2023-11-01 04:00:00,1.147868404932669,0.8299916522379426,2.0795936467176217,1.0,0.9326466567556251
2023-11-01 05:00:00,1.147868404932669,0.8299916522379426,2.081206891030482,1.0,0.9333704215124411
2023-11-01 06:00:00,1.147868404932669,0.8299916522379426,2.075672315035799,1.0,0.9308873933579712
2023-11-01 07:00:00,1.147868404932669,0.8299916522379426,2.07917069877043,1.0,0.9324569056957858
2023-11-01 08:00:00,1.147868404932669,0.8299916522379426,2.0816540074317995,1.0,0.9335710154899857
2023-11-01 09:00:00,1.147868404932669,0.8299916522379426,2.081049796078668,1.0,0.9332999425473579
2023-11-01 10:00:00,1.147868404932669,0.8299916522379426,2.083829168303072,1.0,0.9345468780834454
2023-11-01 11:00:00,1.147868404932669,0.8299916522379426,2.077031790580345,1.0,0.9314973074788836
2023-11-01 12:00:00,1.147868404932669,0.8299916522379426,2.0803791214766925,1.0,0.9329990515810411
2023-11-01 13:00:00,1.147868404932669,0.8299916522379426,2.1034902057339657,1.0,0.9433675916365515
2023-11-01 14:00:00,1.147868404932669,0.8299916522379426,2.090644672366394,1.0,0.9376045808762862
2023-11-01 15:00:00,1.147868404932669,0.8299916522379426,2.064748173771185,1.0,0.925986394555262
2023-11-01 16:00:00,1.147868404932669,0.8299916522379426,2.0715576357209753,1.0,0.9290413866186764
2023-11-01 17:00:00,1.147868404932669,0.8299916522379426,2.081315649074046,1.0,0.9334192146421141
2023-11-01 18:00:00,1.147868404932669,0.8299916522379426,2.085460538956527,1.0,0.9352787750285403
2023-11-01 19:00:00,1.147868404932669,0.8299916522379426,2.0886205643334037,1.0,0.9366964865184834
2023-11-01 20:00:00,1.147868404932669,0.8299916522379426,2.087702163076644,1.0,0.9362844556456891
2023-11-01 21:00:00,1.147868404932669,0.8299916522379426,2.1439179873719825,1.0,0.9615050822277721
2023-11-01 22:00:00,1.147868404932669,0.8299916522379426,2.138770106643304,1.0,0.9591955407565841
2023-11-01 23:00:00,1.147868404932669,0.8299916522379426,2.1324198453218934,1.0,0.9563465641295665
2023-11-02 00:00:00,1.147868404932669,0.8299916522379426,2.140473982659134,1.0,0.9599599664547941
2023-11-02 01:00:00,1.147868404932669,0.8299916522379426,2.1404981511132593,1.0,0.9599708093724992
2023-11-02 02:00:00,1.147868404932669,0.8299916522379426,2.149307552641914,1.0,0.9625735749033325
2023-11-02 03:00:00,1.147868404932669,0.8299916522379426,2.1558934563910452,1.0,0.9655241959875732
2023-11-02 04:00:00,1.147868404932669,0.8299916522379426,2.148957110057098,1.0,0.9624165693777492
2023-11-02 05:00:00,1.147868404932669,0.8299916522379426,2.1424255853297485,1.0,0.9594903112198921
2023-11-02 06:00:00,1.147868404932669,0.8299916522379426,2.126130005135796,1.0,0.9521895542802616
2023-11-02 07:00:00,1.147868404932669,0.8299916522379426,2.1278097126975015,1.0,0.9529420980063341
2023-11-02 08:00:00,1.147868404932669,0.8299916522379426,2.1309939065285035,1.0,0.9543686826956871
2023-11-02 09:00:00,1.147868404932669,0.8299916522379426,2.133706815504063,1.0,0.9555841220230487
2023-11-02 10:00:00,1.147868404932669,0.8299916522379426,2.1368607987674086,1.0,0.9569971717532996
2023-11-02 11:00:00,1.147868404932669,0.8299916522379426,2.1367218301561888,1.0,0.9569349109414305
2023-11-02 12:00:00,1.147868404932669,0.8299916522379426,2.1368547566538774,1.0,0.9569944647614792
2023-11-02 13:00:00,1.147868404932669,0.8299916522379426,2.1356040391528954,1.0,0.9564341174546557
2023-11-02 14:00:00,1.147868404932669,0.8299916522379426,2.109900888190689,1.0,0.9449185742506556
2023-11-02 15:00:00,1.147868404932669,0.8299916522379426,2.1100458989154407,1.0,0.9449835420543454
2023-11-02 16:00:00,1.147868404932669,0.8299916522379426,2.0925962750370077,1.0,0.9371657496770176
2023-11-02 17:00:00,1.147868404932669,0.8299916522379426,2.0927171173076338,1.0,0.9372198895134257
2023-11-02 18:00:00,1.147868404932669,0.8299916522379426,2.100523527990091,1.0,0.9407173229453882
2023-11-02 19:00:00,1.147868404932669,0.8299916522379426,2.104668417872572,1.0,0.9425743193341856
2023-11-02 20:00:00,1.147868404932669,0.8299916522379426,2.1139309779160746,1.0,0.9467241377948652
2023-11-02 21:00:00,1.147868404932669,0.8299916522379426,2.108197012174859,1.0,0.9441552025573017
2023-11-02 22:00:00,1.147868404932669,0.8299916522379426,2.1096229509682485,1.0,0.9447940526269171
2023-11-02 23:00:00,1.147868404932669,0.8299916522379426,2.101127739343222,1.0,0.9409880221274286
2023-11-03 00:00:00,1.147868404932669,0.8299916522379426,2.110420509954382,1.0,0.9451513755472104
2023-11-03 01:00:00,1.147868404932669,0.8299916522379426,2.0845844324944864,1.0,0.9335762785231616
2023-11-03 02:00:00,1.147868404932669,0.8299916522379426,2.0892912389353797,1.0,0.9343750529406554
2023-11-03 03:00:00,1.147868404932669,0.8299916522379426,2.0944814144587776,1.0,0.9320530491368293
2023-11-03 04:00:00,1.147868404932669,0.8299916522379426,2.0947110147729675,1.0,0.9319503295273469
2023-11-03 05:00:00,1.147868404932669,0.8299916522379426,2.0781797921512943,1.0,0.9393461414100805
2023-11-03 06:00:00,1.147868404932669,0.8299916522379426,2.085949950152563,1.0,0.9358698935733863
2023-11-03 07:00:00,1.147868404932669,0.8299916522379426,2.0805724691096943,1.0,0.938275694953369
2023-11-03 08:00:00,1.147868404932669,0.8299916522379426,2.082010492130147,1.0,0.937632345820295
2023-11-03 09:00:00,1.147868404932669,0.8299916522379426,2.0794728044469957,1.0,0.9387676678198374
2023-11-03 10:00:00,1.147868404932669,0.8299916522379426,2.069358306395577,1.0,0.9432927369322994
2023-11-03 11:00:00,1.147868404932669,0.8299916522379426,2.0711830246820333,1.0,0.9424763863516762
2023-11-03 12:00:00,1.147868404932669,0.8299916522379426,2.069660412072143,1.0,0.9431575795514016
2023-11-03 13:00:00,1.147868404932669,0.8299916522379426,2.0781435394701067,1.0,0.9393623602957882
2023-11-03 14:00:00,1.147868404932669,0.8299916522379426,2.0884332588139327,1.0,0.9347588999024056
2023-11-03 15:00:00,1.147868404932669,0.8299916522379426,2.0968197123953956,1.0,0.9310069310086795
2023-11-03 16:00:00,1.147868404932669,0.8299916522379426,2.09950845291683,1.0,0.9298040303186881
2023-11-03 17:00:00,1.147868404932669,0.8299916522379426,2.093605307996737,1.0,0.9324450055414332
2023-11-03 18:00:00,1.147868404932669,0.8299916522379426,2.0782341711730763,1.0,0.9393218130815189
2023-11-03 19:00:00,1.147868404932669,0.8299916522379426,2.0848623697169266,1.0,0.9363564601446188
2023-11-03 20:00:00,1.147868404932669,0.8299916522379426,2.08492279085224,1.0,0.9363294286684392
2023-11-03 21:00:00,1.147868404932669,0.8299916522379426,2.089164354551222,1.0,0.9344318190406324
2023-11-03 22:00:00,1.147868404932669,0.8299916522379426,2.089267070481254,1.0,0.9343858655311272
2023-11-03 23:00:00,1.147868404932669,0.8299916522379426,2.0908078094317393,1.0,0.9336965628885479
2023-11-04 00:00:00,1.147868404932669,0.8299916522379426,2.095943605933355,1.0,0.9313988874132835
2023-11-04 01:00:00,1.147868404932669,0.8299916522379426,2.0947110147729675,1.0,0.9319503295273469
2023-11-04 02:00:00,1.147868404932669,0.8299916522379426,2.09923051569439,1.0,0.9286202522138693
2023-11-04 03:00:00,1.147868404932669,0.8299916522379426,2.0938107398568016,1.0,0.9310186359103686
2023-11-04 04:00:00,1.147868404932669,0.8299916522379426,2.0959133953656988,1.0,0.9300881592923287
2023-11-04 05:00:00,1.147868404932669,0.8299916522379426,2.0933817497960785,1.0,0.9312084745307158
2023-11-04 06:00:00,1.147868404932669,0.8299916522379426,2.099290936829703,1.0,0.9285935143800176
2023-11-04 07:00:00,1.147868404932669,0.8299916522379426,2.0997682637986768,1.0,0.928382285492589
2023-11-04 08:00:00,1.147868404932669,0.8299916522379426,2.099490326576236,1.0,0.9285052795283071
2023-11-04 09:00:00,1.147868404932669,0.8299916522379426,2.104849681278511,1.0,0.9261336336656596
2023-11-04 10:00:00,1.147868404932669,0.8299916522379426,2.0989344521313553,1.0,0.9287512675997428
2023-11-04 11:00:00,1.147868404932669,0.8299916522379426,2.0973937131808706,1.0,0.9294330823629616
2023-11-04 12:00:00,1.147868404932669,0.8299916522379426,2.09628800640464,1.0,0.9299223847224481
2023-11-04 13:00:00,1.147868404932669,0.8299916522379426,2.0989404942448866,1.0,0.9287485938163577
2023-11-04 14:00:00,1.147868404932669,0.8299916522379426,2.095683795051509,1.0,0.9301897630609653
2023-11-04 15:00:00,1.147868404932669,0.8299916522379426,2.097744155765687,1.0,0.9292780029266215
2023-11-04 16:00:00,1.147868404932669,0.8299916522379426,2.096511564605299,1.0,0.9298234547371966
2023-11-04 17:00:00,1.147868404932669,0.8299916522379426,2.095544826440289,1.0,0.9302512600788242
2023-11-04 18:00:00,1.147868404932669,0.8299916522379426,2.0994782423491736,1.0,0.9285106270950774
2023-11-04 19:00:00,1.147868404932669,0.8299916522379426,2.1004993595359656,1.0,0.9280587577029833
2023-11-04 20:00:00,1.147868404932669,0.8299916522379426,2.097188281320806,1.0,0.9295239909980575
2023-11-04 21:00:00,1.147868404932669,0.8299916522379426,2.0990432101749192,1.0,0.9287031394988097
2023-11-04 22:00:00,1.147868404932669,0.8299916522379426,2.1018527929669797,1.0,0.9274598302247047
2023-11-04 23:00:00,1.147868404932669,0.8299916522379426,2.1244200870064347,1.0,0.917473249281088
2023-11-05 00:00:00,1.147868404932669,0.8299916522379426,2.118251089090964,1.0,0.9202031821173485
2023-11-05 01:00:00,1.147868404932669,0.8299916522379426,2.112994450318721,1.0,0.922529373662448
2023-11-05 02:00:00,1.147868404932669,0.8299916522379426,2.118408184042778,1.0,0.9188335995546628
2023-11-05 03:00:00,1.147868404932669,0.8299916522379426,2.1173931089695173,1.0,0.9183931603041777
2023-11-05 04:00:00,1.147868404932669,0.8299916522379426,2.1317068759251985,1.0,0.9246038780684576
2023-11-05 05:00:00,1.147868404932669,0.8299916522379426,2.123658780701489,1.0,0.9211118240110405
2023-11-05 06:00:00,1.147868404932669,0.8299916522379426,2.1245711398447176,1.0,0.9215076950040362
2023-11-05 07:00:00,1.147868404932669,0.8299916522379426,2.118390057702184,1.0,0.918825734568047
2023-11-05 08:00:00,1.147868404932669,0.8299916522379426,2.1246436452070934,1.0,0.9215391549504993
2023-11-05 09:00:00,1.147868404932669,0.8299916522379426,2.116468665599226,1.0,0.9179920459867716
2023-11-05 10:00:00,1.147868404932669,0.8299916522379426,2.120879408477085,1.0,0.9199058593966173
2023-11-05 11:00:00,1.147868404932669,0.8299916522379426,2.122692042536479,1.0,0.9206923580581976
2023-11-05 12:00:00,1.147868404932669,0.8299916522379426,2.120299365578079,1.0,0.9196541798249116
2023-11-05 13:00:00,1.147868404932669,0.8299916522379426,2.1198462070632305,1.0,0.9194575551595164
2023-11-05 14:00:00,1.147868404932669,0.8299916522379426,2.1042817226065678,1.0,0.9127041533187462
2023-11-05 15:00:00,1.147868404932669,0.8299916522379426,2.1081728437207334,1.0,0.9143925037789389
2023-11-05 16:00:00,1.147868404932669,0.8299916522379426,2.107629053502915,1.0,0.9141565541804647
2023-11-05 17:00:00,1.147868404932669,0.8299916522379426,2.112196891332588,1.0,0.9161385308076473
2023-11-05 18:00:00,1.147868404932669,0.8299916522379426,2.1191090692124104,1.0,0.9191377123704738
2023-11-05 19:00:00,1.147868404932669,0.8299916522379426,2.117060792725295,1.0,0.918248968882888
2023-11-05 20:00:00,1.147868404932669,0.8299916522379426,2.114112241322014,1.0,0.9169695977267172
2023-11-05 21:00:00,1.147868404932669,0.8299916522379426,2.1157979909972506,1.0,0.917701041481987
2023-11-05 22:00:00,1.147868404932669,0.8299916522379426,2.093061517778919,1.0,0.9078357266035637
2023-11-05 23:00:00,1.147868404932669,0.8299916522379426,2.113109250475816,1.0,0.9165344018006427
2023-11-06 00:00:00,1.147868404932669,0.8299916522379426,2.1155804749101232,1.0,0.9176066616425973
2023-11-06 01:00:00,1.147868404932669,0.8299916522379426,2.118583405335186,1.0,0.9189096277586154
2023-11-06 02:00:00,1.147868404932669,0.8299916522379426,2.1075807165946645,1.0,0.9128557887675575
2023-11-06 03:00:00,1.147868404932669,0.8299916522379426,2.109012697501586,1.0,0.9122353269261118
2023-11-06 04:00:00,1.147868404932669,0.8299916522379426,2.1136107458989155,1.0,0.9102430422791069
2023-11-06 05:00:00,1.147868404932669,0.8299916522379426,2.1074175795293195,1.0,0.912926474293798
2023-11-06 06:00:00,1.147868404932669,0.8299916522379426,2.1032243527385877,1.0,0.9147433541164279
2023-11-06 07:00:00,1.147868404932669,0.8299916522379426,2.106046019757711,1.0,0.9135207563107102
2023-11-06 08:00:00,1.147868404932669,0.8299916522379426,2.1091154134316183,1.0,0.9121908212244048
2023-11-06 09:00:00,1.147868404932669,0.8299916522379426,2.1122996072626203,1.0,0.9108111444714856
2023-11-06 10:00:00,1.147868404932669,0.8299916522379426,2.122498694903477,1.0,0.9063919900902186
2023-11-06 11:00:00,1.147868404932669,0.8299916522379426,2.1244502975740915,1.0,0.9055463817577842
2023-11-06 12:00:00,1.147868404932669,0.8299916522379426,2.1293323253073924,1.0,0.9034310519354718
2023-11-06 13:00:00,1.147868404932669,0.8299916522379426,2.1279245128545967,1.0,0.9040410418471039
2023-11-06 14:00:00,1.147868404932669,0.8299916522379426,2.116559297302196,1.0,0.9089654668418687
2023-11-06 15:00:00,1.147868404932669,0.8299916522379426,2.1270484063925563,1.0,0.9044206493028406
2023-11-06 16:00:00,1.147868404932669,0.8299916522379426,2.1197495332467295,1.0,0.9075831721064962
2023-11-06 17:00:00,1.147868404932669,0.8299916522379426,2.112831313253376,1.0,0.91058076201559
2023-11-06 18:00:00,1.147868404932669,0.8299916522379426,2.113743672396604,1.0,0.9101854466651332
2023-11-06 19:00:00,1.147868404932669,0.8299916522379426,2.112039796380774,1.0,0.9109237177169798
2023-11-06 20:00:00,1.147868404932669,0.8299916522379426,2.1186740370381556,1.0,0.9080491729831938
2023-11-06 21:00:00,1.147868404932669,0.8299916522379426,2.1162934443068186,1.0,0.9090806580698163
2023-11-06 22:00:00,1.147868404932669,0.8299916522379426,2.1164444971451015,1.0,0.9090152085084824
2023-11-06 23:00:00,1.147868404932669,0.8299916522379426,2.121954904685659,1.0,0.9066276085110208
2023-11-07 00:00:00,1.147868404932669,0.8299916522379426,2.1175139512401437,1.0,0.9085518256142383
2023-11-07 01:00:00,1.147868404932669,0.8299916522379426,2.1103721730461316,1.0,0.9116462808741064
2023-11-07 02:00:00,1.147868404932669,0.8299916522379426,2.1112845321893596,1.0,0.9099729682057383
2023-11-07 03:00:00,1.147868404932669,0.8299916522379426,2.1037077218210927,1.0,0.9067061250159391
2023-11-07 04:00:00,1.147868404932669,0.8299916522379426,2.1099250566448142,1.0,0.9093868121310136
2023-11-07 05:00:00,1.147868404932669,0.8299916522379426,2.108595791667925,1.0,0.9088136817468382
2023-11-07 06:00:00,1.147868404932669,0.8299916522379426,2.1096712878764987,1.0,0.9092773963303982
2023-11-07 07:00:00,1.147868404932669,0.8299916522379426,2.1124627443279658,1.0,0.9104809701371663
2023-11-07 08:00:00,1.147868404932669,0.8299916522379426,2.1108555421286366,1.0,0.9097880033999363
2023-11-07 09:00:00,1.147868404932669,0.8299916522379426,2.109206045134588,1.0,0.9090768006959369
2023-11-07 10:00:00,1.147868404932669,0.8299916522379426,2.101907171988761,1.0,0.9059297938591925
2023-11-07 11:00:00,1.147868404932669,0.8299916522379426,2.092626485604664,1.0,0.901928301722405
2023-11-07 12:00:00,1.147868404932669,0.8299916522379426,2.091883305640313,1.0,0.9016078697348889
2023-11-07 13:00:00,1.147868404932669,0.8299916522379426,2.098445040935319,1.0,0.9044370497222269
2023-11-07 14:00:00,1.147868404932669,0.8299916522379426,2.1007470861907493,1.0,0.9054296073420941
2023-11-07 15:00:00,1.147868404932669,0.8299916522379426,2.103768142956406,1.0,0.906732176397038
2023-11-07 16:00:00,1.147868404932669,0.8299916522379426,2.097635397722123,1.0,0.904087961215502
2023-11-07 17:00:00,1.147868404932669,0.8299916522379426,2.094874151838313,1.0,0.9028974130992834
2023-11-07 18:00:00,1.147868404932669,0.8299916522379426,2.105248460771578,1.0,0.9073704352339604
2023-11-07 19:00:00,1.147868404932669,0.8299916522379426,2.138135684722516,1.0,0.9215502019660791
2023-11-07 20:00:00,1.147868404932669,0.8299916522379426,2.1426491435304067,1.0,0.9234962401341651
2023-11-07 21:00:00,1.147868404932669,0.8299916522379426,2.152624672970605,1.0,0.9277973231535896
2023-11-07 22:00:00,1.147868404932669,0.8299916522379426,2.143966324280233,1.0,0.9240641602421207
2023-11-07 23:00:00,1.147868404932669,0.8299916522379426,2.1317612549469804,1.0,0.9188017812601476
2023-11-08 00:00:00,1.147868404932669,0.8299916522379426,2.138600927464427,1.0,0.9217507976005404
2023-11-08 01:00:00,1.147868404932669,0.8299916522379426,2.1368789251080025,1.0,0.9210083332392224
2023-11-08 02:00:00,1.147868404932669,0.8299916522379426,2.137307915168726,1.0,0.919903632925723
2023-11-08 03:00:00,1.147868404932669,0.8299916522379426,2.1330784356968064,1.0,0.9180825737466445
2023-11-08 04:00:00,1.147868404932669,0.8299916522379426,2.1314289387027583,1.0,0.9173723606668039
2023-11-08 05:00:00,1.147868404932669,0.8299916522379426,2.135924271170055,1.0,0.919307886422853
2023-11-08 06:00:00,1.147868404932669,0.8299916522379426,2.130764306214314,1.0,0.9170861942243773
2023-11-08 07:00:00,1.147868404932669,0.8299916522379426,2.1318035497416994,1.0,0.917533654479808
2023-11-08 08:00:00,1.147868404932669,0.8299916522379426,2.128510597867134,1.0,0.9161158298332397
2023-11-08 09:00:00,1.147868404932669,0.8299916522379426,2.1329213407449923,1.0,0.9180149344057073
2023-11-08 10:00:00,1.147868404932669,0.8299916522379426,2.1319546025799823,1.0,0.9175986923076322
2023-11-08 11:00:00,1.147868404932669,0.8299916522379426,2.1384377903990814,1.0,0.9203901158778484
2023-11-08 12:00:00,1.147868404932669,0.8299916522379426,2.13438353221957,1.0,0.9186445005790458
2023-11-08 13:00:00,1.147868404932669,0.8299916522379426,2.138220274311954,1.0,0.9202964614057813
2023-11-08 14:00:00,1.147868404932669,0.8299916522379426,2.139452865472342,1.0,0.920827170080827
2023-11-08 15:00:00,1.147868404932669,0.8299916522379426,2.1330965620374007,1.0,0.9180903782859835
2023-11-08 16:00:00,1.147868404932669,0.8299916522379426,2.1280211866710976,1.0,0.9159051072710892
2023-11-08 17:00:00,1.147868404932669,0.8299916522379426,2.139416612791154,1.0,0.9208115610021493
2023-11-08 18:00:00,1.147868404932669,0.8299916522379426,2.1335497205522493,1.0,0.9182854917694562
2023-11-08 19:00:00,1.147868404932669,0.8299916522379426,2.1506972387541157,1.0,0.9256685859840629
2023-11-08 20:00:00,1.147868404932669,0.8299916522379426,2.152153388115163,1.0,0.9262955506442887
2023-11-08 21:00:00,1.147868404932669,0.8299916522379426,2.1514404187184675,1.0,0.9259885720969582
2023-11-08 22:00:00,1.147868404932669,0.8299916522379426,2.1495794477508228,1.0,0.9251873060581636
2023-11-08 23:00:00,1.147868404932669,0.8299916522379426,2.1623645599830823,1.0,0.9306921078052067
2023-11-09 00:00:00,1.147868404932669,0.8299916522379426,2.1519056614603786,1.0,0.9261888886066567
2023-11-09 01:00:00,1.147868404932669,0.8299916522379426,2.1663704812543427,1.0,0.9324169109991053
2023-11-09 02:00:00,1.147868404932669,0.8299916522379426,2.1692646536358415,1.0,0.9323559142722327
2023-11-09 03:00:00,1.147868404932669,0.8299916522379426,2.1975719555300444,1.0,0.9445270655264746
2023-11-09 04:00:00,1.147868404932669,0.8299916522379426,2.2019826984079027,1.0,0.9464235309300171
2023-11-09 05:00:00,1.147868404932669,0.8299916522379426,2.217680109362255,1.0,0.953172869448378
2023-11-09 06:00:00,1.147868404932669,0.8299916522379426,2.210048919972206,1.0,0.9498917245104681
2023-11-09 07:00:00,1.147868404932669,0.8299916522379426,2.2216860306335153,1.0,0.9548952756984446
2023-11-09 08:00:00,1.147868404932669,0.8299916522379426,2.207728748376182,1.0,0.9488941317502484
2023-11-09 09:00:00,1.147868404932669,0.8299916522379426,2.2156257907616084,1.0,0.9522895841919335
2023-11-09 10:00:00,1.147868404932669,0.8299916522379426,2.226096773511374,1.0,0.9567917411019871
2023-11-09 11:00:00,1.147868404932669,0.8299916522379426,2.220544071176097,1.0,0.9544042730117739
2023-11-09 12:00:00,1.147868404932669,0.8299916522379426,2.223818896710069,1.0,0.955812333626459
2023-11-09 13:00:00,1.147868404932669,0.8299916522379426,2.2283625660856163,1.0,0.957765952781889
2023-11-09 14:00:00,1.147868404932669,0.8299916522379426,2.2457336424881422,1.0,0.9652349089944707
2023-11-09 15:00:00,1.147868404932669,0.8299916522379426,2.290614461798737,1.0,0.9845320939499689
2023-11-09 16:00:00,1.147868404932669,0.8299916522379426,2.243431597232712,1.0,0.9642451099276903
2023-11-09 17:00:00,1.147868404932669,0.8299916522379426,2.196212479985499,1.0,0.9439425385185334
2023-11-09 18:00:00,1.147868404932669,0.8299916522379426,2.2137225249992447,1.0,0.9514712463808159
2023-11-09 19:00:00,1.147868404932669,0.8299916522379426,2.198297009153802,1.0,0.9448388132640433
2023-11-09 20:00:00,1.147868404932669,0.8299916522379426,2.1985930727168363,1.0,0.9449661102568838
2023-11-09 21:00:00,1.147868404932669,0.8299916522379426,2.2089975922177576,1.0,0.9494396902909935
2023-11-09 22:00:00,1.147868404932669,0.8299916522379426,2.2076502009002748,1.0,0.9488603590786786
2023-11-09 23:00:00,1.147868404932669,0.8299916522379426,2.2083027491616565,1.0,0.9491409320424903
2023-11-10 00:00:00,1.147868404932669,0.8299916522379426,2.2179399202441012,1.0,0.9532845790543399
2023-11-10 01:00:00,1.147868404932669,0.8299916522379426,2.205499208483127,1.0,0.9479355074572249
2023-11-10 02:00:00,1.147868404932669,0.8299916522379426,2.2168765082625903,1.0,0.9514934007815875
2023-11-10 03:00:00,1.147868404932669,0.8299916522379426,2.227546880758889,1.0,0.9560749342289865
2023-11-10 04:00:00,1.147868404932669,0.8299916522379426,2.220072786320655,1.0,0.952865785375967
2023-11-10 05:00:00,1.147868404932669,0.8299916522379426,2.223698054439443,1.0,0.9544223652561705
2023-11-10 06:00:00,1.147868404932669,0.8299916522379426,2.2213355880486993,1.0,0.9534079940342379
2023-11-10 07:00:00,1.147868404932669,0.8299916522379426,2.2127678710612972,1.0,0.9497292769173569
2023-11-10 08:00:00,1.147868404932669,0.8299916522379426,2.203481142563669,1.0,0.9457418381242356
2023-11-10 09:00:00,1.147868404932669,0.8299916522379426,2.2073964321319597,1.0,0.9474229443948553
2023-11-10 10:00:00,1.147868404932669,0.8299916522379426,2.209770982749766,1.0,0.9484425042163886
2023-11-10 11:00:00,1.147868404932669,0.8299916522379426,2.22129329325398,1.0,0.9533898339356354
2023-11-10 12:00:00,1.147868404932669,0.8299916522379426,2.2408576568683727,1.0,0.9617901766891338
2023-11-10 13:00:00,1.147868404932669,0.8299916522379426,2.2470931180326876,1.0,0.9644674940830837
2023-11-10 14:00:00,1.147868404932669,0.8299916522379426,2.233516488927827,1.0,0.9586381024317217
2023-11-10 15:00:00,1.147868404932669,0.8299916522379426,2.2390691912631038,1.0,0.9610222639482334
2023-11-10 16:00:00,1.147868404932669,0.8299916522379426,2.2404770037158994,1.0,0.9616267358017123
2023-11-10 17:00:00,1.147868404932669,0.8299916522379426,2.2587906498293098,1.0,0.9694900584965405
2023-11-10 18:00:00,1.147868404932669,0.8299916522379426,2.2480417298571043,1.0,0.9648747991517371
2023-11-10 19:00:00,1.147868404932669,0.8299916522379426,2.250579417540256,1.0,0.9659644050678796
2023-11-10 20:00:00,1.147868404932669,0.8299916522379426,2.250204806501314,1.0,0.9658035584802585
2023-11-10 21:00:00,1.147868404932669,0.8299916522379426,2.2500960484577504,1.0,0.9657568610838525
2023-11-10 22:00:00,1.147868404932669,0.8299916522379426,2.251999314220114,1.0,0.9665740655209594
2023-11-10 23:00:00,1.147868404932669,0.8299916522379426,2.257606395577173,1.0,0.968981575735674
2023-11-11 00:00:00,1.147868404932669,0.8299916522379426,2.2548391075798313,1.0,0.9677933864271188
2023-11-11 01:00:00,1.147868404932669,0.8299916522379426,2.2538240325065706,1.0,0.9673575440606617
2023-11-11 02:00:00,1.147868404932669,0.8299916522379426,2.2399271713845503,1.0,0.9600447124532081
2023-11-11 03:00:00,1.147868404932669,0.8299916522379426,2.2428032174254553,1.0,0.961277879209592
2023-11-11 04:00:00,1.147868404932669,0.8299916522379426,2.2387610434730068,1.0,0.9595447099658507
2023-11-11 05:00:00,1.147868404932669,0.8299916522379426,2.2400238452010512,1.0,0.9600861634366159
2023-11-11 06:00:00,1.147868404932669,0.8299916522379426,2.2408939095495604,1.0,0.9604592222872868
2023-11-11 07:00:00,1.147868404932669,0.8299916522379426,2.2418062686927884,1.0,0.9608504159431983
2023-11-11 08:00:00,1.147868404932669,0.8299916522379426,2.236724851212954,1.0,0.9586716486278227
2023-11-11 09:00:00,1.147868404932669,0.8299916522379426,2.234277795232772,1.0,0.9576224206103113
2023-11-11 10:00:00,1.147868404932669,0.8299916522379426,2.23836226397994,1.0,0.9593737246592934
2023-11-11 11:00:00,1.147868404932669,0.8299916522379426,2.2370632095707075,1.0,0.9588167270697502
2023-11-11 12:00:00,1.147868404932669,0.8299916522379426,2.2357339445938185,1.0,0.9582467760478921
2023-11-11 13:00:00,1.147868404932669,0.8299916522379426,2.242489027521827,1.0,0.9611431635135165
2023-11-11 14:00:00,1.147868404932669,0.8299916522379426,2.24494212561554,1.0,0.9621949822174909
2023-11-11 15:00:00,1.147868404932669,0.8299916522379426,2.250531080632005,1.0,0.9645913671957578
2023-11-11 16:00:00,1.147868404932669,0.8299916522379426,2.2392021177607924,1.0,0.9597338300776491
2023-11-11 17:00:00,1.147868404932669,0.8299916522379426,2.2442593667865016,1.0,0.9619022346471727
2023-11-11 18:00:00,1.147868404932669,0.8299916522379426,2.242972396604332,1.0,0.9613504184305557
2023-11-11 19:00:00,1.147868404932669,0.8299916522379426,2.2433832603244612,1.0,0.9615265851100391
2023-11-11 20:00:00,1.147868404932669,0.8299916522379426,2.2456248844445788,1.0,0.9624877297878089
2023-11-11 21:00:00,1.147868404932669,0.8299916522379426,2.2364589982175764,1.0,0.9585576584234511
2023-11-11 22:00:00,1.147868404932669,0.8299916522379426,2.235123691127156,1.0,0.9579851167151301
2023-11-11 23:00:00,1.147868404932669,0.8299916522379426,2.229607241473067,1.0,0.955619819974419
2023-11-12 00:00:00,1.147868404932669,0.8299916522379426,2.244676272620162,1.0,0.9620809920131191
2023-11-12 01:00:00,1.147868404932669,0.8299916522379426,2.2310210960393944,1.0,0.956226040606759
2023-11-12 02:00:00,1.147868404932669,0.8299916522379426,2.2339152684208936,1.0,0.9561265243882511
2023-11-12 03:00:00,1.147868404932669,0.8299916522379426,2.2304652215945135,1.0,0.9576037325780075
2023-11-12 04:00:00,1.147868404932669,0.8299916522379426,2.2358729132050392,1.0,0.9552883186903858
2023-11-12 05:00:00,1.147868404932669,0.8299916522379426,2.23670672487236,1.0,0.9549313051524062
2023-11-12 06:00:00,1.147868404932669,0.8299916522379426,2.243226165372647,1.0,0.9521398732141448
2023-11-12 07:00:00,1.147868404932669,0.8299916522379426,2.244978378296728,1.0,0.951389627373463
2023-11-12 08:00:00,1.147868404932669,0.8299916522379426,2.244192903537657,1.0,0.9517259444744582
2023-11-12 09:00:00,1.147868404932669,0.8299916522379426,2.2425977855653905,1.0,0.9524089268949412
2023-11-12 10:00:00,1.147868404932669,0.8299916522379426,2.24029574030996,1.0,0.9533945947063198
2023-11-12 11:00:00,1.147868404932669,0.8299916522379426,2.242368185251201,1.0,0.9525072349706166
2023-11-12 12:00:00,1.147868404932669,0.8299916522379426,2.240174898039334,1.0,0.9534463357987806
2023-11-12 13:00:00,1.147868404932669,0.8299916522379426,2.2370511253436454,1.0,0.9547838430388927
2023-11-12 14:00:00,1.147868404932669,0.8299916522379426,2.2409905833660613,1.0,0.95309708342467
2023-11-12 15:00:00,1.147868404932669,0.8299916522379426,2.2451535995891363,1.0,0.9513146027893947
2023-11-12 16:00:00,1.147868404932669,0.8299916522379426,2.245655095012235,1.0,0.9510998772556822
2023-11-12 17:00:00,1.147868404932669,0.8299916522379426,2.2434074287785863,1.0,0.9520622615754536
2023-11-12 18:00:00,1.147868404932669,0.8299916522379426,2.2414316576538473,1.0,0.9529082284371879
2023-11-12 19:00:00,1.147868404932669,0.8299916522379426,2.2461445062082714,1.0,0.9508903258312159
2023-11-12 20:00:00,1.147868404932669,0.8299916522379426,2.2429784387178633,1.0,0.9522459424536895
2023-11-12 21:00:00,1.147868404932669,0.8299916522379426,2.2450810942267605,1.0,0.9513456474448712
2023-11-12 22:00:00,1.147868404932669,0.8299916522379426,2.2465674541554637,1.0,0.950709232007603
2023-11-12 23:00:00,1.147868404932669,0.8299916522379426,2.246059916618833,1.0,0.9509265445959386
2023-11-13 00:00:00,1.147868404932669,0.8299916522379426,2.2400540557687076,1.0,0.9534980768912414
2023-11-13 01:00:00,1.147868404932669,0.8299916522379426,2.2419573215310713,1.0,0.9526831546849834
2023-11-13 02:00:00,1.147868404932669,0.8299916522379426,2.2477879610887888,1.0,0.9488480727501453
2023-11-13 03:00:00,1.147868404932669,0.8299916522379426,2.244911915047884,1.0,0.9500625966346156
2023-11-13 04:00:00,1.147868404932669,0.8299916522379426,2.2313292438294914,1.0,0.9557984153158958
2023-11-13 05:00:00,1.147868404932669,0.8299916522379426,2.231860949820247,1.0,0.9555738814885146
2023-11-13 06:00:00,1.147868404932669,0.8299916522379426,2.231166106764146,1.0,0.9558673063765695
2023-11-13 07:00:00,1.147868404932669,0.8299916522379426,2.2338729736261747,1.0,0.9547242250735385
2023-11-13 08:00:00,1.147868404932669,0.8299916522379426,2.233824636717924,1.0,0.9547446372396641
2023-11-13 09:00:00,1.147868404932669,0.8299916522379426,2.238011821395124,1.0,0.952976433349038
2023-11-13 10:00:00,1.147868404932669,0.8299916522379426,2.235582891755536,1.0,0.9540021446968472
2023-11-13 11:00:00,1.147868404932669,0.8299916522379426,2.2347672064288084,1.0,0.9543466000002159
2023-11-13 12:00:00,1.147868404932669,0.8299916522379426,2.2250635720975196,1.0,0.9584443423499204
2023-11-13 13:00:00,1.147868404932669,0.8299916522379426,2.23201200265853,1.0,0.9555100934693723
2023-11-13 14:00:00,1.147868404932669,0.8299916522379426,2.22616927887375,1.0,0.9579774140497983
2023-11-13 15:00:00,1.147868404932669,0.8299916522379426,2.223534917374097,1.0,0.9590898771036411
2023-11-13 16:00:00,1.147868404932669,0.8299916522379426,2.2271299749252287,1.0,0.9575717222480532
2023-11-13 17:00:00,1.147868404932669,0.8299916522379426,2.2283263134044287,1.0,0.9570665211364456
2023-11-13 18:00:00,1.147868404932669,0.8299916522379426,2.216562318358962,1.0,0.9620343320672519
2023-11-13 19:00:00,1.147868404932669,0.8299916522379426,2.221075777166853,1.0,0.9601283460552785
2023-11-13 20:00:00,1.147868404932669,0.8299916522379426,2.227486459623576,1.0,0.9574211825228771
2023-11-13 21:00:00,1.147868404932669,0.8299916522379426,2.2236255490770667,1.0,0.9590516042921556
2023-11-13 22:00:00,1.147868404932669,0.8299916522379426,2.204907081357059,1.0,0.9669562156242756
2023-11-13 23:00:00,1.147868404932669,0.8299916522379426,2.2042545330956766,1.0,0.9672317798669706
2023-11-14 00:00:00,1.147868404932669,0.8299916522379426,2.203837627262016,1.0,0.9674078347998036
2023-11-14 01:00:00,1.147868404932669,0.8299916522379426,2.190792704147911,1.0,0.9729165681329368
2023-11-14 02:00:00,1.147868404932669,0.8299916522379426,2.1960130902389654,1.0,0.9693836561761762
2023-11-14 03:00:00,1.147868404932669,0.8299916522379426,2.2020310353161534,1.0,0.9667261475209187
2023-11-14 04:00:00,1.147868404932669,0.8299916522379426,2.203046110389414,1.0,0.9662778930489476
2023-11-14 05:00:00,1.147868404932669,0.8299916522379426,2.206363230718105,1.0,0.9648130614708991
2023-11-14 06:00:00,1.147868404932669,0.8299916522379426,2.213613766955681,1.0,0.9616112438139625
2023-11-14 07:00:00,1.147868404932669,0.8299916522379426,2.2153599377662307,1.0,0.9608401393949169
2023-11-14 08:00:00,1.147868404932669,0.8299916522379426,2.217087982236186,1.0,0.9600770395200138
2023-11-14 09:00:00,1.147868404932669,0.8299916522379426,2.2206830397873176,1.0,0.9584894715984493
2023-11-14 10:00:00,1.147868404932669,0.8299916522379426,2.2051245974441858,1.0,0.9653600386539591
2023-11-14 11:00:00,1.147868404932669,0.8299916522379426,2.2055958822996287,1.0,0.9651519205062582
2023-11-14 12:00:00,1.147868404932669,0.8299916522379426,2.1919165372647353,1.0,0.9711926831523452
2023-11-14 13:00:00,1.147868404932669,0.8299916522379426,2.197233597172291,1.0,0.9688446835372584
2023-11-14 14:00:00,1.147868404932669,0.8299916522379426,2.2063873991722303,1.0,0.9648023887453759
2023-11-14 15:00:00,1.147868404932669,0.8299916522379426,2.211686332739192,1.0,0.9624623936744315
2023-11-14 16:00:00,1.147868404932669,0.8299916522379426,2.184659958913628,1.0,0.9743971689906625
2023-11-14 17:00:00,1.147868404932669,0.8299916522379426,2.1919648741729856,1.0,0.9711713377012992
2023-11-14 18:00:00,1.147868404932669,0.8299916522379426,2.1817114075103468,1.0,0.9756992415044835
2023-11-14 19:00:00,1.147868404932669,0.8299916522379426,2.128685819159542,1.0,0.9991152013022131
2023-11-14 20:00:00,1.147868404932669,0.8299916522379426,2.132528603365457,1.0,0.9974182379440367
2023-11-14 21:00:00,1.147868404932669,0.8299916522379426,2.1322446240294854,1.0,0.9975436424689333
2023-11-14 22:00:00,1.147868404932669,0.8299916522379426,2.1499419745627018,1.0,0.9897285392046274
2023-11-14 23:00:00,1.147868404932669,0.8299916522379426,2.151506881967312,1.0,0.9890374802270052
2023-11-15 00:00:00,1.147868404932669,0.8299916522379426,2.1478211927132107,1.0,0.9906650708692814
2023-11-15 01:00:00,1.147868404932669,0.8299916522379426,2.1449753572399626,1.0,0.991921784299629
2023-11-15 02:00:00,1.147868404932669,0.8299916522379426,2.1408908884927946,1.0,0.9923683258668987
2023-11-15 03:00:00,1.147868404932669,0.8299916522379426,2.1443892722274254,1.0,0.9907461126278497
2023-11-15 04:00:00,1.147868404932669,0.8299916522379426,2.1387217697350533,1.0,0.9933741541101087
2023-11-15 05:00:00,1.147868404932669,0.8299916522379426,2.1501413643092353,1.0,0.9880788466458559
2023-11-15 06:00:00,1.147868404932669,0.8299916522379426,2.1514585450590618,1.0,0.987468065149979
2023-11-15 07:00:00,1.147868404932669,0.8299916522379426,2.1502440802392675,1.0,0.9880312168961775
2023-11-15 08:00:00,1.147868404932669,0.8299916522379426,2.150159490649829,1.0,0.9880704413959125
2023-11-15 09:00:00,1.147868404932669,0.8299916522379426,2.163077529379777,1.0,0.9820802999363504
2023-11-15 10:00:00,1.147868404932669,0.8299916522379426,2.162370602096613,1.0,0.9824081046841374
2023-11-15 11:00:00,1.147868404932669,0.8299916522379426,2.1675547355064797,1.0,0.9800042032003656
2023-11-15 12:00:00,1.147868404932669,0.8299916522379426,2.1898380502099632,1.0,0.9696713492701197
2023-11-15 13:00:00,1.147868404932669,0.8299916522379426,2.1865390562218665,1.0,0.9712011047597927
2023-11-15 14:00:00,1.147868404932669,0.8299916522379426,2.181288459563155,1.0,0.9736358254933566
2023-11-15 15:00:00,1.147868404932669,0.8299916522379426,2.1818322497809732,1.0,0.9733836679950588
2023-11-15 16:00:00,1.147868404932669,0.8299916522379426,2.199366463248844,1.0,0.9652529895499469
2023-11-15 17:00:00,1.147868404932669,0.8299916522379426,2.1972940183076037,1.0,0.9662139897934593
2023-11-15 18:00:00,1.147868404932669,0.8299916522379426,2.204604975680493,1.0,0.962823872316345
2023-11-15 19:00:00,1.147868404932669,0.8299916522379426,2.259884272378478,1.0,0.9371906617393877
2023-11-15 20:00:00,1.147868404932669,0.8299916522379426,2.26674811335005,1.0,0.9340078737608738
2023-11-15 21:00:00,1.147868404932669,0.8299916522379426,2.267908199148062,1.0,0.9334699377645054
2023-11-15 22:00:00,1.147868404932669,0.8299916522379426,2.273829470408749,1.0,0.9307242227830409
2023-11-15 23:00:00,1.147868404932669,0.8299916522379426,2.279370088516963,1.0,0.9281550180503848
2023-11-16 00:00:00,1.147868404932669,0.8299916522379426,2.2883849219056827,1.0,0.9239748070786042
2023-11-16 01:00:00,1.147868404932669,0.8299916522379426,2.282916809159844,1.0,0.9265103908114872
2023-11-16 02:00:00,1.147868404932669,0.8299916522379426,2.262452170629286,1.0,0.9346106299617322
2023-11-16 03:00:00,1.147868404932669,0.8299916522379426,2.2670864717078034,1.0,0.9365257910885082
2023-11-16 04:00:00,1.147868404932669,0.8299916522379426,2.2638720673091446,1.0,0.9351974133578109
2023-11-16 05:00:00,1.147868404932669,0.8299916522379426,2.2625609286728494,1.0,0.9346555750729211
2023-11-16 06:00:00,1.147868404932669,0.8299916522379426,2.2637874777197062,1.0,0.9351624560491083
2023-11-16 07:00:00,1.147868404932669,0.8299916522379426,2.2705244343071205,1.0,0.9379465559922052
2023-11-16 08:00:00,1.147868404932669,0.8299916522379426,2.2627119815111323,1.0,0.9347179988384614
2023-11-16 09:00:00,1.147868404932669,0.8299916522379426,2.254700138968611,1.0,0.9314070423142043
2023-11-16 10:00:00,1.147868404932669,0.8299916522379426,2.2578541222319566,1.0,0.9327104505386856
2023-11-16 11:00:00,1.147868404932669,0.8299916522379426,2.254065717047823,1.0,0.9311448624989351
2023-11-16 12:00:00,1.147868404932669,0.8299916522379426,2.2513165553910754,1.0,0.9300087499661019
2023-11-16 13:00:00,1.147868404932669,0.8299916522379426,2.244144566629407,1.0,0.9270448695782489
2023-11-16 14:00:00,1.147868404932669,0.8299916522379426,2.2226708951391196,1.0,0.9181707070690412
2023-11-16 15:00:00,1.147868404932669,0.8299916522379426,2.2182964049424485,1.0,0.9163629148189945
2023-11-16 16:00:00,1.147868404932669,0.8299916522379426,2.20003713785082,1.0,0.9088171300404843
2023-11-16 17:00:00,1.147868404932669,0.8299916522379426,2.209619929911483,1.0,0.9127772937263602
2023-11-16 18:00:00,1.147868404932669,0.8299916522379426,2.1944602670614177,1.0,0.9065124446167366
2023-11-16 19:00:00,1.147868404932669,0.8299916522379426,2.1901099453188726,1.0,0.9047146401691762
2023-11-16 20:00:00,1.147868404932669,0.8299916522379426,2.170618087066856,1.0,0.8966594774638572
2023-11-16 21:00:00,1.147868404932669,0.8299916522379426,2.172050067973777,1.0,0.8972512547611792
2023-11-16 22:00:00,1.147868404932669,0.8299916522379426,2.172648237213377,1.0,0.8974984528727187
2023-11-16 23:00:00,1.147868404932669,0.8299916522379426,2.1881402163076644,1.0,0.9039006342665309
2023-11-17 00:00:00,1.147868404932669,0.8299916522379426,2.1850949910878823,1.0,0.9026421711532386
2023-11-17 01:00:00,1.147868404932669,0.8299916522379426,2.1973665236699795,1.0,0.9077134778657318
2023-11-17 02:00:00,1.147064897049216,0.829410658081376,2.2090217606718827,1.0,0.911252542661498
2023-11-17 03:00:00,1.143797558622182,0.8270481367262965,2.202731920485786,1.0,0.91384818520712
2023-11-17 04:00:00,1.144676381638099,0.827683589156097,2.204423712274554,1.0,0.9131500296713139
2023-11-17 05:00:00,1.1431384413602443,0.8265715474039461,2.20146307664421,1.0,0.9143718018589745
2023-11-17 06:00:00,1.1408221149825775,0.8248966763568292,2.1970039968581005,1.0,0.9162119403783493
2023-11-17 07:00:00,1.1405145269270067,0.8246742680063991,2.1964118697320325,1.0,0.9164562948158813
2023-11-17 08:00:00,1.1370180667851084,0.8221460751249787,2.189680955258149,1.0,0.9192339564833385
2023-11-17 09:00:00,1.1421152402774268,0.8258316992178214,2.199493347633002,1.0,0.915184654375663
2023-11-17 10:00:00,1.1393751956599427,0.823850449320622,2.194218582520165,1.0,0.9173614035998015
2023-11-17 11:00:00,1.140862917479745,0.8249261795053557,2.197082544334008,1.0,0.9161795260141867
2023-11-17 12:00:00,1.1411610895744313,0.8251417794368952,2.1976565451194827,1.0,0.9159426518145383
2023-11-17 13:00:00,1.1460887757708227,0.8287048519897049,2.2071426633636446,1.0,0.9120279939887683
2023-11-17 14:00:00,1.1401755523351529,0.8244291649263331,2.1957593214706503,1.0,0.9167255833796923
2023-11-17 15:00:00,1.1300628103448516,0.8171169230377008,2.176291631672759,1.0,0.9247593588667181
2023-11-17 16:00:00,1.1309667425897945,0.8177705312512097,2.178031760369777,1.0,0.9240412560298892
2023-11-17 17:00:00,1.1289548656140704,0.8163157990815595,2.1741587655962054,1.0,0.9256395335243595
2023-11-17 18:00:00,1.1453135283246387,0.8281442921677022,2.2056502613214097,1.0,0.9126438669078546
2023-11-17 19:00:00,1.1443656549288999,0.8274589113327032,2.2038255430349536,1.0,0.9133968775214739
2023-11-17 20:00:00,1.1396670904473725,0.8240615103062344,2.1947804990785778,1.0,0.9171295162254086
2023-11-17 21:00:00,1.1445790833756226,0.8276132354942263,2.204236406755083,1.0,0.9132273254627781
2023-11-17 22:00:00,1.1418484547190235,0.8256387940159177,2.1989797679828404,1.0,0.9153965944490328
2023-11-17 23:00:00,1.146515632664268,0.8290135003127508,2.207964390803903,1.0,0.9116888898713769
2023-11-18 00:00:00,1.1486310852097252,0.830543125090199,2.2120367753240084,1.0,0.9100083297601864
2023-11-18 01:00:00,1.141773127031945,0.8255843266647919,2.198834757258089,1.0,0.9154564363521018
2023-11-18 02:00:00,1.1413057877840018,0.8252464066794618,2.199475221292408,1.0,0.9139163791234206
2023-11-18 03:00:00,1.1413057877840018,0.8252464066794618,2.199596063563034,1.0,0.9139666101647081
2023-11-18 04:00:00,1.1413057877840018,0.8252464066794618,2.1977230083683272,1.0,0.9131880290247518
2023-11-18 05:00:00,1.1413057877840018,0.8252464066794618,2.1975357028488567,1.0,0.9131101709107563
2023-11-18 06:00:00,1.1413057877840018,0.8252464066794618,2.1950705205280805,1.0,0.9120854576684911
2023-11-18 07:00:00,1.1413057877840018,0.8252464066794618,2.1906114407419714,1.0,0.9102319322449826
2023-11-18 08:00:00,1.1413057877840018,0.8252464066794618,2.200381538322105,1.0,0.9142931119330768
2023-11-18 09:00:00,1.1413057877840018,0.8252464066794618,2.202085414337935,1.0,0.9150013696152306
2023-11-18 10:00:00,1.1413057877840018,0.8252464066794618,2.1992335367511555,1.0,0.9138159170408456
2023-11-18 11:00:00,1.1413057877840018,0.8252464066794618,2.2034086372012927,1.0,0.9155513995173287
2023-11-18 12:00:00,1.1413057877840018,0.8252464066794618,2.1996564846983473,1.0,0.9139917256853518
2023-11-18 13:00:00,1.1413057877840018,0.8252464066794618,2.2022666777438746,1.0,0.9150767161771618
2023-11-18 14:00:00,1.1413057877840018,0.8252464066794618,2.2012757711247395,1.0,0.9146648216386044
2023-11-18 15:00:00,1.1413057877840018,0.8252464066794618,2.2057892299326305,1.0,0.9165409510306926
2023-11-18 16:00:00,1.1413057877840018,0.8252464066794618,2.2150638742031963,1.0,0.9203961834495082
2023-11-18 17:00:00,1.1413057877840018,0.8252464066794618,2.2159339385517054,1.0,0.9207578469467782
2023-11-18 18:00:00,1.1413057877840018,0.8252464066794618,2.2127376604936404,1.0,0.9194292359047238
2023-11-18 19:00:00,1.1413057877840018,0.8252464066794618,2.2176317724540042,1.0,0.9214635930768675
2023-11-18 20:00:00,1.1413057877840018,0.8252464066794618,2.2160547808223314,1.0,0.9208080779880657
2023-11-18 21:00:00,1.1413057877840018,0.8252464066794618,2.210955237001903,1.0,0.9186883280457332
2023-11-18 22:00:00,1.1413057877840018,0.8252464066794618,2.207692495694994,1.0,0.9173320899309707
2023-11-18 23:00:00,1.1413057877840018,0.8252464066794618,2.205722766683786,1.0,0.9165133239579845
2023-11-19 00:00:00,1.1413057877840018,0.8252464066794618,2.2095595087761697,1.0,0.9181081595188626
2023-11-19 01:00:00,1.1413057877840018,0.8252464066794618,2.202991731367632,1.0,0.9153781024248868
2023-11-19 02:00:00,1.1413057877840018,0.8252464066794618,2.2043028700039273,1.0,0.914640817853242
2023-11-19 03:00:00,1.1413057877840018,0.8252464066794618,2.2024962780580646,1.0,0.9153907217356969
2023-11-19 04:00:00,1.1413057877840018,0.8252464066794618,2.2063390622639796,1.0,0.9137956084606425
2023-11-19 05:00:00,1.1413057877840018,0.8252464066794618,2.207329968883115,1.0,0.9133842899431756
2023-11-19 06:00:00,1.1413057877840018,0.8252464066794618,2.206000703906226,1.0,0.9139360586861189
2023-11-19 07:00:00,1.1413057877840018,0.8252464066794618,2.2110821213860605,1.0,0.9118267972642309
2023-11-19 08:00:00,1.1413057877840018,0.8252464066794618,2.2121636597081658,1.0,0.9113778581506542
2023-11-19 09:00:00,1.1413057877840018,0.8252464066794618,2.2124053442494183,1.0,0.9112775365610282
2023-11-19 10:00:00,1.1413057877840018,0.8252464066794618,2.2130518503972687,1.0,0.9110091763087785
2023-11-19 11:00:00,1.1413057877840018,0.8252464066794618,2.206743883870578,1.0,0.9136275697980187
2023-11-19 12:00:00,1.1413057877840018,0.8252464066794618,2.202194172381499,1.0,0.9155161237227295
2023-11-19 13:00:00,1.1413057877840018,0.8252464066794618,2.20431495423099,1.0,0.9146358017737608
2023-11-19 14:00:00,1.1413057877840018,0.8252464066794618,2.2043753753663027,1.0,0.9146107213763542
2023-11-19 15:00:00,1.1413057877840018,0.8252464066794618,2.202737962599317,1.0,0.9152904001460709
2023-11-19 16:00:00,1.1413057877840018,0.8252464066794618,2.2092090661913537,1.0,0.912604289583833
2023-11-19 17:00:00,1.1413057877840018,0.8252464066794618,2.208326917615782,1.0,0.9129704633859681
2023-11-19 18:00:00,1.1413057877840018,0.8252464066794618,2.2113721428355637,1.0,0.9117064113566795
2023-11-19 19:00:00,1.1413057877840018,0.8252464066794618,2.2259275943324974,1.0,0.9056645436214497
2023-11-19 20:00:00,1.1413057877840018,0.8252464066794618,2.2325860034440046,1.0,0.9029006838272515
2023-11-19 21:00:00,1.1413057877840018,0.8252464066794618,2.230573979638077,1.0,0.9037358610608887
2023-11-19 22:00:00,1.1413057877840018,0.8252464066794618,2.234984722515936,1.0,0.9019049920502129
2023-11-19 23:00:00,1.1413057877840018,0.8252464066794618,2.234749080088215,1.0,0.9020028056000982
2023-11-20 00:00:00,1.1413057877840018,0.8252464066794618,2.257588269236579,1.0,0.8925224153804349
2023-11-20 01:00:00,1.1413057877840018,0.8252464066794618,2.2539146642095402,1.0,0.8940473035427512
2023-11-20 02:00:00,1.1413057877840018,0.8252464066794618,2.2534917162623485,1.0,0.8929423791843984
2023-11-20 03:00:00,1.1413057877840018,0.8252464066794618,2.2542107277725747,1.0,0.89322739735028
2023-11-20 04:00:00,1.1413057877840018,0.8252464066794618,2.2428575964472373,1.0,0.8887269844621174
2023-11-20 05:00:00,1.1413057877840018,0.8252464066794618,2.248295498625419,1.0,0.8908825840360111
2023-11-20 06:00:00,1.1413057877840018,0.8252464066794618,2.2438907978610914,1.0,0.8891365483811571
2023-11-20 07:00:00,1.1413057877840018,0.8252464066794618,2.246791012356122,1.0,0.8902862014872338
2023-11-20 08:00:00,1.1413057877840018,0.8252464066794618,2.250651922902631,1.0,0.8918166771846984
2023-11-20 09:00:00,1.1413057877840018,0.8252464066794618,2.2433167970756167,1.0,0.8889090128705794
2023-11-20 10:00:00,1.1413057877840018,0.8252464066794618,2.24774566629407,1.0,0.890664628967984
2023-11-20 11:00:00,1.1413057877840018,0.8252464066794618,2.253056684088094,1.0,0.892769931218487
2023-11-20 12:00:00,1.1413057877840018,0.8252464066794618,2.2446037672577868,1.0,0.889419171436401
2023-11-20 13:00:00,1.1413057877840018,0.8252464066794618,2.244476882873629,1.0,0.8893688741130102
2023-11-20 14:00:00,1.1413057877840018,0.8252464066794618,2.241359152291471,1.0,0.8881329970239776
2023-11-20 15:00:00,1.1413057877840018,0.8252464066794618,2.2611954110147727,1.0,0.8959961452474146
2023-11-20 16:00:00,1.1413057877840018,0.8252464066794618,2.2635820458596414,1.0,0.8969422139492902
2023-11-20 17:00:00,1.1413057877840018,0.8252464066794618,2.2500175009818433,1.0,0.8915651905677441
2023-11-20 18:00:00,1.1413057877840018,0.8252464066794618,2.2710138455031568,1.0,0.8998882000336116
2023-11-20 19:00:00,1.1413057877840018,0.8252464066794618,2.267974662396906,1.0,0.8986834593828688
2023-11-20 20:00:00,1.1413057877840018,0.8252464066794618,2.2701981601764296,1.0,0.8995648600975276
2023-11-20 21:00:00,1.1413057877840018,0.8252464066794618,2.2689595269025102,1.0,0.8990738624168073
2023-11-20 22:00:00,1.1413057877840018,0.8252464066794618,2.261050400290021,1.0,0.8959386625921107
2023-11-20 23:00:00,1.1413057877840018,0.8252464066794618,2.262071517476813,1.0,0.8963434362898752
2023-11-21 00:00:00,1.1413057877840018,0.8252464066794618,2.2628328237817588,1.0,0.8966452202302203
2023-11-21 01:00:00,1.1413057877840018,0.8252464066794618,2.2595338297936616,1.0,0.8953374898220582
2023-11-21 02:00:00,1.1413057877840018,0.8252464066794618,2.272373321047702,1.0,0.8991665056547002
2023-11-21 03:00:00,1.1413057877840018,0.8252464066794618,2.263509540497266,1.0,0.8956577769969719
2023-11-21 04:00:00,1.1413057877840018,0.8252464066794618,2.264210425666898,1.0,0.8959352224804732
2023-11-21 05:00:00,1.1413057877840018,0.8252464066794618,2.25984801969729,1.0,0.8942083635228181
2023-11-21 06:00:00,1.1413057877840018,0.8252464066794618,2.2574915954200776,1.0,0.8932755726731152
2023-11-21 07:00:00,1.1413057877840018,0.8252464066794618,2.2584402072444942,1.0,0.893651080784406
2023-11-21 08:00:00,1.1413057877840018,0.8252464066794618,2.252833125887435,1.0,0.891431516916395
2023-11-21 09:00:00,1.1413057877840018,0.8252464066794618,2.2603374308933266,1.0,0.8944020970069873
2023-11-21 10:00:00,1.1413057877840018,0.8252464066794618,2.254645759946829,1.0,0.8921490483392434
2023-11-21 11:00:00,1.1413057877840018,0.8252464066794618,2.2571169843811365,1.0,0.8931272828457266
2023-11-21 12:00:00,1.1413057877840018,0.8252464066794618,2.2463378538412733,1.0,0.8888603626511884
2023-11-21 13:00:00,1.1413057877840018,0.8252464066794618,2.2472683393250956,1.0,0.8892286954482506
2023-11-21 14:00:00,1.1413057877840018,0.8252464066794618,2.2365194193528892,1.0,0.8849737341107599
2023-11-21 15:00:00,1.1413057877840018,0.8252464066794618,2.2135291773662424,1.0,0.8758730438976333
2023-11-21 16:00:00,1.1413057877840018,0.8252464066794618,2.233419815111326,1.0,0.8837467553776893
2023-11-21 17:00:00,1.1413057877840018,0.8252464066794618,2.246851433491435,1.0,0.8890636632209955
2023-11-21 18:00:00,1.1413057877840018,0.8252464066794618,2.229661620494849,1.0,0.8822590735609837
2023-11-21 19:00:00,1.1413057877840018,0.8252464066794618,2.2280967130902387,1.0,0.8816396047659245
2023-11-21 20:00:00,1.1413057877840018,0.8252464066794618,2.234271753119241,1.0,0.884083995146428
2023-11-21 21:00:00,1.1413057877840018,0.8252464066794618,2.2312869490347724,1.0,0.8829024600701377
2023-11-21 22:00:00,1.1413057877840018,0.8252464066794618,2.2252146249358025,1.0,0.8804987298035957
2023-11-21 23:00:00,1.1413057877840018,0.8252464066794618,2.1977532189359836,1.0,0.8696281287474432
2023-11-22 00:00:00,1.1413057877840018,0.8252464066794618,2.158570112685417,1.0,0.8541174911568714
2023-11-22 01:00:00,1.1413057877840018,0.8252464066794618,2.1811011540436844,1.0,0.8630364067428764
2023-11-22 02:00:00,1.1413057877840018,0.8252464066794618,2.1796027098879187,1.0,0.8612358088925186
2023-11-22 03:00:00,1.1413057877840018,0.8252464066794618,2.192182390260113,1.0,0.85626326067064
2023-11-22 04:00:00,1.1413057877840018,0.8252464066794618,2.1973483973293857,1.0,0.8542212199743353
2023-11-22 05:00:00,1.1413057877840018,0.8252464066794618,2.1992335367511555,1.0,0.853476054246561
2023-11-22 06:00:00,1.1413057877840018,0.8252464066794618,2.1961460167366544,1.0,0.8546965019609606
2023-11-22 07:00:00,1.1413057877840018,0.8252464066794618,2.2053662819854383,1.0,0.851051877279603
2023-11-22 08:00:00,1.1413057877840018,0.8252464066794618,2.200484254252137,1.0,0.8529816654464032
2023-11-22 09:00:00,1.1413057877840018,0.8252464066794618,2.2083994229781574,1.0,0.8498529247304277
2023-11-22 10:00:00,1.1413057877840018,0.8252464066794618,2.215758717259297,1.0,0.8469439123700779
2023-11-22 11:00:00,1.1413057877840018,0.8252464066794618,2.2144415365094705,1.0,0.8474645730388434
2023-11-22 12:00:00,1.1413057877840018,0.8252464066794618,2.2026050361016285,1.0,0.852143354002657
2023-11-22 13:00:00,1.1413057877840018,0.8252464066794618,2.208339001842844,1.0,0.8498768082473436
2023-11-22 14:00:00,1.1413057877840018,0.8252464066794618,2.2105504153953053,1.0,0.8490026715282235
2023-11-22 15:00:00,1.1413057877840018,0.8252464066794618,2.198756209782182,1.0,0.8536647340301963
2023-11-22 16:00:00,1.1413057877840018,0.8252464066794618,2.2034992689042623,1.0,0.8517898779523025
2023-11-22 17:00:00,1.1413057877840018,0.8252464066794618,2.2028588048699436,1.0,0.8520430432316104
2023-11-22 18:00:00,1.1413057877840018,0.8252464066794618,2.209674308933265,1.0,0.8493489825235032
2023-11-22 19:00:00,1.1413057877840018,0.8252464066794618,2.247074991692094,1.0,0.8345650855525962
2023-11-22 20:00:00,1.1413057877840018,0.8252464066794618,2.252821041660373,1.0,0.8322937630938995
2023-11-22 21:00:00,1.1413057877840018,0.8252464066794618,2.272929195492583,1.0,0.8243453286643069
2023-11-22 22:00:00,1.1413057877840018,0.8252464066794618,2.2722403945500136,1.0,0.8246176007571474
2023-11-22 23:00:00,1.1413057877840018,0.8252464066794618,2.2624944654240053,1.0,0.828470012035673
2023-11-23 00:00:00,1.1413057877840018,0.8252464066794618,2.2598661460378837,1.0,0.8295089450215122
2023-11-23 01:00:00,1.1413057877840018,0.8252464066794618,2.2541805172049183,1.0,0.831756383963293
2023-11-23 02:00:00,1.1413057877840018,0.8252464066794618,2.259902398719072,1.0,0.8282889003320983
2023-11-23 03:00:00,1.1413057877840018,0.8252464066794618,2.2560294039455,1.0,0.8268688338366276
2023-11-23 04:00:00,1.1413057877840018,0.8252464066794618,2.2536729796682877,1.0,0.8260048308206625
2023-11-23 05:00:00,1.1413057877840018,0.8252464066794618,2.256071698740219,1.0,0.8268843415830679
2023-11-23 06:00:00,1.1413057877840018,0.8252464066794618,2.2549176550557384,1.0,0.8264612016444799
2023-11-23 07:00:00,1.1413057877840018,0.8252464066794618,2.251763671792393,1.0,0.8253047668384959
2023-11-23 08:00:00,1.1413057877840018,0.8252464066794618,2.2577514063019244,1.0,0.8275002206559866
2023-11-23 09:00:00,1.1413057877840018,0.8252464066794618,2.2655276064167245,1.0,0.8303514306086713
2023-11-23 10:00:00,1.1413057877840018,0.8252464066794618,2.273775091386967,1.0,0.8333754411645492
2023-11-23 11:00:00,1.1413057877840018,0.8252464066794618,2.263273898069545,1.0,0.8295250892626331
2023-11-23 12:00:00,1.1413057877840018,0.8252464066794618,2.257727237847799,1.0,0.8274913590865921
2023-11-23 13:00:00,1.1413057877840018,0.8252464066794618,2.253558179511193,1.0,0.8259627383660385
2023-11-23 14:00:00,1.1413057877840018,0.8252464066794618,2.2495643424669947,1.0,0.8244983640235951
2023-11-23 15:00:00,1.1413057877840018,0.8252464066794618,2.2474012658227847,1.0,0.823705253562786
2023-11-23 16:00:00,1.1413057877840018,0.8252464066794618,2.232108676475031,1.0,0.8180980955284075
2023-11-23 17:00:00,1.1413057877840018,0.8252464066794618,2.240072182109302,1.0,0.8210179826438999
2023-11-23 18:00:00,1.1413057877840018,0.8252464066794618,2.2453711156762632,1.0,0.8229608817336469
2023-11-23 19:00:00,1.1413057877840018,0.8252464066794618,2.2504102383613787,1.0,0.8248085189524031
2023-11-23 20:00:00,1.1413057877840018,0.8252464066794618,2.2519449351983325,1.0,0.8253712286089547
2023-11-23 21:00:00,1.1413057877840018,0.8252464066794618,2.251975145765989,1.0,0.8253823055706979
2023-11-23 22:00:00,1.1413057877840018,0.8252464066794618,2.250041669435969,1.0,0.8246733800191368
2023-11-23 23:00:00,1.1413057877840018,0.8252464066794618,2.2536850638953503,1.0,0.8260092616053596
2023-11-24 00:00:00,1.1413057877840018,0.8252464066794618,2.25266998882209,1.0,0.8256370756907901
2023-11-24 01:00:00,1.1413057877840018,0.8252464066794618,2.252875420682155,1.0,0.8257123990306435
2023-11-24 02:00:00,1.1413057877840018,0.8252464066794618,2.2587604392616534,1.0,0.8267111727053905
2023-11-24 03:00:00,1.1413057877840018,0.8252464066794618,2.2578239116642997,1.0,0.8270540776578023
2023-11-24 04:00:00,1.1413057877840018,0.8252464066794618,2.2538542430742274,1.0,0.8285075521980247
2023-11-24 05:00:00,1.1413057877840018,0.8252464066794618,2.2561562883296573,1.0,0.8276646697020966
2023-11-24 06:00:00,1.1413057877840018,0.8252464066794618,2.2608630947705506,1.0,0.8259412957799758
2023-11-24 07:00:00,1.1413057877840018,0.8252464066794618,2.258216649043835,1.0,0.8269102788067909
2023-11-24 08:00:00,1.1413057877840018,0.8252464066794618,2.2669716715507082,1.0,0.8237046705742451
2023-11-24 09:00:00,1.1413057877840018,0.8252464066794618,2.2615398114860574,1.0,0.8256935192982331
2023-11-24 10:00:00,1.1413057877840018,0.8252464066794618,2.2731890063744298,1.0,0.8214282241482342
2023-11-24 11:00:00,1.1413057877840018,0.8252464066794618,2.271805362375759,1.0,0.8219348385617975
2023-11-24 12:00:00,1.1413057877840018,0.8252464066794618,2.2801857738436904,1.0,0.8188663923102163
2023-11-24 13:00:00,1.1413057877840018,0.8252464066794618,2.2781435394701064,1.0,0.8196141463354755
2023-11-24 14:00:00,1.1413057877840018,0.8252464066794618,2.2814606597987974,1.0,0.8183995991169333
2023-11-24 15:00:00,1.1413057877840018,0.8252464066794618,2.283212872722878,1.0,0.817758035012421
2023-11-24 16:00:00,1.1413057877840018,0.8252464066794618,2.30843265460258,1.0,0.8085239364874754
2023-11-24 17:00:00,1.1413057877840018,0.8252464066794618,2.279188825111024,1.0,0.8192314201627836
2023-11-24 18:00:00,1.1413057877840018,0.8252464066794618,2.2860526660825955,1.0,0.816718258705108
2023-11-24 19:00:00,1.1413057877840018,0.8252464066794618,2.278868593093864,1.0,0.8193486715336084
2023-11-24 20:00:00,1.1413057877840018,0.8252464066794618,2.280711437720915,1.0,0.8186739230788627
2023-11-24 21:00:00,1.1413057877840018,0.8252464066794618,2.284596516721549,1.0,0.8172514205988578
2023-11-24 22:00:00,1.1413057877840018,0.8252464066794618,2.2843427479532337,1.0,0.8173443367795115
2023-11-24 23:00:00,1.1413057877840018,0.8252464066794618,2.275358125132171,1.0,0.8206340120326484
2023-11-25 00:00:00,1.1413057877840018,0.8252464066794618,2.277557454457569,1.0,0.8198287384669847
2023-11-25 01:00:00,1.1413057877840018,0.8252464066794618,2.2780287393130116,1.0,0.8196561798457711
2023-11-25 02:00:00,1.1413057877840018,0.8252464066794618,2.282385103169088,1.0,0.8169037273412917
2023-11-25 03:00:00,1.1413057877840018,0.8252464066794618,2.2845542219268298,1.0,0.8176803967862859
2023-11-25 04:00:00,1.1413057877840018,0.8252464066794618,2.2826751246185912,1.0,0.8170075717239094
2023-11-25 05:00:00,1.1413057877840018,0.8252464066794618,2.281279396392858,1.0,0.8165078206325621
2023-11-25 06:00:00,1.1413057877840018,0.8252464066794618,2.2838593788707287,1.0,0.8174316029529313
2023-11-25 07:00:00,1.1413057877840018,0.8252464066794618,2.2827355457539045,1.0,0.817029205970288
2023-11-25 08:00:00,1.1413057877840018,0.8252464066794618,2.282916809159844,1.0,0.817094108709424
2023-11-25 09:00:00,1.1413057877840018,0.8252464066794618,2.280681227153258,1.0,0.8162936415934133
2023-11-25 10:00:00,1.1413057877840018,0.8252464066794618,2.2794728044469954,1.0,0.8158609566658399
2023-11-25 11:00:00,1.1413057877840018,0.8252464066794618,2.276010673393553,1.0,0.8146213143483422
2023-11-25 12:00:00,1.1413057877840018,0.8252464066794618,2.273853638862874,1.0,0.8138489717526237
2023-11-25 13:00:00,1.1413057877840018,0.8252464066794618,2.2782522975136703,1.0,0.8154239448889908
2023-11-25 14:00:00,1.1413057877840018,0.8252464066794618,2.278167707924232,1.0,0.8153936569440607
2023-11-25 15:00:00,1.1413057877840018,0.8252464066794618,2.275563556992236,1.0,0.8144612209251401
2023-11-25 16:00:00,1.1413057877840018,0.8252464066794618,2.277037832693876,1.0,0.8149890965367795
2023-11-25 17:00:00,1.1413057877840018,0.8252464066794618,2.279466762333464,1.0,0.815858793241202
2023-11-25 18:00:00,1.1413057877840018,0.8252464066794618,2.281140427781638,1.0,0.8164580618658911
2023-11-25 19:00:00,1.1413057877840018,0.8252464066794618,2.2838170840760097,1.0,0.8174164589804662
2023-11-25 20:00:00,1.1413057877840018,0.8252464066794618,2.2835814416482885,1.0,0.8173320854195893
2023-11-25 21:00:00,1.1413057877840018,0.8252464066794618,2.2820165342436782,1.0,0.8167717584383818
2023-11-25 22:00:00,1.1413057877840018,0.8252464066794618,2.28207091326546,1.0,0.8167912292601227
2023-11-25 23:00:00,1.1413057877840018,0.8252464066794618,2.2778414337935406,1.0,0.8152768320136159
2023-11-26 00:00:00,1.1413057877840018,0.8252464066794618,2.2812068910304824,1.0,0.8164818595369077
2023-11-26 01:00:00,1.1413057877840018,0.8252464066794618,2.2790075617050847,1.0,0.8156943729687243
2023-11-26 02:00:00,1.1413057877840018,0.8252464066794618,2.275515220083985,1.0,0.8133036908437892
2023-11-26 03:00:00,1.1413057877840018,0.8252464066794618,2.2789410984562397,1.0,0.8145286326954363
2023-11-26 04:00:00,1.1413057877840018,0.8252464066794618,2.2784516872602034,1.0,0.8143536410023439
2023-11-26 05:00:00,1.1413057877840018,0.8252464066794618,2.2803247424549107,1.0,0.8150233622968952
2023-11-26 06:00:00,1.1413057877840018,0.8252464066794618,2.2811887646898885,1.0,0.815332298248898
2023-11-26 07:00:00,1.1413057877840018,0.8252464066794618,2.282125292287242,1.0,0.8156671588961737
2023-11-26 08:00:00,1.1413057877840018,0.8252464066794618,2.2816177547506116,1.0,0.815485686029263
2023-11-26 09:00:00,1.1413057877840018,0.8252464066794618,2.2801072263677833,1.0,0.8149455882110763
2023-11-26 10:00:00,1.1413057877840018,0.8252464066794618,2.280294531887254,1.0,0.8150125603405315
2023-11-26 11:00:00,1.1413057877840018,0.8252464066794618,2.2765182109301834,1.0,0.813662315795065
2023-11-26 12:00:00,1.1413057877840018,0.8252464066794618,2.2749351771849793,1.0,0.8130962932816056
2023-11-26 13:00:00,1.1413057877840018,0.8252464066794618,2.2718597413975408,1.0,0.8119966541237776
2023-11-26 14:00:00,1.1413057877840018,0.8252464066794618,2.265086532128939,1.0,0.8095748555070291
2023-11-26 15:00:00,1.1413057877840018,0.8252464066794618,2.2547122231956735,1.0,0.8058654636917236
2023-11-26 16:00:00,1.1413057877840018,0.8252464066794618,2.260138041146793,1.0,0.8078054950546498
2023-11-26 17:00:00,1.1413057877840018,0.8252464066794618,2.247691287272288,1.0,0.8033550890327925
2023-11-26 18:00:00,1.1413057877840018,0.8252464066794618,2.250857354762696,1.0,0.8044871340597116
2023-11-26 19:00:00,1.1413057877840018,0.8252464066794618,2.2489601311138636,1.0,0.8038087712000692
2023-11-26 20:00:00,1.1413057877840018,0.8252464066794618,2.2566396574121623,1.0,0.8065546285077297
2023-11-26 21:00:00,1.1413057877840018,0.8252464066794618,2.2697570858886436,1.0,0.8112448379608619
2023-11-26 22:00:00,1.1413057877840018,0.8252464066794618,2.2713763723150358,1.0,0.811823822821958
2023-11-26 23:00:00,1.1413057877840018,0.8252464066794618,2.274004691701157,1.0,0.8127635930256026
2023-11-27 00:00:00,1.1413057877840018,0.8252464066794618,2.2613404217395243,1.0,0.8082354129179264
2023-11-27 01:00:00,1.1413057877840018,0.8252464066794618,2.263841856741488,1.0,0.8091298149048434
2023-11-27 02:00:00,1.1413057877840018,0.8252464066794618,2.2634914141566718,1.0,0.8078719037873312
2023-11-27 03:00:00,1.1413057877840018,0.8252464066794618,2.252990220839249,1.0,0.8116213931977743
2023-11-27 04:00:00,1.1413057877840018,0.8252464066794618,2.2527545784115284,1.0,0.8117055301868462
2023-11-27 05:00:00,1.1413057877840018,0.8252464066794618,2.2566517416392253,1.0,0.8103140338291156
2023-11-27 06:00:00,1.1413057877840018,0.8252464066794618,2.252887504909217,1.0,0.8116580682955749
2023-11-27 07:00:00,1.1413057877840018,0.8252464066794618,2.250512954291411,1.0,0.8125059102623782
2023-11-27 08:00:00,1.1413057877840018,0.8252464066794618,2.2513165553910754,1.0,0.8122189815560553
2023-11-27 09:00:00,1.1413057877840018,0.8252464066794618,2.254675970514486,1.0,0.8110194901221047
2023-11-27 10:00:00,1.1413057877840018,0.8252464066794618,2.256591320503912,1.0,0.8103356074160571
2023-11-27 11:00:00,1.1413057877840018,0.8252464066794618,2.2409241201172168,1.0,0.8159296385100034
2023-11-27 12:00:00,1.1413057877840018,0.8252464066794618,2.2362898190386997,1.0,0.817584332628421
2023-11-27 13:00:00,1.1413057877840018,0.8252464066794618,2.2325799613304733,1.0,0.8189089508666327
2023-11-27 14:00:00,1.1413057877840018,0.8252464066794618,2.2314802966677743,1.0,0.8193015901489692
2023-11-27 15:00:00,1.1413057877840018,0.8252464066794618,2.2230696746321863,1.0,0.8223046334512342
2023-11-27 16:00:00,1.1413057877840018,0.8252464066794618,2.2193719011510225,1.0,0.8236249369720575
2023-11-27 17:00:00,1.1413057877840018,0.8252464066794618,2.2394196338479198,1.0,0.8164668208248483
2023-11-27 18:00:00,1.1413057877840018,0.8252464066794618,2.2297341258572247,1.0,0.8199250668115802
2023-11-27 19:00:00,1.1413057877840018,0.8252464066794618,2.2323745294704085,1.0,0.818982301062234
2023-11-27 20:00:00,1.1413057877840018,0.8252464066794618,2.226936627292227,1.0,0.8209239238869743
2023-11-27 21:00:00,1.1413057877840018,0.8252464066794618,2.2223264946678345,1.0,0.8225699885706154
2023-11-27 22:00:00,1.1413057877840018,0.8252464066794618,2.236144808313948,1.0,0.8176361092370807
2023-11-27 23:00:00,1.1413057877840018,0.8252464066794618,2.239117528171354,1.0,0.8165746887595561
2023-11-28 00:00:00,1.1413057877840018,0.8252464066794618,2.249044720703302,1.0,0.8130301484250579
2023-11-28 01:00:00,1.1413057877840018,0.8252464066794618,2.249890616597686,1.0,0.812728118207876
2023-11-28 02:00:00,1.1413057877840018,0.8252464066794618,2.2463922328630552,1.0,0.8128462052348807
2023-11-28 03:00:00,1.1413057877840018,0.8252464066794618,2.244857536026102,1.0,0.8134017437767735
2023-11-28 04:00:00,1.1413057877840018,0.8252464066794618,2.2421265007099485,1.0,0.8143903399221891
2023-11-28 05:00:00,1.1413057877840018,0.8252464066794618,2.233311057067762,1.0,0.8175814057986523
2023-11-28 06:00:00,1.1413057877840018,0.8252464066794618,2.2285317452644935,1.0,0.8193114490531296
2023-11-28 07:00:00,1.1413057877840018,0.8252464066794618,2.24024740340171,1.0,0.8150705465620658
2023-11-28 08:00:00,1.1413057877840018,0.8252464066794618,2.2401507295852086,1.0,0.8151055411158858
2023-11-28 09:00:00,1.1413057877840018,0.8252464066794618,2.230640442886922,1.0,0.8185481303479304
2023-11-28 10:00:00,1.1413057877840018,0.8252464066794618,2.239492139210296,1.0,0.8153439415137846
2023-11-28 11:00:00,1.1413057877840018,0.8252464066794618,2.241274562702033,1.0,0.814698729427728
2023-11-28 12:00:00,1.1413057877840018,0.8252464066794618,2.249987290414187,1.0,0.8115448452646987
2023-11-28 13:00:00,1.1413057877840018,0.8252464066794618,2.2469662336485303,1.0,0.8126384250715744
2023-11-28 14:00:00,1.1413057877840018,0.8252464066794618,2.2591471345276575,1.0,0.8082291112902517
2023-11-28 15:00:00,1.1413057877840018,0.8252464066794618,2.2564765203468173,1.0,0.8091958358395297
2023-11-28 16:00:00,1.1413057877840018,0.8252464066794618,2.2652194586266274,1.0,0.8060310158784316
2023-11-28 17:00:00,1.1413057877840018,0.8252464066794618,2.2873698468324215,1.0,0.7980128887344193
2023-11-28 18:00:00,1.1413057877840018,0.8252464066794618,2.3075323796864144,1.0,0.790714337103331
2023-11-28 19:00:00,1.1413057877840018,0.8252464066794618,2.292952759735355,1.0,0.795991953251313
2023-11-28 20:00:00,1.1413057877840018,0.8252464066794618,2.3016292347663208,1.0,0.7928511920459661
2023-11-28 21:00:00,1.1413057877840018,0.8252464066794618,2.3064266729101837,1.0,0.7911145873126476
2023-11-28 22:00:00,1.1413057877840018,0.8252464066794618,2.2912005468112744,1.0,0.796626229539301
2023-11-28 23:00:00,1.1413057877840018,0.8252464066794618,2.286560203619226,1.0,0.7983059681226619
2023-11-29 00:00:00,1.1413057877840018,0.8252464066794618,2.283943968460167,1.0,0.7992530082354162
2023-11-29 01:00:00,1.1413057877840018,0.8252464066794618,2.2895208392495694,1.0,0.7972342599119236
2023-11-29 02:00:00,1.1413057877840018,0.8252464066794618,2.290584251231081,1.0,0.7957113429710485
2023-11-29 03:00:00,1.1413057877840018,0.8252464066794618,2.2902881876680463,1.0,0.7956084547512519
2023-11-29 04:00:00,1.1413057877840018,0.8252464066794618,2.2915630736231534,1.0,0.7960515040242536
2023-11-29 05:00:00,1.1413057877840018,0.8252464066794618,2.290958862270022,1.0,0.795841528065485
2023-11-29 06:00:00,1.1413057877840018,0.8252464066794618,2.2965780278541432,1.0,0.7977943044820333
2023-11-29 07:00:00,1.1413057877840018,0.8252464066794618,2.305677450832301,1.0,0.8009565424210887
2023-11-29 08:00:00,1.1413057877840018,0.8252464066794618,2.301085444548503,1.0,0.7993607251344472
2023-11-29 09:00:00,1.1413057877840018,0.8252464066794618,2.315574432796592,1.0,0.804395948625719
2023-11-29 10:00:00,1.1413057877840018,0.8252464066794618,2.311924996223679,1.0,0.8031276938347565
2023-11-29 11:00:00,1.1413057877840018,0.8252464066794618,2.2931884021630764,1.0,0.7966163393533413
2023-11-29 12:00:00,1.1413057877840018,0.8252464066794618,2.301260665840911,1.0,0.7994216181624901
2023-11-29 13:00:00,1.1413057877840018,0.8252464066794618,2.3042333856983173,1.0,0.8004546998796319
2023-11-29 14:00:00,1.1413057877840018,0.8252464066794618,2.3017621612640102,1.0,0.7995958982082682
2023-11-29 15:00:00,1.1413057877840018,0.8252464066794618,2.2837627050542277,1.0,0.7933407143965506
2023-11-29 16:00:00,1.1413057877840018,0.8252464066794618,2.284282326817921,1.0,0.7935212937210917
2023-11-29 17:00:00,1.1413057877840018,0.8252464066794618,2.2803247424549107,1.0,0.7921459511911572
2023-11-29 18:00:00,1.1413057877840018,0.8252464066794618,2.2811162593275123,1.0,0.792421019697144
2023-11-29 19:00:00,1.1413057877840018,0.8252464066794618,2.286233929488535,1.0,0.7941995160679144
2023-11-29 20:00:00,1.1413057877840018,0.8252464066794618,2.2869046040905108,1.0,0.7944325893821476
2023-11-29 21:00:00,1.1413057877840018,0.8252464066794618,2.2749230929579163,1.0,0.7902687661197656
2023-11-29 22:00:00,1.1413057877840018,0.8252464066794618,2.2788202561856132,1.0,0.7916231110538232
2023-11-29 23:00:00,1.1413057877840018,0.8252464066794618,2.2818715235189266,1.0,0.7926834896456048
2023-11-30 00:00:00,1.1413057877840018,0.8252464066794618,2.285466581070058,1.0,0.7939328466002781
2023-11-30 01:00:00,1.1413057877840018,0.8252464066794618,2.2807718588562276,1.0,0.7923013334006459
2023-11-30 02:00:00,1.1413057877840018,0.8252464066794618,2.2763127790701185,1.0,0.7896446559995588
2023-11-30 03:00:00,1.1413057877840018,0.8252464066794618,2.286753551252228,1.0,0.7932679449097275
2023-11-30 04:00:00,1.1413057877840018,0.8252464066794618,2.297381628953808,1.0,0.7969562349519651
2023-11-30 05:00:00,1.1413057877840018,0.8252464066794618,2.2927896226700097,1.0,0.7953626588109187
2023-11-30 06:00:00,1.1413057877840018,0.8252464066794618,2.2875208996707044,1.0,0.7935342398701392
2023-11-30 07:00:00,1.1413057877840018,0.8252464066794618,2.2865360351651005,1.0,0.793192459724099
2023-11-30 08:00:00,1.1413057877840018,0.8252464066794618,2.2821977976496175,1.0,0.7916869496329525
2023-11-30 09:00:00,1.1413057877840018,0.8252464066794618,2.2743067973777227,1.0,0.788948514843207
2023-11-30 10:00:00,1.1413057877840018,0.8252464066794618,2.277339938370442,1.0,0.7900011138205824
2023-11-30 11:00:00,1.1413057877840018,0.8252464066794618,2.274862671822603,1.0,0.789141421428702
2023-11-30 12:00:00,1.1413057877840018,0.8252464066794618,2.2872731730159206,1.0,0.7934482706309511
2023-11-30 13:00:00,1.1413057877840018,0.8252464066794618,2.2869589831122927,1.0,0.7933392364739322
2023-11-30 14:00:00,1.1413057877840018,0.8252464066794618,2.277750802090571,1.0,0.7901436969489918
2023-11-30 15:00:00,1.1413057877840018,0.8252464066794618,2.2739201021117186,1.0,0.7888143189576452
2023-11-30 16:00:00,1.1413057877840018,0.8252464066794618,2.271974541554636,1.0,0.7881391459084125
2023-11-30 17:00:00,1.1413057877840018,0.8252464066794618,2.2742463762424094,1.0,0.788927546736088
2023-11-30 18:00:00,1.1413057877840018,0.8252464066794618,2.2789108878885833,1.0,0.7905462846056771
2023-11-30 19:00:00,1.1413057877840018,0.8252464066794618,2.2792069514516173,1.0,0.7906490283305604
2023-11-30 20:00:00,1.1413057877840018,0.8252464066794618,2.2799199208483127,1.0,0.790896451994565
2023-11-30 21:00:00,1.1413057877840018,0.8252464066794618,2.2783973082384215,1.0,0.7903680556951653
2023-11-30 22:00:00,1.1413057877840018,0.8252464066794618,2.2790438143862723,1.0,0.7905924144413391
2023-11-30 23:00:00,1.1413057877840018,0.8252464066794618,2.276324863297181,1.0,0.7896488496209827
2023-12-01 00:00:00,1.1413057877840018,0.8252464066794618,2.2781979184918884,1.0,0.7902988609416727
2023-12-01 01:00:00,1.1413057877840018,0.8252464066794618,2.2750922721367934,1.0,0.7892211002357544
2023-12-01 02:00:00,1.1413057877840018,0.8252464066794618,2.290916567475303,1.0,0.7936000522670582
2023-12-01 03:00:00,1.1413057877840018,0.8252464066794618,2.293967834808616,1.0,0.7925426405791302
2023-12-01 04:00:00,1.1413057877840018,0.8252464066794618,2.2971218180719615,1.0,0.7914496328541828
2023-12-01 05:00:00,1.1413057877840018,0.8252464066794618,2.305598903356394,1.0,0.7885119128578202
2023-12-01 06:00:00,1.1413057877840018,0.8252464066794618,2.3017500770369472,1.0,0.789845717303781
2023-12-01 07:00:00,1.1413057877840018,0.8252464066794618,2.3072725688045677,1.0,0.7879319068428576
2023-12-01 08:00:00,1.1413057877840018,0.8252464066794618,2.309496066584091,1.0,0.787161357335615
2023-12-01 09:00:00,1.1413057877840018,0.8252464066794618,2.313314682335881,1.0,0.785838022312307
2023-12-01 10:00:00,1.1413057877840018,0.8252464066794618,2.3379665055436387,1.0,0.7772949734276604
2023-12-01 11:00:00,1.1413057877840018,0.8252464066794618,2.327743249448657,1.0,0.7808378260533521
2023-12-01 12:00:00,1.1413057877840018,0.8252464066794618,2.3302265581100268,1.0,0.7799772395112957
2023-12-01 13:00:00,1.1413057877840018,0.8252464066794618,2.3168191081840424,1.0,0.7846235692845877
2023-12-01 14:00:00,1.1413057877840018,0.8252464066794618,2.317133298087671,1.0,0.7845146872889989
2023-12-01 15:00:00,1.1413057877840018,0.8252464066794618,2.3143780943173917,1.0,0.7854694986349301
2023-12-01 16:00:00,1.1413057877840018,0.8252464066794618,2.3195561856137275,1.0,0.7836750395922482
2023-12-01 17:00:00,1.1413057877840018,0.8252464066794618,2.3430418809099423,1.0,0.7755361104219979
2023-12-01 18:00:00,1.1413057877840018,0.8252464066794618,2.3428606175040025,1.0,0.7755989269579143
2023-12-01 19:00:00,1.1413057877840018,0.8252464066794618,2.3371024833086613,1.0,0.7775943989155291
2023-12-01 20:00:00,1.1413057877840018,0.8252464066794618,2.3406189933838855,1.0,0.7763757581187486
2023-12-01 21:00:00,1.1413057877840018,0.8252464066794618,2.3396945500135944,1.0,0.7766961224519229
2023-12-01 22:00:00,1.1413057877840018,0.8252464066794618,2.341247373191142,1.0,0.7761579941275714
2023-12-01 23:00:00,1.1413057877840018,0.8252464066794618,2.3366130721126246,1.0,0.7777640035625037
2023-12-02 00:00:00,1.1413057877840018,0.8252464066794618,2.3351750490921726,1.0,0.7782623480807748
2023-12-02 01:00:00,1.1413057877840018,0.8252464066794618,2.337114567535724,1.0,0.777590211146468
2023-12-02 02:00:00,1.1413057877840018,0.8252464066794618,2.3396764236730005,1.0,0.7755913723121882
2023-12-02 03:00:00,1.1413057877840018,0.8252464066794618,2.3378033684782937,1.0,0.7749702145128176
2023-12-02 04:00:00,1.1413057877840018,0.8252464066794618,2.3416703211383343,1.0,0.7762526048082925
2023-12-02 05:00:00,1.1413057877840018,0.8252464066794618,2.3438817346907945,1.0,0.7769859717585171
2023-12-02 06:00:00,1.1413057877840018,0.8252464066794618,2.3392474336122775,1.0,0.775449107138784
2023-12-02 07:00:00,1.1413057877840018,0.8252464066794618,2.341380299688831,1.0,0.7761564255361317
2023-12-02 08:00:00,1.1413057877840018,0.8252464066794618,2.3366251563396876,1.0,0.7745794862196651
2023-12-02 09:00:00,1.1413057877840018,0.8252464066794618,2.33723540980635,1.0,0.7747818634381697
2023-12-02 10:00:00,1.1413057877840018,0.8252464066794618,2.341072151898734,1.0,0.7760542350594611
2023-12-02 11:00:00,1.1413057877840018,0.8252464066794618,2.3397610132624393,1.0,0.7756194245999017
2023-12-02 12:00:00,1.1413057877840018,0.8252464066794618,2.3389755385033686,1.0,0.7753589390711334
2023-12-02 13:00:00,1.1413057877840018,0.8252464066794618,2.3414648892782695,1.0,0.7761844778238454
2023-12-02 14:00:00,1.1413057877840018,0.8252464066794618,2.343416491948884,1.0,0.7768316841760928
2023-12-02 15:00:00,1.1413057877840018,0.8252464066794618,2.341126530920516,1.0,0.7760722686729913
2023-12-02 16:00:00,1.1413057877840018,0.8252464066794618,2.3428485332769404,1.0,0.776643333101445
2023-12-02 17:00:00,1.1413057877840018,0.8252464066794618,2.3392897284069964,1.0,0.7754631332826407
2023-12-02 18:00:00,1.1413057877840018,0.8252464066794618,2.342395374762092,1.0,0.776493052988694
2023-12-02 19:00:00,1.1413057877840018,0.8252464066794618,2.347041760067672,1.0,0.7780339250781005
2023-12-02 20:00:00,1.1413057877840018,0.8252464066794618,2.380883637956557,1.0,0.7892568438983426
2023-12-02 21:00:00,1.1413057877840018,0.8252464066794618,2.390176408567717,1.0,0.7923385880771556
2023-12-02 22:00:00,1.1413057877840018,0.8252464066794618,2.3891432071538623,1.0,0.7919959494200834
2023-12-02 23:00:00,1.1413057877840018,0.8252464066794618,2.3764547687381046,1.0,0.7877881062630564
2023-12-03 00:00:00,1.1413057877840018,0.8252464066794618,2.3820135131869127,1.0,0.7896315423128016
2023-12-03 01:00:00,1.1413057877840018,0.8252464066794618,2.385070822633757,1.0,0.7906454321401614
2023-12-03 02:00:00,1.1413057877840018,0.8252464066794618,2.384243053079967,1.0,0.7892644084208604
2023-12-03 03:00:00,1.1413057877840018,0.8252464066794618,2.3768052113229206,1.0,0.7868012318087894
2023-12-03 04:00:00,1.1413057877840018,0.8252464066794618,2.3784426240899066,1.0,0.7873434908354923
2023-12-03 05:00:00,1.1413057877840018,0.8252464066794618,2.3767991692093893,1.0,0.7867992308529713
2023-12-03 06:00:00,1.1413057877840018,0.8252464066794618,2.3802794266034257,1.0,0.7879517814041922
2023-12-03 07:00:00,1.1413057877840018,0.8252464066794618,2.3802733844898945,1.0,0.7879497804483742
2023-12-03 08:00:00,1.1413057877840018,0.8252464066794618,2.3843699374641245,1.0,0.7893064284930403
2023-12-03 09:00:00,1.1413057877840018,0.8252464066794618,2.3794999939578863,1.0,0.7876936581036583
2023-12-03 10:00:00,1.1413057877840018,0.8252464066794618,2.382901703876016,1.0,0.788820196229244
2023-12-03 11:00:00,1.1413057877840018,0.8252464066794618,2.3882791849188845,1.0,0.7906010469073459
2023-12-03 12:00:00,1.1413057877840018,0.8252464066794618,2.3842007582852482,1.0,0.7892504017301338
2023-12-03 13:00:00,1.1413057877840018,0.8252464066794618,2.3794879097308237,1.0,0.7876896561920221
2023-12-03 14:00:00,1.1413057877840018,0.8252464066794618,2.395855995287151,1.0,0.793110245503233
2023-12-03 15:00:00,1.1413057877840018,0.8252464066794618,2.3875601734086582,1.0,0.7903629331649928
2023-12-03 16:00:00,1.1413057877840018,0.8252464066794618,2.40155370834718,1.0,0.7949971468396936
2023-12-03 17:00:00,1.1413057877840018,0.8252464066794618,2.395523679042929,1.0,0.7930001929332379
2023-12-03 18:00:00,1.1413057877840018,0.8252464066794618,2.3870828464396845,1.0,0.7902048576553636
2023-12-03 19:00:00,1.1413057877840018,0.8252464066794618,2.3877474789281288,1.0,0.7904249627953537
2023-12-03 20:00:00,1.1413057877840018,0.8252464066794618,2.3892700915380196,1.0,0.7909292036615128
2023-12-03 21:00:00,1.1413057877840018,0.8252464066794618,2.3893244705598016,1.0,0.7909472122638757
2023-12-03 22:00:00,1.1413057877840018,0.8252464066794618,2.3982970091538016,1.0,0.7939186316537421
2023-12-03 23:00:00,1.1413057877840018,0.8252464066794618,2.4209730612368205,1.0,0.8014282188390409
2023-12-04 00:00:00,1.1413057877840018,0.8252464066794618,2.414924905591976,1.0,0.799425262065131
2023-12-04 01:00:00,1.1413057877840018,0.8252464066794618,2.42929909368297,1.0,0.8041855359563714
2023-12-04 02:00:00,1.1413057877840018,0.8252464066794618,2.4532198211534393,1.0,0.8109703809851676
2023-12-04 03:00:00,1.1413057877840018,0.8252464066794618,2.458289154406211,1.0,0.8126468656262309
2023-12-04 04:00:00,1.1413057877840018,0.8252464066794618,2.4596848826319446,1.0,0.8131084484058324
2023-12-04 05:00:00,1.1413057877840018,0.8252464066794618,2.4714367934503487,1.0,0.8169949354461996
2023-12-04 06:00:00,1.1413057877840018,0.8252464066794618,2.5078103169088544,1.0,0.8290240624297527
2023-12-04 07:00:00,1.1413057877840018,0.8252464066794618,2.501375465998006,1.0,0.8268959859783434
2023-12-04 08:00:00,1.1413057877840018,0.8252464066794618,2.505079281592701,1.0,0.8281208788090607
2023-12-04 09:00:00,1.1413057877840018,0.8252464066794618,2.5191936588018486,1.0,0.8327886596452035
2023-12-04 10:00:00,1.1413057877840018,0.8252464066794618,2.5103721730461315,1.0,0.8298712966226143
2023-12-04 11:00:00,1.1413057877840018,0.8252464066794618,2.5364620192743423,1.0,0.8384994976716147
2023-12-04 12:00:00,1.1413057877840018,0.8252464066794618,2.5131757137246606,1.0,0.8307984585695194
2023-12-04 13:00:00,1.1413057877840018,0.8252464066794618,2.5250122141325035,1.0,0.834712920323802
2023-12-04 14:00:00,1.1413057877840018,0.8252464066794618,2.5213929881272468,1.0,0.8335160022069998
2023-12-04 15:00:00,1.1413057877840018,0.8252464066794618,2.516057801879097,1.0,0.8317515970364886
2023-12-04 16:00:00,1.1413057877840018,0.8252464066794618,2.4935388447478926,1.0,0.8243043285534816
2023-12-04 17:00:00,1.1413057877840018,0.8252464066794618,2.5153508745959337,1.0,0.8315178083559113
2023-12-04 18:00:00,1.1413057877840018,0.8252464066794618,2.5141907887979213,1.0,0.8311341551365022
2023-12-04 19:00:00,1.1413057877840018,0.8252464066794618,2.520873366363554,1.0,0.8333441575358063
2023-12-04 20:00:00,1.1413057877840018,0.8252464066794618,2.5370420621733483,1.0,0.8386913242813192
2023-12-04 21:00:00,1.1413057877840018,0.8252464066794618,2.523640654360895,1.0,0.8342593303196048
2023-12-04 22:00:00,1.1413057877840018,0.8252464066794618,2.540008739917223,1.0,0.8396724374622037
2023-12-04 23:00:00,1.1413057877840018,0.8252464066794618,2.5341781003595054,1.0,0.8377441803959031
2023-12-05 00:00:00,1.1413057877840018,0.8252464066794618,2.5365707773179054,1.0,0.8385354651609342
2023-12-05 01:00:00,1.1413057877840018,0.8252464066794618,2.5325165191383943,1.0,0.8371946770868538
2023-12-05 02:00:00,1.1413057877840018,0.8252464066794618,2.525404951512039,1.0,0.8336740346975157
2023-12-05 03:00:00,1.1413057877840018,0.8252464066794618,2.5214473671490287,1.0,0.8323670238885928
2023-12-05 04:00:00,1.1413057877840018,0.8252464066794618,2.52683693241896,1.0,0.8341469531123472
2023-12-05 05:00:00,1.1413057877840018,0.8252464066794618,2.523676907042083,1.0,0.8331033399015584
2023-12-05 06:00:00,1.1413057877840018,0.8252464066794618,2.5315497809733842,1.0,0.8357033934649577
2023-12-05 07:00:00,1.1413057877840018,0.8252464066794618,2.520154354853328,1.0,0.8319400005097997
2023-12-05 08:00:00,1.1413057877840018,0.8252464066794618,2.5088495604362406,1.0,0.8282065390998842
2023-12-05 09:00:00,1.1413057877840018,0.8252464066794618,2.5137134618289476,1.0,0.8298128653612321
2023-12-05 10:00:00,1.1413057877840018,0.8252464066794618,2.5189217636929397,1.0,0.8315329314945016
2023-12-05 11:00:00,1.1413057877840018,0.8252464066794618,2.5139068094619494,1.0,0.8298767193244161
2023-12-05 12:00:00,1.1413057877840018,0.8252464066794618,2.5207283556388025,1.0,0.8321295669630022
2023-12-05 13:00:00,1.1413057877840018,0.8252464066794618,2.5291087671067336,1.0,0.8348972371797594
2023-12-05 14:00:00,1.1413057877840018,0.8252464066794618,2.5264864898341437,1.0,0.8340312178040762
2023-12-05 15:00:00,1.1413057877840018,0.8252464066794618,2.5484616567475302,1.0,0.8412886198072097
2023-12-05 16:00:00,1.1413057877840018,0.8252464066794618,2.5531080420531103,1.0,0.8428231103599756
2023-12-05 17:00:00,1.1413057877840018,0.8252464066794618,2.5800498262892355,1.0,0.8517207610423984
2023-12-05 18:00:00,1.1413057877840018,0.8252464066794618,2.6209247243285696,1.0,0.8652198879467695
2023-12-05 19:00:00,1.1413057877840018,0.8252464066794618,2.641165804658469,1.0,0.8719045997175963
2023-12-05 20:00:00,1.1413057877840018,0.8252464066794618,2.6478000453158512,1.0,0.8740955888293479
2023-12-05 21:00:00,1.1413057877840018,0.8252464066794618,2.645594673876922,1.0,0.8733672545617802
2023-12-05 22:00:00,1.1413057877840018,0.8252464066794618,2.65221078819371,1.0,0.8755522573644833
2023-12-05 23:00:00,1.1413057877840018,0.8252464066794618,2.67595025225824,1.0,0.8833923267816709
2023-12-06 00:00:00,1.1413057877840018,0.8252464066794618,2.662766360532914,1.0,0.8790382846670607
2023-12-06 01:00:00,1.1413057877840018,0.8252464066794618,2.6672193982054924,1.0,0.8805089212566426
2023-12-06 02:00:00,1.1413057877840018,0.8252464066794618,2.6508936074438836,1.0,0.8738921083943323
2023-12-06 03:00:00,1.1413057877840018,0.8252464066794618,2.652543104437932,1.0,0.8744361179086014
2023-12-06 04:00:00,1.1413057877840018,0.8252464066794618,2.643183870577928,1.0,0.8713494119100564
2023-12-06 05:00:00,1.1413057877840018,0.8252464066794618,2.642241300867043,1.0,0.8710385493304742
2023-12-06 06:00:00,1.1413057877840018,0.8252464066794618,2.6392142019878553,1.0,0.8700402021998925
2023-12-06 07:00:00,1.1413057877840018,0.8252464066794618,2.6388516751759763,1.0,0.8699206396692839
2023-12-06 08:00:00,1.1413057877840018,0.8252464066794618,2.6395283918914836,1.0,0.8701438230597532
2023-12-06 09:00:00,1.1413057877840018,0.8252464066794618,2.6476308661369745,1.0,0.8728160456188551
2023-12-06 10:00:00,1.1413057877840018,0.8252464066794618,2.6512259236881057,1.0,0.8740017073807235
2023-12-06 11:00:00,1.1413057877840018,0.8252464066794618,2.665497395849068,1.0,0.8787084856690148
2023-12-06 12:00:00,1.1413057877840018,0.8252464066794618,2.648972215340926,1.0,0.8732584269821069
2023-12-06 13:00:00,1.1413057877840018,0.8252464066794618,2.6608449684299567,1.0,0.877174099859538
2023-12-06 14:00:00,1.1413057877840018,0.8252464066794618,2.6645366997975892,1.0,0.878391644962902
2023-12-06 15:00:00,1.1413057877840018,0.8252464066794618,2.662137980725658,1.0,0.877600539552042
2023-12-06 16:00:00,1.1413057877840018,0.8252464066794618,2.6454617473792332,1.0,0.8721006631440471
2023-12-06 17:00:00,1.1413057877840018,0.8252464066794618,2.650174595933658,1.0,0.8736549760419587
2023-12-06 18:00:00,1.1413057877840018,0.8252464066794618,2.6561019093078757,1.0,0.875609823417409
2023-12-06 19:00:00,1.1413057877840018,0.8252464066794618,2.6551230869158027,1.0,0.8752870045847657
2023-12-06 20:00:00,1.1413057877840018,0.8252464066794618,2.658361659768587,1.0,0.8763550965248692
2023-12-06 21:00:00,1.1413057877840018,0.8252464066794618,2.6430932388749584,1.0,0.8713195212774043
2023-12-06 22:00:00,1.1413057877840018,0.8252464066794618,2.64802360351651,1.0,0.872945571693681
2023-12-06 23:00:00,1.1413057877840018,0.8252464066794618,2.6442956194676897,1.0,0.8717160703372562
2023-12-07 00:00:00,1.1413057877840018,0.8252464066794618,2.6442412404459077,1.0,0.8716981359576649
2023-12-07 01:00:00,1.1413057877840018,0.8252464066794618,2.6481686142412615,1.0,0.8729933967059245
2023-12-07 02:00:00,1.1413057877840018,0.8246687341947861,2.6540596749342917,1.0,0.8737113775370022
2023-12-07 03:00:00,1.1413057877840018,0.8255533775470539,2.6569055104075403,1.0,0.8727741248804024
2023-12-07 04:00:00,1.1413057877840018,0.8247401066945446,2.6542892752484817,1.0,0.8736357605498455
2023-12-07 05:00:00,1.1413057877840018,0.8255270824155642,2.6568209208181024,1.0,0.8728019837704074
2023-12-07 06:00:00,1.1413057877840018,0.8262145122816575,2.6590323343705626,1.0,0.8720736727888458
2023-12-07 07:00:00,1.1413057877840018,0.8234929661724515,2.65027731186369,1.0,0.8749570679043727
2023-12-07 08:00:00,1.1413057877840018,0.8239512527498472,2.65175158756533,1.0,0.8744715272499982
2023-12-07 09:00:00,1.1413057877840018,0.8183823195450189,2.6338367209449864,1.0,0.8803716421689334
2023-12-07 10:00:00,1.1413057877840018,0.8141225082436527,2.620133207455968,1.0,0.884884782349758
2023-12-07 11:00:00,1.1413057877840018,0.8098777227317095,2.6064780308752,1.0,0.8893820031648654
2023-12-07 12:00:00,1.1413057877840018,0.8109351626623397,2.6098797407933296,1.0,0.8882616778025177
2023-12-07 13:00:00,1.1413057877840018,0.8151949739637057,2.6235832542823476,1.0,0.8837485376216933
2023-12-07 14:00:00,1.1413057877840018,0.8130331385104992,2.616628781607806,1.0,0.8860389363642546
2023-12-07 15:00:00,1.1413057877840018,0.8164702878409665,2.6276858493701094,1.0,0.8823973814564464
2023-12-07 16:00:00,1.1413057877840018,0.819830430000642,2.638495190477629,1.0,0.8788374132979387
2023-12-07 17:00:00,1.1413057877840018,0.820410801117098,2.640362203558805,1.0,0.8782225277971121
2023-12-07 18:00:00,1.1413057877840018,0.8154879768574506,2.624525823993233,1.0,0.8834381099902079
2023-12-07 19:00:00,1.1413057877840018,0.8132078133125394,2.6171906981662185,1.0,0.8858538737377921
2023-12-07 20:00:00,1.1413057877840018,0.8115512200286747,2.6118615540316,1.0,0.8876089838081129
2023-12-07 21:00:00,1.1413057877840018,0.8120714879874396,2.613535219479774,1.0,0.887057775770155
2023-12-07 22:00:00,1.1413057877840018,0.8145169352160014,2.621402051297544,1.0,0.8844668989996817
2023-12-07 23:00:00,1.1413057877840018,0.8100580322047831,2.6070580737742057,1.0,0.8891909707762591
2023-12-08 00:00:00,1.1413057877840018,0.8126180510776941,2.615293474517386,1.0,0.886478708842192
2023-12-08 01:00:00,1.1413057877840018,0.8150447160694776,2.6230998851998426,1.0,0.8839077312788652
2023-12-08 02:00:00,1.1413057877840018,0.8139936773152929,2.623389906649346,1.0,0.8825890142065997
2023-12-08 03:00:00,1.1413057877840018,0.8157623481219249,2.629087619709374,1.0,0.8806712973161813
2023-12-08 04:00:00,1.1413057877840018,0.8134816443034047,2.621740409655297,1.0,0.8831441962968269
2023-12-08 05:00:00,1.1413057877840018,0.8150515037574355,2.6267976586810065,1.0,0.881442044613603
2023-12-08 06:00:00,1.1413057877840018,0.8145319684303548,2.6251239932328327,1.0,0.8820053612399508
2023-12-08 07:00:00,1.1413057877840018,0.8133053398963811,2.621172450983354,1.0,0.8833353578956596
2023-12-08 08:00:00,1.1413057877840018,0.809391006944694,2.608562560043503,1.0,0.8875795521165537
2023-12-08 09:00:00,1.1413057877840018,0.810486344962799,2.61209115434579,1.0,0.8863919098429542
2023-12-08 10:00:00,1.1413057877840018,0.8089896330818952,2.607269547747802,1.0,0.8880147497990029
2023-12-08 11:00:00,1.1413057877840018,0.8133372247359492,2.621275166913386,1.0,0.8833007861171474
2023-12-08 12:00:00,1.1413057877840018,0.8188195415628687,2.638936264765415,1.0,0.8773564738470595
2023-12-08 13:00:00,1.1413057877840018,0.8203781475441106,2.6439572611099362,1.0,0.8756665239680165
2023-12-08 14:00:00,1.1413057877840018,0.8171634054841243,2.633601078517265,1.0,0.8791521726956698
2023-12-08 15:00:00,1.1413057877840018,0.8245663150003238,2.6574493006253586,1.0,0.8711254191787227
2023-12-08 16:00:00,1.1413057877840018,0.8205319450055568,2.644452714419504,1.0,0.8754997659775454
2023-12-08 17:00:00,1.1413057877840018,0.8217323154363568,2.6483196670795444,1.0,0.8741982401982583
2023-12-08 18:00:00,1.1413057877840018,0.8201849629279037,2.643334923416211,1.0,0.8758759882731205
2023-12-08 19:00:00,1.1413057877840018,0.8214153426194737,2.6472985498927524,1.0,0.8745419243493513
2023-12-08 20:00:00,1.1413057877840018,0.8240786645128113,2.655878351107217,1.0,0.871654164026558
2023-12-08 21:00:00,1.1413057877840018,0.8320573767200353,2.681581502069424,1.0,0.8630030848623591
2023-12-08 22:00:00,1.1413057877840018,0.835412787189881,2.692390843176943,1.0,0.8593649135824457
2023-12-08 23:00:00,1.1413057877840018,0.8302474431798447,2.6757508625117064,1.0,0.8649655417014405
2023-12-09 00:00:00,1.1413057877840018,0.8286156896254758,2.670494223739464,1.0,0.8667348033076588
2023-12-09 01:00:00,1.1413057877840018,0.8285781780495133,2.6703733814688375,1.0,0.8667754759882615
2023-12-09 02:00:00,1.1413057877840018,0.8268807117163735,2.666772281804175,1.0,0.8667519044050647
2023-12-09 03:00:00,1.1413057877840018,0.8268807117163735,2.6667541554635807,1.0,0.8667460104185483
2023-12-09 04:00:00,1.1413057877840018,0.8268807117163735,2.6684036524576293,1.0,0.867282363191535
2023-12-09 05:00:00,1.1413057877840018,0.8268807117163735,2.6735334068457144,1.0,0.8689503613756582
2023-12-09 06:00:00,1.1413057877840018,0.8268807117163735,2.676796148152624,1.0,0.8700112789485988
2023-12-09 07:00:00,1.1413057877840018,0.8268807117163735,2.6726633424972053,1.0,0.868667450022874
2023-12-09 08:00:00,1.1413057877840018,0.8268807117163735,2.6711648983414396,1.0,0.8681802138041902
2023-12-09 09:00:00,1.1413057877840018,0.8268807117163735,2.6494797528775567,1.0,0.8611290412684797
2023-12-09 10:00:00,1.1413057877840018,0.8268807117163735,2.649709353191746,1.0,0.8612036984310198
2023-12-09 11:00:00,1.1413057877840018,0.8268807117163735,2.649606637261714,1.0,0.8611702991740939
2023-12-09 12:00:00,1.1413057877840018,0.8268807117163735,2.6480538140841663,1.0,0.8606653809958611
2023-12-09 13:00:00,1.1413057877840018,0.8268807117163735,2.654138222410199,1.0,0.8626437958031781
2023-12-09 14:00:00,1.1413057877840018,0.8268807117163735,2.6596425878372254,1.0,0.8644336030419723
2023-12-09 15:00:00,1.1413057877840018,0.8268807117163735,2.6556306244524333,1.0,0.8631290673596898
2023-12-09 16:00:00,1.1413057877840018,0.8268807117163735,2.663147013685387,1.0,0.8655731071017974
2023-12-09 17:00:00,1.1413057877840018,0.8268807117163735,2.6609778949276452,1.0,0.864867793382009
2023-12-09 18:00:00,1.1413057877840018,0.8268807117163735,2.653135231564001,1.0,0.8623176618826075
2023-12-09 19:00:00,1.1413057877840018,0.8268807117163735,2.6574190900577017,1.0,0.8637106073626349
2023-12-09 20:00:00,1.1413057877840018,0.8268807117163735,2.655098918461678,1.0,0.862956177088544
2023-12-09 21:00:00,1.1413057877840018,0.8268807117163735,2.658917534213468,1.0,0.8641978435813188
2023-12-09 22:00:00,1.1413057877840018,0.8268807117163735,2.658573133742183,1.0,0.8640858578375085
2023-12-09 23:00:00,1.1413057877840018,0.8268807117163735,2.653697148122413,1.0,0.8625003754646139
2023-12-10 00:00:00,1.1413057877840018,0.8268807117163735,2.6417700160116007,1.0,0.8586221323368644
2023-12-10 01:00:00,1.1413057877840018,0.8268807117163735,2.6457457267152047,1.0,0.8599148800461143
2023-12-10 02:00:00,1.1413057877840018,0.8268807117163735,2.64719583396272,1.0,0.8591818548897692
2023-12-10 03:00:00,1.1413057877840018,0.8268807117163735,2.644410419624785,1.0,0.8600862914708783
2023-12-10 04:00:00,1.1413057877840018,0.8268807117163735,2.650023543095375,1.0,0.8582636849983177
2023-12-10 05:00:00,1.1413057877840018,0.8268807117163735,2.656180456783783,1.0,0.8562645073927857
2023-12-10 06:00:00,1.1413057877840018,0.8268807117163735,2.6534494214676294,1.0,0.8571512868605977
2023-12-10 07:00:00,1.1413057877840018,0.8268807117163735,2.654277191021419,1.0,0.8568825063581857
2023-12-10 08:00:00,1.1413057877840018,0.8268807117163735,2.6575761850095163,1.0,0.8558113081514923
2023-12-10 09:00:00,1.1413057877840018,0.8268807117163735,2.645727600374611,1.0,0.8596585969487921
2023-12-10 10:00:00,1.1413057877840018,0.8268807117163735,2.6351720280354067,1.0,0.8630860388299152
2023-12-10 11:00:00,1.1413057877840018,0.8268807117163735,2.6413108153832208,1.0,0.8610927469288155
2023-12-10 12:00:00,1.1413057877840018,0.8268807117163735,2.643334923416211,1.0,0.8604355099338663
2023-12-10 13:00:00,1.1413057877840018,0.8268807117163735,2.652518935983807,1.0,0.8574534196881267
2023-12-10 14:00:00,1.1413057877840018,0.8268807117163735,2.6500537536630313,1.0,0.8582538754909304
2023-12-10 15:00:00,1.1413057877840018,0.8268807117163735,2.6494797528775567,1.0,0.8584402561312892
2023-12-10 16:00:00,1.1413057877840018,0.8268807117163735,2.6545249176762034,1.0,0.8568020683976098
2023-12-10 17:00:00,1.1413057877840018,0.8268807117163735,2.649183689314522,1.0,0.8585363893036847
2023-12-10 18:00:00,1.1413057877840018,0.8268807117163735,2.648863457297362,1.0,0.8586403700819901
2023-12-10 19:00:00,1.1413057877840018,0.8268807117163735,2.649642889942902,1.0,0.8583872847913977
2023-12-10 20:00:00,1.1413057877840018,0.8268807117163735,2.646923938853811,1.0,0.8592701404562549
2023-12-10 21:00:00,1.1413057877840018,0.8268807117163735,2.657642648258361,1.0,0.8557897272352403
2023-12-10 22:00:00,1.1413057877840018,0.8268807117163735,2.6477637926346635,1.0,0.8589974361508879
2023-12-10 23:00:00,1.1413057877840018,0.8268807117163735,2.646084085072958,1.0,0.8595428447616219
2023-12-11 00:00:00,1.1413057877840018,0.8268807117163735,2.6463559801818675,1.0,0.8594545591951361
2023-12-11 01:00:00,1.1413057877840018,0.8268807117163735,2.636217313676324,1.0,0.8627466298743145
2023-12-11 02:00:00,1.1413057877840018,0.8268807117163735,2.6120186489834145,1.0,0.869401185097824
2023-12-11 03:00:00,1.1413057877840018,0.8268807117163735,2.5347098063502616,1.0,0.8436580837245847
2023-12-11 04:00:00,1.1413057877840018,0.8268807117163735,2.5558813721639826,1.0,0.8507080116035867
2023-12-11 05:00:00,1.1413057877840018,0.8268807117163735,2.5473861605389563,1.0,0.8478791878028228
2023-12-11 06:00:00,1.1413057877840018,0.8268807117163735,2.540220213890819,1.0,0.8454929964602154
2023-12-11 07:00:00,1.1413057877840018,0.8268807117163735,2.5448847255369924,1.0,0.8470462339952008
2023-12-11 08:00:00,1.1413057877840018,0.8268807117163735,2.5447276305851783,1.0,0.8469939228865097
2023-12-11 09:00:00,1.1413057877840018,0.8268807117163735,2.551875450892722,1.0,0.8493740783319604
2023-12-11 10:00:00,1.1413057877840018,0.8268807117163735,2.560322325609498,1.0,0.8521868064069732
2023-12-11 11:00:00,1.1413057877840018,0.8268807117163735,2.560020219932932,1.0,0.8520862081210285
2023-12-11 12:00:00,1.1413057877840018,0.8268807117163735,2.557929648651098,1.0,0.8513900679822914
2023-12-11 13:00:00,1.1413057877840018,0.8268807117163735,2.550159490649829,1.0,0.8488026800677948
2023-12-11 14:00:00,1.1413057877840018,0.8268807117163735,2.53820214797136,1.0,0.844820999910105
2023-12-11 15:00:00,1.1413057877840018,0.8268807117163735,2.5290362617443582,1.0,0.841768847914544
2023-12-11 16:00:00,1.1413057877840018,0.8268807117163735,2.526389816017643,1.0,0.8408876069296687
2023-12-11 17:00:00,1.1413057877840018,0.8268807117163735,2.526782553397178,1.0,0.8410183847013967
2023-12-11 18:00:00,1.1413057877840018,0.8268807117163735,2.4994903265762365,1.0,0.8319303355491559
2023-12-11 19:00:00,1.1413057877840018,0.8268807117163735,2.481285438506389,1.0,0.8258682828381304
2023-12-11 20:00:00,1.1413057877840018,0.8268807117163735,2.464440025981088,1.0,0.8202589224138561
2023-12-11 21:00:00,1.1413057877840018,0.8268807117163735,2.4694428959850154,1.0,0.8219248300290997
2023-12-11 22:00:00,1.1413057877840018,0.8268807117163735,2.4901673453974196,1.0,0.8288258724449036
2023-12-11 23:00:00,1.1413057877840018,0.8268807117163735,2.4950493731307213,1.0,0.8304515407457693
2023-12-12 00:00:00,1.1413057877840018,0.8268807117163735,2.492946717621824,1.0,0.8297513766755944
2023-12-12 01:00:00,1.1413057877840018,0.8268807117163735,2.5210062928612427,1.0,0.8390949454741348
2023-12-12 02:00:00,1.140506873732553,0.826301895218172,2.5190728165312226,1.0,0.8372772697155336
2023-12-12 03:00:00,1.1453344383485948,0.8297994855294593,2.529731104800459,1.0,0.8337332225780828
2023-12-12 04:00:00,1.1420613276452014,0.827428103436319,2.5225047370170084,1.0,0.8361361026100506
2023-12-12 05:00:00,1.1325266138570553,0.8205201642954318,2.501454013473913,1.0,0.8431357966162175
2023-12-12 06:00:00,1.137408912765796,0.824057409825668,2.512233144013776,1.0,0.8395515675384329
2023-12-12 07:00:00,1.140952958218049,0.826625085252605,2.520057681036827,1.0,0.8369497869018122
2023-12-12 08:00:00,1.1467055323807018,0.8307928487641276,2.532758203679647,1.0,0.8327266649727184
2023-12-12 09:00:00,1.1499759063694603,0.8331622480963204,2.5399785293495665,1.0,0.8303257940377674
2023-12-12 10:00:00,1.1436705158505487,0.8285939668734146,2.5260574997734206,1.0,0.8349547535642338
2023-12-12 11:00:00,1.143908610023789,0.8287664670758421,2.526583163650645,1.0,0.8347799621237811
2023-12-12 12:00:00,1.1378577339659268,0.8243825826210484,2.513224050632911,1.0,0.8392220756276949
2023-12-12 13:00:00,1.1452003393314825,0.8297023302430346,2.529435041237425,1.0,0.8338316683319009
2023-12-12 14:00:00,1.1440700761872504,0.8288834499717411,2.5269396483489923,1.0,0.8346614253997963
2023-12-12 15:00:00,1.134803560433329,0.8221698214037033,2.5064810519319654,1.0,0.841464227898327
2023-12-12 16:00:00,1.1315632903055548,0.8198222324419323,2.4993271895108906,1.0,0.8438429987660944
2023-12-12 17:00:00,1.1314346647177127,0.8197290426774025,2.499043210174919,1.0,0.843937426325879
2023-12-12 18:00:00,1.1139881089199426,0.8070889416374614,2.460524736412797,1.0,0.8567454198073124
2023-12-12 19:00:00,1.1304220803027831,0.8189954211268491,2.4968076281683333,1.0,0.8446807922220563
2023-12-12 20:00:00,1.12589829101122,0.8157179172807278,2.486820014501072,1.0,0.848001829590654
2023-12-12 21:00:00,1.128221761736288,0.8174012813251059,2.491949768889157,1.0,0.8462961062234795
2023-12-12 22:00:00,1.1248446558767666,0.8149545543159628,2.4844938007915167,1.0,0.8487753319420817
2023-12-12 23:00:00,1.128317546748511,0.8174706779582663,2.4921612428627533,1.0,0.8462257878278951
2023-12-13 00:00:00,1.1353454299310481,0.8225624080712969,2.5076773904111658,1.0,0.8410664266890212
2023-12-13 01:00:00,1.1330931137864888,0.8209305958115523,2.502704730974895,1.0,0.8427199135337616
2023-12-13 02:00:00,1.1219891973831837,0.8123167429231503,2.4799259629618438,1.0,0.8491220147308012
2023-12-13 03:00:00,1.1219891973831837,0.8118890708764654,2.4786208664390803,1.0,0.8486749652847707
2023-12-13 04:00:00,1.1219891973831837,0.8084162154603298,2.468022999305157,1.0,0.8450447582091339
2023-12-13 05:00:00,1.1219891973831837,0.8096596323368026,2.4718174466028215,1.0,0.8463445130800005
2023-12-13 06:00:00,1.1219891973831837,0.8121345863106734,2.4793700885169634,1.0,0.848931604781566
2023-12-13 07:00:00,1.1219891973831837,0.8089488255555068,2.4696483278450803,1.0,0.8456015003433108
2023-12-13 08:00:00,1.1219891973831837,0.8141125695265911,2.4854061599347452,1.0,0.8509992084694572
2023-12-13 09:00:00,1.1219891973831837,0.8169934159521767,2.494197435122806,1.0,0.8540105832100795
2023-12-13 10:00:00,1.1219891973831837,0.8161558915274187,2.49164162109906,1.0,0.8531351113782697
2023-12-13 11:00:00,1.1219891973831837,0.8146194401004397,2.486952940998761,1.0,0.8515290448499379
2023-12-13 12:00:00,1.1219891973831837,0.8119148103977937,2.4786994139149874,1.0,0.8487018710384671
2023-12-13 13:00:00,1.1219891973831837,0.8159004762773152,2.4908621884535207,1.0,0.8528681235146681
2023-12-13 14:00:00,1.1219891973831837,0.8208781037095644,2.5060520618712423,1.0,0.8580712823448567
2023-12-13 15:00:00,1.1219891973831837,0.8203157941667009,2.504336101628349,1.0,0.857483495110261
2023-12-13 16:00:00,1.1219891973831837,0.8302235299149008,2.534570837739041,1.0,0.8678401406099682
2023-12-13 17:00:00,1.1219891973831837,0.8289147742535179,2.530577000694843,1.0,0.8664720865181804
2023-12-13 18:00:00,1.1219891973831837,0.8337498443368719,2.5453318419383097,1.0,0.8715262288663588
2023-12-13 19:00:00,1.1219891973831837,0.8339716002129308,2.546008558653817,1.0,0.8717580322828191
2023-12-13 20:00:00,1.1219891973831837,0.8457999002448543,2.582104144889882,1.0,0.884122260942941
2023-12-13 21:00:00,1.1219891973831837,0.8484411711257693,2.590164324340654,1.0,0.8868832052068518
2023-12-13 22:00:00,1.1219891973831837,0.8508270267565808,2.5974450711458865,1.0,0.889377161607161
2023-12-13 23:00:00,1.1219891973831837,0.8505755714328357,2.59667772272741,1.0,0.889114313090282
2023-12-14 00:00:00,1.1219891973831837,0.8483401930036355,2.5898561765505574,1.0,0.8867776518654279
2023-12-14 01:00:00,1.1219891973831837,0.8467146432335971,2.584895601341349,1.0,0.8850784500358397
2023-12-14 02:00:00,1.1219891973831837,0.8472117407091938,2.5882248058971027,1.0,0.8849781518592531
2023-12-14 03:00:00,1.1219891973831837,0.8472117407091938,2.583814063019244,1.0,0.8834693612704945
2023-12-14 04:00:00,1.1219891973831837,0.8472117407091938,2.5809017642971512,1.0,0.8824731461146293
2023-12-14 05:00:00,1.1219891973831837,0.8472117407091938,2.580098163197486,1.0,0.882198256870376
2023-12-14 06:00:00,1.1219891973831837,0.8472117407091938,2.586400087610646,1.0,0.8843539672595202
2023-12-14 07:00:00,1.1219891973831837,0.8472117407091938,2.5920494637624243,1.0,0.886286459314985
2023-12-14 08:00:00,1.1219891973831837,0.8472117407091938,2.5919830005135793,1.0,0.8862637241143323
2023-12-14 09:00:00,1.1219891973831837,0.8472117407091938,2.583330693936739,1.0,0.883304014356658
2023-12-14 10:00:00,1.1219891973831837,0.8472117407091938,2.591239820549228,1.0,0.8860095032343087
2023-12-14 11:00:00,1.1219891973831837,0.8472117407091938,2.5954511736805532,1.0,0.8874500882211096
2023-12-14 12:00:00,1.1219891973831837,0.8472117407091938,2.6137164828857133,1.0,0.8936981347277086
2023-12-14 13:00:00,1.1219891973831837,0.8472117407091938,2.6034630162230745,1.0,0.8901907133179505
2023-12-14 14:00:00,1.1219891973831837,0.8472117407091938,2.5711135403764236,1.0,0.8791248711094389
2023-12-14 15:00:00,1.1219891973831837,0.8472117407091938,2.577161696021268,1.0,0.8811937743688188
2023-12-14 16:00:00,1.1219891973831837,0.8472117407091938,2.5644249206972596,1.0,0.8768368831892255
2023-12-14 17:00:00,1.1219891973831837,0.8472117407091938,2.5731195220688194,1.0,0.8798110608018607
2023-12-14 18:00:00,1.1219891973831837,0.8472117407091938,2.6104839521464607,1.0,0.8925923772414267
2023-12-14 19:00:00,1.1219891973831837,0.8472117407091938,2.5893909338086463,1.0,0.8853770512888839
2023-12-14 20:00:00,1.1219891973831837,0.8472117407091938,2.6037530376725777,1.0,0.8902899214662525
2023-12-14 21:00:00,1.1219891973831837,0.8472117407091938,2.5930584967221533,1.0,0.8866316209976187
2023-12-14 22:00:00,1.1219891973831837,0.8472117407091938,2.596544796229721,1.0,0.8878241856136648
2023-12-14 23:00:00,1.1219891973831837,0.8472117407091938,2.6020854143379353,1.0,0.8897194746135164
2023-12-15 00:00:00,1.1219891973831837,0.8472117407091938,2.599360421135313,1.0,0.8887873313867629
2023-12-15 01:00:00,1.1219891973831837,0.8472117407091938,2.591493589317543,1.0,0.8860963103640728
2023-12-15 02:00:00,1.1219891973831837,0.8472117407091938,2.5971308812422587,1.0,0.8867814357032396
2023-12-15 03:00:00,1.1219891973831837,0.8472117407091938,2.59129419957101,1.0,0.8847876621169042
2023-12-15 04:00:00,1.1219891973831837,0.8472117407091938,2.5861402767287998,1.0,0.883027114633318
2023-12-15 05:00:00,1.1219891973831837,0.8472117407091938,2.586998256850246,1.0,0.8833201952226136
2023-12-15 06:00:00,1.1219891973831837,0.8472117407091938,2.573820407238452,1.0,0.8788187250447691
2023-12-15 07:00:00,1.1219891973831837,0.8472117407091938,2.572273626174436,1.0,0.8782903544049121
2023-12-15 08:00:00,1.1219891973831837,0.8472117407091938,2.5807809220265248,1.0,0.8811963929241259
2023-12-15 09:00:00,1.1219891973831837,0.8472117407091938,2.590327461406,1.0,0.8844574304669935
2023-12-15 10:00:00,1.1219891973831837,0.8472117407091938,2.5889377752937976,1.0,0.8839827224702469
2023-12-15 11:00:00,1.1219891973831837,0.8472117407091938,2.589372807468052,1.0,0.8841313267127067
2023-12-15 12:00:00,1.1219891973831837,0.8472117407091938,2.585324591402072,1.0,0.8827484816787058
2023-12-15 13:00:00,1.1219891973831837,0.8472117407091938,2.575119461647684,1.0,0.8792624738243365
2023-12-15 14:00:00,1.1219891973831837,0.8472117407091938,2.555802824688076,1.0,0.8726640326695595
2023-12-15 15:00:00,1.1219891973831837,0.8472117407091938,2.5492410893930697,1.0,0.870422585345791
2023-12-15 16:00:00,1.1219891973831837,0.8472117407091938,2.5327823721337723,1.0,0.8648003915060622
2023-12-15 17:00:00,1.1219891973831837,0.8472117407091938,2.526027289205764,1.0,0.8624928978523115
2023-12-15 18:00:00,1.1219891973831837,0.8472117407091938,2.529398788556237,1.0,0.863644580731375
2023-12-15 19:00:00,1.1219891973831837,0.8472117407091938,2.5452653786894652,1.0,0.8690645076855334
2023-12-15 20:00:00,1.1219891973831837,0.8472117407091938,2.5445342829521764,1.0,0.8688147700002885
2023-12-15 21:00:00,1.1219891973831837,0.8472117407091938,2.55122290263134,1.0,0.8710995602281077
2023-12-15 22:00:00,1.1219891973831837,0.8472117407091938,2.552389030542884,1.0,0.8714979021558125
2023-12-15 23:00:00,1.1219891973831837,0.8472117407091938,2.541930132020181,1.0,0.8679252084933418
2023-12-16 00:00:00,1.1219891973831837,0.8472117407091938,2.5350542068215463,1.0,0.8655764358833522
2023-12-16 01:00:00,1.1219891973831837,0.8472117407091938,2.533011972447962,1.0,0.8648788215229158
2023-12-16 02:00:00,1.1219891973831837,0.8466186924906973,2.5427156067792516,1.0,0.8669780416704238
2023-12-16 03:00:00,1.1219891973831837,0.8482066560002508,2.547482834355457,1.0,0.8653518910716147
2023-12-16 04:00:00,1.1219891973831837,0.851845487464475,2.5584069756200716,1.0,0.8616255535777653
2023-12-16 05:00:00,1.1219891973831837,0.8510062215791977,2.5558874142775143,1.0,0.8624850019931055
2023-12-16 06:00:00,1.1219891973831837,0.8505835696945256,2.5546185704359385,1.0,0.862917817741838
2023-12-16 07:00:00,1.1219891973831837,0.8493780055091991,2.5509993444306818,1.0,0.8641523731394131
2023-12-16 08:00:00,1.1219891973831837,0.8496014072196686,2.5516700190326573,1.0,0.8639235991007974
2023-12-16 09:00:00,1.1219891973831837,0.8487078003777905,2.548987320624754,1.0,0.8648386952552604
2023-12-16 10:00:00,1.1219891973831837,0.8493800181372213,2.551005386544213,1.0,0.8641503121120382
2023-12-16 11:00:00,1.1219891973831837,0.8503460795879003,2.5539056010392436,1.0,0.8631610189720782
2023-12-16 12:00:00,1.1219891973831837,0.8517549192034738,2.5581350805111627,1.0,0.8617182998096365
2023-12-16 13:00:00,1.1219891973831837,0.8536065369839418,2.563693824959971,1.0,0.8598221546247132
2023-12-16 14:00:00,1.1219891973831837,0.8531033799783799,2.5621832965771425,1.0,0.8603374114684424
2023-12-16 15:00:00,1.1219891973831837,0.8524130485667488,2.560110851635902,1.0,0.8610443438580389
2023-12-16 16:00:00,1.1219891973831837,0.8574224797141238,2.575149672215341,1.0,0.8559144467218713
2023-12-16 17:00:00,1.1219891973831837,0.8571185728827644,2.5742373130721123,1.0,0.8562256618554837
2023-12-16 18:00:00,1.1219891973831837,0.8553152581748303,2.568823579348056,1.0,0.858072342383409
2023-12-16 19:00:00,1.1219891973831837,0.8544377523571303,2.5661892178484034,1.0,0.8589709503188726
2023-12-16 20:00:00,1.1219891973831837,0.8521151796194563,2.559216618833268,1.0,0.8613493759095264
2023-12-16 21:00:00,1.1219891973831837,0.8519501441216318,2.5587211655237,1.0,0.8615183801542697
2023-12-16 22:00:00,1.1219891973831837,0.8510404362555758,2.5559901302075465,1.0,0.8624499645277319
2023-12-16 23:00:00,1.1219891973831837,0.8513785577633135,2.557005205280807,1.0,0.8621037119287459
2023-12-17 00:00:00,1.1219891973831837,0.8504950140615467,2.5543527174405605,1.0,0.8630085029463344
2023-12-17 01:00:00,1.1219891973831837,0.8479570901254921,2.5467336122775746,1.0,0.8656074584661042
2023-12-17 02:00:00,1.1219891973831837,0.8447022620500289,2.538739896075647,1.0,0.867120427760264
2023-12-17 03:00:00,1.1219891973831837,0.8447022620500289,2.5303896951753724,1.0,0.8642671600853862
2023-12-17 04:00:00,1.1219891973831837,0.8447022620500289,2.5337914050935013,1.0,0.865429526005036
2023-12-17 05:00:00,1.1219891973831837,0.8447022620500289,2.538196105857829,1.0,0.8669346143805686
2023-12-17 06:00:00,1.1219891973831837,0.8447022620500289,2.5320935711912025,1.0,0.864849375341765
2023-12-17 07:00:00,1.1219891973831837,0.8447022620500289,2.5379967161112953,1.0,0.8668664828080136
2023-12-17 08:00:00,1.1219891973831837,0.8447022620500289,2.530619295489562,1.0,0.8643456146234797
2023-12-17 09:00:00,1.1219891973831837,0.8447022620500289,2.5320694027370774,1.0,0.864841116969334
2023-12-17 10:00:00,1.1219891973831837,0.8447022620500289,2.5372172834657563,1.0,0.866600150297117
2023-12-17 11:00:00,1.1219891973831837,0.8447022620500289,2.534993785686233,1.0,0.8658403800334736
2023-12-17 12:00:00,1.1219891973831837,0.8447022620500289,2.535767176218241,1.0,0.8661046479512626
2023-12-17 13:00:00,1.1219891973831837,0.8447022620500289,2.5354106915198935,1.0,0.8659828369579068
2023-12-17 14:00:00,1.1219891973831837,0.8447022620500289,2.5295921361892386,1.0,0.8639946337951662
2023-12-17 15:00:00,1.1219891973831837,0.8447022620500289,2.5156227697048426,1.0,0.8592212945301028
2023-12-17 16:00:00,1.1219891973831837,0.8447022620500289,2.526625458445364,1.0,0.8629809185792725
2023-12-17 17:00:00,1.1219891973831837,0.8447022620500289,2.545621863387813,1.0,0.8694719993099644
2023-12-17 18:00:00,1.1219891973831837,0.8447022620500289,2.5443046826379865,1.0,0.86902191801248
2023-12-17 19:00:00,1.1219891973831837,0.8447022620500289,2.5492169209389446,1.0,0.8707004322090617
2023-12-17 20:00:00,1.1219891973831837,0.8447022620500289,2.545235168121809,1.0,0.8693398653510699
2023-12-17 21:00:00,1.1219891973831837,0.8447022620500289,2.5461716957191625,1.0,0.8696598772827675
2023-12-17 22:00:00,1.1219891973831837,0.8447022620500289,2.5351810912057036,1.0,0.865904382419813
2023-12-17 23:00:00,1.1219891973831837,0.8447022620500289,2.521344651218996,1.0,0.8611764642031196
2023-12-18 00:00:00,1.1219891973831837,0.8447022620500289,2.500529570103622,1.0,0.8540639409470021
2023-12-18 01:00:00,1.1219891973831837,0.8447022620500289,2.5001670432917433,1.0,0.8539400653605385
2023-12-18 02:00:00,1.1219891973831837,0.8441109704665938,2.4766571795414034,1.0,0.8447224537566552
2023-12-18 03:00:00,1.1219891973831837,0.8424278082698574,2.4717207727863206,1.0,0.8464068352546372
2023-12-18 04:00:00,1.1219891973831837,0.8462844540866145,2.483031609316939,1.0,0.842547395641146
2023-12-18 05:00:00,1.1219891973831837,0.8483260865676007,2.4890193438264703,1.0,0.8405042841790894
2023-12-18 06:00:00,1.1219891973831837,0.8447434438991495,2.4785121083955164,1.0,0.8440895221533744
2023-12-18 07:00:00,1.1219891973831837,0.8488596716458807,2.4905842512310805,1.0,0.839970312565898
2023-12-18 08:00:00,1.1219891973831837,0.8473763463317433,2.486233929488535,1.0,0.8414547124172408
2023-12-18 09:00:00,1.1219891973831837,0.8485856684975747,2.4897806501314155,1.0,0.8402445142051045
2023-12-18 10:00:00,1.1219891973831837,0.8457240867457182,2.481388154436422,1.0,0.8431081689183199
2023-12-18 11:00:00,1.1219891973831837,0.8409053396488192,2.4672556508866803,1.0,0.8479304067687239
2023-12-18 12:00:00,1.1219891973831837,0.8469066266489331,2.4848563276033953,1.0,0.8419247723701662
2023-12-18 13:00:00,1.1219891973831837,0.8428666253419563,2.4730077429684902,1.0,0.845967700298615
2023-12-18 14:00:00,1.1219891973831837,0.8519355114986683,2.4996051267333312,1.0,0.8368922445408218
2023-12-18 15:00:00,1.1219891973831837,0.8570859466172007,2.5147104105616145,1.0,0.8317380783903259
2023-12-18 16:00:00,1.1219891973831837,0.850013369112432,2.493967834808616,1.0,0.838815779348187
2023-12-18 17:00:00,1.1219891973831837,0.8546714226336326,2.507629053502915,1.0,0.8341543514816785
2023-12-18 18:00:00,1.1219891973831837,0.8523805090929095,2.500910223256095,1.0,0.836446924585419
2023-12-18 19:00:00,1.1219891973831837,0.8576978183092823,2.5165049182804142,1.0,0.831125763451647
2023-12-18 20:00:00,1.1219891973831837,0.8588041317727431,2.5197495332467295,1.0,0.8300186485625206
2023-12-18 21:00:00,1.1219891973831837,0.8645664385833572,2.536649324793813,1.0,0.8242521674733457
2023-12-18 22:00:00,1.1219891973831837,0.8779287274548777,2.5758384731579107,1.0,0.8108801988124992
2023-12-18 23:00:00,1.1219891973831837,0.8755986706072536,2.569004842753995,1.0,0.8132119435789835
2023-12-19 00:00:00,1.1219891973831837,0.8785220575805327,2.577578601854929,1.0,0.810286438871962
2023-12-19 01:00:00,1.1219891973831837,0.8798076061861183,2.581348880698468,1.0,0.8089999590007984
2023-12-19 02:00:00,1.1219891973831837,0.8917887076103023,2.618320573396574,1.0,0.7952020341811228
2023-12-19 03:00:00,1.1219891973831837,0.8917887076103023,2.6033905108606987,1.0,0.7906657076121415
2023-12-19 04:00:00,1.1219891973831837,0.8917887076103023,2.6034569741095432,1.0,0.7906859017004696
2023-12-19 05:00:00,1.1219891973831837,0.8917887076103023,2.5942064982931026,1.0,0.7878752517704372
2023-12-19 06:00:00,1.1219891973831837,0.8917887076103023,2.5965568804567836,1.0,0.788589388166768
2023-12-19 07:00:00,1.1219891973831837,0.8917887076103023,2.593553950031721,1.0,0.7876769825395792
2023-12-19 08:00:00,1.1219891973831837,0.8917887076103023,2.601160970967644,1.0,0.7899882877400435
2023-12-19 09:00:00,1.1219891973831837,0.8917887076103023,2.6042303646415514,1.0,0.7909208874555606
2023-12-19 10:00:00,1.1219891973831837,0.8917887076103023,2.6010945077187997,1.0,0.7899680936517154
2023-12-19 11:00:00,1.1219891973831837,0.8917887076103023,2.6067740944382343,1.0,0.7916937702906642
2023-12-19 12:00:00,1.1219891973831837,0.8917887076103023,2.5976505030059514,1.0,0.7889216727110763
2023-12-19 13:00:00,1.1219891973831837,0.8917887076103023,2.5954813842482096,1.0,0.7882626111010947
2023-12-19 14:00:00,1.1219891973831837,0.8917887076103023,2.5910041781215067,1.0,0.7869022638782639
2023-12-19 15:00:00,1.1219891973831837,0.8917887076103023,2.5603464940636234,1.0,0.7775872816803638
2023-12-19 16:00:00,1.1219891973831837,0.8917887076103023,2.567977683453672,1.0,0.7799059301856748
2023-12-19 17:00:00,1.1219891973831837,0.8917887076103023,2.5589749342920154,1.0,0.7771705491303198
2023-12-19 18:00:00,1.1219891973831837,0.8917887076103023,2.529845904957554,1.0,0.7683200309639667
2023-12-19 19:00:00,1.1219891973831837,0.8917887076103023,2.5520083773904108,1.0,0.77505384150829
2023-12-19 20:00:00,1.1219891973831837,0.8917887076103023,2.5599295882299624,1.0,0.7774606096717601
2023-12-19 21:00:00,1.1219891973831837,0.8917887076103023,2.5524675780187907,1.0,0.7751933643003753
2023-12-19 22:00:00,1.1219891973831837,0.8917887076103023,2.5701709706655387,1.0,0.7805723351005028
2023-12-19 23:00:00,1.1219891973831837,0.8917887076103023,2.558370722938884,1.0,0.7769869665091551
2023-12-20 00:00:00,1.1219891973831837,0.8917887076103023,2.555005265701942,1.0,0.7759644113092673
2023-12-20 01:00:00,1.1219891973831837,0.8917887076103023,2.5637482039817527,1.0,0.7786208518375215
2023-12-20 02:00:00,1.1219891973831837,0.8917887076103023,2.556872278783118,1.0,0.7754445281059416
2023-12-20 03:00:00,1.1219891973831837,0.8917887076103023,2.5642859520860397,1.0,0.7731951608105389
2023-12-20 04:00:00,1.1219891973831837,0.8917887076103023,2.564279909972508,1.0,0.7731969940357186
2023-12-20 05:00:00,1.1219891973831837,0.8917887076103023,2.5877958158363796,1.0,0.7660620816366093
2023-12-20 06:00:00,1.1219891973831837,0.8917887076103023,2.5816993232832846,1.0,0.7679118058428531
2023-12-20 07:00:00,1.1219891973831837,0.8917887076103023,2.5914633787498866,1.0,0.7649493139525756
2023-12-20 08:00:00,1.1219891973831837,0.8917887076103023,2.5943877616990423,1.0,0.7640620329656359
2023-12-20 09:00:00,1.1219891973831837,0.8917887076103023,2.585807960484577,1.0,0.7666652127207066
2023-12-20 10:00:00,1.1219891973831837,0.8917887076103023,2.586267161112957,1.0,0.766525887607055
2023-12-20 11:00:00,1.1219891973831837,0.8917887076103023,2.591118978278602,1.0,0.7650538077878143
2023-12-20 12:00:00,1.1219891973831837,0.8917887076103023,2.59083499894263,1.0,0.7651399693712568
2023-12-20 13:00:00,1.1219891973831837,0.8917887076103023,2.597946566568986,1.0,0.7629822633348354
2023-12-20 14:00:00,1.1219891973831837,0.8917887076103023,2.646760801788466,1.0,0.7481716371086269
2023-12-20 15:00:00,1.1219891973831837,0.8917887076103023,2.6514796924564212,1.0,0.746739888243338
2023-12-20 16:00:00,1.1219891973831837,0.8917887076103023,2.6625971813540374,1.0,0.7433667539128239
2023-12-20 17:00:00,1.1219891973831837,0.8917887076103023,2.6412624784749705,1.0,0.7498398720220877
2023-12-20 18:00:00,1.1219891973831837,0.8917887076103023,2.659854061810821,1.0,0.7441990381443747
2023-12-20 19:00:00,1.1219891973831837,0.8917887076103023,2.6684640735929426,1.0,0.7415866922634059
2023-12-20 20:00:00,1.1219891973831837,0.8917887076103023,2.643334923416211,1.0,0.7492110757854756
2023-12-20 21:00:00,1.1219891973831837,0.8917887076103023,2.6265076372315033,1.0,0.7543166079107375
2023-12-20 22:00:00,1.1219891973831837,0.8917887076103023,2.6276073018942028,1.0,0.7539829609280453
2023-12-20 23:00:00,1.1219891973831837,0.8917887076103023,2.636114597746291,1.0,0.7514017798751301
2023-12-21 00:00:00,1.1219891973831837,0.8917887076103023,2.6402413612881785,1.0,0.7501496870774447
2023-12-21 01:00:00,1.1219891973831837,0.8917887076103023,2.6350088909700613,1.0,0.7517372600830019
2023-12-21 02:00:00,1.1219891973831837,0.8917887076103023,2.6272024802876044,1.0,0.7530201751317152
2023-12-21 03:00:00,1.1219891973831837,0.8917887076103023,2.6227917374097456,1.0,0.7517554002807626
2023-12-21 04:00:00,1.1219891973831837,0.8917887076103023,2.6384106008881902,1.0,0.7562340893077658
2023-12-21 05:00:00,1.1219891973831837,0.8917887076103023,2.637745968399746,1.0,0.7560435067959784
2023-12-21 06:00:00,1.1219891973831837,0.8917887076103023,2.6301208211232288,1.0,0.7538570056152907
2023-12-21 07:00:00,1.1219891973831837,0.8917887076103023,2.648694278118486,1.0,0.7591829205356032
2023-12-21 08:00:00,1.1219891973831837,0.8917887076103023,2.645437578925108,1.0,0.758249066227845
2023-12-21 09:00:00,1.1219891973831837,0.8917887076103023,2.640301782423492,1.0,0.7567763831822154
2023-12-21 10:00:00,1.1219891973831837,0.8917887076103023,2.6454436210386394,1.0,0.758250798796134
2023-12-21 11:00:00,1.1219891973831837,0.8917887076103023,2.6602528413038877,1.0,0.7624973236724144
2023-12-21 12:00:00,1.1219891973831837,0.8917887076103023,2.656005235491375,1.0,0.7612793281652642
2023-12-21 13:00:00,1.1219891973831837,0.8917887076103023,2.662766360532914,1.0,0.7632180720806284
2023-12-21 14:00:00,1.1219891973831837,0.8917887076103023,2.668645336998882,1.0,0.7649038610258022
2023-12-21 15:00:00,1.1219891973831837,0.8917887076103023,2.630489390048639,1.0,0.7539626922809182
2023-12-21 16:00:00,1.1219891973831837,0.8917887076103023,2.6492320262227724,1.0,0.7593371191133219
2023-12-21 17:00:00,1.1219891973831837,0.8917887076103023,2.640501172170025,1.0,0.7568335579357515
2023-12-21 18:00:00,1.1219891973831837,0.8917887076103023,2.626501595117972,1.0,0.752819197210194
2023-12-21 19:00:00,1.1219891973831837,0.8917887076103023,2.6348095012235278,1.0,0.7552014786075361
2023-12-21 20:00:00,1.1219891973831837,0.8917887076103023,2.6350511857647803,1.0,0.7552707813390951
2023-12-21 21:00:00,1.1219891973831837,0.8917887076103023,2.6478060874293825,1.0,0.7589282329971236
2023-12-21 22:00:00,1.1219891973831837,0.8917887076103023,2.660119914806199,1.0,0.762459207170057
2023-12-21 23:00:00,1.1219891973831837,0.8917887076103023,2.6566577837527565,1.0,0.7614664455404736
2023-12-22 00:00:00,1.1219891973831837,0.8917887076103023,2.651570324159391,1.0,0.7600076230411558
2023-12-22 01:00:00,1.1219891973831837,0.8917887076103023,2.6497818585541224,1.0,0.7594947828276188
2023-12-22 02:00:00,1.1219891973831837,0.8917887076103023,2.6674429564061506,1.0,0.7634887028784485
2023-12-22 03:00:00,1.1219891973831837,0.8917887076103023,2.658295196519742,1.0,0.7608692391477933
2023-12-22 04:00:00,1.1219891973831837,0.8917887076103023,2.6605126521857345,1.0,0.7615042082291344
2023-12-22 05:00:00,1.1219891973831837,0.8917887076103023,2.6663614180840454,1.0,0.7631790040622085
2023-12-22 06:00:00,1.1219891973831837,0.8917887076103023,2.668252599619347,1.0,0.7637205444503823
2023-12-22 07:00:00,1.1219891973831837,0.8917887076103023,2.6521805776260536,1.0,0.7591183162313976
2023-12-22 08:00:00,1.1219891973831837,0.8917887076103023,2.634507395546962,1.0,0.754057595351499
2023-12-22 09:00:00,1.1219891973831837,0.8917887076103023,2.6359816712486026,1.0,0.7544797546317367
2023-12-22 10:00:00,1.1219891973831837,0.8917887076103023,2.6446762726201625,1.0,0.7569694562885484
2023-12-22 11:00:00,1.1219891973831837,0.8917887076103023,2.6417881423521945,1.0,0.7561424393379188
2023-12-22 12:00:00,1.1219891973831837,0.8917887076103023,2.644730651641944,1.0,0.7569850277374095
2023-12-22 13:00:00,1.1219891973831837,0.8917887076103023,2.6334681520195766,1.0,0.7537600076621511
2023-12-22 14:00:00,1.1219891973831837,0.8917887076103023,2.6417760581251324,1.0,0.7561389790159496
2023-12-22 15:00:00,1.1219891973831837,0.8917887076103023,2.63762512612912,1.0,0.7549503584195426
2023-12-22 16:00:00,1.1219891973831837,0.8917887076103023,2.6396975710703603,1.0,0.7555438036372538
2023-12-22 17:00:00,1.1219891973831837,0.8917887076103023,2.632882067007039,1.0,0.7535921820466467
2023-12-22 18:00:00,1.1219891973831837,0.8917887076103023,2.640483045829431,1.0,0.7557687245652494
2023-12-22 19:00:00,1.1219891973831837,0.8917887076103023,2.6568269629316332,1.0,0.7604488100285403
2023-12-22 20:00:00,1.1219891973831837,0.8917887076103023,2.6376795051509014,1.0,0.7549659298684038
2023-12-22 21:00:00,1.1219891973831837,0.8917887076103023,2.638035989849249,1.0,0.7550680093664941
2023-12-22 22:00:00,1.1219891973831837,0.8917887076103023,2.641697510649225,1.0,0.75611648692315
2023-12-22 23:00:00,1.1219891973831837,0.8917887076103023,2.647365013141597,1.0,0.7577393779266868
2023-12-23 00:00:00,1.1219891973831837,0.8917887076103023,2.6577816168695807,1.0,0.7607221754641039
2023-12-23 01:00:00,1.1219891973831837,0.8917887076103023,2.6483498776472008,1.0,0.7580213941671734
2023-12-23 02:00:00,1.1219891973831837,0.8917887076103023,2.6370994622518955,1.0,0.7537431103881591
2023-12-23 03:00:00,1.1219891973831837,0.8917887076103023,2.628386734539742,1.0,0.7512517311870975
2023-12-23 04:00:00,1.1219891973831837,0.8917887076103023,2.6302295791667922,1.0,0.7517786872594441
2023-12-23 05:00:00,1.1219891973831837,0.8917887076103023,2.6294984834295034,1.0,0.7515696325553328
2023-12-23 06:00:00,1.1219891973831837,0.8917887076103023,2.63560101809613,1.0,0.7533146346309724
2023-12-23 07:00:00,1.1219891973831837,0.8917887076103023,2.636875904051237,1.0,0.7536791845695465
2023-12-23 08:00:00,1.1219891973831837,0.8917887076103023,2.6325799613304732,1.0,0.7524507722172894
2023-12-23 09:00:00,1.1219891973831837,0.8917887076103023,2.636446913990514,1.0,0.7535565161068035
2023-12-23 10:00:00,1.1219891973831837,0.8917887076103023,2.6370390411165827,1.0,0.7537258331398855
2023-12-23 11:00:00,1.1219891973831837,0.8917887076103023,2.634138826621552,1.0,0.7528965252227499
2023-12-23 12:00:00,1.1219891973831837,0.8917887076103023,2.632634340352255,1.0,0.7524663217407357
2023-12-23 13:00:00,1.1219891973831837,0.8917887076103023,2.641963363644603,1.0,0.7551339288741886
2023-12-23 14:00:00,1.1219891973831837,0.8917887076103023,2.6421748376181986,1.0,0.7551943992431464
2023-12-23 15:00:00,1.1219891973831837,0.8917887076103023,2.6468393492643725,1.0,0.7565282028098728
2023-12-23 16:00:00,1.1219891973831837,0.8917887076103023,2.6446581462795686,1.0,0.7559044941471937
2023-12-23 17:00:00,1.1219891973831837,0.8917887076103023,2.64682726503731,1.0,0.7565247473602181
2023-12-23 18:00:00,1.1219891973831837,0.8917887076103023,2.64443458807891,1.0,0.7558405683285813
2023-12-23 19:00:00,1.1219891973831837,0.8917887076103023,2.646730591220809,1.0,0.7564971037629803
2023-12-23 20:00:00,1.1219891973831837,0.8917887076103023,2.641467910335035,1.0,0.7549922554383445
2023-12-23 21:00:00,1.1219891973831837,0.8917887076103023,2.641969405758134,1.0,0.7551356565990159
2023-12-23 22:00:00,1.1219891973831837,0.8917887076103023,2.645866568985831,1.0,0.7562500391126669
2023-12-23 23:00:00,1.1219891973831837,0.8917887076103023,2.6437820398175282,1.0,0.7556539740472257
2023-12-24 00:00:00,1.1219891973831837,0.8917887076103023,2.6412262257937824,1.0,0.7549231464452499
2023-12-24 01:00:00,1.1219891973831837,0.8917887076103023,2.6426884172683605,1.0,0.7553412558534724
2023-12-24 02:00:00,1.1219891973831837,0.8917887076103023,2.646349938068336,1.0,0.7553293148350396
2023-12-24 03:00:00,1.1219891973831837,0.8917887076103023,2.6512380079151687,1.0,0.7539335388516514
2023-12-24 04:00:00,1.1219891973831837,0.8917887076103023,2.649842279689435,1.0,0.754332085516871
2023-12-24 05:00:00,1.1219891973831837,0.8917887076103023,2.6474556448445665,1.0,0.7550135830612942
2023-12-24 06:00:00,1.1219891973831837,0.8917887076103023,2.629311177910033,1.0,0.7601946897091493
2023-12-24 07:00:00,1.1219891973831837,0.8917887076103023,2.6329968671641337,1.0,0.7591422504633313
2023-12-24 08:00:00,1.1219891973831837,0.8917887076103023,2.6384166430017215,1.0,0.757594647178907
2023-12-24 09:00:00,1.1219891973831837,0.8917887076103023,2.6372807256578352,1.0,0.7579190055038476
2023-12-24 10:00:00,1.1219891973831837,0.8917887076103023,2.641117467750219,1.0,0.7568234335020534
2023-12-24 11:00:00,1.1219891973831837,0.8917887076103023,2.6345859430228695,1.0,0.7586884938704621
2023-12-24 12:00:00,1.1219891973831837,0.8917887076103023,2.6376855472644327,1.0,0.7578034097178316
2023-12-24 13:00:00,1.1219891973831837,0.8917887076103023,2.6383501797528774,1.0,0.7576136255915366
2023-12-24 14:00:00,1.1219891973831837,0.8917887076103023,2.6451958943838556,1.0,0.7556588490906974
2023-12-24 15:00:00,1.1219891973831837,0.8917887076103023,2.6434497235733057,1.0,0.7561574637497817
2023-12-24 16:00:00,1.1219891973831837,0.8917887076103023,2.6401326032446146,1.0,0.757104659071018
2023-12-24 17:00:00,1.1219891973831837,0.8917887076103023,2.6391175281713544,1.0,0.7573945111911776
2023-12-24 18:00:00,1.1219891973831837,0.8917887076103023,2.637190093954865,1.0,0.7579448851574333
2023-12-24 19:00:00,1.1219891973831837,0.8917887076103023,2.6392202441013866,1.0,0.7573651809171139
2023-12-24 20:00:00,1.1219891973831837,0.8917887076103023,2.636404619195795,1.0,0.7581691754885093
2023-12-24 21:00:00,1.1219891973831837,0.8917887076103023,2.628948651098154,1.0,0.760298208323492
2023-12-24 22:00:00,1.1219891973831837,0.8917887076103023,2.628634461194526,1.0,0.7603879244559224
2023-12-24 23:00:00,1.1219891973831837,0.8917887076103023,2.597064417993414,1.0,0.7694026704549377
2023-12-25 00:00:00,1.1219891973831837,0.8917887076103023,2.5979163560013294,1.0,0.7691594017112322
2023-12-25 01:00:00,1.1219891973831837,0.8917887076103023,2.5942004561795717,1.0,0.7702204675082456
2023-12-25 02:00:00,1.1219891973831837,0.8917887076103023,2.6018135192290264,1.0,0.7669891093348202
2023-12-25 03:00:00,1.1219891973831837,0.8917887076103023,2.6026171203286905,1.0,0.7667521134319503
2023-12-25 04:00:00,1.1219891973831837,0.8917887076103023,2.6084417177728767,1.0,0.765034338617163
2023-12-25 05:00:00,1.1219891973831837,0.8917887076103023,2.6054871242560647,1.0,0.7659056994931287
2023-12-25 06:00:00,1.1219891973831837,0.8917887076103023,2.613559387933899,1.0,0.763525048919938
2023-12-25 07:00:00,1.1219891973831837,0.8917887076103023,2.613686272318057,1.0,0.7634876285142217
2023-12-25 08:00:00,1.1219891973831837,0.8917887076103023,2.6115050693332527,1.0,0.764130903107726
2023-12-25 09:00:00,1.1219891973831837,0.8917887076103023,2.606127588290384,1.0,0.7657168155404653
2023-12-25 10:00:00,1.1219891973831837,0.8917887076103023,2.608459844113471,1.0,0.7650289928449178
2023-12-25 11:00:00,1.1219891973831837,0.8917887076103023,2.609777024863297,1.0,0.7646405333951007
2023-12-25 12:00:00,1.1219891973831837,0.8917887076103023,2.6095172139814506,1.0,0.7647171561306151
2023-12-25 13:00:00,1.1219891973831837,0.8917887076103023,2.6397036131838916,1.0,0.7558146634182944
2023-12-25 14:00:00,1.1219891973831837,0.8917887076103023,2.6405495090782756,1.0,0.7555651940468522
2023-12-25 15:00:00,1.1219891973831837,0.8917887076103023,2.641105383523156,1.0,0.7554012570313332
2023-12-25 16:00:00,1.1219891973831837,0.8917887076103023,2.6373471889066793,1.0,0.7565096138101689
2023-12-25 17:00:00,1.1219891973831837,0.8917887076103023,2.630435011026857,1.0,0.7585481349596674
2023-12-25 18:00:00,1.1219891973831837,0.8917887076103023,2.6337279629014225,1.0,0.7575769863351249
2023-12-25 19:00:00,1.1219891973831837,0.8917887076103023,2.6272568593093863,1.0,0.7594854270266572
2023-12-25 20:00:00,1.1219891973831837,0.8917887076103023,2.628567997945681,1.0,0.7590987495009219
2023-12-25 21:00:00,1.1219891973831837,0.8917887076103023,2.624411023836138,1.0,0.7603247132691517
2023-12-25 22:00:00,1.1219891973831837,0.8917887076103023,2.630706906135766,1.0,0.7584679483759896
2023-12-25 23:00:00,1.1219891973831837,0.8917887076103023,2.6407126461436206,1.0,0.7555170820966456
2023-12-26 00:00:00,1.1219891973831837,0.8917887076103023,2.6343805111628047,1.0,0.7573845385342981
2023-12-26 01:00:00,1.1219891973831837,0.8917887076103023,2.627081638016978,1.0,0.7595371028250274
2023-12-26 02:00:00,1.1219891973831837,0.8917887076103023,2.630592105978671,1.0,0.7574280243392529
2023-12-26 03:00:00,1.1219891973831837,0.8917887076103023,2.6250575299839882,1.0,0.7558337583749044
2023-12-26 04:00:00,1.1219891973831837,0.8917887076103023,2.6268943324975074,1.0,0.7563628597429851
2023-12-26 05:00:00,1.1219891973831837,0.8917887076103023,2.6264653424367843,1.0,0.7562392867260979
2023-12-26 06:00:00,1.1219891973831837,0.8917887076103023,2.5849016434548804,1.0,0.7442666278082442
2023-12-26 07:00:00,1.1219891973831837,0.8917887076103023,2.5799289840186095,1.0,0.7428342250913677
2023-12-26 08:00:00,1.1219891973831837,0.8917887076103023,2.585246043926165,1.0,0.7443658343147592
2023-12-26 09:00:00,1.1219891973831837,0.8917887076103023,2.5814938914232197,1.0,0.7432850055332523
2023-12-26 10:00:00,1.1219891973831837,0.8917887076103023,2.564116772907163,1.0,0.738279428116804
2023-12-26 11:00:00,1.1219891973831837,0.8917887076103023,2.5789380773994743,1.0,0.7425487888270084
2023-12-26 12:00:00,1.1219891973831837,0.8917887076103023,2.5804909005770216,1.0,0.7429960883388397
2023-12-26 13:00:00,1.1219891973831837,0.8917887076103023,2.585324591402072,1.0,0.7443884603601049
2023-12-26 14:00:00,1.1219891973831837,0.8917887076103023,2.58273856681067,1.0,0.743643541328728
2023-12-26 15:00:00,1.1219891973831837,0.8917887076103023,2.5752463460318418,1.0,0.741485364695767
2023-12-26 16:00:00,1.1219891973831837,0.8917887076103023,2.5625518655025528,1.0,0.7378286476749194
2023-12-26 17:00:00,1.1219891973831837,0.8917887076103023,2.559186408265611,1.0,0.7368592086551137
2023-12-26 18:00:00,1.1219891973831837,0.8917887076103023,2.539954360895441,1.0,0.7313193084755049
2023-12-26 19:00:00,1.1219891973831837,0.8917887076103023,2.548884604694722,1.0,0.7338917157847923
2023-12-26 20:00:00,1.1219891973831837,0.8917887076103023,2.5460025165402853,1.0,0.7330615139671128
2023-12-26 21:00:00,1.1219891973831837,0.8917887076103023,2.5471807286788914,1.0,0.7334009046472962
2023-12-26 22:00:00,1.1219891973831837,0.8917887076103023,2.5588238814537325,1.0,0.7367547807535187
2023-12-26 23:00:00,1.1219891973831837,0.8917887076103023,2.5668901030180358,1.0,0.7390783015640049
2023-12-27 00:00:00,1.1219891973831837,0.8917887076103023,2.5695305066312195,1.0,0.739838884780621
2023-12-27 01:00:00,1.1219891973831837,0.8917887076103023,2.5608963263949724,1.0,0.737351760257636
2023-12-27 02:00:00,1.1219891973831837,0.891164455514975,2.566781344974472,1.0,0.7380122984243404
2023-12-27 03:00:00,1.1219891973831837,0.8863648038672847,2.5529630313283587,1.0,0.7419871000697912
2023-12-27 04:00:00,1.1219891973831837,0.8865809665781337,2.5535853690220836,1.0,0.7418080862659078
2023-12-27 05:00:00,1.1219891973831837,0.8878590548393683,2.5572650161626536,1.0,0.7407496454254707
2023-12-27 06:00:00,1.1219891973831837,0.8910112528169947,2.5663402706866862,1.0,0.7381391722853451
2023-12-27 07:00:00,1.1219891973831837,0.8904383166998894,2.5646907736926376,1.0,0.738613645765541
2023-12-27 08:00:00,1.1219891973831837,0.8912253168607481,2.56695656626688,1.0,0.7379618964795576
2023-12-27 09:00:00,1.1219891973831837,0.8966314832990737,2.582521050723543,1.0,0.7334848133843755
2023-12-27 10:00:00,1.1219891973831837,0.8970826967246327,2.583820105132775,1.0,0.7331111437937451
2023-12-27 11:00:00,1.1219891973831837,0.9067995253773686,2.6117950907827554,1.0,0.7250642126094698
2023-12-27 12:00:00,1.1219891973831837,0.9030471086103942,2.600991791788768,1.0,0.7281717532050387
2023-12-27 13:00:00,1.1219891973831837,0.9007133908000611,2.594272961541947,1.0,0.7301044070877416
2023-12-27 14:00:00,1.1219891973831837,0.9006042601110886,2.5939587716383192,1.0,0.7301947829887313
2023-12-27 15:00:00,1.1219891973831837,0.9005454974324112,2.593789592459442,1.0,0.7302434469354181
2023-12-27 16:00:00,1.1219891973831837,0.9020124657322519,2.5980130298178303,1.0,0.7290285862663449
2023-12-27 17:00:00,1.1219891973831837,0.904318900870342,2.6046533125887437,1.0,0.7271185263588895
2023-12-27 18:00:00,1.1219891973831837,0.9028981032466048,2.600562801728044,1.0,0.7282951510698517
2023-12-27 19:00:00,1.1219891973831837,0.9063671999556702,2.610550415395305,1.0,0.7254222402172368
2023-12-27 20:00:00,1.1219891973831837,0.9056599491444453,2.608514223135253,1.0,0.7260079455755738
2023-12-27 21:00:00,1.1219891973831837,0.9117712677269002,2.6261088577384366,1.0,0.7209468951201506
2023-12-27 22:00:00,1.1219891973831837,0.9099475260208035,2.6208582610797255,1.0,0.7224572154655362
2023-12-27 23:00:00,1.1219891973831837,0.9092528672121523,2.618858321500861,1.0,0.7230324928352976
2023-12-28 00:00:00,1.1219891973831837,0.9113263503026281,2.6248279296697987,1.0,0.7213153507164932
2023-12-28 01:00:00,1.1219891973831837,0.9143946015964293,2.6336614996525785,1.0,0.718774397500206
2023-12-28 02:00:00,1.1219891973831837,0.9108473719311274,2.625287130298178,1.0,0.7201500538896339
2023-12-28 03:00:00,1.1219891973831837,0.9108473719311274,2.6210153560315397,1.0,0.7189777429654161
2023-12-28 04:00:00,1.1219891973831837,0.9108473719311274,2.6242841394519805,1.0,0.7198748012539619
2023-12-28 05:00:00,1.1219891973831837,0.9108473719311274,2.618550173710764,1.0,0.7183012184150896
2023-12-28 06:00:00,1.1219891973831837,0.9108473719311274,2.6130820609649255,1.0,0.7168005941061546
2023-12-28 07:00:00,1.1219891973831837,0.9108473719311274,2.6017108032989937,1.0,0.7136799588029327
2023-12-28 08:00:00,1.1219891973831837,0.9108473719311274,2.6026835835775355,1.0,0.7139469206965665
2023-12-28 09:00:00,1.1219891973831837,0.9108473719311274,2.5955236790429295,1.0,0.7119820148334858
2023-12-28 10:00:00,1.1219891973831837,0.9108473719311274,2.602544614966315,1.0,0.7139087832831902
2023-12-28 11:00:00,1.1219891973831837,0.9108473719311274,2.606000703906226,1.0,0.7148572441723734
2023-12-28 12:00:00,1.1219891973831837,0.9108473719311274,2.6041759856197695,1.0,0.7143564833532592
2023-12-28 13:00:00,1.1219891973831837,0.9108473719311274,2.586980130509652,1.0,0.7096373929850502
2023-12-28 14:00:00,1.1219891973831837,0.9108473719311274,2.5875722576357205,1.0,0.7097998915290011
2023-12-28 15:00:00,1.1219891973831837,0.9108473719311274,2.579820225975046,1.0,0.7076724871219695
2023-12-28 16:00:00,1.1219891973831837,0.9108473719311274,2.5663463128002175,1.0,0.7039748161728809
2023-12-28 17:00:00,1.1219891973831837,0.9108473719311274,2.5676151566417933,1.0,0.7043230273384902
2023-12-28 18:00:00,1.1219891973831837,0.9108473719311274,2.5726542793269087,1.0,0.7057059231104812
2023-12-28 19:00:00,1.1219891973831837,0.9108473719311274,2.568775242439805,1.0,0.7046413918327614
2023-12-28 20:00:00,1.1219891973831837,0.9108473719311274,2.576623947916981,1.0,0.7067953266143158
2023-12-28 21:00:00,1.1219891973831837,0.9108473719311274,2.5704791184556357,1.0,0.7051089896837225
2023-12-28 22:00:00,1.1219891973831837,0.9108473719311274,2.56686593456391,1.0,0.7041174169359399
2023-12-28 23:00:00,1.1219891973831837,0.9108473719311274,2.5777115283526175,1.0,0.7070937933276951
2023-12-29 00:00:00,1.1219891973831837,0.9108473719311274,2.573246406452977,1.0,0.7058684216544321
2023-12-29 01:00:00,1.1219891973831837,0.9108473719311274,2.564140941361288,1.0,0.7033695920040839
2023-12-29 02:00:00,1.1219891973831837,0.9102097787707756,2.5596335246669284,1.0,0.7011496188048126
2023-12-29 03:00:00,1.1219891973831837,0.9154997043452267,2.5745031660674904,1.0,0.697074701805963
2023-12-29 04:00:00,1.1219891973831837,0.9180210707405256,2.5815905652397206,1.0,0.6951324516476328
2023-12-29 05:00:00,1.1219891973831837,0.9173439774630157,2.579687299477357,1.0,0.6956540277771077
2023-12-29 06:00:00,1.1219891973831837,0.9177265889023706,2.580762795685931,1.0,0.6953592958690235
2023-12-29 07:00:00,1.1219891973831837,0.9144034580864009,2.5714216881665206,1.0,0.6979191583965414
2023-12-29 08:00:00,1.1219891973831837,0.9089136287823992,2.5559901302075465,1.0,0.7021480645383789
2023-12-29 09:00:00,1.1219891973831837,0.9132900158078289,2.5682918733573,1.0,0.6987768613650112
2023-12-29 10:00:00,1.1219891973831837,0.917262296369221,2.579457699163167,1.0,0.695716948072092
2023-12-29 11:00:00,1.1219891973831837,0.9177631304443314,2.580865511615963,1.0,0.6953311473160042
2023-12-29 12:00:00,1.1219891973831837,0.9216881219514212,2.5918984109241414,1.0,0.6923076615622864
2023-12-29 13:00:00,1.1219891973831837,0.9207638358900584,2.5893003021056766,1.0,0.6930196543739504
2023-12-29 14:00:00,1.1219891973831837,0.920746639870312,2.589251965197426,1.0,0.693032900751842
2023-12-29 15:00:00,1.1219891973831837,0.9250692893340345,2.6014026555088967,1.0,0.689703092509385
2023-12-29 16:00:00,1.1219891973831837,0.9086363429639903,2.555210697562007,1.0,0.7023616623818781
2023-12-29 17:00:00,1.1219891973831837,0.902200732573943,2.537120609649255,1.0,0.7073191193077439
2023-12-29 18:00:00,1.1219891973831837,0.8988475087234172,2.5276949125404062,1.0,0.7099021629965719
2023-12-29 19:00:00,1.1219891973831837,0.9041073412633125,2.54247996435153,1.0,0.7058504271590321
2023-12-29 20:00:00,1.1219891973831837,0.9054400327936496,2.5462260747409444,1.0,0.7048238328724467
2023-12-29 21:00:00,1.1219891973831837,0.9037247298239576,2.541404468142956,1.0,0.7061451590671164
2023-12-29 22:00:00,1.1219891973831837,0.9015967223803547,2.535422775746956,1.0,0.7077843983311802
2023-12-29 23:00:00,1.1219891973831837,0.8977426644547185,2.5245892661853118,1.0,0.7107532427760959
2023-12-30 00:00:00,1.1219891973831837,0.9041976203669804,2.542733733119845,1.0,0.7057808836751022
2023-12-30 01:00:00,1.1219891973831837,0.9049778897629681,2.544927020331712,1.0,0.7051798292782787
2023-12-30 02:00:00,1.1219891973831837,0.9051834131872816,2.549071910214193,1.0,0.7030623414895389
2023-12-30 03:00:00,1.1219891973831837,0.8996025471633232,2.5333624150327783,1.0,0.7073970394934801
2023-12-30 04:00:00,1.1219891973831837,0.9012059729017451,2.5378758738406693,1.0,0.7061516474131171
2023-12-30 05:00:00,1.1219891973831837,0.9014506724120264,2.538564674783239,1.0,0.7059615875775596
2023-12-30 06:00:00,1.1219891973831837,0.9040715329563545,2.5459420954049725,1.0,0.7039259467072473
2023-12-30 07:00:00,1.1219891973831837,0.9028544748657451,2.542516217032718,1.0,0.7048712443104144
2023-12-30 08:00:00,1.1219891973831837,0.9006135425084326,2.536208250506027,1.0,0.7066117922781507
2023-12-30 09:00:00,1.1219891973831837,0.8925921208424588,2.5136288722395093,1.0,0.7128420870630462
2023-12-30 10:00:00,1.1219891973831837,0.8949897467458284,2.520377913053986,1.0,0.7109798341128915
2023-12-30 11:00:00,1.1219891973831837,0.8974388883355732,2.5272719645932145,1.0,0.7090775685657773
2023-12-30 12:00:00,1.1219891973831837,0.8994651719996566,2.532975719766774,1.0,0.7075037397520386
2023-12-30 13:00:00,1.1219891973831837,0.9013927172648545,2.5384015377178937,1.0,0.706006601749139
2023-12-30 14:00:00,1.1219891973831837,0.9023543434105211,2.541108404579922,1.0,0.7052596999392292
2023-12-30 15:00:00,1.1219891973831837,0.9067868389257033,2.5535853690220836,1.0,0.7018169494091759
2023-12-30 16:00:00,1.1219891973831837,0.9096996216928233,2.561784517084076,1.0,0.6995545704894266
2023-12-30 17:00:00,1.1219891973831837,0.9103349818247816,2.5635729826893447,1.0,0.6990610817935933
2023-12-30 18:00:00,1.1219891973831837,0.9120972475961929,2.5685335578985526,1.0,0.6976923175392719
2023-12-30 19:00:00,1.1219891973831837,0.9104809429361774,2.563983846409474,1.0,0.6989477127688748
2023-12-30 20:00:00,1.1219891973831837,0.9093690627052503,2.5608540316002535,1.0,0.6998113179865831
2023-12-30 21:00:00,1.1219891973831837,0.9076304082900941,2.55595991963989,1.0,0.7011617431339647
2023-12-30 22:00:00,1.1219891973831837,0.908100488928266,2.5572831425032474,1.0,0.7007966281867096
2023-12-30 23:00:00,1.1219891973831837,0.9044815119604223,2.5470961390894535,1.0,0.7036075131231115
2023-12-31 00:00:00,1.1219891973831837,0.9046317660456826,2.5475190870366453,1.0,0.7034908097153131
2023-12-31 01:00:00,1.1219891973831837,0.9093712091921826,2.5608600737137848,1.0,0.6998096507950431
2023-12-31 02:00:00,1.1219891973831837,0.9048067390744553,2.5480116159632638,1.0,0.7023696500797431
