open_timestamp,logistic,hist_gradient_boosting,buy_and_hold,cash,24h_momentum
2021-01-01 02:00:00,0.9993,0.9993,0.9993,1.0,0.9993
2021-01-01 03:00:00,0.9922672442105513,0.9922672442105513,0.9922672442105513,1.0,1.0063327557894488
2021-01-01 04:00:00,0.994492851429765,0.994492851429765,0.994492851429765,1.0,1.004107148570235
2021-01-01 05:00:00,0.992283546537199,0.992283546537199,0.992283546537199,1.0,1.006316453462801
2021-01-01 06:00:00,0.9914935629583967,0.9914935629583967,0.9914935629583967,1.0,1.0071064370416034
2021-01-01 07:00:00,0.990957284338049,0.990957284338049,0.990957284338049,1.0,1.007642715661951
2021-01-01 08:00:00,0.9878907487692592,0.9878907487692592,0.9878907487692592,1.0,1.0107092512307407
2021-01-01 09:00:00,0.9851118813394398,0.9851118813394398,0.9851118813394398,1.0,1.0134881186605602
2021-01-01 10:00:00,0.9920437664827559,0.9920437664827559,0.9920437664827559,1.0,1.006556233517244
2021-01-01 11:00:00,0.9930388876718748,0.9930388876718748,0.9930388876718748,1.0,1.0055611123281252
2021-01-01 12:00:00,0.9958476427005483,0.9958476427005483,0.9958476427005483,1.0,1.002752357299452
2021-01-01 13:00:00,0.992994395905399,0.992994395905399,0.992994395905399,1.0,1.005605604094601
2021-01-01 14:00:00,1.0009995175530209,1.0009995175530209,1.0009995175530209,1.0,0.9976004824469793
2021-01-01 15:00:00,0.9962745598796344,0.9962745598796344,0.9962745598796344,1.0,1.0023254401203656
2021-01-01 16:00:00,0.9913933715758745,0.9913933715758745,0.9913933715758745,1.0,1.0072066284241257
2021-01-01 17:00:00,0.9952434377191686,0.9952434377191686,0.9952434377191686,1.0,1.0033565622808316
2021-01-01 18:00:00,0.9875945898351596,0.9875945898351596,0.9875945898351596,1.0,1.0110054101648405
2021-01-01 19:00:00,0.9871741256603714,0.9871741256603714,0.9871741256603714,1.0,1.0114258743396285
2021-01-01 20:00:00,0.9858787699554912,0.9858787699554912,0.9858787699554912,1.0,1.012721230044509
2021-01-01 21:00:00,0.9915047708079671,0.9915047708079671,0.9915047708079671,1.0,1.007095229192033
2021-01-01 22:00:00,0.9902702091962102,0.9902702091962102,0.9902702091962102,1.0,1.0083297908037898
2021-01-01 23:00:00,0.9935938460415062,0.9935938460415062,0.9935938460415062,1.0,1.0050061539584938
2021-01-02 00:00:00,0.9956829212750457,0.9956829212750457,0.9956829212750457,1.0,1.0029170787249544
2021-01-02 01:00:00,0.9915645460056751,0.9915645460056751,0.9915645460056751,1.0,1.007035453994325
2021-01-02 02:00:00,0.9964397567896642,0.9964397567896642,0.9971382435601563,1.0,1.000062735380583
2021-01-02 03:00:00,0.9964397567896642,0.9964397567896642,0.9960181378667387,1.0,0.9989393462507772
2021-01-02 04:00:00,0.9964397567896642,0.9964397567896642,0.9966179276346512,1.0,0.9995408942202245
2021-01-02 05:00:00,0.9964397567896642,0.9964397567896642,0.9965598505959689,1.0,0.9994826469366597
2021-01-02 06:00:00,0.9964397567896642,0.9964397567896642,1.0055828487636553,1.0,1.0085320947873424
2021-01-02 07:00:00,0.9964397567896642,0.9964397567896642,1.0091303029685519,1.0,1.0120899478682466
2021-01-02 08:00:00,0.9964397567896642,0.9964397567896642,1.0106817410545228,1.0,1.0136459337824226
2021-01-02 09:00:00,0.9964397567896642,0.9964397567896642,1.013780541644803,1.0,1.0167538180821039
2021-01-02 10:00:00,0.9964397567896642,0.9964397567896642,1.0060399931734008,1.0,1.008990579253297
2021-01-02 11:00:00,0.9964397567896642,0.9964397567896642,1.0082863179327293,1.0,1.0112434888059156
2021-01-02 12:00:00,0.9964397567896642,0.9964397567896642,1.0105536998639775,1.0,1.0135175172566686
2021-01-02 13:00:00,0.9964397567896642,0.9964397567896642,1.0406148505704966,1.0,1.0436667881081676
2021-01-02 14:00:00,0.9964397567896642,0.9964397567896642,1.0729002499690086,1.0,1.0760468277319826
2021-01-02 15:00:00,0.9964397567896642,0.9964397567896642,1.0636337357970225,1.0,1.0667531500431948
2021-01-02 16:00:00,0.9964397567896642,0.9964397567896642,1.0766389168802102,1.0,1.0797964540330447
2021-01-02 17:00:00,0.9964397567896642,0.9964397567896642,1.1046480122199525,1.0,1.1078876541985865
2021-01-02 18:00:00,0.9964397567896642,0.9964397567896642,1.1168312843346526,1.0,1.1201066399064077
2021-01-02 19:00:00,0.9964397567896642,0.9964397567896642,1.123481275079686,1.0,1.126776124188275
2021-01-02 20:00:00,0.9964397567896642,0.9964397567896642,1.1240046476914378,1.0,1.127301030995137
2021-01-02 21:00:00,0.9964397567896642,0.9964397567896642,1.0482443394416114,1.0,1.0513186417806837
2021-01-02 22:00:00,0.9964397567896642,0.9964397567896642,1.0768009212512715,1.0,1.0799589332977255
2021-01-02 23:00:00,0.9964397567896642,0.9964397567896642,1.0919342352255919,1.0,1.0951366085087286
2021-01-03 00:00:00,0.9964397567896642,0.9964397567896642,1.0928604111582634,1.0,1.0960654993992625
2021-01-03 01:00:00,0.9964397567896642,0.9964397567896642,1.1022862126468695,1.0,1.105518931333617
2021-01-03 02:00:00,0.9964397567896642,0.9957422489599115,1.1068742987027762,1.0,1.108566352010097
2021-01-03 03:00:00,0.9964397567896642,0.9910073999008008,1.1121372331555361,1.0,1.113837690405409
2021-01-03 04:00:00,0.9964397567896642,0.99603374650782,1.1065502899606536,1.0,1.108241825885347
2021-01-03 05:00:00,0.9964397567896642,0.9760044427730655,1.1288134944206984,1.0,1.1305405806059905
2021-01-03 06:00:00,0.9964397567896642,0.9587905042442121,1.147947331427999,1.0,1.1497049708471294
2021-01-03 07:00:00,0.9964397567896642,0.9527894436143122,1.1546177000813418,1.0,1.1563859908577079
2021-01-03 08:00:00,0.9964397567896642,0.9387575338736348,1.1702146114697056,1.0,1.1720078076573925
2021-01-03 09:00:00,0.9964397567896642,0.9404258531729858,1.168360221813532,1.0,1.1701504568805208
2021-01-03 10:00:00,0.9964397567896642,0.9461082220392919,1.162044089132971,1.0,1.1638242384927036
2021-01-03 11:00:00,0.9964397567896642,0.9549692586109366,1.1521947667833303,1.0,1.1539591885789164
2021-01-03 12:00:00,0.9964397567896642,0.9391220585850132,1.1698094307261497,1.0,1.1716019799143873
2021-01-03 13:00:00,0.9964397567896642,0.9484347024688264,1.1594581325684825,1.0,1.161234152629132
2021-01-03 14:00:00,0.9964397567896642,0.9552130898931496,1.1519237406028124,1.0,1.1536877296192196
2021-01-03 15:00:00,0.9964397567896642,0.9562431090063569,1.150778841787618,1.0,1.1525410026102756
2021-01-03 16:00:00,0.9964397567896642,0.9673936540963235,1.138384658321913,1.0,1.140127027903247
2021-01-03 17:00:00,0.9964397567896642,0.9917257549690746,1.1113387587816048,1.0,1.1130379410141222
2021-01-03 18:00:00,0.9964397567896642,0.9844688715698827,1.1194050141541556,1.0,1.1211170767193792
2021-01-03 19:00:00,0.9964397567896642,0.9890182499669594,1.1143482362071278,1.0,1.1160522240239865
2021-01-03 20:00:00,0.9964397567896642,0.9892434425170731,1.1140979275667249,1.0,1.1158015156865226
2021-01-03 21:00:00,0.9964397567896642,0.9600524380732084,1.146544652072688,1.0,1.1483000516697521
2021-01-03 22:00:00,0.9964397567896642,0.9647600929166336,1.1413119448505875,1.0,1.1430589887724516
2021-01-03 23:00:00,0.9964397567896642,0.9774408473566276,1.1272168853046411,1.0,1.128941421997552
2021-01-04 00:00:00,0.9964397567896642,0.9822093072441134,1.121916591353314,1.0,1.1236326644473948
2021-01-04 01:00:00,0.9964397567896642,0.986686880689661,1.1169396268804987,1.0,1.1186477526737175
2021-01-04 02:00:00,0.9957422489599115,0.9757447361493967,1.1283118582444773,1.0,1.1284561005290632
2021-01-04 03:00:00,1.0035600594066927,0.9757447361493967,1.1371697953548559,1.0,1.137315879152161
2021-01-04 04:00:00,1.0053342866232298,0.9757447361493967,1.139180076009598,1.0,1.139326577732358
2021-01-04 05:00:00,0.9982086016440922,0.9757447361493967,1.1311063487373338,1.0,1.1312511719799603
2021-01-04 06:00:00,0.9861583045783714,0.9757447361493967,1.1174528105380956,1.0,1.1175947952909087
2021-01-04 07:00:00,0.9964514602446429,0.9757447361493967,1.1291154270954857,1.0,1.1292598364372817
2021-01-04 08:00:00,0.9641229960563132,0.9757447361493967,1.0924857972771718,1.0,1.0926225915356398
2021-01-04 09:00:00,0.9624608757799663,0.9757447361493967,1.0906025389175595,1.0,1.0907389416577562
2021-01-04 10:00:00,0.933925462985125,0.9757447361493967,1.0582706099617405,1.0,1.0584002910851922
2021-01-04 11:00:00,0.9069319702446622,0.9757447361493967,1.0276857470116647,1.0,1.0278090697230577
2021-01-04 12:00:00,0.9212570789924743,0.9757447361493967,1.0439167509802625,1.0,1.0440434480213532
2021-01-04 13:00:00,0.9354398059312214,0.9757447361493967,1.059986429841409,1.0,1.0601164676736623
2021-01-04 14:00:00,0.9412459862292989,0.9757447361493967,1.0665650979073587,1.0,1.0666965034057816
2021-01-04 15:00:00,0.9617180923634132,0.9757447361493967,1.089760931304373,1.0,1.0898971590793263
2021-01-04 16:00:00,0.9511629541684622,0.9757447361493967,1.077801476549273,1.0,1.077935218024338
2021-01-04 17:00:00,0.938753555192721,0.9757447361493967,1.063741059447453,1.0,1.063871877844988
2021-01-04 18:00:00,0.9304489488345261,0.9757447361493967,1.0543315602854946,1.0,1.054460422503823
2021-01-04 19:00:00,0.9344011681029903,0.9757447361493967,1.0588096056365295,1.0,1.0589393988139932
2021-01-04 20:00:00,0.9492484434010993,0.9757447361493967,1.0756322482097158,1.0,1.075765538715043
2021-01-04 21:00:00,0.9368483367118444,0.9757447361493967,1.061582359693856,1.0,1.0617127293104838
2021-01-04 22:00:00,0.9299756417260767,0.9757447361493967,1.0537952816651468,1.0,1.0539240323943229
2021-01-04 23:00:00,0.9395194194499016,0.9757447361493967,1.064608818709637,1.0,1.0647398175091887
2021-01-05 00:00:00,0.9593920232300585,0.9757447361493967,1.0871253884963312,1.0,1.0872610683575272
2021-01-05 01:00:00,0.9734938173510214,0.9757447361493967,1.1031033667700845,1.0,1.1032423683584336
2021-01-05 02:00:00,0.9822252770869029,0.9757447361493967,1.1145567701354961,1.0,1.1131375686633027
2021-01-05 03:00:00,0.9678838290366992,0.9757447361493967,1.098284331086669,1.0,1.1293904639879486
2021-01-05 04:00:00,0.9337857731292242,0.9757447361493967,1.0595951740018645,1.0,1.1680331541471372
2021-01-05 05:00:00,0.9239917302964753,0.9757447361493967,1.0484824213370285,1.0,1.1791325600375697
2021-01-05 06:00:00,0.9110918504089404,0.9757447361493967,1.033845649061852,1.0,1.1937517530771202
2021-01-05 07:00:00,0.9312558449500556,0.9757447361493967,1.056724605984652,1.0,1.170900274519568
2021-01-05 08:00:00,0.9225696185147397,0.9757447361493967,1.0468688306307132,1.0,1.1807442127693988
2021-01-05 09:00:00,0.9339201718221308,0.9757447361493967,1.0597476686823815,1.0,1.1678808426176503
2021-01-05 10:00:00,0.9453015560100773,0.9757447361493967,1.072661488809981,1.0,1.154982532404572
2021-01-05 11:00:00,0.938691475084784,0.9757447361493967,1.0651613996566323,1.0,1.1624736137089249
2021-01-05 12:00:00,0.9516709764696758,0.9757447361493967,1.0798885139919814,1.0,1.1477641871129303
2021-01-05 13:00:00,0.9457301950484788,0.9757447361493967,1.0731478415549702,1.0,1.1544967637849173
2021-01-05 14:00:00,0.9421600988117368,0.9757447361493967,1.0690970530148267,1.0,1.158542687197362
2021-01-05 15:00:00,0.9692008763613965,0.9757447361493967,1.099778711029373,1.0,1.1278978788437584
2021-01-05 16:00:00,0.9610573332896433,0.9757447361493967,1.0905386881381893,1.0,1.1371268041694038
2021-01-05 17:00:00,0.9726793779432844,0.9757447361493967,1.1037255722371377,1.0,1.1239557579436144
2021-01-05 18:00:00,0.9809249921827017,0.9757447361493967,1.113081409573881,1.0,1.1146111572692943
2021-01-05 19:00:00,0.9994148399767642,0.9757447361493967,1.134060805810421,1.0,1.0936569579643456
2021-01-05 20:00:00,1.009457325827581,0.9757447361493967,1.14545545287354,1.0,1.0822759962398951
2021-01-05 21:00:00,1.0175395064671608,0.9757447361493967,1.1546258512446657,1.0,1.0731166118130133
2021-01-05 22:00:00,1.0093354989500465,0.9757447361493967,1.1453172227288397,1.0,1.0824140603657328
2021-01-05 23:00:00,1.0248488197902932,0.9757447361493967,1.1629193202948682,1.0,1.064833103486654
2021-01-06 00:00:00,1.0170156808266562,0.9757447361493967,1.1540314955856357,1.0,1.0737102536317253
2021-01-06 01:00:00,1.015913851007972,0.9757447361493967,1.1527813109108416,1.0,1.0749589367943992
2021-01-06 02:00:00,1.012247827300074,0.9750617148340921,1.149426767571276,1.0,1.0767510756888587
2021-01-06 03:00:00,1.012247827300074,0.973591352301282,1.1511599086730075,1.0,1.078374782593529
2021-01-06 04:00:00,1.012247827300074,0.9658825380346151,1.160246417988259,1.0,1.0868875504805664
2021-01-06 05:00:00,1.012247827300074,0.9287638798797659,1.2039988060243891,1.0,1.1278773201416195
2021-01-06 06:00:00,1.012247827300074,0.9403181690362787,1.190379570637472,1.0,1.115118032099824
2021-01-06 07:00:00,1.012247827300074,0.9353841129884951,1.1961954256690324,1.0,1.1205666617364252
2021-01-06 08:00:00,1.012247827300074,0.9504850790833501,1.1783956623924003,1.0,1.1038908131832463
2021-01-06 09:00:00,1.012247827300074,0.9521038321128087,1.1764876109110114,1.0,1.1021032401104582
2021-01-06 10:00:00,1.012247827300074,0.9715256989605577,1.1535947290842,1.0,1.080655863291076
2021-01-06 11:00:00,1.012247827300074,0.957813552659578,1.1697574670599604,1.0,1.0957980517853656
2021-01-06 12:00:00,1.012247827300074,0.9424809245078196,1.1878302943079406,1.0,1.1127297224728483
2021-01-06 13:00:00,1.012247827300074,0.9416072934673572,1.1888600579411859,1.0,1.1136944646509712
2021-01-06 14:00:00,1.012247827300074,0.9529230052816856,1.1755220376889413,1.0,1.1011986352251009
2021-01-06 15:00:00,1.012247827300074,0.9641542929882119,1.1622835295556089,1.0,1.0887960345123544
2021-01-06 16:00:00,1.012247827300074,0.953668703544455,1.1746430705771873,1.0,1.100375167956967
2021-01-06 17:00:00,1.012247827300074,0.9523824604822437,1.1761591869554215,1.0,1.1017955535384778
2021-01-06 18:00:00,1.012247827300074,0.9434335050552368,1.1867074715600818,1.0,1.1116777971295522
2021-01-06 19:00:00,1.012247827300074,0.935153027205365,1.1964678103767705,1.0,1.1208218474972609
2021-01-06 20:00:00,1.012247827300074,0.9463119925533308,1.183314549826533,1.0,1.1084991116548006
2021-01-06 21:00:00,1.012247827300074,0.9097384893881107,1.2264243544873001,1.0,1.1488868720147294
2021-01-06 22:00:00,1.012247827300074,0.9157729402061867,1.2193114455918337,1.0,1.1422230872401826
2021-01-06 23:00:00,1.012247827300074,0.9119865333781134,1.2237745471434418,1.0,1.146404379114428
2021-01-07 00:00:00,1.012247827300074,0.8897201791849005,1.250020274150793,1.0,1.170992895373925
2021-01-07 01:00:00,1.012247827300074,0.8782134326146924,1.263583470289859,1.0,1.1836996826045763
2021-01-07 02:00:00,1.012247827300074,0.8841454567495985,1.254982294824181,1.0,1.1739957537720977
2021-01-07 03:00:00,1.012247827300074,0.8828321368717923,1.2568461941708993,1.0,1.1757396206303377
2021-01-07 04:00:00,1.012247827300074,0.8701911937403484,1.2747865650148675,1.0,1.192524656900894
2021-01-07 05:00:00,1.012247827300074,0.8706331947998069,1.274159265070737,1.0,1.1919377541882175
2021-01-07 06:00:00,1.012247827300074,0.8736606747149177,1.2698625831036574,1.0,1.1879177724783787
2021-01-07 07:00:00,1.012247827300074,0.8793877831908035,1.2617345147425676,1.0,1.1803131402532694
2021-01-07 08:00:00,1.012247827300074,0.8856294029161943,1.2528762380003837,1.0,1.1720253240366847
2021-01-07 09:00:00,1.012247827300074,0.8763777727274201,1.2660064035878704,1.0,1.1843099254833973
2021-01-07 10:00:00,1.012247827300074,0.8703386071960206,1.274577351822889,1.0,1.1923289167433364
2021-01-07 11:00:00,1.012247827300074,0.8809930582892592,1.259456264593554,1.0,1.1781816061998664
2021-01-07 12:00:00,1.012247827300074,0.861462689873164,1.2871742954762742,1.0,1.2041146349962744
2021-01-07 13:00:00,1.012247827300074,0.8594448485448727,1.2900380708573835,1.0,1.2067939872828413
2021-01-07 14:00:00,1.012247827300074,0.8543026077405174,1.2973360790866622,1.0,1.2136220140776413
2021-01-07 15:00:00,1.012247827300074,0.8477754940985408,1.306599536572402,1.0,1.2222889179694956
2021-01-07 16:00:00,1.012247827300074,0.8344142352177899,1.3255621991499016,1.0,1.2400304118281171
2021-01-07 17:00:00,1.012247827300074,0.8314295913555448,1.3297980870238575,1.0,1.2439935144986658
2021-01-07 18:00:00,1.012247827300074,0.8159346662884746,1.351788906776164,1.0,1.2645681564819353
2021-01-07 19:00:00,1.012247827300074,0.835989596871507,1.323326402976533,1.0,1.2379385977742188
2021-01-07 20:00:00,1.012247827300074,0.8325466790358655,1.3282126857573704,1.0,1.2425102108371744
2021-01-07 21:00:00,1.012247827300074,0.8308243825415922,1.3306570158591071,1.0,1.2447971295286382
2021-01-07 22:00:00,1.012247827300074,0.8162058017515859,1.3514041039409175,1.0,1.2642081344064275
2021-01-07 23:00:00,1.012247827300074,0.8178318966075796,1.3490963058248553,1.0,1.2620489552333698
2021-01-08 00:00:00,1.012247827300074,0.8236855987815994,1.340788572238836,1.0,1.2542762279703579
2021-01-08 01:00:00,1.012247827300074,0.8385322396742935,1.3197178150467077,1.0,1.2345623978163471
2021-01-08 02:00:00,1.012247827300074,0.8405779957784599,1.3150577270481072,1.0,1.228480157073939
2021-01-08 03:00:00,1.012247827300074,0.8731970392211258,1.2640348409589166,1.0,1.1808083790672625
2021-01-08 04:00:00,1.012247827300074,0.8485246400636102,1.3026275426110554,1.0,1.2168663688607568
2021-01-08 05:00:00,1.012247827300074,0.8412958188339179,1.3139349043002482,1.0,1.2274310796720216
2021-01-08 06:00:00,1.012247827300074,0.8560554854524502,1.2908477530808848,1.0,1.2058602585739726
2021-01-08 07:00:00,1.012247827300074,0.8438503222360544,1.3099391361125403,1.0,1.2236977476594504
2021-01-08 08:00:00,1.012247827300074,0.8356906760097654,1.3227024993504544,1.0,1.2356228319800981
2021-01-08 09:00:00,1.012247827300074,0.8414041653870556,1.3137654280294733,1.0,1.2272727343533414
2021-01-08 10:00:00,1.012247827300074,0.8260775792289587,1.3377393578921093,1.0,1.2496720917781918
2021-01-08 11:00:00,1.012247827300074,0.7951317192301401,1.3861450412907368,1.0,1.2948985611160309
2021-01-08 12:00:00,1.012247827300074,0.7828379680504572,1.4053749940988975,1.0,1.3128655189189866
2021-01-08 13:00:00,1.012247827300074,0.783037290967853,1.4050632121017606,1.0,1.312574214304661
2021-01-08 14:00:00,1.012247827300074,0.7833927284578062,1.4045072348367136,1.0,1.3120547528083093
2021-01-08 15:00:00,1.012247827300074,0.7793634960197741,1.410809782245068,1.0,1.3179433581765438
2021-01-08 16:00:00,1.012247827300074,0.7941722334218918,1.3876458742377389,1.0,1.2963008215634215
2021-01-08 17:00:00,1.012247827300074,0.7837709643206638,1.4039155962321248,1.0,1.3115019721567243
2021-01-08 18:00:00,1.012247827300074,0.789847490645542,1.3944106605329163,1.0,1.3026213066485377
2021-01-08 19:00:00,1.012247827300074,0.813686554991549,1.3571214657489816,1.0,1.267781211310143
2021-01-08 20:00:00,1.012247827300074,0.8039761851530154,1.3723104793393484,1.0,1.281972632837232
2021-01-08 21:00:00,1.012247827300074,0.8325206165392007,1.3276611237057907,1.0,1.2402557811839687
2021-01-08 22:00:00,1.012247827300074,0.8104042406753487,1.3622556797475855,1.0,1.2725782176878766
2021-01-08 23:00:00,1.012247827300074,0.7979300566586769,1.3817678665858344,1.0,1.2908088728051075
2021-01-09 00:00:00,1.012247827300074,0.7993628801138998,1.3795266363035834,1.0,1.2887148432300155
2021-01-09 01:00:00,1.012247827300074,0.8058150367733039,1.369434137581448,1.0,1.2792852049736991
2021-01-09 02:00:00,1.0115392538209638,0.8072171519058611,1.3662840525885886,1.0,1.2745551575622998
2021-01-09 03:00:00,1.0057407530119424,0.8072171519058611,1.3584535016888193,1.0,1.2672489565578893
2021-01-09 04:00:00,1.0122142701365178,0.8072171519058611,1.367195624353638,1.0,1.2754056885952558
2021-01-09 05:00:00,1.0120673962437148,0.8072171519058611,1.3669972793794247,1.0,1.275220625211036
2021-01-09 06:00:00,0.988703884439565,0.8072171519058611,1.3354461639436686,1.0,1.2457822377670849
2021-01-09 07:00:00,0.980579796495697,0.8072171519058611,1.3244750377415844,1.0,1.2355457608827392
2021-01-09 08:00:00,0.9973141149087557,0.8072171519058611,1.3470737984251273,1.0,1.2566312617776245
2021-01-09 09:00:00,1.0105808010718667,0.8072171519058611,1.3649897157791238,1.0,1.2733474922245218
2021-01-09 10:00:00,1.0156353755539849,0.8072171519058611,1.3718156357992302,1.0,1.279716334512284
2021-01-09 11:00:00,1.0162676374829351,0.8072171519058611,1.3726694701574025,1.0,1.2805129943546283
2021-01-09 12:00:00,1.0213649663516569,0.8072171519058611,1.3795531275843858,1.0,1.2869357078330024
2021-01-09 13:00:00,1.0296467425331748,0.8072171519058611,1.3907372029283054,1.0,1.2973708743438992
2021-01-09 14:00:00,1.0339885762409708,0.8072171519058611,1.396600606412588,1.0,1.302841652195224
2021-01-09 15:00:00,1.0282388657319559,0.8072171519058611,1.3888359440830196,1.0,1.2955969277259825
2021-01-09 16:00:00,1.0203670286690494,0.8072171519058611,1.3782054685815108,1.0,1.2856782908662474
2021-01-09 17:00:00,1.007070162938924,0.8072171519058611,1.360248795410895,1.0,1.2689240336965653
2021-01-09 18:00:00,1.017687334614568,0.8072171519058611,1.3745866916975307,1.0,1.2823018347723023
2021-01-09 19:00:00,1.0238339064298214,0.8072171519058611,1.3828872930156417,1.0,1.2900466106461659
2021-01-09 20:00:00,1.0246276290422984,0.8072171519058611,1.3839591709927268,1.0,1.2910467134554093
2021-01-09 21:00:00,1.0230034653441435,0.8072171519058611,1.3817658287950032,1.0,1.2890002419908673
2021-01-09 22:00:00,1.0267125341302057,0.8072171519058611,1.3867747186575035,1.0,1.2936737262211349
2021-01-09 23:00:00,1.0135062071011232,0.8072171519058611,1.3689403129367452,1.0,1.2770335492198073
2021-01-10 00:00:00,1.0086986020757394,0.8072171519058611,1.3624479113493064,1.0,1.2709758922801686
2021-01-10 01:00:00,1.0216242591315883,0.8072171519058611,1.3799032879755058,1.0,1.2872624207595962
2021-01-10 02:00:00,1.0360182565691365,0.806652099899527,1.4003222917335316,1.0,1.3044853015500255
2021-01-10 03:00:00,1.0360182565691365,0.8031859622003642,1.394306393568732,1.0,1.3100905998964496
2021-01-10 04:00:00,1.0360182565691365,0.7897638512692242,1.3710107084210008,1.0,1.331796297343499
2021-01-10 05:00:00,1.0360182565691365,0.7900773358621255,1.3715547985728673,1.0,1.3312893426802022
2021-01-10 06:00:00,1.0360182565691365,0.7924687810617793,1.375705438863728,1.0,1.3274219937787373
2021-01-10 07:00:00,1.0360182565691365,0.8011798173524096,1.3908244883022314,1.0,1.313334856580667
2021-01-10 08:00:00,1.0360182565691365,0.8028456689999552,1.393715773859559,1.0,1.31064090836054
2021-01-10 09:00:00,1.0360182565691365,0.799573062051341,1.3880357715500624,1.0,1.3159332365683873
2021-01-10 10:00:00,1.0360182565691365,0.7988819087541332,1.3868361920142374,1.0,1.3170509418560048
2021-01-10 11:00:00,1.0360182565691365,0.7917979788242854,1.3745411810356394,1.0,1.3285067881518835
2021-01-10 12:00:00,1.0360182565691365,0.7671784800186182,1.3318110847330409,1.0,1.3683204504823
2021-01-10 13:00:00,1.0360182565691365,0.7736109803543537,1.3429754614322613,1.0,1.3579180699006
2021-01-10 14:00:00,1.0360182565691365,0.7789934442821567,1.352317373864993,1.0,1.3492137659251726
2021-01-10 15:00:00,1.0360182565691365,0.771992679740563,1.340166706403588,1.0,1.3605351205032603
2021-01-10 16:00:00,1.0360182565691365,0.7767475874327641,1.3484194196371713,1.0,1.3528456752077282
2021-01-10 17:00:00,1.0360182565691365,0.7682224502452898,1.3336230204135695,1.0,1.3666321838601485
2021-01-10 18:00:00,1.0360182565691365,0.7547173696091625,1.3101833313804505,1.0,1.3884720565738877
2021-01-10 19:00:00,1.0360182565691365,0.7466250838071423,1.2961381977098627,1.0,1.4015585753915936
2021-01-10 20:00:00,1.0360182565691365,0.7338958873226086,1.274045148784203,1.0,1.422143719491119
2021-01-10 21:00:00,1.0360182565691365,0.7386721244908561,1.282334881884549,1.0,1.414419781025612
2021-01-10 22:00:00,1.0360182565691365,0.7450962104461328,1.2934846544161474,1.0,1.4040310078412417
2021-01-10 23:00:00,1.0360182565691365,0.7527008535480845,1.3066834256282764,1.0,1.3917330851664413
2021-01-11 00:00:00,1.0360182565691365,0.7469452216311039,1.2966938353431046,1.0,1.4010408613908738
2021-01-11 01:00:00,1.0360182565691365,0.72897738841963,1.2655085033615059,1.0,1.4300977179068233
2021-01-11 02:00:00,1.035293043789538,0.7283220021946588,1.2661432752053499,1.0,1.4276799301171994
2021-01-11 03:00:00,1.0108758307842265,0.711144649781522,1.2362859035819267,1.0,1.4613515221038318
2021-01-11 04:00:00,0.9844366033475167,0.6925448232119357,1.2039560124169388,1.0,1.4978114931290676
2021-01-11 05:00:00,0.9869838415824556,0.6943367889384191,1.2070707757020613,1.0,1.4942988249748046
2021-01-11 06:00:00,0.969672287258252,0.6821582217374318,1.1859022045500474,1.0,1.518171639359157
2021-01-11 07:00:00,0.9137508117652713,0.6428178231507231,1.1175214161627378,1.0,1.5952879386550882
2021-01-11 08:00:00,0.9547307671570048,0.6716469583794368,1.1676317115914636,1.0,1.5387761517742236
2021-01-11 09:00:00,0.9842246806811488,0.6923957369782308,1.2036968733496016,1.0,1.498103736701383
2021-01-11 10:00:00,0.9936170488146887,0.6990032075928597,1.2151818624728932,1.0,1.4851515628594294
2021-01-11 11:00:00,0.9823418186165267,0.6910711556174381,1.201394509342422,1.0,1.500700223171533
2021-01-11 12:00:00,0.9498743217815925,0.6682304802715356,1.1616932494782406,1.0,1.5454732407151555
2021-01-11 13:00:00,0.951971050757228,0.6697055156296452,1.1642571299753937,1.0,1.542581829538999
2021-01-11 14:00:00,0.911573257762227,0.641285927905316,1.1148587028102834,1.0,1.5982908083889686
2021-01-11 15:00:00,0.9248143970463008,0.6506009842872417,1.1310499698576773,1.0,1.580031138896201
2021-01-11 16:00:00,0.8774759284158304,0.6172986758629787,1.073164483513423,1.0,1.6453113820038172
2021-01-11 17:00:00,0.8835386387192047,0.6215637535947068,1.080577966556456,1.0,1.636950841117191
2021-01-11 18:00:00,0.9120479312049824,0.6416198576214385,1.1154391335653018,1.0,1.5976362287492747
2021-01-11 19:00:00,0.9041362442436659,0.6360540366947263,1.1057647215953186,1.0,1.6085465277760087
2021-01-11 20:00:00,0.8959809712031822,0.6303168545269143,1.0957924525322098,1.0,1.6197927345523109
2021-01-11 21:00:00,0.9295897396450691,0.6539604071130435,1.1368892594837936,1.0,1.5734458915320921
2021-01-11 22:00:00,0.9434952550994596,0.6637428478606597,1.1538929258091304,1.0,1.5542700403552114
2021-01-11 23:00:00,0.954626333444614,0.6715734899339939,1.1675040100327236,1.0,1.538920166955338
2021-01-12 00:00:00,0.9826992818820774,0.6913226287272389,1.2018316154756628,1.0,1.5002072775914943
2021-01-12 01:00:00,0.9702861130677837,0.6825900442492111,1.186652790839451,1.0,1.5173251671510097
2021-01-12 02:00:00,0.95109783684376,0.6690912152539049,1.164819899876544,1.0,1.5399483589993272
2021-01-12 03:00:00,0.9541713573339499,0.6712534171643975,1.1685836995413275,1.0,1.5349719384336729
2021-01-12 04:00:00,0.9705654080193504,0.6827865264525335,1.1886596751761414,1.0,1.5084278853695698
2021-01-12 05:00:00,0.9794345752956346,0.6890259286268378,1.199520760673354,1.0,1.4940675755636628
2021-01-12 06:00:00,0.9961081882129531,0.7007557081483051,1.2199390851677696,1.0,1.4670708756912052
2021-01-12 07:00:00,0.9985099827847852,0.702445355192599,1.2228802966004555,1.0,1.4631820648178462
2021-01-12 08:00:00,1.010170334884501,0.7106483379504801,1.2371594365847984,1.0,1.4443024717983726
2021-01-12 09:00:00,0.9926303009230252,0.6983090367931728,1.2156801023310628,1.0,1.472702017533229
2021-01-12 10:00:00,0.9969446561608338,0.7013441579734311,1.2209634146921324,1.0,1.46571652770113
2021-01-12 11:00:00,0.9735676512341407,0.6848985852579008,1.1923361894669988,1.0,1.5035668717778707
2021-01-12 12:00:00,0.9825849199309051,0.6912421758296248,1.2033786383481668,1.0,1.4889667669365856
2021-01-12 13:00:00,0.9712143917720165,0.683243082351338,1.1894544136002159,1.0,1.5073770981358907
2021-01-12 14:00:00,0.9242365657270061,0.6501944836679977,1.131925880283185,1.0,1.5834401731686791
2021-01-12 15:00:00,0.9270540981814223,0.6521765996406285,1.135376199791806,1.0,1.5788782297896424
2021-01-12 16:00:00,0.9384726067630506,0.6602094470379293,1.1493591808420491,1.0,1.560390212183745
2021-01-12 17:00:00,0.9706724626041919,0.6828618386649004,1.1887907730529332,1.0,1.5082545503814502
2021-01-12 18:00:00,0.9713819072363798,0.68336092840385,1.1896595512105326,1.0,1.5071058692943768
2021-01-12 19:00:00,0.9722547071806704,0.6839749375549347,1.1907283725013713,1.0,1.5056926951813905
2021-01-12 20:00:00,0.962330802634562,0.6769935344903937,1.1785756672491352,1.0,1.5217607587692126
2021-01-12 21:00:00,0.9504793608743389,0.6686561213845312,1.1640625209510371,1.0,1.540949750251936
2021-01-12 22:00:00,0.9630549464714043,0.6775029650253418,1.1794624458924081,1.0,1.520588277800351
2021-01-12 23:00:00,0.9360181169292499,0.6584827292155273,1.146353439366383,1.0,1.5643643433880439
2021-01-13 00:00:00,0.9441190427547285,0.6641816784668877,1.156273744763302,1.0,1.5512479141963642
2021-01-13 01:00:00,0.9025849146145588,0.634962686271469,1.105411504517952,1.0,1.6184969499887027
2021-01-13 02:00:00,0.9172038297921804,0.6452469991391633,1.1248883696484642,1.0,1.5905890752662515
2021-01-13 03:00:00,0.9147398206263806,0.6435135845278833,1.1218666654779554,1.0,1.594862090634455
2021-01-13 04:00:00,0.9366345236297112,0.6589163673674876,1.1487169370984915,1.0,1.5568929127133513
2021-01-13 05:00:00,0.9193618110690054,0.6467651250974743,1.127534780674271,1.0,1.5868467648527367
2021-01-13 06:00:00,0.9228377893807906,0.6492104534987528,1.1317974994608346,1.0,1.5808188210642324
2021-01-13 07:00:00,0.9358305426689024,0.6583507719289639,1.147730985968112,1.0,1.5582871538748546
2021-01-13 08:00:00,0.969210015380736,0.681833016442747,1.1886654489168293,1.0,1.5004014114596484
2021-01-13 09:00:00,0.9562142156611503,0.6726905548675742,1.1727282264596952,1.0,1.5229383616847745
2021-01-13 10:00:00,0.9517077126662201,0.669520258975167,1.1672017377261312,1.0,1.5307534123840447
2021-01-13 11:00:00,0.9679756567371518,0.6809646530705458,1.1871517099612312,1.0,1.5025420014895556
2021-01-13 12:00:00,0.9529406865682253,0.6703876481905674,1.1687137785227035,1.0,1.5286152237340234
2021-01-13 13:00:00,0.9494788326205466,0.6679522561886567,1.164468380958203,1.0,1.5346186734476956
2021-01-13 14:00:00,0.9581329135931117,0.6740403465307132,1.1750811956058438,1.0,1.519611009715469
2021-01-13 15:00:00,0.9493270649434804,0.6678454886032931,1.1642822627289755,1.0,1.5348818646831428
2021-01-13 16:00:00,0.9606824997884981,0.6758339640322804,1.178207846004147,1.0,1.5151895890703435
2021-01-13 17:00:00,0.9638549427461509,0.6780657572628314,1.182098328332255,1.0,1.509688027752734
2021-01-13 18:00:00,0.964794074485077,0.6787264304051096,1.1832500197835525,1.0,1.5080594119144093
2021-01-13 19:00:00,0.990194666218301,0.696595583432889,1.2143996904256096,1.0,1.4640104203992752
2021-01-13 20:00:00,0.9973523954405213,0.7016309999360395,1.2231774744299704,1.0,1.4515976877712864
2021-01-13 21:00:00,1.0037695648662543,0.7061454373821413,1.2310470829873335,1.0,1.4404692131060461
2021-01-13 22:00:00,1.0339718864990664,0.7273925765322508,1.2680852898672548,1.0,1.3880931967000603
2021-01-13 23:00:00,1.0313497398449367,0.7255479132143235,1.2648696559359998,1.0,1.3926404496511842
2021-01-14 00:00:00,1.0355967422679488,0.7285356521222676,1.2700779096681287,1.0,1.385275417542451
2021-01-14 01:00:00,1.0470923129607685,0.7366227122194924,1.2841753466367112,1.0,1.365340122285242
2021-01-14 02:00:00,1.0369858606718962,0.7295128879912013,1.2735642301480965,1.0,1.378118662951619
2021-01-14 03:00:00,1.0371180674450324,0.7296058946063736,1.2734018861452299,1.0,1.3779429646819148
2021-01-14 04:00:00,1.0483705786548128,0.7375219639194899,1.2595843057840996,1.0,1.362988762998564
2021-01-14 05:00:00,1.0360971988265264,0.7288877200946561,1.2746554671380756,1.0,1.3792996640824962
2021-01-14 06:00:00,1.0357854895517888,0.7286684346233189,1.275038232182491,1.0,1.3797139150238278
2021-01-14 07:00:00,1.0270070151321835,0.7224928342907804,1.285817806046465,1.0,1.39138020661826
2021-01-14 08:00:00,1.0171600997823995,0.7155655926310229,1.2979093775737724,1.0,1.4044664195847987
2021-01-14 09:00:00,1.0123696786302663,0.7121955621398428,1.303791800439144,1.0,1.4108327250895583
2021-01-14 10:00:00,1.0231553173859589,0.7197831896822251,1.2905475185651236,1.0,1.3964989808941999
2021-01-14 11:00:00,1.0080660439231532,0.709167982784025,1.3090764713274339,1.0,1.4165521080949888
2021-01-14 12:00:00,1.0121932185439464,0.7120714236032739,1.304008485530836,1.0,1.4110672344955648
2021-01-14 13:00:00,1.0147848031972655,0.7138945867500613,1.3008261355164865,1.0,1.4076231073258423
2021-01-14 14:00:00,0.9948766205119645,0.6998893081862819,1.3252724932201,1.0,1.4340803997003855
2021-01-14 15:00:00,0.9797605184780412,0.6892552275607351,1.343834390267511,1.0,1.4541691811525579
2021-01-14 16:00:00,0.9799552330560495,0.6893922080148801,1.3435952894766783,1.0,1.4539104121528261
2021-01-14 17:00:00,0.9869804465239588,0.6943344005365878,1.3349686416256137,1.0,1.444574144264784
2021-01-14 18:00:00,0.9833007835327356,0.6917457812724618,1.3394871031614626,1.0,1.4494642902483474
2021-01-14 19:00:00,0.9851923360881306,0.693076476337657,1.3371643612459734,1.0,1.446950481741012
2021-01-14 20:00:00,0.9704817050362529,0.6827276419419064,1.3552283580670197,1.0,1.4665004061568117
2021-01-14 21:00:00,0.9863415393148695,0.6938849334214247,1.3357531910955334,1.0,1.445423230045153
2021-01-14 22:00:00,1.000929090839455,0.704147182160791,1.3178403304277833,1.0,1.4260368741021952
2021-01-14 23:00:00,0.9947557536503316,0.6998042791259675,1.3254209123189549,1.0,1.434241027616412
2021-01-15 00:00:00,0.9915067307130272,0.6975186123719321,1.3294105671341698,1.0,1.4385588677298307
2021-01-15 01:00:00,0.9821883658725808,0.6909632025983552,1.3408531022818164,1.0,1.450942655187155
2021-01-15 02:00:00,0.9889184484355458,0.6956977724253214,1.3316562126298879,1.0,1.438971883811006
2021-01-15 03:00:00,0.9889184484355458,0.6956977724253214,1.3342723964250356,1.0,1.441799394926118
2021-01-15 04:00:00,0.9889184484355458,0.6956977724253214,1.315295129679914,1.0,1.421289202654534
2021-01-15 05:00:00,0.9889184484355458,0.6956977724253214,1.3059484624019102,1.0,1.4111875401999208
2021-01-15 06:00:00,0.9889184484355458,0.6956977724253214,1.2851028810966032,1.0,1.388658116636083
2021-01-15 07:00:00,0.9889184484355458,0.6956977724253214,1.2930964552628494,1.0,1.3972973872586039
2021-01-15 08:00:00,0.9889184484355458,0.6956977724253214,1.3072292139391686,1.0,1.4125717469265322
2021-01-15 09:00:00,0.9889184484355458,0.6956977724253214,1.301313167525086,1.0,1.4061778203895803
2021-01-15 10:00:00,0.9889184484355458,0.6956977724253214,1.3148057202486785,1.0,1.4207602602273142
2021-01-15 11:00:00,0.9889184484355458,0.6956977724253214,1.3063971160165264,1.0,1.411672434680391
2021-01-15 12:00:00,0.9889184484355458,0.6956977724253214,1.2954484055135826,1.0,1.3998393208522886
2021-01-15 13:00:00,0.9889184484355458,0.6956977724253214,1.2834984604490272,1.0,1.3869240957990336
2021-01-15 14:00:00,0.9889184484355458,0.6956977724253214,1.280976354663909,1.0,1.384198262027669
2021-01-15 15:00:00,0.9889184484355458,0.6956977724253214,1.255750541967453,1.0,1.3569347853868994
2021-01-15 16:00:00,0.9889184484355458,0.6956977724253214,1.211529122408397,1.0,1.309141294898509
2021-01-15 17:00:00,0.9889184484355458,0.6956977724253214,1.2282437620675424,1.0,1.3272060919930349
2021-01-15 18:00:00,0.9889184484355458,0.6956977724253214,1.2217146802451462,1.0,1.320149610923722
2021-01-15 19:00:00,0.9889184484355458,0.6956977724253214,1.2032947492922923,1.0,1.3002417743239412
2021-01-15 20:00:00,0.9889184484355458,0.6956977724253214,1.1966848351002677,1.0,1.2930979314935744
2021-01-15 21:00:00,0.9889184484355458,0.6956977724253214,1.209410838839614,1.0,1.3068519028661898
2021-01-15 22:00:00,0.9889184484355458,0.6956977724253214,1.2302207588053793,1.0,1.3293427844766217
2021-01-15 23:00:00,0.9889184484355458,0.6956977724253214,1.2426275086478749,1.0,1.342751713599697
2021-01-16 00:00:00,0.9889184484355458,0.6956977724253214,1.2476251906608047,1.0,1.3481530930698873
2021-01-16 01:00:00,0.9889184484355458,0.6956977724253214,1.2618299512798175,1.0,1.3635052707770732
2021-01-16 02:00:00,0.9882262055216409,0.6952107839846237,1.256851628279782,1.0,1.356223399726811
2021-01-16 03:00:00,0.9680167197297611,0.6809935406219236,1.2311523688469332,1.0,1.3839585249180377
2021-01-16 04:00:00,0.9759175101391202,0.6865516958943689,1.241199356907177,1.0,1.3731156260254165
2021-01-16 05:00:00,0.9770969398750315,0.6873814171330653,1.2426991709587636,1.0,1.3714969984306016
2021-01-16 06:00:00,0.9575124236443006,0.6736038358397832,1.2177946499499892,1.0,1.3983744269343585
2021-01-16 07:00:00,0.9647094555948448,0.6786669015597002,1.2269467082036365,1.0,1.3884973531577556
2021-01-16 08:00:00,0.9768162377345326,0.6871839449813737,1.2423422179315404,1.0,1.3718822288658714
2021-01-16 09:00:00,1.0013997092114262,0.7044782591606797,1.2736036274374951,1.0,1.338144326473493
2021-01-16 10:00:00,1.000834832877311,0.7040808722902443,1.2728853061695815,1.0,1.3389195523256292
2021-01-16 11:00:00,1.0000939501582398,0.7035596660592335,1.2719431675420678,1.0,1.3399363260910315
2021-01-16 12:00:00,1.0075385662041623,0.7087969055989582,1.2814100644790982,1.0,1.329719472472854
2021-01-16 13:00:00,0.9984789112965876,0.7024234966003572,1.269889414016265,1.0,1.3421527756077538
2021-01-16 14:00:00,0.9928934461545782,0.6984941577722642,1.2627866940749535,1.0,1.3498181648492313
2021-01-16 15:00:00,0.9947571374356445,0.6998052526100413,1.26515664481136,1.0,1.3472604693427508
2021-01-16 16:00:00,1.001229845689678,0.7043587612648893,1.2733876216094133,1.0,1.3383774440347027
2021-01-16 17:00:00,0.9949689326758117,0.699954249200233,1.265425972832852,1.0,1.3469698054653303
2021-01-16 18:00:00,0.9848366804359407,0.6928262748722376,1.252541361040496,1.0,1.3608751213766743
2021-01-16 19:00:00,0.9748326270804082,0.6857884876354049,1.239819772514617,1.0,1.3746044995059732
2021-01-16 20:00:00,0.9720672703128298,0.683843076923117,1.23630322480399,1.0,1.3783996240795044
2021-01-16 21:00:00,0.9805393470005209,0.6898031284205559,1.247076685295471,1.0,1.3667727024456446
2021-01-16 22:00:00,0.9592727545748692,0.6748422173353105,1.2200331631777988,1.0,1.3959585812646518
2021-01-16 23:00:00,0.9647941202747098,0.6787264626178222,1.2270543714858722,1.0,1.3883811609141967
2021-01-17 00:00:00,0.9614844524107122,0.6763981325476396,1.2228456541563293,1.0,1.3929232879873277
2021-01-17 01:00:00,0.9720696740419112,0.6838447679310764,1.2363062814902366,1.0,1.3783963252460911
2021-01-17 02:00:00,0.9803203501613181,0.6896490655517292,1.2476720598499167,1.0,1.3642314453902027
2021-01-17 03:00:00,0.9803203501613181,0.6896490655517292,1.2379405897366664,1.0,1.3748735269135834
2021-01-17 04:00:00,0.9803203501613181,0.6896490655517292,1.2294874937380387,1.0,1.3841176118971952
2021-01-17 05:00:00,0.9803203501613181,0.6896490655517292,1.2181876039485593,1.0,1.3964748762103352
2021-01-17 06:00:00,0.9803203501613181,0.6896490655517292,1.2075571284470505,1.0,1.408100086543697
2021-01-17 07:00:00,0.9803203501613181,0.6896490655517292,1.2017609720601894,1.0,1.4144386117689098
2021-01-17 08:00:00,0.9803203501613181,0.6896490655517292,1.1808029726273748,1.0,1.4373577325117561
2021-01-17 09:00:00,0.9803203501613181,0.6896490655517292,1.1799820825543028,1.0,1.438255436453473
2021-01-17 10:00:00,0.9803203501613181,0.6896490655517292,1.1606869204395516,1.0,1.4593561217397015
2021-01-17 11:00:00,0.9803203501613181,0.6896490655517292,1.1818897944038869,1.0,1.43616921260547
2021-01-17 12:00:00,0.9803203501613181,0.6896490655517292,1.1972092266074348,1.0,1.4194162817014244
2021-01-17 13:00:00,0.9803203501613181,0.6896490655517292,1.1927946924039647,1.0,1.4242439009957708
2021-01-17 14:00:00,0.9803203501613181,0.6896490655517292,1.18319126348126,1.0,1.4347459600176922
2021-01-17 15:00:00,0.9803203501613181,0.6896490655517292,1.1800595186058795,1.0,1.43817075441015
2021-01-17 16:00:00,0.9803203501613181,0.6896490655517292,1.2133104912264614,1.0,1.4018083592897943
2021-01-17 17:00:00,0.9803203501613181,0.6896490655517292,1.2198025531820955,1.0,1.394708809912088
2021-01-17 18:00:00,0.9803203501613181,0.6896490655517292,1.217617701779501,1.0,1.3970981063361938
2021-01-17 19:00:00,0.9803203501613181,0.6896490655517292,1.2121326481261665,1.0,1.4030964177382321
2021-01-17 20:00:00,0.9803203501613181,0.6896490655517292,1.2103393921949215,1.0,1.4050574755836045
2021-01-17 21:00:00,0.9803203501613181,0.6896490655517292,1.2258344140417374,1.0,1.3881125244321995
2021-01-17 22:00:00,0.9803203501613181,0.6896490655517292,1.2427473986750963,1.0,1.369616926215562
2021-01-17 23:00:00,0.9803203501613181,0.6896490655517292,1.2294463982896142,1.0,1.3841625528061514
2021-01-18 00:00:00,0.9803203501613181,0.6896490655517292,1.217753554501565,1.0,1.396949541347908
2021-01-18 01:00:00,0.9803203501613181,0.6896490655517292,1.2222271846391328,1.0,1.3920572962836575
2021-01-18 02:00:00,0.9796341259162052,0.689166311205843,1.2276453308268507,1.0,1.3842222183834572
2021-01-18 03:00:00,0.9888393923269189,0.6956421569610175,1.216111095091811,1.0,1.3972292522900511
2021-01-18 04:00:00,1.0072469435538547,0.7085917509388054,1.1930463595715886,1.0,1.4232391071126627
2021-01-18 05:00:00,1.0065335293083084,0.7080898686023719,1.1939402704827697,1.0,1.4222310533674207
2021-01-18 06:00:00,1.0010755850650255,0.7042502399069214,1.200779096511472,1.0,1.4145189826173494
2021-01-18 07:00:00,1.0052210856240626,0.7071665729059391,1.1955847676833544,1.0,1.4203765715154222
2021-01-18 08:00:00,0.9803892824846293,0.6896975589981318,1.2266991166176748,1.0,1.3852892539967716
2021-01-18 09:00:00,0.9767116212066763,0.6871103479264258,1.231307240950086,1.0,1.3800927216200847
2021-01-18 10:00:00,0.9671751267533876,0.6804014853721928,1.2432565067510313,1.0,1.3666176627603426
2021-01-18 11:00:00,0.9763234718147226,0.6868372873239285,1.2317935936950752,1.0,1.3795442668468376
2021-01-18 12:00:00,0.9707283742248416,0.6829011721306683,1.2388042734171885,1.0,1.3716383985302418
2021-01-18 13:00:00,0.9544317918977212,0.6714366312061266,1.2592239564388248,1.0,1.348611341035876
2021-01-18 14:00:00,0.9618529805864797,0.6766573897506607,1.2499251772453484,1.0,1.3590974745810789
2021-01-18 15:00:00,0.9704990625030588,0.6827398528082432,1.2390916019243539,1.0,1.3713143812549855
2021-01-18 16:00:00,0.9720055808832815,0.6837996788059245,1.2372039283512746,1.0,1.3734430904936075
2021-01-18 17:00:00,0.9775611045826422,0.687707954021556,1.2302428348727144,1.0,1.3812930409352777
2021-01-18 18:00:00,0.9918288473854789,0.69774521938067,1.2123652959127011,1.0,1.401453349841826
2021-01-18 19:00:00,0.9892725366902864,0.6959468712367094,1.2155683634671652,1.0,1.397841284921091
2021-01-18 20:00:00,0.9844648511001438,0.692564695324353,1.2215924127952886,1.0,1.3910480291158656
2021-01-18 21:00:00,0.980417472105274,0.689717390215073,1.2266637949099382,1.0,1.385329085907678
2021-01-18 22:00:00,0.9777210264689917,0.6878204580407412,1.2300424521076703,1.0,1.3815190104298414
2021-01-18 23:00:00,0.9701298868942312,0.6824801401402255,1.2395541804429817,1.0,1.3707927364217714
2021-01-19 00:00:00,0.9654571862183298,0.6791929252474528,1.2454090931321355,1.0,1.3641902141899238
2021-01-19 01:00:00,0.9641696795061926,0.6782871725506218,1.2470223442066455,1.0,1.3623709682591114
2021-01-19 02:00:00,0.9557568295118334,0.6718981285006199,1.2566835105362277,1.0,1.349538279567801
2021-01-19 03:00:00,0.9557568295118334,0.6738769892360732,1.252982882387204,1.0,1.3455636468085352
2021-01-19 04:00:00,0.9557568295118334,0.6803605913153393,1.2408580269429912,1.0,1.3325410339684298
2021-01-19 05:00:00,0.9557568295118334,0.6834988726579084,1.2349891893498257,1.0,1.3262376516189334
2021-01-19 06:00:00,0.9557568295118334,0.6848667855671811,1.2324310825933604,1.0,1.323490135655021
2021-01-19 07:00:00,0.9557568295118334,0.6783908112550671,1.2445416735017567,1.0,1.3364974277741382
2021-01-19 08:00:00,0.9557568295118334,0.6681924865727391,1.2636133578887128,1.0,1.3569812317355745
2021-01-19 09:00:00,0.9557568295118334,0.6661949196464129,1.2673489681136678,1.0,1.3609934367391687
2021-01-19 10:00:00,0.9557568295118334,0.668846476799278,1.2623903437583315,1.0,1.355667662300358
2021-01-19 11:00:00,0.9557568295118334,0.6690544242609239,1.2620014653414233,1.0,1.35524999026389
2021-01-19 12:00:00,0.9557568295118334,0.6652507110410877,1.2691147138686951,1.0,1.362889923130085
2021-01-19 13:00:00,0.9557568295118334,0.6753066507365769,1.2503093008169843,1.0,1.3426921059604313
2021-01-19 14:00:00,0.9557568295118334,0.6698796760213772,1.2604581784187763,1.0,1.3535924341645778
2021-01-19 15:00:00,0.9557568295118334,0.6711219123861443,1.2581350968714815,1.0,1.351097345317902
2021-01-19 16:00:00,0.9557568295118334,0.6654595665702517,1.2687241372927611,1.0,1.362470427198261
2021-01-19 17:00:00,0.9557568295118334,0.6642954240120418,1.2709011771638368,1.0,1.3648086610443415
2021-01-19 18:00:00,0.9557568295118334,0.6681844955785797,1.26362830168814,1.0,1.3569972820147052
2021-01-19 19:00:00,0.9557568295118334,0.6803578671127849,1.2408631214200685,1.0,1.3325465056544972
2021-01-19 20:00:00,0.9557568295118334,0.6841717506888239,1.233730853511708,1.0,1.3248861451603176
2021-01-19 21:00:00,0.9557568295118334,0.6818665304873638,1.2380418000146043,1.0,1.3295162859104424
2021-01-19 22:00:00,0.9557568295118334,0.6815134738363248,1.2387020442438352,1.0,1.3302254164247607
2021-01-19 23:00:00,0.9557568295118334,0.677970194380681,1.2453282607625076,1.0,1.337342256102925
2021-01-20 00:00:00,0.9557568295118334,0.6924244499068611,1.2182976446534313,1.0,1.3083102193881262
2021-01-20 01:00:00,0.9557568295118334,0.6839959488173187,1.234059617099103,1.0,1.3252392513011921
2021-01-20 02:00:00,0.9550877997311751,0.6869144983973167,1.227741786259516,1.0,1.3166077807047283
2021-01-20 03:00:00,0.9542572883972323,0.6869144983973167,1.2266743234958981,1.0,1.317752657316638
2021-01-20 04:00:00,0.9267692922073719,0.6869144983973167,1.1913437853323214,1.0,1.3556454140555878
2021-01-20 05:00:00,0.9315827171068632,0.6869144983973167,1.1975305182951161,1.0,1.349010010822197
2021-01-20 06:00:00,0.9373355208775499,0.6869144983973167,1.204924642325255,1.0,1.341079654882685
2021-01-20 07:00:00,0.931441083611797,0.6869144983973167,1.1973484756475505,1.0,1.349205255449618
2021-01-20 08:00:00,0.9421206719263473,0.6869144983973167,1.2110750346848982,1.0,1.3344832277223053
2021-01-20 09:00:00,0.9372335236217746,0.6869144983973167,1.2047935444484634,1.0,1.3412202601554173
2021-01-20 10:00:00,0.9195763717424478,0.6869144983973167,1.1820986679640604,1.0,1.365560999882121
2021-01-20 11:00:00,0.9175234787887725,0.6869144983973167,1.179460068469772,1.0,1.3683909541926291
2021-01-20 12:00:00,0.9101033105519137,0.6869144983973167,1.1699228677490734,1.0,1.3786198056527106
2021-01-20 13:00:00,0.9173955858566603,0.6869144983973167,1.1792956866760744,1.0,1.3685672571770913
2021-01-20 14:00:00,0.9240359771458687,0.6869144983973167,1.187830633939746,1.0,1.3594133439549176
2021-01-20 15:00:00,0.9214390107475265,0.6869144983973167,1.1844927325586332,1.0,1.3629933144741186
2021-01-20 16:00:00,0.9037451292864567,0.6869144983973167,1.1617506472533128,1.0,1.3873846866695008
2021-01-20 17:00:00,0.9166813408246376,0.6869144983973167,1.178377661906727,1.0,1.3695518583485808
2021-01-20 18:00:00,0.920794525496656,0.6869144983973167,1.183664370585848,1.0,1.3638817503813563
2021-01-20 19:00:00,0.9315581426385029,0.6869144983973167,1.1974989325372363,1.0,1.349043887222104
2021-01-20 20:00:00,0.9301951844900851,0.6869144983973167,1.1957471116862208,1.0,1.350922752498665
2021-01-20 21:00:00,0.924156207071718,0.6869144983973167,1.1879851664110939,1.0,1.3592476045790287
2021-01-20 22:00:00,0.9223004383481163,0.6869144983973167,1.185599932243455,1.0,1.3618058191655518
2021-01-20 23:00:00,0.9236874424817038,0.6869144983973167,1.1873826595887398,1.0,1.3598938060138135
2021-01-21 00:00:00,0.9373682868353639,0.6869144983973167,1.2049667566690951,1.0,1.3410344863494756
2021-01-21 01:00:00,0.9329026038752516,0.6869144983973167,1.1992269791618908,1.0,1.3471905203110646
2021-01-21 02:00:00,0.9187230671134657,0.6864336582484385,1.1818296795743735,1.0,1.3640062206534502
2021-01-21 03:00:00,0.9187230671134657,0.6909120784885555,1.1741200375972407,1.0,1.3729052497042795
2021-01-21 04:00:00,0.9187230671134657,0.6905934596036308,1.1746685429625743,1.0,1.3722721249502228
2021-01-21 05:00:00,0.9187230671134657,0.6970118052279359,1.1636193014453031,1.0,1.385025962488136
2021-01-21 06:00:00,0.9187230671134657,0.6907668750834134,1.1743700066058387,1.0,1.3726167173086226
2021-01-21 07:00:00,0.9187230671134657,0.6888014996458782,1.1777534186488428,1.0,1.3687113372467563
2021-01-21 08:00:00,0.9187230671134657,0.6891183429456856,1.177207969969756,1.0,1.3693409337514098
2021-01-21 09:00:00,0.9187230671134657,0.7168452882745968,1.1294757764407606,1.0,1.424436900351965
2021-01-21 10:00:00,0.9187230671134657,0.7239649900202065,1.1172191438561456,1.0,1.438584396404226
2021-01-21 11:00:00,0.9187230671134657,0.7250915001334695,1.1152798462486817,1.0,1.4408228746368357
2021-01-21 12:00:00,0.9187230671134657,0.7371532471220277,1.0945154369448082,1.0,1.4647906648619282
2021-01-21 13:00:00,0.9187230671134657,0.7325590192748205,1.1024244427915697,1.0,1.455661515544454
2021-01-21 14:00:00,0.9187230671134657,0.7355384511015274,1.097295323270043,1.0,1.4615819180433802
2021-01-21 15:00:00,0.9187230671134657,0.7573325746920773,1.0597765373858201,1.0,1.5048888273039998
2021-01-21 16:00:00,0.9187230671134657,0.7533530938699011,1.0666272505277028,1.0,1.4969812363355295
2021-01-21 17:00:00,0.9187230671134657,0.7593342509808979,1.0563306330906665,1.0,1.5088663404647802
2021-01-21 18:00:00,0.9187230671134657,0.7428185473693933,1.084762570027833,1.0,1.476048132625083
2021-01-21 19:00:00,0.9187230671134657,0.7462329975498209,1.0788845623759282,1.0,1.4828329562278453
2021-01-21 20:00:00,0.9187230671134657,0.7326844939564378,1.102208436963488,1.0,1.455910845168962
2021-01-21 21:00:00,0.9187230671134657,0.7436812844491304,1.083277360143868,1.0,1.47776246980743
2021-01-21 22:00:00,0.9187230671134657,0.7569007129341206,1.0605199914073153,1.0,1.5040306786435476
2021-01-21 23:00:00,0.9187230671134657,0.7633914629737616,1.0493461050175505,1.0,1.5169283903515778
2021-01-22 00:00:00,0.9187230671134657,0.7642086267021565,1.0479393500805776,1.0,1.5185521691325703
2021-01-22 01:00:00,0.9187230671134657,0.7901661028181333,1.0032533142120628,1.0,1.5701320391887692
2021-01-22 02:00:00,0.9180799609664864,0.7792988630654745,1.020306906412758,1.0,1.5485378436742563
2021-01-22 03:00:00,0.937743066078708,0.7959896047326381,1.0421591563885593,1.0,1.5153718192700578
2021-01-22 04:00:00,0.9450305873249746,0.8021755114763192,1.0502580164144053,1.0,1.5030798589657028
2021-01-22 05:00:00,0.9444340410919496,0.8016691418561034,1.049595055130733,1.0,1.5040860615369558
2021-01-22 06:00:00,0.9711893841292786,0.8243800268513137,1.0793291404088827,1.0,1.458957463838152
2021-01-22 07:00:00,0.9633508521974874,0.817726402676665,1.0706179242383331,1.0,1.4721788212920814
2021-01-22 08:00:00,0.942924644655008,0.8003879125762644,1.0479176136450474,1.0,1.5066319808501827
2021-01-22 09:00:00,0.963150984760808,0.8175567481010394,1.0703958050377587,1.0,1.4725159403912613
2021-01-22 10:00:00,0.96012883020221,0.8149914360240345,1.067037186116531,1.0,1.477613449216631
2021-01-22 11:00:00,0.9588529180490957,0.8139083964930913,1.0656192233299882,1.0,1.4797655474415192
2021-01-22 12:00:00,0.9694547548164458,0.8229076119105634,1.0774013902827946,1.0,1.461883286478742
2021-01-22 13:00:00,0.9642105266613702,0.8184561248803878,1.0715733085062484,1.0,1.470728796787504
2021-01-22 14:00:00,0.9820234827496507,0.8335763943750173,1.0913694275336108,1.0,1.4406834436775509
2021-01-22 15:00:00,0.9933410527535503,0.843183149572482,1.1039470121741022,1.0,1.4215939458183213
2021-01-22 16:00:00,0.991205160528852,0.84137012842715,1.1015733254878386,1.0,1.4251965840204155
2021-01-22 17:00:00,0.9891013571127948,0.8395843454017579,1.099235300141117,1.0,1.4287450975964946
2021-01-22 18:00:00,0.9873306660912033,0.8380813200024083,1.0972674734620198,1.0,1.4317317460072736
2021-01-22 19:00:00,1.0167166802217078,0.8630252120113573,1.1299251093189875,1.0,1.3821659599204843
2021-01-22 20:00:00,1.026454258409655,0.871290814065115,1.1407467975268013,1.0,1.3657414555517156
2021-01-22 21:00:00,1.0236640600963776,0.8689223946836754,1.13764595914569,1.0,1.3704477206518901
2021-01-22 22:00:00,1.0171607282117616,0.863402135709192,1.130418594331885,1.0,1.3814169781909604
2021-01-22 23:00:00,1.0043640169333536,0.8525398328878317,1.1161971917544191,1.0,1.4030013635731742
2021-01-23 00:00:00,1.0075591454509127,0.8552519714018462,1.1197480422773671,1.0,1.397612097239951
2021-01-23 01:00:00,0.9992597571054938,0.8482071559427272,1.1105246613446362,1.0,1.4116107874179842
2021-01-23 02:00:00,0.9981824929439735,0.8472927358791306,1.110882633267275,1.0,1.4088995936466522
2021-01-23 03:00:00,1.0117002909569217,0.8587671227196291,1.0958396613531272,1.0,1.389819695670011
2021-01-23 04:00:00,1.0086828054300994,0.8562057738825477,1.0991976010107443,1.0,1.3940787707015079
2021-01-23 05:00:00,1.0023835335302698,0.8508587282673601,1.1062076014692472,1.0,1.4029699721428037
2021-01-23 06:00:00,0.9784029622968778,0.830503168084814,1.132893830927891,1.0,1.4368177077071627
2021-01-23 07:00:00,0.9946156523096079,0.8442650749244456,1.11485191017418,1.0,1.4139340641526805
2021-01-23 08:00:00,0.9914785294482538,0.8416021736706416,1.11834298549942,1.0,1.4183620030875195
2021-01-23 09:00:00,0.9909673240009566,0.8411682443389827,1.118911868773063,1.0,1.4190835516540976
2021-01-23 10:00:00,1.0060336930226128,0.8539571132265483,1.1021456050795333,1.0,1.3978178999898045
2021-01-23 11:00:00,1.0093469147156626,0.8567694934202729,1.098458562202716,1.0,1.3931414037278518
2021-01-23 12:00:00,1.0306539577590108,0.8748556679638151,1.0747475073572739,1.0,1.3630672594728797
2021-01-23 13:00:00,1.0323130101837914,0.8762639305589778,1.0729012688644242,1.0,1.3607255651397943
2021-01-23 14:00:00,1.024202697612761,0.8693796093294238,1.0819266444547466,1.0,1.3721729869954626
2021-01-23 15:00:00,1.0286390453034548,0.8731453387413602,1.0769897565349404,1.0,1.3659112377633562
2021-01-23 16:00:00,1.0239863127398452,0.8691959341675455,1.0821674434046051,1.0,1.3724784066573752
2021-01-23 17:00:00,1.0163536339150954,0.862717045418019,1.0906612952198522,1.0,1.3832516652254647
2021-01-23 18:00:00,1.013122510290895,0.8599743529796473,1.0942569771410813,1.0,1.3878122829415014
2021-01-23 19:00:00,1.0148200175732036,0.8614152574230423,1.0923679450407813,1.0,1.385416310925199
2021-01-23 20:00:00,1.0095617736021685,0.8569518732707134,1.0982194614118834,1.0,1.3928381379422572
2021-01-23 21:00:00,1.0143204096226213,0.8609911724583106,1.0929239223058282,1.0,1.3861214900317589
2021-01-23 22:00:00,1.0091717314758128,0.8566207916672149,1.098653510858878,1.0,1.3933886687291746
2021-01-23 23:00:00,1.0184631575280614,0.8645076839496166,1.088313760182586,1.0,1.3802741466032633
2021-01-24 00:00:00,1.0177935546914225,0.8639393012907154,1.0890589123631071,1.0,1.3812192675316646
2021-01-24 01:00:00,1.0236216019878928,0.8688863547339142,1.0825733034117713,1.0,1.3729931830974116
2021-01-24 02:00:00,1.023413884504147,0.868710036759659,1.082046534481968,1.0,1.3704037776710685
2021-01-24 03:00:00,1.023413884504147,0.868710036759659,1.0901779991611096,1.0,1.360104787652453
2021-01-24 04:00:00,1.023413884504147,0.868710036759659,1.102900266950599,1.0,1.3439912688525488
2021-01-24 05:00:00,1.023413884504147,0.868710036759659,1.113677803023742,1.0,1.330340869961031
2021-01-24 06:00:00,1.023413884504147,0.868710036759659,1.1165816549578602,1.0,1.3266629665002023
2021-01-24 07:00:00,1.023413884504147,0.868710036759659,1.1129187259392093,1.0,1.331302286830616
2021-01-24 08:00:00,1.023413884504147,0.868710036759659,1.1142595923059813,1.0,1.3296039987764228
2021-01-24 09:00:00,1.023413884504147,0.868710036759659,1.108821747473564,1.0,1.3364913569414905
2021-01-24 10:00:00,1.023413884504147,0.868710036759659,1.1095655411268643,1.0,1.3355492974585415
2021-01-24 11:00:00,1.023413884504147,0.868710036759659,1.11108437455954,1.0,1.3336256033910763
2021-01-24 12:00:00,1.023413884504147,0.868710036759659,1.115551891324615,1.0,1.3279672241953173
2021-01-24 13:00:00,1.023413884504147,0.868710036759659,1.100020528874647,1.0,1.3476386306589074
2021-01-24 14:00:00,1.023413884504147,0.868710036759659,1.0949786947270463,1.0,1.3540244174280305
2021-01-24 15:00:00,1.023413884504147,0.868710036759659,1.088856831439037,1.0,1.3617781261860933
2021-01-24 16:00:00,1.023413884504147,0.868710036759659,1.0850529552212447,1.0,1.3665959646377053
2021-01-24 17:00:00,1.023413884504147,0.868710036759659,1.07763607586016,1.0,1.3759898892900533
2021-01-24 18:00:00,1.023413884504147,0.868710036759659,1.0813451948043127,1.0,1.3712920666355843
2021-01-24 19:00:00,1.023413884504147,0.868710036759659,1.0810680552513021,1.0,1.371643080579916
2021-01-24 20:00:00,1.023413884504147,0.868710036759659,1.06213222358641,1.0,1.395626452457699
2021-01-24 21:00:00,1.023413884504147,0.868710036759659,1.0753252210578512,1.0,1.3789167261494075
2021-01-24 22:00:00,1.023413884504147,0.868710036759659,1.0833266067556162,1.0,1.3687824889992715
2021-01-24 23:00:00,1.023413884504147,0.868710036759659,1.0905977840722874,1.0,1.3595731047661859
2021-01-25 00:00:00,1.023413884504147,0.868710036759659,1.0954575755723222,1.0,1.3534178859801043
2021-01-25 01:00:00,1.023413884504147,0.868710036759659,1.1061637889663816,1.0,1.3398578215595542
2021-01-25 02:00:00,1.023413884504147,0.8681019397339272,1.116458368612587,1.0,1.3249005721534768
2021-01-25 03:00:00,1.023413884504147,0.8706777073202313,1.1131459396168615,1.0,1.3209694255995656
2021-01-25 04:00:00,1.023413884504147,0.84943587785914,1.1404628653376874,1.0,1.3533887887163125
2021-01-25 05:00:00,1.023413884504147,0.8543906585098783,1.1340910330410803,1.0,1.3458267831285007
2021-01-25 06:00:00,1.023413884504147,0.8551929943990603,1.133059231617004,1.0,1.344602254959652
2021-01-25 07:00:00,1.023413884504147,0.8511477742494222,1.1382613719766401,1.0,1.3507760857569715
2021-01-25 08:00:00,1.023413884504147,0.8552996908109198,1.1329220203677195,1.0,1.344439414479002
2021-01-25 09:00:00,1.023413884504147,0.8523911571876279,1.1366623854379467,1.0,1.3488784298587029
2021-01-25 10:00:00,1.023413884504147,0.863922820869406,1.1218327022974393,1.0,1.3312787596926021
2021-01-25 11:00:00,1.023413884504147,0.8614503163945798,1.1250123352573476,1.0,1.33505230568232
2021-01-25 12:00:00,1.023413884504147,0.859541137282369,1.1274675335768494,1.0,1.337966102302665
2021-01-25 13:00:00,1.023413884504147,0.8331123832447358,1.1614548279510184,1.0,1.3783017699737867
2021-01-25 14:00:00,1.023413884504147,0.8239504891263646,1.1732369949038246,1.0,1.3922846885733695
2021-01-25 15:00:00,1.023413884504147,0.8257075466216667,1.1709774245040951,1.0,1.3896030605591
2021-01-25 16:00:00,1.023413884504147,0.8254289210906965,1.171335736058539,1.0,1.390028299933075
2021-01-25 17:00:00,1.023413884504147,0.8395643469618905,1.1531576229509588,1.0,1.3684547577404171
2021-01-25 18:00:00,1.023413884504147,0.843277857474658,1.1483820601386037,1.0,1.3627871834869008
2021-01-25 19:00:00,1.023413884504147,0.8466770889524925,1.144010659174389,1.0,1.357599263124408
2021-01-25 20:00:00,1.023413884504147,0.8534016038999421,1.1353629541514043,1.0,1.3473362821384869
2021-01-25 21:00:00,1.023413884504147,0.8521687849629106,1.1369483554178914,1.0,1.3492178152168892
2021-01-25 22:00:00,1.023413884504147,0.8723349350044372,1.1110147500394822,1.0,1.3184401582330327
2021-01-25 23:00:00,1.023413884504147,0.87932434228133,1.102026394315922,1.0,1.3077728975389633
2021-01-26 00:00:00,1.023413884504147,0.8849921930113283,1.094737556145383,1.0,1.2991226016101733
2021-01-26 01:00:00,1.023413884504147,0.8790340963490685,1.102399649669793,1.0,1.308215872014791
2021-01-26 02:00:00,1.023413884504147,0.8703127650203054,1.1120523252042462,1.0,1.3178239958840579
2021-01-26 03:00:00,1.023413884504147,0.882319900185598,1.0967111565651677,1.0,1.2996428413857932
2021-01-26 04:00:00,1.023413884504147,0.9033492663591971,1.069842544827153,1.0,1.2678002619412017
2021-01-26 05:00:00,1.023413884504147,0.8908450458992597,1.0858188249418805,1.0,1.2867341009405013
2021-01-26 06:00:00,1.023413884504147,0.88914591798302,1.0879897514404635,1.0,1.2893069134167667
2021-01-26 07:00:00,1.023413884504147,0.901363051748724,1.0723802736753087,1.0,1.270807779904696
2021-01-26 08:00:00,1.023413884504147,0.9001586167380103,1.0739191453844887,1.0,1.272631530425653
2021-01-26 09:00:00,1.023413884504147,0.8933690164193938,1.082594020951886,1.0,1.2829123151986146
2021-01-26 10:00:00,1.023413884504147,0.8955665587353442,1.0797862848186282,1.0,1.2795848056959103
2021-01-26 11:00:00,1.023413884504147,0.8838294977194413,1.094782387543664,1.0,1.2973570150321152
2021-01-26 12:00:00,1.023413884504147,0.8956463050392979,1.07968439527708,1.0,1.27946405417168
2021-01-26 13:00:00,1.023413884504147,0.908872495371029,1.062785675179538,1.0,1.2594370113730162
2021-01-26 14:00:00,1.023413884504147,0.8977851009113356,1.0769517177727626,1.0,1.2762254982918255
2021-01-26 15:00:00,1.023413884504147,0.9104684847341554,1.060746525821357,1.0,1.2570203708680887
2021-01-26 16:00:00,1.023413884504147,0.8967699304620051,1.0782487716366687,1.0,1.277762665195276
2021-01-26 17:00:00,1.023413884504147,0.8905922501157266,1.0861418147885877,1.0,1.2871168832723112
2021-01-26 18:00:00,1.023413884504147,0.8853329813699814,1.0928614300536788,1.0,1.2950804462952945
2021-01-26 19:00:00,1.023413884504147,0.8842401911848028,1.0942576564046917,1.0,1.2967351446823294
2021-01-26 20:00:00,1.023413884504147,0.8847476434989614,1.0936092992886413,1.0,1.2959667624831444
2021-01-26 21:00:00,1.023413884504147,0.890527389788511,1.0862246849490467,1.0,1.2872150945120182
2021-01-26 22:00:00,1.023413884504147,0.8905234024733133,1.0862297794261242,1.0,1.2872211320882299
2021-01-26 23:00:00,1.023413884504147,0.8697933507605539,1.1127159657515286,1.0,1.3186104908118772
2021-01-27 00:00:00,1.023413884504147,0.877986486028755,1.1022478342528865,1.0,1.3062044792124639
2021-01-27 01:00:00,1.023413884504147,0.8810875539685005,1.0982856896138897,1.0,1.3015088549402312
2021-01-27 02:00:00,1.023413884504147,0.8870303254038693,1.0891360087828785,1.0,1.2888584232413391
2021-01-27 03:00:00,1.023413884504147,0.8945506241426673,1.079902778527798,1.0,1.2997854457987448
2021-01-27 04:00:00,1.023413884504147,0.8945359630732509,1.0799207790134715,1.0,1.2997641432093407
2021-01-27 05:00:00,1.023413884504147,0.8930181274527187,1.0817843387283845,1.0,1.2975587223025324
2021-01-27 06:00:00,1.023413884504147,0.9031146250495475,1.0693881174718487,1.0,1.31222897156034
2021-01-27 07:00:00,1.023413884504147,0.8987970784183712,1.0746890906867865,1.0,1.3059555599486283
2021-01-27 08:00:00,1.023413884504147,0.8963622343994313,1.0776785298358051,1.0,1.3024177223649351
2021-01-27 09:00:00,1.023413884504147,0.9123173506598738,1.058089246577785,1.0,1.3256005667357895
2021-01-27 10:00:00,1.023413884504147,0.9116578791600838,1.0588989288012864,1.0,1.3246423521482498
2021-01-27 11:00:00,1.023413884504147,0.9067666144540062,1.064904298380126,1.0,1.3175353260002307
2021-01-27 12:00:00,1.023413884504147,0.9269084342166817,1.0401746877510092,1.0,1.3468014664207553
2021-01-27 13:00:00,1.023413884504147,0.9239073409695244,1.0438593532051903,1.0,1.3424408665632812
2021-01-27 14:00:00,1.023413884504147,0.9372218049912938,1.0275121951592279,1.0,1.3617868332274852
2021-01-27 15:00:00,1.023413884504147,0.9562455107429997,1.0041553762865678,1.0,1.3894283497542028
2021-01-27 16:00:00,1.023413884504147,0.9359960842632863,1.0290171036878921,1.0,1.3600058563661643
2021-01-27 17:00:00,1.023413884504147,0.9298611182723696,1.036549457862731,1.0,1.3510917275396308
2021-01-27 18:00:00,1.023413884504147,0.9305349742176249,1.0357221147853612,1.0,1.3520708427809256
2021-01-27 19:00:00,1.023413884504147,0.9523312818327522,1.008961166329582,1.0,1.3837409603189315
2021-01-27 20:00:00,1.023413884504147,0.9243820276698766,1.0432765450275356,1.0,1.3431305881371982
2021-01-27 21:00:00,1.023413884504147,0.9023281831561317,1.0703536906939188,1.0,1.311086268509847
2021-01-27 22:00:00,1.023413884504147,0.9177342008733346,1.0514385765691414,1.0,1.3334712706171667
2021-01-27 23:00:00,1.023413884504147,0.9301916838941184,1.0361435978555649,1.0,1.3515720406403482
2021-01-28 00:00:00,1.023413884504147,0.9342165623848677,1.0312019550904865,1.0,1.3574202043352739
2021-01-28 01:00:00,1.023413884504147,0.9259645932950022,1.0413335114702151,1.0,1.3454300619859039
2021-01-28 02:00:00,1.023413884504147,0.9192242801768074,1.0480843728613811,1.0,1.3356363614901359
2021-01-28 03:00:00,1.023413884504147,0.9225784584083925,1.0519086269874829,1.0,1.3307627278126595
2021-01-28 04:00:00,1.023413884504147,0.9354351486815023,1.0665671356981896,1.0,1.3120819081394899
2021-01-28 05:00:00,1.023413884504147,0.9321226742645194,1.06279043002481,1.0,1.3168949460163584
2021-01-28 06:00:00,1.023413884504147,0.9449558316708179,1.0774221078229091,1.0,1.2982483196878178
2021-01-28 07:00:00,1.023413884504147,0.9405322484790737,1.0723785755162827,1.0,1.3046758028237437
2021-01-28 08:00:00,1.023413884504147,0.9287947098592557,1.0589960634975624,1.0,1.3217304909048813
2021-01-28 09:00:00,1.023413884504147,0.9255084492685942,1.0552492454230369,1.0,1.3265054399927962
2021-01-28 10:00:00,1.023413884504147,0.9376451529710343,1.0690868640606719,1.0,1.3088707635344101
2021-01-28 11:00:00,1.023413884504147,0.9384759525347901,1.070034097165263,1.0,1.3076636086208682
2021-01-28 12:00:00,1.023413884504147,0.9369546569549762,1.068299597536311,1.0,1.3098740568616205
2021-01-28 13:00:00,1.023413884504147,0.9378244793738242,1.0692913224073781,1.0,1.3086102015917953
2021-01-28 14:00:00,1.023413884504147,0.9464646161062512,1.0791423429160447,1.0,1.2960560501872476
2021-01-28 15:00:00,1.023413884504147,0.9480445949108984,1.0809437500106136,1.0,1.2937603349984967
2021-01-28 16:00:00,1.023413884504147,0.950736278259087,1.0840126630020395,1.0,1.2898493088963938
2021-01-28 17:00:00,1.023413884504147,0.9657657372729767,1.1011484460995835,1.0,1.2680114480115448
2021-01-28 18:00:00,1.023413884504147,0.961403220381186,1.096174538313015,1.0,1.2743502015822945
2021-01-28 19:00:00,1.023413884504147,0.972127356306168,1.108401622930581,1.0,1.2587679914559327
2021-01-28 20:00:00,1.023413884504147,0.9693895008775268,1.1052800670093552,1.0,1.2627461057658516
2021-01-28 21:00:00,1.023413884504147,0.9699822908136596,1.1059559343016236,1.0,1.2618847797429227
2021-01-28 22:00:00,1.023413884504147,0.9882461785343478,1.1267794395395951,1.0,1.2353472816937716
2021-01-28 23:00:00,1.023413884504147,0.9964085087051885,1.1360856906327852,1.0,1.2234873850333332
2021-01-29 00:00:00,1.023413884504147,0.9942896570390014,1.1336698896026818,1.0,1.22656608453137
2021-01-29 01:00:00,1.023413884504147,1.017124878608882,1.159705384522639,1.0,1.193386421081281
2021-01-29 02:00:00,1.022697494784994,1.009153394655304,1.1522297488592617,1.0,1.2010435535464843
2021-01-29 03:00:00,1.021348075568074,1.007821846479512,1.153749940819158,1.0,1.2026282951340779
2021-01-29 04:00:00,1.0285039769382287,1.0148829786288858,1.1456884402918797,1.0,1.1942244912191717
2021-01-29 05:00:00,1.048427807990193,1.0345429483101993,1.1232431931842688,1.0,1.1708261852988648
2021-01-29 06:00:00,1.0503268231035483,1.0364168138060244,1.121103852443566,1.0,1.1685960049458148
2021-01-29 07:00:00,1.0649446268503757,1.050841026585207,1.1046361251067718,1.0,1.1514290332394594
2021-01-29 08:00:00,1.0721162051193867,1.057917628016337,1.0965569637256252,1.0,1.1430068185643756
2021-01-29 09:00:00,0.9490784762779918,0.9365093500415523,1.235165458256704,1.0,1.2875008373934964
2021-01-29 10:00:00,0.929531192277398,0.9172209406085776,1.2571865052396696,1.0,1.3104569310164607
2021-01-29 11:00:00,0.940253286658488,0.9278010368713208,1.2451075000891534,1.0,1.297865033214235
2021-01-29 12:00:00,0.9285462609588819,0.9162490532336195,1.2582960823471276,1.0,1.3116136224299257
2021-01-29 13:00:00,0.9034285527243672,0.8914639915119703,1.2865925061940349,1.0,1.341111554818298
2021-01-29 14:00:00,0.8913419651851492,0.879537472764054,1.3002086848947056,1.0,1.3553058968621343
2021-01-29 15:00:00,0.9273765231211587,0.9150948068256498,1.2596138537511483,1.0,1.3129873483816374
2021-01-29 16:00:00,0.925321944934539,0.9130674384570122,1.2619284445033139,1.0,1.315400220124142
2021-01-29 17:00:00,0.9577728240878121,0.9450885542063563,1.225370816627694,1.0,1.2772903006096248
2021-01-29 18:00:00,0.9660915292827346,0.9532970905813845,1.2159993562279132,1.0,1.2675209139638544
2021-01-29 19:00:00,0.9831193547498609,0.97009940794441,1.19681661224067,1.0,1.2475236419332758
2021-01-29 20:00:00,1.0102301394908677,0.9968511508524222,1.1662748825298495,1.0,1.215685064630788
2021-01-29 21:00:00,1.0027977820389624,0.989517223869,1.1746478254224595,1.0,1.224413535220364
2021-01-29 22:00:00,1.000708835266389,0.9874559420749737,1.1770011342004134,1.0,1.2268667690140271
2021-01-29 23:00:00,1.0056175134812888,0.9922996121818198,1.1714712491487977,1.0,1.2211020767599614
2021-01-30 00:00:00,1.0130326866402173,0.9996165824525477,1.1631176652690818,1.0,1.2123937871959645
2021-01-30 01:00:00,1.012783966610289,0.9993711563477602,1.163397861508339,1.0,1.2126858809872434
2021-01-30 02:00:00,1.0152026806305936,1.002459559806949,1.159060084092835,1.0,1.2064724890530787
2021-01-30 03:00:00,1.0077138365679816,1.002459559806949,1.1505108722933468,1.0,1.1975727052870058
2021-01-30 04:00:00,0.989986887041892,1.002459559806949,1.1302739111828866,1.0,1.1765059002774139
2021-01-30 05:00:00,0.9969083854177329,1.002459559806949,1.1381754451299346,1.0,1.1847314472866974
2021-01-30 06:00:00,0.9969425987129499,1.002459559806949,1.1382145027875281,1.0,1.1847721065562469
2021-01-30 07:00:00,1.0059921640512832,1.002459559806949,1.148545423036886,1.0,1.1955266601315053
2021-01-30 08:00:00,1.0130897865207624,1.002459559806949,1.1566480190125885,1.0,1.2039615139892519
2021-01-30 09:00:00,1.0084037551037037,1.002459559806949,1.1512984784495128,1.0,1.1983926082964418
2021-01-30 10:00:00,1.0192618649778953,1.002459559806949,1.1636940204424384,1.0,1.21129644621597
2021-01-30 11:00:00,1.0205566150716696,1.002459559806949,1.1651720980584948,1.0,1.2128351343992667
2021-01-30 12:00:00,1.0021183265119826,1.002459559806949,1.1441230773018969,1.0,1.190922970141912
2021-01-30 13:00:00,1.0044608959601398,1.002459559806949,1.146797338135727,1.0,1.1937068926500187
2021-01-30 14:00:00,1.0190161242661633,1.002459559806949,1.1634134845713762,1.0,1.2110044065929453
2021-01-30 15:00:00,1.0188414877070995,1.002459559806949,1.1632141207017472,1.0,1.2107968675388103
2021-01-30 16:00:00,1.018022153663383,1.002459559806949,1.1622787747103365,1.0,1.2098231664228176
2021-01-30 17:00:00,1.010398241461393,1.002459559806949,1.1535753700713058,1.0,1.2007628669317412
2021-01-30 18:00:00,1.0196182782619811,1.002459559806949,1.16410089934502,1.0,1.2117200097370153
2021-01-30 19:00:00,1.0221572022739918,1.002459559806949,1.1669993171702557,1.0,1.2147372810964492
2021-01-30 20:00:00,1.0208675097977713,1.002459559806949,1.1655270132948872,1.0,1.2132046034138684
2021-01-30 21:00:00,1.0164650024706405,1.002459559806949,1.160501141842129,1.0,1.20797263932002
2021-01-30 22:00:00,1.032262322146496,1.002459559806949,1.1785352510643212,1.0,1.226746261527024
2021-01-30 23:00:00,1.0276334120571038,1.002459559806949,1.1732509198078365,1.0,1.2212452391364184
2021-01-31 00:00:00,1.0192841779965152,1.002459559806949,1.1637194928278254,1.0,1.2113229631308935
2021-01-31 01:00:00,1.0137011632309432,1.002459559806949,1.1573459623721922,1.0,1.204688077458157
2021-01-31 02:00:00,1.0161631718252961,1.002459559806949,1.161782912274803,1.0,1.207613942109198
2021-01-31 03:00:00,1.0030932521680416,1.002459559806949,1.1468414902703978,1.0,1.2231463070265336
2021-01-31 04:00:00,1.0083871147910184,1.002459559806949,1.1528933894065443,1.0,1.2168550513617231
2021-01-31 05:00:00,1.0111830371853636,1.002459559806949,1.1560896643249055,1.0,1.2135323617011624
2021-01-31 06:00:00,1.003113157257875,1.002459559806949,1.1468642456013438,1.0,1.2231226517075175
2021-01-31 07:00:00,1.0000005359715554,1.002459559806949,1.143305923178682,1.0,1.2268217080855535
2021-01-31 08:00:00,0.9984348669652652,1.002459559806949,1.1415160635654888,1.0,1.2286823578051533
2021-01-31 09:00:00,0.998425360056688,1.002459559806949,1.1415051953477235,1.0,1.2286936558679666
2021-01-31 10:00:00,0.9895765078076636,1.002459559806949,1.131389262031032,1.0,1.2392096808961042
2021-01-31 11:00:00,1.000125908328416,1.002459559806949,1.1434492478004596,1.0,1.2266727148822003
2021-01-31 12:00:00,0.9976303448269284,1.002459559806949,1.1405963406371153,1.0,1.2296384563707465
2021-01-31 13:00:00,1.0098033470781125,1.002459559806949,1.1545124142217422,1.0,1.215171993066973
2021-01-31 14:00:00,1.0012521799039085,1.002459559806949,1.1447367919738212,1.0,1.2253342475032625
2021-01-31 15:00:00,0.9904882797583857,1.002459559806949,1.1324315920410684,1.0,1.2381261260593959
2021-01-31 16:00:00,0.9760885812639098,1.002459559806949,1.115969978076767,1.0,1.2552388075127712
2021-01-31 17:00:00,0.9772849662901588,1.002459559806949,1.1173376753561464,1.0,1.2538170169205833
2021-01-31 18:00:00,0.9598772225037115,1.002459559806949,1.0974372893645998,1.0,1.2745044760610458
2021-01-31 19:00:00,0.96434190444423,1.002459559806949,1.1025412761325448,1.0,1.2691986233122512
2021-01-31 20:00:00,0.9742585013628191,1.002459559806949,1.1138778461569812,1.0,1.2574136846043718
2021-01-31 21:00:00,0.9758737845482462,1.002459559806949,1.1157244242816364,1.0,1.2554940731194637
2021-01-31 22:00:00,0.9673591595538854,1.002459559806949,1.1059905767457499,1.0,1.2656129006268135
2021-01-31 23:00:00,0.97962128907298,1.002459559806949,1.1200085398719248,1.0,1.2510405179841635
2021-02-01 00:00:00,0.9834050386866638,1.002459559806949,1.124334090542443,1.0,1.2465438889843865
2021-02-01 01:00:00,0.9669257039409485,1.002459559806949,1.1054950539420214,1.0,1.2661280216782171
2021-02-01 02:00:00,0.991820017631405,1.002459559806949,1.1355436382717496,1.0,1.2332003235009303
2021-02-01 03:00:00,0.9983393444694839,1.002459559806949,1.1430070471901412,1.0,1.2250943810690293
2021-02-01 04:00:00,0.9961279650723944,1.002459559806949,1.1404754317144785,1.0,1.2278439462516182
2021-02-01 05:00:00,0.9958689720198509,1.002459559806949,1.1401789331485737,1.0,1.2281659707222918
2021-02-01 06:00:00,1.001692607325038,1.002459559806949,1.1468459054838651,1.0,1.220925031020894
2021-02-01 07:00:00,0.9943764244283891,1.002459559806949,1.1384702455368136,1.0,1.230021761228544
2021-02-01 08:00:00,1.0028932314758325,1.002459559806949,1.1482203953993477,1.0,1.2194322096774626
2021-02-01 09:00:00,1.0231133797945102,1.002459559806949,1.1713686803436396,1.0,1.1942910620856049
2021-02-01 10:00:00,1.0196283953864596,1.002459559806949,1.1673790255284247,1.0,1.1986241909023303
2021-02-01 11:00:00,1.0143209661653796,1.002459559806949,1.1613030125341117,1.0,1.2052232948889836
2021-02-01 12:00:00,1.0145087583787358,1.002459559806949,1.1615179994667781,1.0,1.2049897994824128
2021-02-01 13:00:00,1.0025247671330384,1.002459559806949,1.1477985726973388,1.0,1.219890347584194
2021-02-01 14:00:00,1.0006581184656804,1.002459559806949,1.145661609379272,1.0,1.2222112845480857
2021-02-01 15:00:00,0.9953153854951705,1.002459559806949,1.139545180200145,1.0,1.22885428419569
2021-02-01 16:00:00,0.9836942218591647,1.002459559806949,1.1262411231284166,1.0,1.2433037029416478
2021-02-01 17:00:00,0.9929438042099098,1.002459559806949,1.1368301635496958,1.0,1.23180303977251
2021-02-01 18:00:00,1.0078944970884072,1.002459559806949,1.1539459083707353,1.0,1.213213780666451
2021-02-01 19:00:00,1.0009283849844286,1.002459559806949,1.1459710139537727,1.0,1.2218752429755961
2021-02-01 20:00:00,1.0040573651965432,1.002459559806949,1.1495531106027956,1.0,1.217984759479384
2021-02-01 21:00:00,1.0042730444052477,1.002459559806949,1.1498000229251468,1.0,1.217716590189373
2021-02-01 22:00:00,0.9989653185140047,1.002459559806949,1.143723670299029,1.0,1.2243160630471268
2021-02-01 23:00:00,0.9954954642842815,1.002459559806949,1.1397513367058774,1.0,1.2286303794377302
2021-02-02 00:00:00,0.9945173427559472,1.002459559806949,1.1386315706442647,1.0,1.2298465474558409
2021-02-02 01:00:00,1.001889596313456,1.002459559806949,1.1470714210024913,1.0,1.22068010061021
2021-02-02 02:00:00,1.0005999021378646,1.002459559806949,1.146397931132859,1.0,1.2196850973259452
2021-02-02 03:00:00,1.0005999021378646,1.002459559806949,1.143539250228827,1.0,1.2166433928689988
2021-02-02 04:00:00,1.0005999021378646,1.002459559806949,1.1402179908061671,1.0,1.2131094938688232
2021-02-02 05:00:00,1.0005999021378646,1.002459559806949,1.1509235249366163,1.0,1.2245004367448369
2021-02-02 06:00:00,1.0005999021378646,1.002459559806949,1.1547943086200252,1.0,1.2286190426252952
2021-02-02 07:00:00,1.0005999021378646,1.002459559806949,1.1654010098951726,1.0,1.239904824993174
2021-02-02 08:00:00,1.0005999021378646,1.002459559806949,1.162940037834983,1.0,1.2372862922029833
2021-02-02 09:00:00,1.0005999021378646,1.002459559806949,1.178152486019906,1.0,1.253472698800475
2021-02-02 10:00:00,1.0005999021378646,1.002459559806949,1.2015612685587553,1.0,1.27838020004683
2021-02-02 11:00:00,1.0005999021378646,1.002459559806949,1.196744610297976,1.0,1.2732551611245997
2021-02-02 12:00:00,1.0005999021378646,1.002459559806949,1.1819522866560361,1.0,1.2575157770307608
2021-02-02 13:00:00,1.0005999021378646,1.002459559806949,1.1826023419311125,1.0,1.2582074513007613
2021-02-02 14:00:00,1.0005999021378646,1.002459559806949,1.1846795300514712,1.0,1.2604176288531772
2021-02-02 15:00:00,1.0005999021378646,1.002459559806949,1.1827466854483055,1.0,1.2583610362353226
2021-02-02 16:00:00,1.0005999021378646,1.002459559806949,1.1795487123709187,1.0,1.2549583168380782
2021-02-02 17:00:00,1.0005999021378646,1.002459559806949,1.1892998811288682,1.0,1.2653337922644043
2021-02-02 18:00:00,1.0005999021378646,1.002459559806949,1.1853788319382956,1.0,1.261161702689087
2021-02-02 19:00:00,1.0005999021378646,1.002459559806949,1.1984122024613117,1.0,1.275029518839178
2021-02-02 20:00:00,1.0005999021378646,1.002459559806949,1.2153730751791982,1.0,1.2930762907146023
2021-02-02 21:00:00,1.0005999021378646,1.002459559806949,1.2161718891849347,1.0,1.2939262478112803
2021-02-02 22:00:00,1.0005999021378646,1.002459559806949,1.2115804068109761,1.0,1.2890408013869654
2021-02-02 23:00:00,1.0005999021378646,1.002459559806949,1.2090684899800126,1.0,1.2863680621492828
2021-02-03 00:00:00,1.0005999021378646,1.002459559806949,1.2051311384627925,1.0,1.2821786265107677
2021-02-03 01:00:00,1.0005999021378646,1.002459559806949,1.228064436474418,1.0,1.3065802009138625
2021-02-03 02:00:00,1.0005999021378646,1.0017578381150842,1.220069164149146,1.0,1.2962557771970649
2021-02-03 03:00:00,1.0005999021378646,1.002354674701539,1.2193423520861035,1.0,1.2954834818939502
2021-02-03 04:00:00,1.0005999021378646,0.9877472386958609,1.2371309075131651,1.0,1.3143852289948512
2021-02-03 05:00:00,1.0005999021378646,0.9813248307926465,1.2449519487223901,1.0,1.3226957038734128
2021-02-03 06:00:00,1.0005999021378646,0.9857043284174587,1.2396187104859622,1.0,1.317028716422568
2021-02-03 07:00:00,1.0005999021378646,0.9837043680616332,1.2420542101607648,1.0,1.319616627459313
2021-02-03 08:00:00,1.0005999021378646,0.9902692916170336,1.234059617099103,1.0,1.3111217400107087
2021-02-03 09:00:00,1.0005999021378646,0.9982939547488379,1.2242873911692334,1.0,1.3007379770403744
2021-02-03 10:00:00,1.0005999021378646,1.0024846400516736,1.2191840836648988,1.0,1.2953153091784122
2021-02-03 11:00:00,1.0005999021378646,0.9993311674895037,1.2230243004858434,1.0,1.2993958432869714
2021-02-03 12:00:00,1.0005999021378646,0.9995222109762895,1.2227916526993086,1.0,1.2991486366128433
2021-02-03 13:00:00,1.0005999021378646,0.9936252423856361,1.2299728275876123,1.0,1.3067792029161398
2021-02-03 14:00:00,1.0005999021378646,0.9841450231114456,1.2415175919086119,1.0,1.3190464281233685
2021-02-03 15:00:00,1.0005999021378646,0.9835021687508017,1.2423004432195057,1.0,1.3198782695596674
2021-02-03 16:00:00,1.0005999021378646,0.9753408467744356,1.2522390887339034,1.0,1.3304388665012752
2021-02-03 17:00:00,1.0005999021378646,0.9672835528572972,1.2620510515849768,1.0,1.3408648530933216
2021-02-03 18:00:00,1.0005999021378646,0.9662795286931678,1.263273726083553,1.0,1.3421640414537013
2021-02-03 19:00:00,1.0005999021378646,0.9680128648542967,1.2611629144144831,1.0,1.339921137103768
2021-02-03 20:00:00,1.0005999021378646,0.9772956260428751,1.2498586094115371,1.0,1.3279094189407472
2021-02-03 21:00:00,1.0005999021378646,0.9705563927367578,1.258065472351424,1.0,1.3366298599241397
2021-02-03 22:00:00,1.0005999021378646,0.96420119867342,1.2658046622956052,1.0,1.344853361359687
2021-02-03 23:00:00,1.0005999021378646,0.9636885885585117,1.2664289055534896,1.0,1.3455166691947922
2021-02-04 00:00:00,1.0005999021378646,0.9541219116479656,1.2780789557340886,1.0,1.3578957689552758
2021-02-04 01:00:00,1.0005999021378646,0.9408835741483186,1.2942002586296195,1.0,1.3750259283725366
2021-02-04 02:00:00,1.0005999021378646,0.9374128021722821,1.297518121734228,1.0,1.3766214886790744
2021-02-04 03:00:00,1.0005999021378646,0.9374128021722821,1.2883721768530736,1.0,1.366916398622644
2021-02-04 04:00:00,1.0005999021378646,0.9374128021722821,1.2751326498243254,1.0,1.352867461767218
2021-02-04 05:00:00,1.0005999021378646,0.9374128021722821,1.280391169063618,1.0,1.358447465084969
2021-02-04 06:00:00,1.0005999021378646,0.9374128021722821,1.2768243558458277,1.0,1.3546625916855621
2021-02-04 07:00:00,1.0005999021378646,0.9374128021722821,1.293793379727038,1.0,1.3726690313784369
2021-02-04 08:00:00,1.0005999021378646,0.9374128021722821,1.2859753952040591,1.0,1.3643730876742899
2021-02-04 09:00:00,1.0005999021378646,0.9374128021722821,1.2707181156208556,1.0,1.3481830412334634
2021-02-04 10:00:00,1.0005999021378646,0.9374128021722821,1.2746177680077029,1.0,1.3523211022096577
2021-02-04 11:00:00,1.0005999021378646,0.9374128021722821,1.2781254852913957,1.0,1.3560432667944107
2021-02-04 12:00:00,1.0005999021378646,0.9374128021722821,1.2680357036237015,1.0,1.3453366376809481
2021-02-04 13:00:00,1.0005999021378646,0.9374128021722821,1.2785761766968429,1.0,1.3565215116050193
2021-02-04 14:00:00,1.0005999021378646,0.9374128021722821,1.2774295797226227,1.0,1.3553048164425363
2021-02-04 15:00:00,1.0005999021378646,0.9374128021722821,1.250503570209536,1.0,1.3267326622714273
2021-02-04 16:00:00,1.0005999021378646,0.9374128021722821,1.2425368269558972,1.0,1.3182788653441857
2021-02-04 17:00:00,1.0005999021378646,0.9374128021722821,1.2545462075863556,1.0,1.3310224497474452
2021-02-04 18:00:00,1.0005999021378646,0.9374128021722821,1.2532386251364895,1.0,1.3296349271243528
2021-02-04 19:00:00,1.0005999021378646,0.9374128021722821,1.2614882816838267,1.0,1.3383889334918633
2021-02-04 20:00:00,1.0005999021378646,0.9374128021722821,1.273193691848667,1.0,1.3508099639346898
2021-02-04 21:00:00,1.0005999021378646,0.9374128021722821,1.2785238733988482,1.0,1.3564660107000954
2021-02-04 22:00:00,1.0005999021378646,0.9374128021722821,1.2791382673343827,1.0,1.3571179661352057
2021-02-04 23:00:00,1.0005999021378646,0.9374128021722821,1.2658892306150902,1.0,1.3430589382061575
2021-02-05 00:00:00,1.0005999021378646,0.9374128021722821,1.2550950525834943,1.0,1.3316048488536576
2021-02-05 01:00:00,1.0005999021378646,0.9374128021722821,1.256964386039095,1.0,1.33358846561145
2021-02-05 02:00:00,0.9998994822063682,0.9374128021722821,1.24476039638428,1.0,1.3187894534382578
2021-02-05 03:00:00,1.0084222449264748,0.9374128021722821,1.2553687958184532,1.0,1.3075485939424294
2021-02-05 04:00:00,1.020463529345822,0.9374128021722821,1.2703567473801654,1.0,1.2916670786694688
2021-02-05 05:00:00,1.0173834926695111,0.9374128021722821,1.2665229835635188,1.0,1.2957294068906604
2021-02-05 06:00:00,1.0117942411388994,0.9374128021722821,1.259565965666621,1.0,1.3031011938576063
2021-02-05 07:00:00,1.0204135960793652,0.9374128021722821,1.270294594759821,1.0,1.2917329367545574
2021-02-05 08:00:00,1.028210279990501,0.9374128021722821,1.2799992339604636,1.0,1.2814497185943587
2021-02-05 09:00:00,1.0299568528789724,0.9374128021722821,1.2821732171452929,1.0,1.2791461251372498
2021-02-05 10:00:00,1.0173144592464862,0.9374128021722821,1.2664370567168133,1.0,1.2958204565929958
2021-02-05 11:00:00,1.0211999768112154,0.9374128021722821,1.271273413622292,1.0,1.2906957618844765
2021-02-05 12:00:00,1.0292182225385424,0.9374128021722821,1.2812538338487247,1.0,1.2801203209642134
2021-02-05 13:00:00,1.0338802978974586,0.9374128021722821,1.2870567828716888,1.0,1.273971407074483
2021-02-05 14:00:00,1.045143114506962,0.9374128021722821,1.3010757648932791,1.0,1.2591166301444585
2021-02-05 15:00:00,1.0399345018108161,0.9374128021722821,1.2945925333645794,1.0,1.2659863841676977
2021-02-05 16:00:00,1.0363464009697916,0.9374128021722821,1.2901263751267251,1.0,1.2707188094076574
2021-02-05 17:00:00,1.0322114899321575,0.9374128021722821,1.28497959475133,1.0,1.2761724346613723
2021-02-05 18:00:00,1.0346426670039088,0.9374128021722821,1.2880057141353058,1.0,1.2729659016660841
2021-02-05 19:00:00,1.0212643716247882,0.9374128021722821,1.27135356672831,1.0,1.2906108301463297
2021-02-05 20:00:00,1.0263087229744476,0.9374128021722821,1.2776323399103031,1.0,1.2839577240314144
2021-02-05 21:00:00,1.0296187801077155,0.9374128021722821,1.2817524133386995,1.0,1.2795920167625205
2021-02-05 22:00:00,1.0321247206494621,0.9374128021722821,1.284871591837289,1.0,1.2762868765797228
2021-02-05 23:00:00,1.031343524245823,0.9374128021722821,1.283899225979116,1.0,1.2773172137251223
2021-02-06 00:00:00,1.0459109408010034,0.9374128021722821,1.3020314887929996,1.0,1.2581039271311318
2021-02-06 01:00:00,1.0574332466804548,0.9374128021722821,1.316373460661297,1.0,1.2429069040867955
2021-02-06 02:00:00,1.0585824176416054,0.9374128021722821,1.3187274487028613,1.0,1.2385663072689597
2021-02-06 03:00:00,1.0585824176416054,0.9374128021722821,1.3382729194580156,1.0,1.2569267857358457
2021-02-06 04:00:00,1.0585824176416054,0.9374128021722821,1.3388360289909709,1.0,1.2574557553669097
2021-02-06 05:00:00,1.0585824176416054,0.9374128021722821,1.3316334572989423,1.0,1.2506898573174692
2021-02-06 06:00:00,1.0585824176416054,0.9374128021722821,1.326292747162801,1.0,1.2456729408829215
2021-02-06 07:00:00,1.0585824176416054,0.9374128021722821,1.334538328128476,1.0,1.2534186132007559
2021-02-06 08:00:00,1.0585824176416054,0.9374128021722821,1.3378123787302187,1.0,1.2564941664235885
2021-02-06 09:00:00,1.0585824176416054,0.9374128021722821,1.3400311933133289,1.0,1.2585784599095595
2021-02-06 10:00:00,1.0585824176416054,0.9374128021722821,1.3563786909910964,1.0,1.2739348502907415
2021-02-06 11:00:00,1.0585824176416054,0.9374128021722821,1.361070364747577,1.0,1.2783420797741654
2021-02-06 12:00:00,1.0585824176416054,0.9374128021722821,1.3667255739352968,1.0,1.2836544279809479
2021-02-06 13:00:00,1.0585824176416054,0.9374128021722821,1.3575015137389557,1.0,1.2749895991449618
2021-02-06 14:00:00,1.0585824176416054,0.9374128021722821,1.3642978857920127,1.0,1.2813739244086648
2021-02-06 15:00:00,1.0585824176416054,0.9374128021722821,1.3694517984353163,1.0,1.2862153684083
2021-02-06 16:00:00,1.0585824176416054,0.9374128021722821,1.387949505071552,1.0,1.3035916060357218
2021-02-06 17:00:00,1.0585824176416054,0.9374128021722821,1.381370497373797,1.0,1.2974114668780985
2021-02-06 18:00:00,1.0585824176416054,0.9374128021722821,1.3674948399739844,1.0,1.284377055371997
2021-02-06 19:00:00,1.0585824176416054,0.9374128021722821,1.3700020019596755,1.0,1.2867322144893154
2021-02-06 20:00:00,1.0585824176416054,0.9374128021722821,1.3666233447619436,1.0,1.2835583967029318
2021-02-06 21:00:00,1.0585824176416054,0.9374128021722821,1.3632270267103432,1.0,1.2803679887954293
2021-02-06 22:00:00,1.0585824176416054,0.9374128021722821,1.3616772867833982,1.0,1.2789122056672362
2021-02-06 23:00:00,1.0585824176416054,0.9374128021722821,1.3610486283120469,1.0,1.2783216611635573
2021-02-07 00:00:00,1.0585824176416054,0.9374128021722821,1.3323388725582597,1.0,1.2513525050398573
2021-02-07 01:00:00,1.0585824176416054,0.9374128021722821,1.3450159693176627,1.0,1.2632610215954012
2021-02-07 02:00:00,1.0585824176416054,0.9367566132107614,1.3128012133346239,1.0,1.2312731626730409
2021-02-07 03:00:00,1.0585824176416054,0.9398038985891047,1.3170710643890957,1.0,1.2352785154535244
2021-02-07 04:00:00,1.0585824176416054,0.942291755503145,1.3205570452372581,1.0,1.2385485552991242
2021-02-07 05:00:00,1.0585824176416054,0.9290904072016746,1.3020593386010226,1.0,1.2211966992828778
2021-02-07 06:00:00,1.0585824176416054,0.9339383832478282,1.3088523143360282,1.0,1.2275688803966585
2021-02-07 07:00:00,1.0585824176416054,0.9342122801995884,1.3092360982758593,1.0,1.2279288906290755
2021-02-07 08:00:00,1.0585824176416054,0.9460184507538631,1.3257788842415936,1.0,1.2434469246118776
2021-02-07 09:00:00,1.0585824176416054,0.9578738258047816,1.3423906154637757,1.0,1.2590296329992645
2021-02-07 10:00:00,1.0585824176416054,0.9579981701731471,1.342564846579823,1.0,1.2591930712729194
2021-02-07 11:00:00,1.0585824176416054,0.9542273605461279,1.3372811945869485,1.0,1.2542367180112282
2021-02-07 12:00:00,1.0585824176416054,0.947705219680676,1.3281423819737024,1.0,1.2456640141759394
2021-02-07 13:00:00,1.0585824176416054,0.9419022401036066,1.320011256926366,1.0,1.2380365761455898
2021-02-07 14:00:00,1.0585824176416054,0.9372307215626577,1.313465533145517,1.0,1.231896330827561
2021-02-07 15:00:00,1.0585824176416054,0.9270776281862623,1.2992390360909738,1.0,1.2185511019643018
2021-02-07 16:00:00,1.0585824176416054,0.9195840014954526,1.2887389792026465,1.0,1.208701476879874
2021-02-07 17:00:00,1.0585824176416054,0.9259931901666387,1.2977195233946879,1.0,1.2171257163184315
2021-02-07 18:00:00,1.0585824176416054,0.9183950948154674,1.2870730851983365,1.0,1.2071387775966835
2021-02-07 19:00:00,1.0585824176416054,0.9273217115760166,1.2995810453187697,1.0,1.2188719252422169
2021-02-07 20:00:00,1.0585824176416054,0.9230397084346063,1.293581109848813,1.0,1.2132436590777227
2021-02-07 21:00:00,1.0585824176416054,0.9330170714658458,1.307561373844615,1.0,1.2263579079246079
2021-02-07 22:00:00,1.0585824176416054,0.9342294896540795,1.3092602121340255,1.0,1.2279515107410237
2021-02-07 23:00:00,1.0585824176416054,0.9406607355134161,1.3182716628203364,1.0,1.23640474215405
2021-02-08 00:00:00,1.0585824176416054,0.9409976530027494,1.3187437510295088,1.0,1.2368475865992357
2021-02-08 01:00:00,1.0585824176416054,0.9391887211877179,1.3162090788675997,1.0,1.2344699260996534
2021-02-08 02:00:00,1.0578414099492564,0.9332052467538468,1.3096582606096732,1.0,1.2266052455774479
2021-02-08 03:00:00,1.0503419449897022,0.9265893778889303,1.3003751044792342,1.0,1.2353011455222749
2021-02-08 04:00:00,1.045195785959175,0.9220495455825469,1.2940049703416525,1.0,1.2412683024155973
2021-02-08 05:00:00,1.0589111942348195,0.9341489877520653,1.310982485017992,1.0,1.2253647921371056
2021-02-08 06:00:00,1.0615948464782397,0.9365164488199227,1.3143044237042623,1.0,1.2222530006264645
2021-02-08 07:00:00,1.07117873083185,0.9449711482474108,1.326167762658502,1.0,1.211140141259662
2021-02-08 08:00:00,1.0777634328244718,0.9507800326321885,1.3343185863505374,1.0,1.2035049419483572
2021-02-08 09:00:00,1.0757240107689212,0.9489808977669002,1.331794103142783,1.0,1.2058697253343704
2021-02-08 10:00:00,1.0701715038217696,0.9440825939502935,1.3249209743017596,1.0,1.212308057284155
2021-02-08 11:00:00,1.0826396078239668,0.9550816907548715,1.3403545227918414,1.0,1.1978508412708075
2021-02-08 12:00:00,1.082908768732953,0.9553191387977678,1.3406877015927032,1.0,1.1975387394947172
2021-02-08 13:00:00,1.1929478394296935,1.0523932721757012,1.4768987352111576,1.0,1.0699444705753678
2021-02-08 14:00:00,1.181196125981383,1.0420261599175065,1.4623519653643484,1.0,1.0835710059186119
2021-02-08 15:00:00,1.1969150133165771,1.0558930288038733,1.4818094714819663,1.0,1.0653443894535646
2021-02-08 16:00:00,1.2006278424912995,1.0591684079236203,1.4864053690693917,1.0,1.0610392301935712
2021-02-08 17:00:00,1.186781557810368,1.0469535093662719,1.4692658500219913,1.0,1.0770944963815376
2021-02-08 18:00:00,1.1839999540434942,1.0444996375427427,1.4658226627812787,1.0,1.0803198662143645
2021-02-08 19:00:00,1.172754186279354,1.0345788598320513,1.451902173983185,1.0,1.0933597392995955
2021-02-08 20:00:00,1.18312771904893,1.0437301703374753,1.464742973272675,1.0,1.081331254130971
2021-02-08 21:00:00,1.2127886475963872,1.0698964121613852,1.5014585299376946,1.0,1.0469383383282573
2021-02-08 22:00:00,1.2263144634274756,1.081828599899057,1.5182013590366683,1.0,1.0312546673232401
2021-02-08 23:00:00,1.2274163494728263,1.0828006603886304,1.5195653203661912,1.0,1.0299769907352905
2021-02-09 00:00:00,1.2737625106372814,1.1236862604027604,1.576934566366602,1.0,0.9762369462805877
2021-02-09 01:00:00,1.2854426124676044,1.1339901984110103,1.591392692312264,1.0,0.9626934471896983
2021-02-09 02:00:00,1.2676292092793637,1.1182755920801755,1.5715422321960764,1.0,0.9795710320870905
2021-02-09 03:00:00,1.2800914504895626,1.1292695168540483,1.5560961173292034,1.0,0.969940731369002
2021-02-09 04:00:00,1.2565521486869786,1.1085036442568057,1.5852715082878652,1.0,0.9881309229428262
2021-02-09 05:00:00,1.2498879364960327,1.1026246176621008,1.593531353789357,1.0,0.9932807484329185
2021-02-09 06:00:00,1.2492965972728391,1.1021029507463371,1.5942642792248922,1.0,0.9937377107440871
2021-02-09 07:00:00,1.2149745343800524,1.071824755102152,1.636804181716601,1.0,1.0202603707815268
2021-02-09 08:00:00,1.2314007761475798,1.0863156370601943,1.6164449531562832,1.0,1.007566855608682
2021-02-09 09:00:00,1.2413039269938295,1.0950519866133455,1.6041706597178,1.0,0.9999141132891124
2021-02-09 10:00:00,1.260075522056682,1.111611889485207,1.5809045225371174,1.0,0.9854082068181712
2021-02-09 11:00:00,1.2811039613466988,1.1301627324489265,1.554841177809137,1.0,0.9691583051689242
2021-02-09 12:00:00,1.2626318722018028,1.1138670473430194,1.5777360974267796,1.0,0.9834327659465811
2021-02-09 13:00:00,1.2919516656231371,1.1397323469968124,1.5413961735382673,1.0,0.9607756513171034
2021-02-09 14:00:00,1.2655071838185625,1.1164035862434405,1.5741723408952355,1.0,0.9812108449405146
2021-02-09 15:00:00,1.2564441840651352,1.1084084001581909,1.5854053232190983,1.0,0.9882143535038088
2021-02-09 16:00:00,1.2524977209083092,1.1049269140966391,1.5902967004770128,1.0,0.9912640157862228
2021-02-09 17:00:00,1.2597867029921566,1.1113570994345976,1.5812624944597562,1.0,0.9856313941564343
2021-02-09 18:00:00,1.2599491979686874,1.1115004490551017,1.5810610927992963,1.0,0.9855058248095747
2021-02-09 19:00:00,1.2452232619842531,1.0985095407820982,1.5993129060085962,1.0,0.9968854145232904
2021-02-09 20:00:00,1.243790949602589,1.0972459851895604,1.6010881614541674,1.0,0.997992245848813
2021-02-09 21:00:00,1.2435498103456795,1.0970332572535677,1.6013870374427084,1.0,0.9981785882185203
2021-02-09 22:00:00,1.238912812044068,1.092942595738946,1.6071342868496263,1.0,1.0017618672869142
2021-02-09 23:00:00,1.250159766203821,1.1028644200626743,1.593194439038638,1.0,0.9930706897616122
2021-02-10 00:00:00,1.2621493196661016,1.1134413497347435,1.5783341890356664,1.0,0.9838056624386886
2021-02-10 01:00:00,1.2589731320219708,1.1106393843869133,1.5822708612892764,1.0,0.9862600879015037
2021-02-10 02:00:00,1.2638654045134257,1.115736258756579,1.5740076194697328,1.0,0.9797345942348297
2021-02-10 03:00:00,1.2645165316301707,1.115736258756579,1.57481832058865,1.0,0.9792298476382051
2021-02-10 04:00:00,1.26290685374332,1.115736258756579,1.5728141533064006,1.0,0.9804776522744352
2021-02-10 05:00:00,1.2570199772010175,1.115736258756579,1.5654845593192421,1.0,0.9850410943782277
2021-02-10 06:00:00,1.2606757818171122,1.115736258756579,1.5700363047719967,1.0,0.9822071547519349
2021-02-10 07:00:00,1.2707812092016697,1.115736258756579,1.582618304625955,1.0,0.9743735383218761
2021-02-10 08:00:00,1.272369610207454,1.115736258756579,1.584595980627402,1.0,0.9731422272903953
2021-02-10 09:00:00,1.2764651370322597,1.115736258756579,1.5896952125500745,1.0,0.9699674198326158
2021-02-10 10:00:00,1.2739495550169169,1.115736258756579,1.5865631280428887,1.0,0.9719174714095202
2021-02-10 11:00:00,1.2751410603566498,1.115736258756579,1.5880466397678277,1.0,0.9709938295435564
2021-02-10 12:00:00,1.2725905624339156,1.115736258756579,1.5848710823895815,1.0,0.9729709475487675
2021-02-10 13:00:00,1.2455951104098002,1.115736258756579,1.5512597604237246,1.0,0.9938975257592176
2021-02-10 14:00:00,1.2454306237523234,1.115736258756579,1.5510549624452132,1.0,0.9940250340113184
2021-02-10 15:00:00,1.226448918035597,1.115736258756579,1.5274213436513475,1.0,1.008739444012454
2021-02-10 16:00:00,1.210184924704347,1.115736258756579,1.5071714765322912,1.0,1.0213471131915663
2021-02-10 17:00:00,1.2213547417032908,1.115736258756579,1.5210787196899842,1.0,1.0126883936110975
2021-02-10 18:00:00,1.2268422675548039,1.115736258756579,1.5279110927143884,1.0,1.0084345237810621
2021-02-10 19:00:00,1.2305831796951652,1.115736258756579,1.5325688032903528,1.0,1.0055346097357718
2021-02-10 20:00:00,1.23320214553005,1.115736258756579,1.5358296082516945,1.0,1.0035044161563031
2021-02-10 21:00:00,1.2160431592913676,1.115736258756579,1.5144654091799081,1.0,1.016805874017244
2021-02-10 22:00:00,1.2276968889443147,1.115736258756579,1.5289751591599547,1.0,1.007772030656963
2021-02-10 23:00:00,1.2339372890489555,1.115736258756579,1.5367449159666005,1.0,1.002934540966566
2021-02-11 00:00:00,1.2225353358219642,1.115736258756579,1.5225486461427167,1.0,1.0117732100039796
2021-02-11 01:00:00,1.2075596849173529,1.115736258756579,1.5039028600394313,1.0,1.0233821702698713
2021-02-11 02:00:00,1.2042796269607643,1.1149552433754493,1.5019211084563227,1.0,1.0232443683551788
2021-02-11 03:00:00,1.2196314976774858,1.1291684280611587,1.5210627569951416,1.0,1.010200292126599
2021-02-11 04:00:00,1.2390416991573094,1.1471389271299837,1.5452645797990396,1.0,0.9937079601895445
2021-02-11 05:00:00,1.219818084466715,1.1293411752490528,1.5212954047816762,1.0,1.010041754294509
2021-02-11 06:00:00,1.2165191755552491,1.12628695452995,1.517182123989383,1.0,1.0128447494542738
2021-02-11 07:00:00,1.2145781281683194,1.1244898794045002,1.514761907745813,1.0,1.014494005792188
2021-02-11 08:00:00,1.2181023031742269,1.1277526576774546,1.5191560640409731,1.0,1.0114996080234626
2021-02-11 09:00:00,1.2271107678361044,1.1360929423461166,1.5303883671012257,1.0,1.0038453552017523
2021-02-11 10:00:00,1.2399016327246037,1.1479350773083512,1.5463367974079303,1.0,0.9929772975093878
2021-02-11 11:00:00,1.2605874341080185,1.16708656189675,1.5721291159553927,1.0,0.9754011222618572
2021-02-11 12:00:00,1.2561335938296454,1.1629630739124341,1.566575796309221,1.0,0.9791854318859436
2021-02-11 13:00:00,1.2679463081194264,1.1738996101130226,1.581304608803596,1.0,0.9691484827410745
2021-02-11 14:00:00,1.2988679611315315,1.2025277280250481,1.6198596113253623,1.0,0.9428751766114007
2021-02-11 15:00:00,1.3062121261113797,1.2093271582148297,1.6290167640560866,1.0,0.9366350349635126
2021-02-11 16:00:00,1.3085230784030877,1.211466701487959,1.6318982002910645,1.0,0.9346714802665064
2021-02-11 17:00:00,1.2984299588584214,1.2021222134584295,1.6193134833826648,1.0,0.943247335493153
2021-02-11 18:00:00,1.292029895793125,1.1961968588208243,1.6113334944886248,1.0,0.9486852988548762
2021-02-11 19:00:00,1.3007994748868947,1.2043159766518465,1.6222679404557518,1.0,0.9412340207466587
2021-02-11 20:00:00,1.3024583267794574,1.2058517874172114,1.6243362981491765,1.0,0.9398245384146493
2021-02-11 21:00:00,1.2822628264480314,1.1871542370451769,1.599155316851002,1.0,0.9569841178990244
2021-02-11 22:00:00,1.2782355480848886,1.1834256718290979,1.594133860611711,1.0,0.9604059892091655
2021-02-11 23:00:00,1.3007477208869624,1.2042680613734524,1.6222034104127714,1.0,0.9412779947438807
2021-02-12 00:00:00,1.3082659427402668,1.2112286382100435,1.6315775878669934,1.0,0.9348899616000724
2021-02-12 01:00:00,1.309701980043648,1.2125581610926386,1.6333681267437972,1.0,0.933669798898208
2021-02-12 02:00:00,1.3204197261405675,1.2224809455858756,1.649039757129296,1.0,0.9215578735184805
2021-02-12 03:00:00,1.334754634503413,1.235752598518174,1.6311421798927783,1.0,0.9115531398671901
2021-02-12 04:00:00,1.3444520584217967,1.2447307406398034,1.6190346456706286,1.0,0.9047850363710738
2021-02-12 05:00:00,1.3535722450108079,1.2531744605453232,1.6076478101390281,1.0,0.8984198029587958
2021-02-12 06:00:00,1.354618997717418,1.2541435730276937,1.6063409069527725,1.0,0.8976892449556805
2021-02-12 07:00:00,1.3507184293546108,1.2505323194194005,1.6112108874069622,1.0,0.9004115607578296
2021-02-12 08:00:00,1.3524036250452163,1.252092519998477,1.6091068683739955,1.0,0.8992354155319202
2021-02-12 09:00:00,1.3578057721347612,1.2570939765440585,1.6023621203553229,1.0,0.8954651059207285
2021-02-12 10:00:00,1.3516574601090856,1.2514016999519222,1.6100384784155497,1.0,0.899756184919276
2021-02-12 11:00:00,1.3500345581736293,1.2498991726468747,1.6120647217651345,1.0,0.9008888535904263
2021-02-12 12:00:00,1.3452708540680796,1.2454888041979988,1.618012353937097,1.0,0.904213575978824
2021-02-12 13:00:00,1.3426539723015545,1.2430660229920723,1.6212796119027362,1.0,0.9060399709866122
2021-02-12 14:00:00,1.3374857668252333,1.2382811560345466,1.6277322765689715,1.0,0.9096470062000183
2021-02-12 15:00:00,1.3741561146980414,1.2722315739622934,1.5819482110743743,1.0,0.8840537443471198
2021-02-12 16:00:00,1.3609792173206532,1.2600320394908715,1.5983999757163259,1.0,0.8932502697293712
2021-02-12 17:00:00,1.3441773130388248,1.244476373798017,1.6193776737938401,1.0,0.9049767888614964
2021-02-12 18:00:00,1.3412685483060334,1.241783359303737,1.6230093566864163,1.0,0.9070068971586147
2021-02-12 19:00:00,1.3534898213959161,1.2530981504927872,1.6077507185759918,1.0,0.8984773287059227
2021-02-12 20:00:00,1.353644059645565,1.2532409485118892,1.607558147342466,1.0,0.8983696815157546
2021-02-12 21:00:00,1.3455643691851358,1.2457605485765013,1.6176458912193292,1.0,0.9040087235657883
2021-02-12 22:00:00,1.3371207090985515,1.237943175537836,1.6281880624514964,1.0,0.9099017902021443
2021-02-12 23:00:00,1.3377275971672749,1.2385050492249903,1.6274303438941842,1.0,0.9094782260376562
2021-02-13 00:00:00,1.3533445599756122,1.252963663469506,1.6079320819599472,1.0,0.8985787107157104
2021-02-13 01:00:00,1.347816465250111,1.2478456011340757,1.6148340795044094,1.0,0.9024369227061751
2021-02-13 02:00:00,1.3412414298625532,1.2417582523019464,1.6207351821190648,1.0,0.9044675974612564
2021-02-13 03:00:00,1.3474824163892318,1.2475363294992803,1.6282746685618121,1.0,0.9002589815000335
2021-02-13 04:00:00,1.3464610413700226,1.2465907123787832,1.6270407862136658,1.0,0.9009477468402345
2021-02-13 05:00:00,1.3484860797029057,1.248465548635029,1.6294871541062335,1.0,0.8995821600674658
2021-02-13 06:00:00,1.3480846143774359,1.2480938609807293,1.6290021598884648,1.0,0.899852888640493
2021-02-13 07:00:00,1.3432313259225483,1.2436005528741672,1.6231390960359873,1.0,0.9031257089179194
2021-02-13 08:00:00,1.3214751664850264,1.223458101322616,1.5968563491618737,1.0,0.9177969983802917
2021-02-13 09:00:00,1.3348660592843518,1.2358557586489014,1.6130333516734507,1.0,0.908766835451826
2021-02-13 10:00:00,1.3283099168544161,1.229785901437233,1.605113137977119,1.0,0.9131879771345918
2021-02-13 11:00:00,1.3139600617125302,1.2165004103652786,1.587777651378141,1.0,0.922864817347788
2021-02-13 12:00:00,1.3107564921160841,1.2135344574095768,1.5839075469583423,1.0,0.9250251479427759
2021-02-13 13:00:00,1.3188867272332074,1.2210616529800846,1.5937293591317652,1.0,0.9195425151673082
2021-02-13 14:00:00,1.3213899816155465,1.2233792348245398,1.5967534407249102,1.0,0.917854442888434
2021-02-13 15:00:00,1.3204667238222398,1.2225244573338399,1.5956380898767646,1.0,0.918477042772062
2021-02-13 16:00:00,1.3240425203731128,1.2258350282547323,1.599957866806595,1.0,0.9160657005309342
2021-02-13 17:00:00,1.3260537829350236,1.2276971105228403,1.6023875927407099,1.0,0.9147094034641028
2021-02-13 18:00:00,1.3182378603066083,1.2204609141102505,1.5929454889254557,1.0,0.9199800792755339
2021-02-13 19:00:00,1.3165198248696726,1.2188703095896456,1.5908699989641228,1.0,0.9211386383159877
2021-02-13 20:00:00,1.318673343352233,1.2208640963066861,1.593471578591649,1.0,0.919686410816417
2021-02-13 21:00:00,1.3202651477449558,1.2223378326502736,1.5953945738724649,1.0,0.9186129758160818
2021-02-13 22:00:00,1.3258924096179232,1.2275477066617984,1.602192644084548,1.0,0.9148182257336528
2021-02-13 23:00:00,1.3237017808951932,1.2255195622624278,1.5995462330587409,1.0,0.9162954785635034
2021-02-14 00:00:00,1.3266407994613403,1.2282405865887907,1.6030967439498838,1.0,0.9143135482396768
2021-02-14 01:00:00,1.338818299862398,1.2395148518170676,1.6178078955903905,1.0,0.9061016377770266
2021-02-14 02:00:00,1.3345416204228675,1.2364208788313784,1.6149016662336362,1.0,0.9064576675389528
2021-02-14 03:00:00,1.3318318805021425,1.2364208788313784,1.6116235400502317,1.0,0.908298198018174
2021-02-14 04:00:00,1.3289146708547894,1.2364208788313784,1.6080944259628136,1.0,0.9102796476876299
2021-02-14 05:00:00,1.336023386616567,1.2364208788313784,1.6166942429012707,1.0,0.9054512108595777
2021-02-14 06:00:00,1.375424386323793,1.2364208788313784,1.6643598685964547,1.0,0.8786889595016932
2021-02-14 07:00:00,1.371002389484657,1.2364208788313784,1.659010328033379,1.0,0.8816925023506585
2021-02-14 08:00:00,1.3697645897218642,1.2364208788313784,1.6575128914044284,1.0,0.8825332502664156
2021-02-14 09:00:00,1.3701795291751209,1.2364208788313784,1.658014867212455,1.0,0.8822514118859464
2021-02-14 10:00:00,1.3811670023700453,1.2364208788313784,1.6713070371710028,1.0,0.8747884154742929
2021-02-14 11:00:00,1.3783314891914997,1.2364208788313784,1.6678767559388865,1.0,0.8767143746371745
2021-02-14 12:00:00,1.378780679398002,1.2364208788313784,1.6684201668271426,1.0,0.8764092721955299
2021-02-14 13:00:00,1.3897136882803882,1.2364208788313784,1.6816464482154896,1.0,0.8689832694549258
2021-02-14 14:00:00,1.3710779095881254,1.2364208788313784,1.6591016889889671,1.0,0.881641207002657
2021-02-14 15:00:00,1.370531581999467,1.2364208788313784,1.6584407654961257,1.0,0.8820122878473073
2021-02-14 16:00:00,1.3643248963211219,1.2364208788313784,1.6509321855476478,1.0,0.886228040834732
2021-02-14 17:00:00,1.3770476474325406,1.2364208788313784,1.66632361969389,1.0,0.8775863955532
2021-02-14 18:00:00,1.366653105310199,1.2364208788313784,1.65374875210784,1.0,0.8846466567418827
2021-02-14 19:00:00,1.3697424109554184,1.2364208788313784,1.657486060491821,1.0,0.8825483146994717
2021-02-14 20:00:00,1.3689734534706621,1.2364208788313784,1.6565558089774877,1.0,0.8830706119417621
2021-02-14 21:00:00,1.3750181499307874,1.2364208788313784,1.663868421374388,1.0,0.8789648865223556
2021-02-14 22:00:00,1.3724198653300508,1.2364208788313784,1.660725129017632,1.0,0.8807297134582438
2021-02-14 23:00:00,1.3773146348615302,1.2364208788313784,1.666646609540597,1.0,0.8774050502894476
2021-02-15 00:00:00,1.3650304056892093,1.2364208788313784,1.651785680274015,1.0,0.885748839312324
2021-02-15 01:00:00,1.3704990157094954,1.2364208788313784,1.6584013682067271,1.0,0.8820344077743266
2021-02-15 02:00:00,1.3485650109575384,1.2355553842161964,1.6330101548211584,1.0,0.8950214742965504
2021-02-15 03:00:00,1.3485650109575384,1.205396953062716,1.5931611551217324,1.0,0.873175069142821
2021-02-15 04:00:00,1.3485650109575384,1.211511148936302,1.6012399768710741,1.0,0.8776041191674674
2021-02-15 05:00:00,1.3485650109575384,1.204983376690723,1.59261468754723,1.0,0.8728754793883476
2021-02-15 06:00:00,1.3485650109575384,1.2011056805142857,1.5874910021345858,1.0,0.8700665228712663
2021-02-15 07:00:00,1.3485650109575384,1.2053432318310526,1.5930901720744541,1.0,0.8731361541281007
2021-02-15 08:00:00,1.3485650109575384,1.2147603838140926,1.605533262520102,1.0,0.8799578258711945
2021-02-15 09:00:00,1.3485650109575384,1.2238757715580273,1.617577625226492,1.0,0.886560903225381
2021-02-15 10:00:00,1.3485650109575384,1.2216580357360531,1.6146472820115714,1.0,0.8849544020435317
2021-02-15 11:00:00,1.3485650109575384,1.2303156363336114,1.6260867604729712,1.0,0.8912258638895039
2021-02-15 12:00:00,1.3485650109575384,1.2292162788799044,1.6246341552423018,1.0,0.8904295025595583
2021-02-15 13:00:00,1.3485650109575384,1.2332338044822986,1.629942600356953,1.0,0.8933397498326582
2021-02-15 14:00:00,1.3485650109575384,1.2333309653701876,1.6300709811793035,1.0,0.8934101320123914
2021-02-15 15:00:00,1.3485650109575384,1.2233244220751651,1.6168491150044237,1.0,0.8861615122848309
2021-02-15 16:00:00,1.3485650109575384,1.2323606416882273,1.6287888711148244,1.0,0.8927072411962717
2021-02-15 17:00:00,1.3485650109575384,1.2471997824784906,1.648396154858518,1.0,0.9034565364824727
2021-02-15 18:00:00,1.3485650109575384,1.2493416916816094,1.6512263066909163,1.0,0.905008109772731
2021-02-15 19:00:00,1.3485650109575384,1.2439801071300842,1.6441419268670834,1.0,0.9011242423466539
2021-02-15 20:00:00,1.3485650109575384,1.251501336602359,1.654079893117871,1.0,0.9065725306037347
2021-02-15 21:00:00,1.3485650109575384,1.2497311063513232,1.6517408488757337,1.0,0.9052901970803924
2021-02-15 22:00:00,1.3485650109575384,1.2404530126760822,1.6394814992366775,1.0,0.8985692575045889
2021-02-15 23:00:00,1.3485650109575384,1.2420415160812517,1.6415804237925666,1.0,0.8997199502843559
2021-02-16 00:00:00,1.3485650109575384,1.2324506054733098,1.6289077422466305,1.0,0.89277240988121
2021-02-16 01:00:00,1.3485650109575384,1.226386532279984,1.620895148699295,1.0,0.8883796681238864
2021-02-16 02:00:00,1.3485650109575384,1.2414643009563167,1.6419676040504487,1.0,0.8986723113076729
2021-02-16 03:00:00,1.3485650109575384,1.2414643009563167,1.6466287109444653,1.0,0.8961205218192155
2021-02-16 04:00:00,1.3485650109575384,1.2414643009563167,1.6878342000737,1.0,0.8735619887459434
2021-02-16 05:00:00,1.3485650109575384,1.2414643009563167,1.6786950478286489,1.0,0.8785653480686552
2021-02-16 06:00:00,1.3485650109575384,1.2414643009563167,1.673191654057836,1.0,0.8815782595282121
2021-02-16 07:00:00,1.3485650109575384,1.2414643009563167,1.6669906565592243,1.0,0.884973084104156
2021-02-16 08:00:00,1.3485650109575384,1.2414643009563167,1.6711039373515173,1.0,0.8827212098331922
2021-02-16 09:00:00,1.3485650109575384,1.2414643009563167,1.6765631789876594,1.0,0.8797324700898622
2021-02-16 10:00:00,1.3485650109575384,1.2414643009563167,1.6767795244475465,1.0,0.8796140286803499
2021-02-16 11:00:00,1.3485650109575384,1.2414643009563167,1.6671808503701138,1.0,0.8848689597881012
2021-02-16 12:00:00,1.3485650109575384,1.2414643009563167,1.6639662353342741,1.0,0.886628846665706
2021-02-16 13:00:00,1.3485650109575384,1.2414643009563167,1.6895153775092422,1.0,0.8726416041665305
2021-02-16 14:00:00,1.3485650109575384,1.2414643009563167,1.6652724592569195,1.0,0.885913735737944
2021-02-16 15:00:00,1.3485650109575384,1.2414643009563167,1.6761481489217538,1.0,0.8799596842223961
2021-02-16 16:00:00,1.3485650109575384,1.2414643009563167,1.6647191990463137,1.0,0.8862166259358962
2021-02-16 17:00:00,1.3485650109575384,1.2414643009563167,1.6383039957681877,1.0,0.9006780059456784
2021-02-16 18:00:00,1.3485650109575384,1.2414643009563167,1.6401305356163383,1.0,0.899678040638995
2021-02-16 19:00:00,1.3485650109575384,1.2414643009563167,1.6527057428341936,1.0,0.892793563984986
2021-02-16 20:00:00,1.3485650109575384,1.2414643009563167,1.6499319698814514,1.0,0.8943121055728782
2021-02-16 21:00:00,1.3485650109575384,1.2414643009563167,1.6576069694144577,1.0,0.8901103175475097
2021-02-16 22:00:00,1.3485650109575384,1.2414643009563167,1.6514742379086833,1.0,0.8934677689314409
2021-02-16 23:00:00,1.3485650109575384,1.2414643009563167,1.6696900501466359,1.0,0.8834952625612926
2021-02-17 00:00:00,1.3485650109575384,1.2414643009563167,1.67021817760366,1.0,0.8832061316479618
2021-02-17 01:00:00,1.3485650109575384,1.2414643009563167,1.669610915936034,1.0,0.8835385857142224
2021-02-17 02:00:00,1.3485650109575384,1.2414643009563167,1.6759097273945316,1.0,0.8788320793594201
2021-02-17 03:00:00,1.3485650109575384,1.2414643009563167,1.6886649394691216,1.0,0.8855226893721002
2021-02-17 04:00:00,1.3485650109575384,1.2414643009563167,1.6882682495206947,1.0,0.8853146099042439
2021-02-17 05:00:00,1.3485650109575384,1.2414643009563167,1.6777114741209054,1.0,0.8797771663260104
2021-02-17 06:00:00,1.3485650109575384,1.2414643009563167,1.689568360070847,1.0,0.8859965689821154
2021-02-17 07:00:00,1.3485650109575384,1.2414643009563167,1.7187366187616004,1.0,0.9012964669773492
2021-02-17 08:00:00,1.3485650109575384,1.2414643009563167,1.7378313981113076,1.0,0.9113124291706847
2021-02-17 09:00:00,1.3485650109575384,1.2414643009563167,1.735429861617021,1.0,0.9100527288990993
2021-02-17 10:00:00,1.3485650109575384,1.2414643009563167,1.749719190555519,1.0,0.9175480434976587
2021-02-17 11:00:00,1.3485650109575384,1.2414643009563167,1.7416019904121942,1.0,0.9132902530166954
2021-02-17 12:00:00,1.3485650109575384,1.2414643009563167,1.7441094920296905,1.0,0.9146055361598313
2021-02-17 13:00:00,1.3485650109575384,1.2414643009563167,1.736762237188664,1.0,0.910751612248757
2021-02-17 14:00:00,1.3485650109575384,1.2414643009563167,1.7394038933691984,1.0,0.912137264732478
2021-02-17 15:00:00,1.3485650109575384,1.2414643009563167,1.743616007016793,1.0,0.9143466838766163
2021-02-17 16:00:00,1.3485650109575384,1.2414643009563167,1.7406330208720724,1.0,0.9127819904124196
2021-02-17 17:00:00,1.3485650109575384,1.2414643009563167,1.7424643155654955,1.0,0.9137425764489617
2021-02-17 18:00:00,1.3485650109575384,1.2414643009563167,1.7473845615268486,1.0,0.916323438821251
2021-02-17 19:00:00,1.3485650109575384,1.2414643009563167,1.7492858203721346,1.0,0.9173207238050348
2021-02-17 20:00:00,1.3485650109575384,1.2414643009563167,1.7738853520198752,1.0,0.9302241449153348
2021-02-17 21:00:00,1.3485650109575384,1.2414643009563167,1.776871055219037,1.0,0.9317902635813661
2021-02-17 22:00:00,1.3485650109575384,1.2414643009563167,1.7811490574368327,1.0,0.9340342438699942
2021-02-17 23:00:00,1.3485650109575384,1.2414643009563167,1.7721878722576854,1.0,0.9293337500691484
2021-02-18 00:00:00,1.3485650109575384,1.2414643009563167,1.7719953010241598,1.0,0.929232738889119
2021-02-18 01:00:00,1.3485650109575384,1.2414643009563167,1.7779310460829414,1.0,0.9323462704471019
2021-02-18 02:00:00,1.3485650109575384,1.2414643009563167,1.7738921446559786,1.0,0.9289254143126915
2021-02-18 03:00:00,1.3485650109575384,1.2414643009563167,1.7808406717577474,1.0,0.9325652280387452
2021-02-18 04:00:00,1.3485650109575384,1.2414643009563167,1.769867168133027,1.0,0.9268170301068425
2021-02-18 05:00:00,1.3485650109575384,1.2414643009563167,1.7738513888393592,1.0,0.9289040653881533
2021-02-18 06:00:00,1.3485650109575384,1.2414643009563167,1.7747436015915146,1.0,0.9293714289278348
2021-02-18 07:00:00,1.3485650109575384,1.2414643009563167,1.766227334077127,1.0,0.9249103932378793
2021-02-18 08:00:00,1.3485650109575384,1.2414643009563167,1.7651466256731079,1.0,0.9243442909222088
2021-02-18 09:00:00,1.3485650109575384,1.2414643009563167,1.7589432507518599,1.0,0.9210948066997945
2021-02-18 10:00:00,1.3485650109575384,1.2414643009563167,1.7611447441129071,1.0,0.9222480044402648
2021-02-18 11:00:00,1.3485650109575384,1.2414643009563167,1.7565882438148803,1.0,0.9198611946768972
2021-02-18 12:00:00,1.3485650109575384,1.2414643009563167,1.7482563963706947,1.0,0.915496762870477
2021-02-18 13:00:00,1.3485650109575384,1.2414643009563167,1.750237808321998,1.0,0.916534676418441
2021-02-18 14:00:00,1.3485650109575384,1.2414643009563167,1.7614558468464339,1.0,0.9224109678975729
2021-02-18 15:00:00,1.3485650109575384,1.2414643009563167,1.7756086437992573,1.0,0.9298245598511575
2021-02-18 16:00:00,1.3485650109575384,1.2414643009563167,1.7539611918019673,1.0,0.9184850785827074
2021-02-18 17:00:00,1.3485650109575384,1.2414643009563167,1.7707994574381913,1.0,0.9273053867556532
2021-02-18 18:00:00,1.3485650109575384,1.2414643009563167,1.762829657498306,1.0,0.9231306045622137
2021-02-18 19:00:00,1.3485650109575384,1.2414643009563167,1.7635123174266776,1.0,0.9234881990482281
2021-02-18 20:00:00,1.3485650109575384,1.2414643009563167,1.7592550327489969,1.0,0.9212581259725116
2021-02-18 21:00:00,1.3485650109575384,1.2414643009563167,1.7708656856401974,1.0,0.9273400787580277
2021-02-18 22:00:00,1.3485650109575384,1.2414643009563167,1.76852596213445,1.0,0.9261144725818322
2021-02-18 23:00:00,1.3485650109575384,1.2414643009563167,1.762521611451026,1.0,0.922969242274246
2021-02-19 00:00:00,1.3485650109575384,1.2414643009563167,1.7522232958549635,1.0,0.9175747248588589
2021-02-19 01:00:00,1.3485650109575384,1.2414643009563167,1.7512658737962175,1.0,0.9170732030399164
2021-02-19 02:00:00,1.3485650109575384,1.2405952759456473,1.7452357110956014,1.0,0.9126349641589723
2021-02-19 03:00:00,1.3485650109575384,1.2382590199761065,1.7419501130124833,1.0,0.9143536140074515
2021-02-19 04:00:00,1.3485650109575384,1.2386753632975338,1.7425356382445791,1.0,0.9140473340468583
2021-02-19 05:00:00,1.3485650109575384,1.2360780475075388,1.738882898180083,1.0,0.9159580306687722
2021-02-19 06:00:00,1.3485650109575384,1.2447710255806825,1.7511082846386232,1.0,0.9095631040669675
2021-02-19 07:00:00,1.3485650109575384,1.250227682974912,1.7587822652762142,1.0,0.9055489534233464
2021-02-19 08:00:00,1.3485650109575384,1.2503827249774389,1.7590003088951267,1.0,0.9054348978927775
2021-02-19 09:00:00,1.3485650109575384,1.262667750940902,1.7762773788236172,1.0,0.8963975071762033
2021-02-19 10:00:00,1.3485650109575384,1.2738102477549027,1.7919476506818957,1.0,0.8882006097853634
2021-02-19 11:00:00,1.3485650109575384,1.2741720124274656,1.7924564191260255,1.0,0.8879344802140359
2021-02-19 12:00:00,1.3485650109575384,1.2749926241480052,1.7936104879999593,1.0,0.887330803122333
2021-02-19 13:00:00,1.3485650109575384,1.2708052825875473,1.7877216121302897,1.0,0.8904111907306421
2021-02-19 14:00:00,1.3485650109575384,1.2758554980966477,1.794823992439796,1.0,0.8866960361274379
2021-02-19 15:00:00,1.3485650109575384,1.2786472201359171,1.7987501361074458,1.0,0.8846423259508388
2021-02-19 16:00:00,1.3485650109575384,1.3017617609269718,1.8312573150747276,1.0,0.8676382807836384
2021-02-19 17:00:00,1.3485650109575384,1.3143745002820688,1.84899526536282,1.0,0.8583598100748802
2021-02-19 18:00:00,1.3485650109575384,1.3245072920920744,1.8632455366437246,1.0,0.8509056948854556
2021-02-19 19:00:00,1.3485650109575384,1.3405519658675915,1.8858099945149462,1.0,0.8391025463808799
2021-02-19 20:00:00,1.3485650109575384,1.33074688744922,1.8720206035936442,1.0,0.8463155815781206
2021-02-19 21:00:00,1.3485650109575384,1.336587527373072,1.8802345988014395,1.0,0.8420189569569224
2021-02-19 22:00:00,1.3485650109575384,1.3465210829648773,1.8942046738430869,1.0,0.8347114084539766
2021-02-19 23:00:00,1.3485650109575384,1.3406026805413154,1.8858813171940298,1.0,0.839065238497049
2021-02-20 00:00:00,1.3485650109575384,1.3516635508804655,1.9014367935021643,1.0,0.830928389033518
2021-02-20 01:00:00,1.3485650109575384,1.3600285740635292,1.9132009599692974,1.0,0.8247747200804866
2021-02-20 02:00:00,1.3485650109575384,1.3560040685974695,1.9102145775065253,1.0,0.8250592078097168
2021-02-20 03:00:00,1.3485650109575384,1.356590123709741,1.9093892722199863,1.0,0.8247026232109967
2021-02-20 04:00:00,1.3485650109575384,1.366328767921067,1.8956749399276243,1.0,0.8187771556816492
2021-02-20 05:00:00,1.3485650109575384,1.365068870017155,1.8974491764777806,1.0,0.8195437391975807
2021-02-20 06:00:00,1.3485650109575384,1.3675770894276995,1.8939170057041161,1.0,0.8180176158121124
2021-02-20 07:00:00,1.3485650109575384,1.361630438850219,1.902291307123947,1.0,0.8216358489193714
2021-02-20 08:00:00,1.3485650109575384,1.3789699525752683,1.8778731388601617,1.0,0.8110856405615219
2021-02-20 09:00:00,1.3485650109575384,1.3775962200981084,1.8798076816223532,1.0,0.8119214866003323
2021-02-20 10:00:00,1.3485650109575384,1.3778424597152399,1.879460917549285,1.0,0.8117716623718166
2021-02-20 11:00:00,1.3485650109575384,1.3628840662056048,1.9005259010007252,1.0,0.8208730807119036
2021-02-20 12:00:00,1.3485650109575384,1.3515616261414858,1.916470595357573,1.0,0.8277622071135944
2021-02-20 13:00:00,1.3485650109575384,1.3291012448448891,1.948100165740321,1.0,0.8414282018025641
2021-02-20 14:00:00,1.3485650109575384,1.3291682914791323,1.9480057480984865,1.0,0.8413874073505294
2021-02-20 15:00:00,1.3485650109575384,1.353613542559266,1.9135810079592712,1.0,0.8265137207901746
2021-02-20 16:00:00,1.3485650109575384,1.3567840283641717,1.9091162082486377,1.0,0.8245846421338893
2021-02-20 17:00:00,1.3485650109575384,1.3428014286752155,1.9288070414164005,1.0,0.833092339779976
2021-02-20 18:00:00,1.3485650109575384,1.3343887643022716,1.9406540780439925,1.0,0.8382110163118901
2021-02-20 19:00:00,1.3485650109575384,1.3328278800690945,1.942852175086988,1.0,0.8391607346340777
2021-02-20 20:00:00,1.3485650109575384,1.336737084725394,1.9373470831571493,1.0,0.8367821832922453
2021-02-20 21:00:00,1.3485650109575384,1.3429152632484633,1.928646735204365,1.0,0.833023077257097
2021-02-20 22:00:00,1.3485650109575384,1.3484654222191232,1.920830788472217,1.0,0.8296460890388485
2021-02-20 23:00:00,1.3485650109575384,1.374532333618151,1.8841223640751064,1.0,0.8137857050127352
2021-02-21 00:00:00,1.3485650109575384,1.3645862789555685,1.8981287797199056,1.0,0.8198373712066501
2021-02-21 01:00:00,1.3485650109575384,1.3643410040382102,1.8984741852657534,1.0,0.819986608464633
2021-02-21 02:00:00,1.3476210154498682,1.3500915491117051,1.9158674092716086,1.0,0.8263430911646915
2021-02-21 03:00:00,1.3473643541298557,1.3498344172659116,1.9155026447128667,1.0,0.8265004724359317
2021-02-21 04:00:00,1.3516429987048133,1.3541209056896428,1.9215834125524518,1.0,0.8238768650986084
2021-02-21 05:00:00,1.3559216432797707,1.358407394113374,1.9276641803920371,1.0,0.821253257761285
2021-02-21 06:00:00,1.3524325787805316,1.3549119332673913,1.9227055560367006,1.0,0.8233927052101747
2021-02-21 07:00:00,1.3513385419807016,1.353815890818562,1.9211507216326782,1.0,0.8240635538691484
2021-02-21 08:00:00,1.3413870608932137,1.3438461661234649,1.907007774002204,1.0,0.8301656682983721
2021-02-21 09:00:00,1.3517366776968476,1.3542147564192062,1.9217165482200746,1.0,0.8238194223999806
2021-02-21 10:00:00,1.3586000977254882,1.3610907588504821,1.9314707736642707,1.0,0.8196108655005209
2021-02-21 11:00:00,1.377398030157691,1.3799231526960305,1.9581862114581583,1.0,0.8080842260258865
2021-02-21 12:00:00,1.3711294239330645,1.3736430545144567,1.9492773295770054,1.0,0.8119280510965595
2021-02-21 13:00:00,1.3612054252029337,1.3637008625589002,1.9351734396041251,1.0,0.8180133137136856
2021-02-21 14:00:00,1.367357888595599,1.369864604989025,1.94391726042797,1.0,0.8142407058663114
2021-02-21 15:00:00,1.372681579681185,1.3751980557606662,1.95148323815152,1.0,0.8109762900567965
2021-02-21 16:00:00,1.371023079158944,1.3735365147831922,1.9491261934237094,1.0,0.8119932602825016
2021-02-21 17:00:00,1.380659588533418,1.3831906903416449,1.962821506334982,1.0,0.8060842822736641
2021-02-21 18:00:00,1.375642265988108,1.3781641697620965,1.9556909365856474,1.0,0.8091608370126668
2021-02-21 19:00:00,1.392698055940896,1.3952512273359177,1.9799304585199184,1.0,0.7987024558875122
2021-02-21 20:00:00,1.3894570495889316,1.3920042793911769,1.9753243719783384,1.0,0.8006897974150355
2021-02-21 21:00:00,1.3795818021709818,1.3821109281214132,1.9612897668937106,1.0,0.806745166382876
2021-02-21 22:00:00,1.3706784742953888,1.37319127817087,1.9486364443606687,1.0,0.8122045673524536
2021-02-21 23:00:00,1.3711578621985034,1.3736715449145027,1.9493177457618196,1.0,0.8119106131344761
2021-02-22 00:00:00,1.3725883786431916,1.3751046838613556,1.9513507817475075,1.0,0.8110334396804313
2021-02-22 01:00:00,1.3454169303898351,1.3478834234005752,1.9127349851326179,1.0,0.8276946064949045
2021-02-22 02:00:00,1.3588384057776106,1.3613295037821556,1.933163158949383,1.0,0.8177237924844212
2021-02-22 03:00:00,1.3588384057776106,1.3613295037821556,1.9332494254278936,1.0,0.8177602953598918
2021-02-22 04:00:00,1.3588384057776106,1.3613295037821556,1.8995358742886834,1.0,0.8034947129441989
2021-02-22 05:00:00,1.3588384057776106,1.3613295037821556,1.8966870427070013,1.0,0.8022892557810213
2021-02-22 06:00:00,1.3588384057776106,1.3613295037821556,1.8998853554161932,1.0,0.8036425927034871
2021-02-22 07:00:00,1.3588384057776106,1.3613295037821556,1.9034857921826946,1.0,0.8051660847620049
2021-02-22 08:00:00,1.3588384057776106,1.3613295037821556,1.917761196217181,1.0,0.8112065920918432
2021-02-22 09:00:00,1.3588384057776106,1.3613295037821556,1.8872167494519192,1.0,0.7982819873573153
2021-02-22 10:00:00,1.3588384057776106,1.3613295037821556,1.8622673970448635,1.0,0.7877248958924807
2021-02-22 11:00:00,1.3588384057776106,1.3613295037821556,1.8653047242784098,1.0,0.7890101132756826
2021-02-22 12:00:00,1.3588384057776106,1.3613295037821556,1.8538988693657208,1.0,0.7841838295476193
2021-02-22 13:00:00,1.3588384057776106,1.3613295037821556,1.8296912728211348,1.0,0.7739406053269884
2021-02-22 14:00:00,1.3588384057776106,1.3613295037821556,1.7718872981101188,1.0,0.7494813793679771
2021-02-22 15:00:00,1.3588384057776106,1.3613295037821556,1.8104616596447791,1.0,0.7658037694755391
2021-02-22 16:00:00,1.3588384057776106,1.3613295037821556,1.8087264807522165,1.0,0.7650695443149914
2021-02-22 17:00:00,1.3588384057776106,1.3613295037821556,1.8078492117994882,1.0,0.7646983359396352
2021-02-22 18:00:00,1.3588384057776106,1.3613295037821556,1.771202260759111,1.0,0.7491915120458348
2021-02-22 19:00:00,1.3588384057776106,1.3613295037821556,1.8086833475129611,1.0,0.765051292877256
2021-02-22 20:00:00,1.3588384057776106,1.3613295037821556,1.8212877630660602,1.0,0.7703847366349873
2021-02-22 21:00:00,1.3588384057776106,1.3613295037821556,1.8276582368354468,1.0,0.7730803446475915
2021-02-22 22:00:00,1.3588384057776106,1.3613295037821556,1.8638782706967376,1.0,0.7884065224214449
2021-02-22 23:00:00,1.3588384057776106,1.3613295037821556,1.8376641294472662,1.0,0.777314247065853
2021-02-23 00:00:00,1.3588384057776106,1.3613295037821556,1.8375758251779246,1.0,0.7772768819177335
2021-02-23 01:00:00,1.3588384057776106,1.3613295037821556,1.8159589400430993,1.0,0.7681298936580849
2021-02-23 02:00:00,1.3578872188935662,1.360376573129508,1.7864323697979019,1.0,0.7545780732969103
2021-02-23 03:00:00,1.3233502665302683,1.3257763057077385,1.741009672543995,1.0,0.7737702614324459
2021-02-23 04:00:00,1.3409760144056733,1.343434366082683,1.7641909017733874,1.0,0.7639756314461077
2021-02-23 05:00:00,1.3108507928816435,1.313253917330084,1.7245704742788344,1.0,0.7807162202806999
2021-02-23 06:00:00,1.2893690414419705,1.2917327843510622,1.6963178629347924,1.0,0.7926536318616112
2021-02-23 07:00:00,1.2794955857577874,1.2818412280997709,1.6833323804963038,1.0,0.7981403122451441
2021-02-23 08:00:00,1.28197311711297,1.2843233014029798,1.6865908080350092,1.0,0.796763547805127
2021-02-23 09:00:00,1.2020622722862864,1.2042659595791236,1.5814927648236545,1.0,0.8411700128530712
2021-02-23 10:00:00,1.2412232267806977,1.2434987061094256,1.6329969091807572,1.0,0.8194082662369282
2021-02-23 11:00:00,1.22731248475016,1.2295624621343102,1.6147016231003968,1.0,0.827138467076499
2021-02-23 12:00:00,1.1969202455670456,1.1991145062110296,1.5747300163193083,1.0,0.8440274376529066
2021-02-23 13:00:00,1.256815353703209,1.2591194173846443,1.6535035379445144,1.0,0.8107437196324052
2021-02-23 14:00:00,1.2585551002885609,1.2608623533700225,1.6557916374158776,1.0,0.8097769422681781
2021-02-23 15:00:00,1.2127385886107929,1.2149618483194369,1.5955341625443855,1.0,0.8352371827255303
2021-02-23 16:00:00,1.254921439281809,1.257222030934182,1.6510126782854706,1.0,0.8117961680796729
2021-02-23 17:00:00,1.2227775745846021,1.2250192383196707,1.6087373489699817,1.0,0.8296585171422839
2021-02-23 18:00:00,1.2173724037699964,1.219604158445847,1.6016285156561771,1.0,0.8326621711441599
2021-02-23 19:00:00,1.2102556342664026,1.2124743420852953,1.592268602737772,1.0,0.8366169607212323
2021-02-23 20:00:00,1.1753351990948446,1.1774898888332916,1.5463415522532025,1.0,0.8560222502944815
2021-02-23 21:00:00,1.2350934413129084,1.2373576831786073,1.6249350690216735,1.0,0.8228145886793596
2021-02-23 22:00:00,1.2377447665603194,1.2400138689826563,1.6284220687652518,1.0,0.8213412469547758
2021-02-23 23:00:00,1.254952686029149,1.2572533349647939,1.6510537737338953,1.0,0.8117788042588221
2021-02-24 00:00:00,1.2626055567515626,1.2649202353546827,1.6611187622798125,1.0,0.8075261031769055
2021-02-24 01:00:00,1.2510424525728037,1.2533359330513907,1.645911068940162,1.0,0.8139517214102437
2021-02-24 02:00:00,1.294054118788546,1.297334584850928,1.70486571620706,1.0,0.7879855309347369
2021-02-24 03:00:00,1.2930989779249737,1.297334584850928,1.7036077200007471,1.0,0.7885671427619176
2021-02-24 04:00:00,1.3114263879132741,1.297334584850928,1.7277463712888856,1.0,0.7774070732713082
2021-02-24 05:00:00,1.3057476319474033,1.297334584850928,1.7202669996756517,1.0,0.7808650256628239
2021-02-24 06:00:00,1.2962253623283075,1.297334584850928,1.7077254160065074,1.0,0.7866634003772688
2021-02-24 07:00:00,1.292914086996469,1.297334584850928,1.7033642039964476,1.0,0.7886797279887234
2021-02-24 08:00:00,1.2922709656914613,1.297334584850928,1.7025171622743784,1.0,0.7890713424317549
2021-02-24 09:00:00,1.3059655299035906,1.297334584850928,1.720553988551012,1.0,0.7807323415391826
2021-02-24 10:00:00,1.311761615538178,1.297334584850928,1.7281878926355936,1.0,0.7772029438503215
2021-02-24 11:00:00,1.2915427481432087,1.297334584850928,1.7015580420566065,1.0,0.7895147743431908
2021-02-24 12:00:00,1.2986908325757736,1.297334584850928,1.7109726356956423,1.0,0.7851621069972269
2021-02-24 13:00:00,1.3090011449807968,1.297334584850928,1.7245521341613557,1.0,0.7788838711208317
2021-02-24 14:00:00,1.2761728194087714,1.297334584850928,1.6813146279418483,1.0,0.7988739512728025
2021-02-24 15:00:00,1.2744407240576336,1.297334584850928,1.6790333211065884,1.0,0.7999286722887778
2021-02-24 16:00:00,1.2849065305071312,1.297334584850928,1.692817617550813,1.0,0.7935557517655711
2021-02-24 17:00:00,1.271927290473066,1.297334584850928,1.6757229299016936,1.0,0.801459171878284
2021-02-24 18:00:00,1.291048932064985,1.297334584850928,1.700907647149725,1.0,0.7898154726825675
2021-02-24 19:00:00,1.2786310693689316,1.297334584850928,1.6845523379404388,1.0,0.7973770545264433
2021-02-24 20:00:00,1.2631910007006681,1.297334584850928,1.664216543974677,1.0,0.8067789416118306
2021-02-24 21:00:00,1.2661056759655052,1.297334584850928,1.6680554022684009,1.0,0.8050041148076665
2021-02-24 22:00:00,1.25601945033436,1.297334584850928,1.6547710438413716,1.0,0.8111458980172637
2021-02-24 23:00:00,1.258192498945948,1.297334584850928,1.657633121063455,1.0,0.8098226683013748
2021-02-25 00:00:00,1.28074738715169,1.297334584850928,1.6873396961653873,1.0,0.7960883697894907
2021-02-25 01:00:00,1.3024660113669984,1.297334584850928,1.7159448453231851,1.0,0.7828632956716529
2021-02-25 02:00:00,1.3018329832242548,1.297334584850928,1.7163130061999785,1.0,0.7815899059890671
2021-02-25 03:00:00,1.3018329832242548,1.297334584850928,1.7207615035839647,1.0,0.7836162949418065
2021-02-25 04:00:00,1.3018329832242548,1.297334584850928,1.705984123741452,1.0,0.7768848715692542
2021-02-25 05:00:00,1.3018329832242548,1.297334584850928,1.6865894495077887,1.0,0.7680501684736531
2021-02-25 06:00:00,1.3018329832242548,1.297334584850928,1.7114209496784534,1.0,0.7793614660382915
2021-02-25 07:00:00,1.3018329832242548,1.297334584850928,1.7137616920796166,1.0,0.7804277259758607
2021-02-25 08:00:00,1.3018329832242548,1.297334584850928,1.7115381226512338,1.0,0.7794148409190899
2021-02-25 09:00:00,1.3018329832242548,1.297334584850928,1.688696185595196,1.0,0.7690098333594252
2021-02-25 10:00:00,1.3018329832242548,1.297334584850928,1.6637977779589148,1.0,0.7576680579643019
2021-02-25 11:00:00,1.3018329832242548,1.297334584850928,1.6831941503516037,1.0,0.7665035346089
2021-02-25 12:00:00,1.3018329832242548,1.297334584850928,1.7088003506698388,1.0,0.7781677252260044
2021-02-25 13:00:00,1.3018329832242548,1.297334584850928,1.7503614342990763,1.0,0.7970997180902334
2021-02-25 14:00:00,1.3018329832242548,1.297334584850928,1.7456901384509054,1.0,0.7949718395090777
2021-02-25 15:00:00,1.3018329832242548,1.297334584850928,1.727078655159941,1.0,0.786493897210928
2021-02-25 16:00:00,1.3018329832242548,1.297334584850928,1.7271768087516324,1.0,0.786538608342959
2021-02-25 17:00:00,1.3018329832242548,1.297334584850928,1.720259527775938,1.0,0.7833876338582709
2021-02-25 18:00:00,1.3018329832242548,1.297334584850928,1.6838268844046171,1.0,0.7667917589652105
2021-02-25 19:00:00,1.3018329832242548,1.297334584850928,1.6831635834891392,1.0,0.7664896107269527
2021-02-25 20:00:00,1.3018329832242548,1.297334584850928,1.6793311781997138,1.0,0.7647438653503523
2021-02-25 21:00:00,1.3018329832242548,1.297334584850928,1.6694553645692705,1.0,0.7602452138029592
2021-02-25 22:00:00,1.3018329832242548,1.297334584850928,1.6339838792065522,1.0,0.7440871676422435
2021-02-25 23:00:00,1.3018329832242548,1.297334584850928,1.638259843633517,1.0,0.74603496401688
2021-02-26 00:00:00,1.3018329832242548,1.297334584850928,1.598557225242115,1.0,0.7279495431750507
2021-02-26 01:00:00,1.3018329832242548,1.297334584850928,1.5893372406274358,1.0,0.7237496362503281
2021-02-26 02:00:00,1.3009217001359978,1.2964264506415322,1.5797684541488572,1.0,0.7183836647047588
2021-02-26 03:00:00,1.3240428879099366,1.3194677446696434,1.607838343581723,1.0,0.7056158835203626
2021-02-26 04:00:00,1.3236291303269623,1.3190554167988229,1.6073360281418914,1.0,0.7058443651336107
2021-02-26 05:00:00,1.3153355148402452,1.310790459355722,1.5972673036461171,1.0,0.7104241933326307
2021-02-26 06:00:00,1.2733129630797804,1.2689131137629595,1.5462505309294194,1.0,0.7336295213172221
2021-02-26 07:00:00,1.2893748142419734,1.2849194642533521,1.5657501513908771,1.0,0.7247599855883368
2021-02-26 08:00:00,1.2578931495463406,1.2535465823824605,1.527530365460804,1.0,0.7421445166117573
2021-02-26 09:00:00,1.2786336226271686,1.2742153881207254,1.5527099882317579,1.0,0.7306913929856712
2021-02-26 10:00:00,1.2976024075585877,1.2931186276616229,1.5757387227806334,1.0,0.7202166155777728
2021-02-26 11:00:00,1.3056699810391903,1.3011583241719156,1.5855330247778383,1.0,0.71576161032906
2021-02-26 12:00:00,1.2980970143244421,1.2936115253462819,1.5763391918121565,1.0,0.719943488132051
2021-02-26 13:00:00,1.3092432911185212,1.3047192869129507,1.5898711418251474,1.0,0.7137883881207997
2021-02-26 14:00:00,1.2854865000798643,1.2810445859054584,1.5610296089309579,1.0,0.7269071566110104
2021-02-26 15:00:00,1.3112731930942216,1.3067421746956915,1.5923355102033885,1.0,0.7126674533096249
2021-02-26 16:00:00,1.331296933972494,1.326696724852454,1.6166449962895226,1.0,0.7016101173056764
2021-02-26 17:00:00,1.3459759563769846,1.341325024859097,1.6344658167380743,1.0,0.6935041952443264
2021-02-26 18:00:00,1.3332770395656595,1.3286699883207893,1.6190489102064451,1.0,0.700516680619693
2021-02-26 19:00:00,1.3239105638147732,1.3193358778117001,1.6076776977378824,1.0,0.7056889543811241
2021-02-26 20:00:00,1.3142167747629538,1.3096755850112927,1.5959091160572823,1.0,0.7110419742463419
2021-02-26 21:00:00,1.2947550615954289,1.2902811205154352,1.5722819502677148,1.0,0.7217889521968657
2021-02-26 22:00:00,1.2789240082736375,1.2745047703586645,1.5530625260455142,1.0,0.7305310387500041
2021-02-26 23:00:00,1.272253531053598,1.2678573425345636,1.5449643452832784,1.0,0.7342145516548627
2021-02-27 00:00:00,1.2947212112455035,1.2902473871331708,1.5722408548192905,1.0,0.7218076447426418
2021-02-27 01:00:00,1.329605535496049,1.3250111708923586,1.614591582395525,1.0,0.702544126659089
2021-02-27 02:00:00,1.3355820798152516,1.3300353867106278,1.6229838843010294,1.0,0.6977211032419207
2021-02-27 03:00:00,1.3355820798152516,1.3200911037500558,1.6108525758525183,1.0,0.7029377584884849
2021-02-27 04:00:00,1.3355820798152516,1.3210106694327113,1.6119743797049617,1.0,0.7024553650205995
2021-02-27 05:00:00,1.3355820798152516,1.3271310848028284,1.6194408453095999,1.0,0.6992446662625024
2021-02-27 06:00:00,1.3355820798152516,1.3309123567077106,1.6240537244872832,1.0,0.6972610549755449
2021-02-27 07:00:00,1.3355820798152516,1.3240513888956125,1.6156838382809195,1.0,0.7008602389363593
2021-02-27 08:00:00,1.3355820798152516,1.3130761789829142,1.602294873257901,1.0,0.7066177064782854
2021-02-27 09:00:00,1.3355820798152516,1.2981855068356216,1.5841293265271121,1.0,0.7144291799942777
2021-02-27 10:00:00,1.3355820798152516,1.2994121512188428,1.5856257442606472,1.0,0.7137856966096264
2021-02-27 11:00:00,1.3355820798152516,1.30185597427738,1.5886070322463417,1.0,0.7125036954406592
2021-02-27 12:00:00,1.3355820798152516,1.3169473751128942,1.6070174535086512,1.0,0.7045869219881407
2021-02-27 13:00:00,1.3355820798152516,1.3205933430753694,1.611465271629027,1.0,0.7026742895765669
2021-02-27 14:00:00,1.3355820798152516,1.3206128312975267,1.6114890458553883,1.0,0.7026640662817585
2021-02-27 15:00:00,1.3355820798152516,1.3106253958450347,1.5993050944770772,1.0,0.7079033588239698
2021-02-27 16:00:00,1.3355820798152516,1.295492512936643,1.5808440680757991,1.0,0.7158418932897233
2021-02-27 17:00:00,1.3355820798152516,1.305146142983896,1.592620800919723,1.0,0.7107777111828721
2021-02-27 18:00:00,1.3355820798152516,1.3098461453619126,1.5983544650544346,1.0,0.7083121445692352
2021-02-27 19:00:00,1.3355820798152516,1.3124912539150186,1.60158130683526,1.0,0.7069245513696045
2021-02-27 20:00:00,1.3355820798152516,1.3197948827732633,1.610491207611828,1.0,0.7030931525695719
2021-02-27 21:00:00,1.3355820798152516,1.3109695021676997,1.5997248793882552,1.0,0.7077228446470681
2021-02-27 22:00:00,1.3355820798152516,1.303220149828398,1.5902712280916258,1.0,0.7117880648040746
2021-02-27 23:00:00,1.3355820798152516,1.2756476563137664,1.5566347733721873,1.0,0.7262522743930673
2021-02-28 00:00:00,1.3355820798152516,1.2824259383832823,1.5649037889324182,1.0,0.7226964664116541
2021-02-28 01:00:00,1.3355820798152516,1.2895917576705571,1.5736455719654323,1.0,0.7189373609106232
2021-02-28 02:00:00,1.3355820798152516,1.2907782911707415,1.5773006894525645,1.0,0.7163887831870305
2021-02-28 03:00:00,1.3355820798152516,1.2616858903450359,1.5417595795697883,1.0,0.7325352196200552
2021-02-28 04:00:00,1.3355820798152516,1.240298196784621,1.5156310255352172,1.0,0.7444055027428258
2021-02-28 05:00:00,1.3355820798152516,1.2333749693534477,1.5071731746913173,1.0,0.7482479306090759
2021-02-28 06:00:00,1.3355820798152516,1.2450282209388988,1.52140952106821,1.0,0.7417803143030242
2021-02-28 07:00:00,1.3355820798152516,1.2336479729810192,1.5075066931239842,1.0,0.7480964121508717
2021-02-28 08:00:00,1.3355820798152516,1.2342156648420182,1.508200221270121,1.0,0.7477813401634453
2021-02-28 09:00:00,1.3355820798152516,1.2468149768598782,1.5235923346799736,1.0,0.7407886553102766
2021-02-28 10:00:00,1.3355820798152516,1.2525349866738118,1.530580259071141,1.0,0.7376140195897571
2021-02-28 11:00:00,1.3355820798152516,1.256398182609385,1.5352997826356447,1.0,0.735469925399121
2021-02-28 12:00:00,1.3355820798152516,1.2594596041438217,1.5390398080740668,1.0,0.7337708202445956
2021-02-28 13:00:00,1.3355820798152516,1.2445906367130357,1.5208749406068882,1.0,0.7420231758643412
2021-02-28 14:00:00,1.3355820798152516,1.2281370250081587,1.500774171850297,1.0,0.7511550174431127
2021-02-28 15:00:00,1.3355820798152516,1.2389340126700659,1.513964452267297,1.0,0.7451626321464996
2021-02-28 16:00:00,1.3355820798152516,1.206338713975317,1.4741439816395046,1.0,0.7632531954363188
2021-02-28 17:00:00,1.3355820798152516,1.209819649230737,1.4783965114719133,1.0,0.7613212579463249
2021-02-28 18:00:00,1.3355820798152516,1.199137200768992,1.4653461593586392,1.0,0.7672500733806364
2021-02-28 19:00:00,1.3355820798152516,1.2145880384569137,1.484221876194018,1.0,0.7586747766885679
2021-02-28 20:00:00,1.3355820798152516,1.234293507016886,1.5082953181755658,1.0,0.7477381373444053
2021-02-28 21:00:00,1.3355820798152516,1.2473506978276279,1.5242468051685167,1.0,0.740491327337813
2021-02-28 22:00:00,1.3355820798152516,1.254578343764087,1.5330765528390673,1.0,0.7364799455899604
2021-02-28 23:00:00,1.3355820798152516,1.2562664069276448,1.5351387971599988,1.0,0.7355430615999243
2021-03-01 00:00:00,1.3355820798152516,1.2546522938302112,1.5331668948992396,1.0,0.7364389029118725
2021-03-01 01:00:00,1.3355820798152516,1.2847777715195172,1.5699700765699904,1.0,0.7197191033518757
2021-03-01 02:00:00,1.3355820798152516,1.2813316903764524,1.5679547014381707,1.0,0.7196317481469983
2021-03-01 03:00:00,1.3355820798152516,1.2744192948071082,1.5764111937548504,1.0,0.7157495532830054
2021-03-01 04:00:00,1.3355820798152516,1.2767512809423944,1.5735582865915063,1.0,0.7170592619804446
2021-03-01 05:00:00,1.3355820798152516,1.2732197100344211,1.577878742784947,1.0,0.7150758328923346
2021-03-01 06:00:00,1.3355820798152516,1.2801121171511771,1.569446703958239,1.0,0.7189468016817779
2021-03-01 07:00:00,1.3355820798152516,1.2896835321495417,1.5577372182117366,1.0,0.7243223762962556
2021-03-01 08:00:00,1.3355820798152516,1.2777681934678176,1.572314215289205,1.0,0.7176303885231494
2021-03-01 09:00:00,1.3355820798152516,1.2581761785226488,1.5962827110429583,1.0,0.7066269644522349
2021-03-01 10:00:00,1.3355820798152516,1.2488246365027542,1.6077232083997737,1.0,0.7013748766578015
2021-03-01 11:00:00,1.3355820798152516,1.241816462931425,1.6162968736892336,1.0,0.6974388901865924
2021-03-01 12:00:00,1.3355820798152516,1.238770444850906,1.6200233138554494,1.0,0.6957281611594135
2021-03-01 13:00:00,1.3355820798152516,1.2330129376533225,1.6270669378626632,1.0,0.6924945839360572
2021-03-01 14:00:00,1.3355820798152516,1.2355722924367993,1.6239358722508928,1.0,0.6939319892314968
2021-03-01 15:00:00,1.3355820798152516,1.2282209837627065,1.6329293224515304,1.0,0.6898032884805216
2021-03-01 16:00:00,1.3355820798152516,1.1981133770517796,1.6697623917211353,1.0,0.6728940136903687
2021-03-01 17:00:00,1.3355820798152516,1.2013426226143569,1.6658117945635138,1.0,0.6747076484009179
2021-03-01 18:00:00,1.3355820798152516,1.2146979627346202,1.6494731273126804,1.0,0.6822083812946927
2021-03-01 19:00:00,1.3355820798152516,1.2177939519466099,1.6456855534215356,1.0,0.6839471755082455
2021-03-01 20:00:00,1.3355820798152516,1.2232444143030472,1.6390175621908287,1.0,0.6870083077531056
2021-03-01 21:00:00,1.3355820798152516,1.2163564490646441,1.6474441669086541,1.0,0.6831398336468955
2021-03-01 22:00:00,1.3355820798152516,1.2089543364068898,1.6564997697296362,1.0,0.6789825999564404
2021-03-01 23:00:00,1.3355820798152516,1.1995447723510102,1.6680112501337299,1.0,0.6736979253622731
2021-03-02 00:00:00,1.3355820798152516,1.186717738137348,1.6837035980593438,1.0,0.666493903855549
2021-03-02 01:00:00,1.3355820798152516,1.1921032380228735,1.6771150806710444,1.0,0.6695185513581232
2021-03-02 02:00:00,1.334647172359381,1.1914196088051285,1.6757568930822095,1.0,0.6691346060512638
2021-03-02 03:00:00,1.3365617561162313,1.1931287291463337,1.6733536584288973,1.0,0.6681747162208845
2021-03-02 04:00:00,1.344685749516377,1.2003808967897316,1.6631562134789675,1.0,0.664101695848197
2021-03-02 05:00:00,1.339630068694338,1.1958677659848393,1.6695022337583825,1.0,0.6666363964531484
2021-03-02 06:00:00,1.352231796208689,1.2071171400339187,1.6536842220648595,1.0,0.6603184330613899
2021-03-02 07:00:00,1.353526223666684,1.2082726561040609,1.6520594235089738,1.0,0.65966946288777
2021-03-02 08:00:00,1.3621375213836877,1.2159598330372425,1.641250301677951,1.0,0.6553521291198715
2021-03-02 09:00:00,1.3474591361059356,1.2028566576005502,1.6596749874760772,1.0,0.6627112392680122
2021-03-02 10:00:00,1.3402047685105547,1.196380791932369,1.6687808558042228,1.0,0.666348266718874
2021-03-02 11:00:00,1.3511670863326,1.2061666894202046,1.6550206732181643,1.0,0.6608522327338803
2021-03-02 12:00:00,1.3480408708539893,1.2033759635267218,1.6589447790949832,1.0,0.6624195825219247
2021-03-02 13:00:00,1.348785491331498,1.2040406751122215,1.6580101123671829,1.0,0.6620462618869327
2021-03-02 14:00:00,1.3438247820892575,1.1996123240189973,1.6642369218829867,1.0,0.6645333478324066
2021-03-02 15:00:00,1.346577605031908,1.2020697279691699,1.6607815078972885,1.0,0.6631532009790603
2021-03-02 16:00:00,1.3528197541656755,1.2076420013258125,1.6529462021522467,1.0,0.6600236562663907
2021-03-02 17:00:00,1.3834530942752807,1.2349879267850938,1.6144944476992493,1.0,0.6446654189803226
2021-03-02 18:00:00,1.3747768587259361,1.227242780818293,1.6253850811635104,1.0,0.6490153097803425
2021-03-02 19:00:00,1.379310331146234,1.2312897439778312,1.6196945502680544,1.0,0.6467424219753674
2021-03-02 20:00:00,1.3851387721731296,1.2364927062827915,1.6123785415531022,1.0,0.6438202926881713
2021-03-02 21:00:00,1.3833188894217763,1.2348681241156143,1.6146629050746086,1.0,0.6447327035133735
2021-03-02 22:00:00,1.3868285086854997,1.2380011088450902,1.610257540929878,1.0,0.6429731315815124
2021-03-02 23:00:00,1.3765228746930016,1.2288014232097284,1.623193437124813,1.0,0.6481399325791785
2021-03-03 00:00:00,1.3591828500121776,1.2133222420075704,1.6449590809902983,1.0,0.6568334740813951
2021-03-03 01:00:00,1.357476067318818,1.2117986225739465,1.647101478417248,1.0,0.6576891814089859
2021-03-03 02:00:00,1.346472695577185,1.2028180494995468,1.6585677877912555,1.0,0.6613418262754717
2021-03-03 03:00:00,1.3396240414404492,1.2028180494995468,1.6501340508055218,1.0,0.6647056534434458
2021-03-03 04:00:00,1.3429747300320731,1.2028180494995468,1.6542602376064108,1.0,0.6630599085874649
2021-03-03 05:00:00,1.3534586978840277,1.2028180494995468,1.667170661415959,1.0,0.657910538333913
2021-03-03 06:00:00,1.352755960660268,1.2028180494995468,1.6663052795764113,1.0,0.6582556990790804
2021-03-03 07:00:00,1.365033452910225,1.2028180494995468,1.681424329014915,1.0,0.6522254103303072
2021-03-03 08:00:00,1.3715340480295415,1.2028180494995468,1.6894294506625367,1.0,0.6490325379741074
2021-03-03 09:00:00,1.4034622573881657,1.2028180494995468,1.7287472662186922,1.0,0.6333504819203181
2021-03-03 10:00:00,1.4188419428456778,1.2028180494995468,1.747686494201636,1.0,0.6257965008396597
2021-03-03 11:00:00,1.4181146594630034,1.2028180494995468,1.746790885131429,1.0,0.6261537178274957
2021-03-03 12:00:00,1.425528702653392,1.2028180494995468,1.7559208673177409,1.0,0.6225121906879386
2021-03-03 13:00:00,1.448921192099088,1.2028180494995468,1.7847274181359987,1.0,0.6110225914246468
2021-03-03 14:00:00,1.4228280735737,1.2028180494995468,1.752595192681614,1.0,0.6238386483082996
2021-03-03 15:00:00,1.4013846594656454,1.2028180494995468,1.726188819830422,1.0,0.6343709277183347
2021-03-03 16:00:00,1.4000144873590368,1.2028180494995468,1.7245015290223868,1.0,0.6350439098933708
2021-03-03 17:00:00,1.408429958673237,1.2028180494995468,1.7348647142932347,1.0,0.63091051514561
2021-03-03 18:00:00,1.4151545030177075,1.2028180494995468,1.7431456169666464,1.0,0.6276076465079833
2021-03-03 19:00:00,1.4129652062821483,1.2028180494995468,1.7404496196972863,1.0,0.6286829549833126
2021-03-03 20:00:00,1.4023174135044034,1.2028180494995468,1.7273374545954732,1.0,0.6339127904969233
2021-03-03 21:00:00,1.3932281639179718,1.2028180494995468,1.7161445488246192,1.0,0.6383771223327704
2021-03-03 22:00:00,1.4052938421224628,1.2028180494995468,1.73100276103676,1.0,0.6324508694757902
2021-03-03 23:00:00,1.3943531502349717,1.2028180494995468,1.717529906957867,1.0,0.6378245671210209
2021-03-04 00:00:00,1.3883625084620965,1.2028180494995468,1.7101527645179861,1.0,0.6407669676491928
2021-03-04 01:00:00,1.4030849636196794,1.2028180494995468,1.7282826499092334,1.0,0.6335357958525745
2021-03-04 02:00:00,1.4177836013358878,1.2028180494995468,1.7476070203592287,1.0,0.6249023381203318
2021-03-04 03:00:00,1.4177836013358878,1.2028180494995468,1.725221548449326,1.0,0.6168954305541509
2021-03-04 04:00:00,1.4177836013358878,1.2028180494995468,1.6842004793902932,1.0,0.6022228826827651
2021-03-04 05:00:00,1.4177836013358878,1.2028180494995468,1.667673656119401,1.0,0.5963115153984282
2021-03-04 06:00:00,1.4177836013358878,1.2028180494995468,1.6863140081138037,1.0,0.6029788564319776
2021-03-04 07:00:00,1.4177836013358878,1.2028180494995468,1.67796449981575,1.0,0.5999923774587108
2021-03-04 08:00:00,1.4177836013358878,1.2028180494995468,1.6874867567370213,1.0,0.6033983289301346
2021-03-04 09:00:00,1.4177836013358878,1.2028180494995468,1.7056757380623666,1.0,0.609904222251535
2021-03-04 10:00:00,1.4177836013358878,1.2028180494995468,1.6662628256007663,1.0,0.595806885002441
2021-03-04 11:00:00,1.4177836013358878,1.2028180494995468,1.6712530357139825,1.0,0.5975917994001879
2021-03-04 12:00:00,1.4177836013358878,1.2028180494995468,1.6753982418959605,1.0,0.5990744700749651
2021-03-04 13:00:00,1.4177836013358878,1.2028180494995468,1.6765332913888056,1.0,0.5994804582269606
2021-03-04 14:00:00,1.4177836013358878,1.2028180494995468,1.6852319411825638,1.0,0.6025918192529657
2021-03-04 15:00:00,1.4177836013358878,1.2028180494995468,1.6781825434346624,1.0,0.6000703680013741
2021-03-04 16:00:00,1.4177836013358878,1.2028180494995468,1.678393454785667,1.0,0.6001458074515206
2021-03-04 17:00:00,1.4177836013358878,1.2028180494995468,1.6880624326467677,1.0,0.6036042385404375
2021-03-04 18:00:00,1.4177836013358878,1.2028180494995468,1.6479301800218384,1.0,0.5892496053889119
2021-03-04 19:00:00,1.4177836013358878,1.2028180494995468,1.6165322385302094,1.0,0.5780190887259765
2021-03-04 20:00:00,1.4177836013358878,1.2028180494995468,1.6302037772151212,1.0,0.5829091686393302
2021-03-04 21:00:00,1.4177836013358878,1.2028180494995468,1.6375945049272085,1.0,0.585552707889951
2021-03-04 22:00:00,1.4177836013358878,1.2028180494995468,1.6291009927437665,1.0,0.5825147211439593
2021-03-04 23:00:00,1.4177836013358878,1.2028180494995468,1.639000920232376,1.0,0.5860557590381895
2021-03-05 00:00:00,1.4177836013358878,1.2028180494995468,1.642634640915783,1.0,0.5873554799353169
2021-03-05 01:00:00,1.4177836013358878,1.2028180494995468,1.5904746675429167,1.0,0.5686987329553146
2021-03-05 02:00:00,1.4167911528149526,1.2019760768648973,1.5868698155629481,1.0,0.5666149366642087
2021-03-05 03:00:00,1.42848402270374,1.2118960639062422,1.5999629612836723,1.0,0.5619386265967053
2021-03-05 04:00:00,1.4336663623296857,1.2162926528037654,1.6057659103066366,1.0,0.5598660621025714
2021-03-05 05:00:00,1.4157037896194116,1.2010535805990878,1.5856522355414495,1.0,0.5670498040241215
2021-03-05 06:00:00,1.4300199800879019,1.2131991381294107,1.6016828567450028,1.0,0.5613243537067197
2021-03-05 07:00:00,1.4366927807299947,1.218860203079985,1.6091547564585233,1.0,0.5586557116096257
2021-03-05 08:00:00,1.4365232309318616,1.2187163605660136,1.608964902279439,1.0,0.5587235193792746
2021-03-05 09:00:00,1.4145481818718493,1.200073187078102,1.58435823836379,1.0,0.5675119643145727
2021-03-05 10:00:00,1.427026622381683,1.21065963585681,1.5983310304598783,1.0,0.5625214822910934
2021-03-05 11:00:00,1.4279037923569982,1.2114038085766765,1.5993132456404013,1.0,0.562170677157239
2021-03-05 12:00:00,1.4395044562732766,1.2212455699932496,1.6123031432923567,1.0,0.5575312428714412
2021-03-05 13:00:00,1.44499920429292,1.2259071996589135,1.6184559130746359,1.0,0.5553337374063977
2021-03-05 14:00:00,1.4570038759571655,1.2360917128261308,1.6318982002910645,1.0,0.5505327289718119
2021-03-05 15:00:00,1.4591267364887113,1.2378927034438156,1.6342752832953795,1.0,0.5496837368791956
2021-03-05 16:00:00,1.4514976021909582,1.2314203049573704,1.6257325245001895,1.0,0.5527348439095686
2021-03-05 17:00:00,1.4451820996923375,1.2260623643027861,1.6186607110531472,1.0,0.5552605923525545
2021-03-05 18:00:00,1.4577439502101976,1.2367195763933763,1.632726901895655,1.0,0.5502367523028615
2021-03-05 19:00:00,1.4698032175160598,1.2469504073647344,1.6462303228370123,1.0,0.5454139095238452
2021-03-05 20:00:00,1.494273590707095,1.2677105618230267,1.673631137613713,1.0,0.5356275137461473
2021-03-05 21:00:00,1.4906614823958821,1.2646461244368272,1.6695864624460623,1.0,0.5370720982340697
2021-03-05 22:00:00,1.4870417913566667,1.2615752540222747,1.6655332964832823,1.0,0.5385197152698297
2021-03-05 23:00:00,1.4879089521310187,1.2623109351447155,1.666504303814235,1.0,0.538172913099121
2021-03-06 00:00:00,1.4783274170272136,1.254182160517959,1.6557753350892297,1.0,0.5420048405467209
2021-03-06 01:00:00,1.4799319222725167,1.255543389317438,1.6575719873385264,1.0,0.5413631534242833
2021-03-06 02:00:00,1.4738326493005756,1.2503688932853474,1.6518991172969384,1.0,0.5425960097547973
2021-03-06 03:00:00,1.4738326493005756,1.2503688932853474,1.654483375702401,1.0,0.5434450907676487
2021-03-06 04:00:00,1.4738326493005756,1.2503688932853474,1.6525253983456534,1.0,0.5428017799463727
2021-03-06 05:00:00,1.4738326493005756,1.2503688932853474,1.6460048073183862,1.0,0.5406593819485103
2021-03-06 06:00:00,1.4738326493005756,1.2503688932853474,1.6468674721034926,1.0,0.540942818112611
2021-03-06 07:00:00,1.4738326493005756,1.2503688932853474,1.6611211397024486,1.0,0.5456259869846509
2021-03-06 08:00:00,1.4738326493005756,1.2503688932853474,1.657830786774058,1.0,0.5445449123555925
2021-03-06 09:00:00,1.4738326493005756,1.2503688932853474,1.6525736260619863,1.0,0.5428176255901926
2021-03-06 10:00:00,1.4738326493005756,1.2503688932853474,1.641876922358471,1.0,0.5393031287443839
2021-03-06 11:00:00,1.4738326493005756,1.2503688932853474,1.631354110139198,1.0,0.5358457654875594
2021-03-06 12:00:00,1.4738326493005756,1.2503688932853474,1.6357255111034126,1.0,0.5372820280340717
2021-03-06 13:00:00,1.4738326493005756,1.2503688932853474,1.619233330276647,1.0,0.5318633757929025
2021-03-06 14:00:00,1.4738326493005756,1.2503688932853474,1.6074565974327233,1.0,0.527994025796763
2021-03-06 15:00:00,1.4738326493005756,1.2503688932853474,1.6149495543181638,1.0,0.5304559032189644
2021-03-06 16:00:00,1.4738326493005756,1.2503688932853474,1.6051474407894402,1.0,0.527235331907109
2021-03-06 17:00:00,1.4738326493005756,1.2503688932853474,1.621618904076091,1.0,0.532647177216778
2021-03-06 18:00:00,1.4738326493005756,1.2503688932853474,1.6379677602810794,1.0,0.5380187388826517
2021-03-06 19:00:00,1.4738326493005756,1.2503688932853474,1.645817330561938,1.0,0.5405977847978868
2021-03-06 20:00:00,1.4738326493005756,1.2503688932853474,1.641804580783972,1.0,0.5392793602786543
2021-03-06 21:00:00,1.4738326493005756,1.2503688932853474,1.647827271584875,1.0,0.5412581687424334
2021-03-06 22:00:00,1.4738326493005756,1.2503688932853474,1.6495631297410476,1.0,0.5418285003309055
2021-03-06 23:00:00,1.4738326493005756,1.2503688932853474,1.6613337492124787,1.0,0.5456958417243072
2021-03-07 00:00:00,1.4738326493005756,1.2503688932853474,1.6603783649445636,1.0,0.5453819417520177
2021-03-07 01:00:00,1.4738326493005756,1.2503688932853474,1.6707687207598243,1.0,0.5487957852828582
2021-03-07 02:00:00,1.4738326493005756,1.2503688932853474,1.668282955577858,1.0,0.5472118970384607
2021-03-07 03:00:00,1.4738326493005756,1.2503688932853474,1.6833289841782524,1.0,0.5521485162046743
2021-03-07 04:00:00,1.4738326493005756,1.2503688932853474,1.6832810960937248,1.0,0.5521328040694531
2021-03-07 05:00:00,1.4738326493005756,1.2503688932853474,1.6790958133587377,1.0,0.55075960802455
2021-03-07 06:00:00,1.4738326493005756,1.2503688932853474,1.6766565777340785,1.0,0.549959292030515
2021-03-07 07:00:00,1.4738326493005756,1.2503688932853474,1.6801140295106076,1.0,0.5510936859067719
2021-03-07 08:00:00,1.4738326493005756,1.2503688932853474,1.7003326505035892,1.0,0.5577274385440454
2021-03-07 09:00:00,1.4738326493005756,1.2503688932853474,1.712062853790206,1.0,0.561576131638167
2021-03-07 10:00:00,1.4738326493005756,1.2503688932853474,1.7301074915983583,1.0,0.5674965979098295
2021-03-07 11:00:00,1.4738326493005756,1.2503688932853474,1.720065937646997,1.0,0.5642019525910271
2021-03-07 12:00:00,1.4738326493005756,1.2503688932853474,1.7227863884063288,1.0,0.5650945355918933
2021-03-07 13:00:00,1.4738326493005756,1.2503688932853474,1.7237149417616362,1.0,0.5653991950081688
2021-03-07 14:00:00,1.4738326493005756,1.2503688932853474,1.7241248773504643,1.0,0.565533695343006
2021-03-07 15:00:00,1.4738326493005756,1.2503688932853474,1.7207608243203543,1.0,0.5644299457021097
2021-03-07 16:00:00,1.4738326493005756,1.2503688932853474,1.7184703474263552,1.0,0.5636784376174854
2021-03-07 17:00:00,1.4738326493005756,1.2503688932853474,1.7338828387445169,1.0,0.5687352936198954
2021-03-07 18:00:00,1.4738326493005756,1.2503688932853474,1.7353476707201723,1.0,0.5692159066639324
2021-03-07 19:00:00,1.4738326493005756,1.2503688932853474,1.7129068388260287,1.0,0.5618530440922435
2021-03-07 20:00:00,1.4738326493005756,1.2503688932853474,1.7115038198389125,1.0,0.561392711960336
2021-03-07 21:00:00,1.4738326493005756,1.2503688932853474,1.699625537085246,1.0,0.55749543382397
2021-03-07 22:00:00,1.4738326493005756,1.2503688932853474,1.7008556834835356,1.0,0.5578990462620647
2021-03-07 23:00:00,1.4738326493005756,1.2503688932853474,1.7152666006082806,1.0,0.5626272846278262
2021-03-08 00:00:00,1.4738326493005756,1.2503688932853474,1.7311284248046692,1.0,0.5678315672607164
2021-03-08 01:00:00,1.4738326493005756,1.2503688932853474,1.748743428379294,1.0,0.5736110700497203
2021-03-08 02:00:00,1.4738326493005756,1.2503688932853474,1.7512529677876214,1.0,0.5736302579006018
2021-03-08 03:00:00,1.4738326493005756,1.2503688932853474,1.7231813801957299,1.0,0.5644325270707372
2021-03-08 04:00:00,1.4738326493005756,1.2503688932853474,1.7187189579077322,1.0,0.5629704024609397
2021-03-08 05:00:00,1.4738326493005756,1.2503688932853474,1.7124412036211543,1.0,0.5609134794616629
2021-03-08 06:00:00,1.4738326493005756,1.2503688932853474,1.723485011029543,1.0,0.5645320125263396
2021-03-08 07:00:00,1.4738326493005756,1.2503688932853474,1.707779417463528,1.0,0.5593860327462296
2021-03-08 08:00:00,1.4738326493005756,1.2503688932853474,1.6902381139906228,1.0,0.5536385777004253
2021-03-08 09:00:00,1.4738326493005756,1.2503688932853474,1.6942990914849212,1.0,0.5549691678487889
2021-03-08 10:00:00,1.4738326493005756,1.2503688932853474,1.695013676802978,1.0,0.5552033036413921
2021-03-08 11:00:00,1.4738326493005756,1.2503688932853474,1.700682810894709,1.0,0.5570608106043832
2021-03-08 12:00:00,1.4738326493005756,1.2503688932853474,1.7154286049793417,1.0,0.5618923095147703
2021-03-08 13:00:00,1.4738326493005756,1.2503688932853474,1.708355093373274,1.0,0.559574654499301
2021-03-08 14:00:00,1.4738326493005756,1.2503688932853474,1.731972749472297,1.0,0.5673130427511244
2021-03-08 15:00:00,1.4738326493005756,1.2503688932853474,1.724098725701467,1.0,0.5647330977816789
2021-03-08 16:00:00,1.4738326493005756,1.2503688932853474,1.7342421691943763,1.0,0.5680566241989261
2021-03-08 17:00:00,1.4738326493005756,1.2503688932853474,1.7218782129593306,1.0,0.5640055408367929
2021-03-08 18:00:00,1.4738326493005756,1.2503688932853474,1.7264853183963265,1.0,0.5655150712677164
2021-03-08 19:00:00,1.4738326493005756,1.2503688932853474,1.7270796740553565,1.0,0.5657098134906516
2021-03-08 20:00:00,1.4738326493005756,1.2503688932853474,1.7440605850497477,1.0,0.5712736544405455
2021-03-08 21:00:00,1.4738326493005756,1.2503688932853474,1.7593287328507166,1.0,0.5762763039445751
2021-03-08 22:00:00,1.4738326493005756,1.2503688932853474,1.7616446821301028,1.0,0.5770351309264009
2021-03-08 23:00:00,1.4738326493005756,1.2503688932853474,1.7540223255268963,1.0,0.5745376453782096
2021-03-09 00:00:00,1.4738326493005756,1.2503688932853474,1.7799701954411222,1.0,0.5830395344252093
2021-03-09 01:00:00,1.4738326493005756,1.2503688932853474,1.7682274257777144,1.0,0.579191984506361
2021-03-09 02:00:00,1.4738326493005756,1.2503688932853474,1.821032699580385,1.0,0.5956586937618301
2021-03-09 03:00:00,1.4738326493005756,1.2503688932853474,1.8209824340732212,1.0,0.5956422467497152
2021-03-09 04:00:00,1.4738326493005756,1.2503688932853474,1.829110502434311,1.0,0.5983017730600905
2021-03-09 05:00:00,1.4738326493005756,1.2503688932853474,1.8243556571620707,1.0,0.5967459746167821
2021-03-09 06:00:00,1.4738326493005756,1.2503688932853474,1.8430129907467314,1.0,0.6028507054514035
2021-03-09 07:00:00,1.4738326493005756,1.2503688932853474,1.8300030548182715,1.0,0.5985938186535915
2021-03-09 08:00:00,1.4738326493005756,1.2503688932853474,1.8198083269227832,1.0,0.5952580756626783
2021-03-09 09:00:00,1.4738326493005756,1.2503688932853474,1.8360226889329279,1.0,0.6005634594828198
2021-03-09 10:00:00,1.4738326493005756,1.2503688932853474,1.8387030631392507,1.0,0.6014404852910047
2021-03-09 11:00:00,1.4738326493005756,1.2503688932853474,1.8413172091435674,1.0,0.6022958410494436
2021-03-09 12:00:00,1.4738326493005756,1.2503688932853474,1.8435007020189413,1.0,0.6030102859203028
2021-03-09 13:00:00,1.4738326493005756,1.2503688932853474,1.8265540938368714,1.0,0.5974653091398917
2021-03-09 14:00:00,1.4738326493005756,1.2503688932853474,1.8609034357153411,1.0,0.6087045082228112
2021-03-09 15:00:00,1.4738326493005756,1.2503688932853474,1.8515683159187126,1.0,0.605650031364756
2021-03-09 16:00:00,1.4738326493005756,1.2503688932853474,1.8376457893297875,1.0,0.6010945423942892
2021-03-09 17:00:00,1.4738326493005756,1.2503688932853474,1.8380635364501345,1.0,0.6012312304003798
2021-03-09 18:00:00,1.4738326493005756,1.2503688932853474,1.8280668138970542,1.0,0.5979602753017843
2021-03-09 19:00:00,1.4738326493005756,1.2503688932853474,1.8308079821965006,1.0,0.5988571931043515
2021-03-09 20:00:00,1.4738326493005756,1.2503688932853474,1.8381722186277856,1.0,0.6012667915076554
2021-03-09 21:00:00,1.4738326493005756,1.2503688932853474,1.8455384928499015,1.0,0.6036770566817207
2021-03-09 22:00:00,1.4738326493005756,1.2503688932853474,1.8449804777940235,1.0,0.6034944726215524
2021-03-09 23:00:00,1.4738326493005756,1.2503688932853474,1.8624861199273868,1.0,0.6092223668475124
2021-03-10 00:00:00,1.4738326493005756,1.2503688932853474,1.8644824756781173,1.0,0.6098755799367814
2021-03-10 01:00:00,1.4738326493005756,1.2503688932853474,1.8866369979605109,1.0,0.617124600526456
2021-03-10 02:00:00,1.4738326493005756,1.2503688932853474,1.8582305334087315,1.0,0.6069789713065188
2021-03-10 03:00:00,1.4738326493005756,1.2503688932853474,1.8338211955718806,1.0,0.5990032385196994
2021-03-10 04:00:00,1.4738326493005756,1.2503688932853474,1.8182708137408234,1.0,0.5939221629474535
2021-03-10 05:00:00,1.4738326493005756,1.2503688932853474,1.8231227937093397,1.0,0.5955075437543618
2021-03-10 06:00:00,1.4738326493005756,1.2503688932853474,1.8229978092050407,1.0,0.5954667051615476
2021-03-10 07:00:00,1.4738326493005756,1.2503688932853474,1.8298084457939148,1.0,0.5976920755466053
2021-03-10 08:00:00,1.4738326493005756,1.2503688932853474,1.8401757066464246,1.0,0.6010795702358729
2021-03-10 09:00:00,1.4738326493005756,1.2503688932853474,1.8558259402281987,1.0,0.6061932722925953
2021-03-10 10:00:00,1.4738326493005756,1.2503688932853474,1.8768688476123037,1.0,0.6130690264599219
2021-03-10 11:00:00,1.4738326493005756,1.2503688932853474,1.8641652595720979,1.0,0.6089181386185667
2021-03-10 12:00:00,1.4738326493005756,1.2503688932853474,1.8648292397511856,1.0,0.6091350936428916
2021-03-10 13:00:00,1.4738326493005756,1.2503688932853474,1.8766847671739066,1.0,0.6130088783150707
2021-03-10 14:00:00,1.4738326493005756,1.2503688932853474,1.9126623039263135,1.0,0.6247645114003715
2021-03-10 15:00:00,1.4738326493005756,1.2503688932853474,1.905875781195606,1.0,0.6225470202003406
2021-03-10 16:00:00,1.4738326493005756,1.2503688932853474,1.9139681882171538,1.0,0.6251912081106167
2021-03-10 17:00:00,1.4738326493005756,1.2503688932853474,1.9391240367617466,1.0,0.6334108627099507
2021-03-10 18:00:00,1.4738326493005756,1.2503688932853474,1.9329366245353412,1.0,0.6313891304167787
2021-03-10 19:00:00,1.4738326493005756,1.2503688932853474,1.9286603204765715,1.0,0.6299918512805767
2021-03-10 20:00:00,1.4738326493005756,1.2503688932853474,1.9292570535582376,1.0,0.6301868333663766
2021-03-10 21:00:00,1.4738326493005756,1.2503688932853474,1.9127329473417867,1.0,0.6247875940832663
2021-03-10 22:00:00,1.4738326493005756,1.2503688932853474,1.9353242361256162,1.0,0.6321692807088525
2021-03-10 23:00:00,1.4738326493005756,1.2503688932853474,1.934812071363435,1.0,0.6320019312578642
2021-03-11 00:00:00,1.4738326493005756,1.2503688932853474,1.8995161756439845,1.0,0.620469023867612
2021-03-11 01:00:00,1.4738326493005756,1.2503688932853474,1.8914108626138404,1.0,0.6178206189287301
2021-03-11 02:00:00,1.4738326493005756,1.2503688932853474,1.8966014554921011,1.0,0.6186493240950316
2021-03-11 03:00:00,1.4738326493005756,1.2503688932853474,1.9149157609535503,1.0,0.6246252164924763
2021-03-11 04:00:00,1.4738326493005756,1.2503688932853474,1.9040645247786874,1.0,0.621084496922371
2021-03-11 05:00:00,1.4738326493005756,1.2503688932853474,1.8986908703574454,1.0,0.6193310926958231
2021-03-11 06:00:00,1.4738326493005756,1.2503688932853474,1.8796986598128969,1.0,0.6131340022933102
2021-03-11 07:00:00,1.4738326493005756,1.2503688932853474,1.8888364535307274,1.0,0.6161156317153346
2021-03-11 08:00:00,1.4738326493005756,1.2503688932853474,1.8708583835563866,1.0,0.6102494517552735
2021-03-11 09:00:00,1.4738326493005756,1.2503688932853474,1.8620612405391315,1.0,0.6073789754390022
2021-03-11 10:00:00,1.4738326493005756,1.2503688932853474,1.852265580014706,1.0,0.6041826864298949
2021-03-11 11:00:00,1.4738326493005756,1.2503688932853474,1.8873549795966194,1.0,0.6156322320669841
2021-03-11 12:00:00,1.4738326493005756,1.2503688932853474,1.9108928222214296,1.0,0.6233125459664074
2021-03-11 13:00:00,1.4738326493005756,1.2503688932853474,1.913030804434912,1.0,0.6240101619192655
2021-03-11 14:00:00,1.4738326493005756,1.2503688932853474,1.9352933296313466,1.0,0.6312743443011382
2021-03-11 15:00:00,1.4738326493005756,1.2503688932853474,1.9322716254608379,1.0,0.630288373033056
2021-03-11 16:00:00,1.4738326493005756,1.2503688932853474,1.9158884664435285,1.0,0.6249426068163818
2021-03-11 17:00:00,1.4738326493005756,1.2503688932853474,1.9333044457803297,1.0,0.6306253786109179
2021-03-11 18:00:00,1.4738326493005756,1.2503688932853474,1.9305374654636909,1.0,0.6297225228257021
2021-03-11 19:00:00,1.4738326493005756,1.2503688932853474,1.9566673780254826,1.0,0.6382486198787731
2021-03-11 20:00:00,1.4738326493005756,1.2503688932853474,1.9320145241843316,1.0,0.6302044818056828
2021-03-11 21:00:00,1.4738326493005756,1.2503688932853474,1.953478575006835,1.0,0.6372081248539306
2021-03-11 22:00:00,1.4738326493005756,1.2503688932853474,1.9569424797876622,1.0,0.6383383846002687
2021-03-11 23:00:00,1.4738326493005756,1.2503688932853474,1.967378006633009,1.0,0.6417434597023361
2021-03-12 00:00:00,1.4738326493005756,1.2503688932853474,1.9638200238421526,1.0,0.6405825026376594
2021-03-12 01:00:00,1.4738326493005756,1.2503688932853474,1.950252752121425,1.0,0.6361555503789115
2021-03-12 02:00:00,1.4738326493005756,1.2503688932853474,1.93465312367862,1.0,0.630181961845092
2021-03-12 03:00:00,1.4738326493005756,1.2503688932853474,1.9362225622502645,1.0,0.630693354145156
2021-03-12 04:00:00,1.4738326493005756,1.2503688932853474,1.941198847459469,1.0,0.6323148473242378
2021-03-12 05:00:00,1.4738326493005756,1.2503688932853474,1.927322171164241,1.0,0.6277932142153839
2021-03-12 06:00:00,1.4738326493005756,1.2503688932853474,1.9428698359408565,1.0,0.6328593290633235
2021-03-12 07:00:00,1.4738326493005756,1.2503688932853474,1.9395197078147581,1.0,0.631767709576669
2021-03-12 08:00:00,1.4738326493005756,1.2503688932853474,1.9255136318017638,1.0,0.6272039123331419
2021-03-12 09:00:00,1.4738326493005756,1.2503688932853474,1.920435457051011,1.0,0.6255492190480181
2021-03-12 10:00:00,1.4738326493005756,1.2503688932853474,1.9216109227286697,1.0,0.6259322376047204
2021-03-12 11:00:00,1.4738326493005756,1.2503688932853474,1.9271323169851564,1.0,0.627731351351126
2021-03-12 12:00:00,1.4738326493005756,1.2503688932853474,1.9203111518103224,1.0,0.6255087149186471
2021-03-12 13:00:00,1.4738326493005756,1.2503688932853474,1.9164070842100078,1.0,0.6242365975221451
2021-03-12 14:00:00,1.4738326493005756,1.2503688932853474,1.8930458501238807,1.0,0.6166244772088794
2021-03-12 15:00:00,1.4738326493005756,1.2503688932853474,1.9106082107687057,1.0,0.6223470688202857
2021-03-12 16:00:00,1.4738326493005756,1.2503688932853474,1.935455673634213,1.0,0.6304434680136813
2021-03-12 17:00:00,1.4738326493005756,1.2503688932853474,1.9502367894265826,1.0,0.6352598073971664
2021-03-12 18:00:00,1.4738326493005756,1.2503688932853474,1.943825899472382,1.0,0.6331708567250158
2021-03-12 19:00:00,1.4738326493005756,1.2503688932853474,1.9491988746300135,1.0,0.6349216089836205
2021-03-12 20:00:00,1.4738326493005756,1.2503688932853474,1.9353581993061324,1.0,0.6304117065789013
2021-03-12 21:00:00,1.4738326493005756,1.2503688932853474,1.9260889680797046,1.0,0.6273913822652578
2021-03-12 22:00:00,1.4738326493005756,1.2503688932853474,1.9339789545453774,1.0,0.6299622878101154
2021-03-12 23:00:00,1.4738326493005756,1.2503688932853474,1.9424704289379882,1.0,0.6327291846476396
2021-03-13 00:00:00,1.4738326493005756,1.2503688932853474,1.9450859334695256,1.0,0.6335814313697329
2021-03-13 01:00:00,1.4738326493005756,1.2503688932853474,1.9267108339149528,1.0,0.6275940135791331
2021-03-13 02:00:00,1.472800966446065,1.2494936350600476,1.916216211135508,1.0,0.6233005555494032
2021-03-13 03:00:00,1.474984257422042,1.2513458936069373,1.919055872658451,1.0,0.6223765702253468
2021-03-13 04:00:00,1.4810434708901161,1.2564864039911054,1.9269366890653843,1.0,0.6198122650633556
2021-03-13 05:00:00,1.4858591929543388,1.2605719621924856,1.9332001788161455,1.0,0.6177742149083204
2021-03-13 06:00:00,1.4826099775956398,1.257815395621627,1.9289741402645393,1.0,0.6191493075272937
2021-03-13 07:00:00,1.487528845208901,1.2619884603564386,1.9353717845783385,1.0,0.6170676053924711
2021-03-13 08:00:00,1.4975292631621346,1.2704726064598038,1.948378663820552,1.0,0.612835352557237
2021-03-13 09:00:00,1.5004907154954148,1.2729850408791648,1.952230428122872,1.0,0.6115820434363035
2021-03-13 10:00:00,1.5058887529377536,1.27756462330726,1.9592512967991402,1.0,0.6092975529903166
2021-03-13 11:00:00,1.553957973453332,1.3183455478482358,2.021771738388413,1.0,0.5889542937619597
2021-03-13 12:00:00,1.5635055955026853,1.3264455513466127,2.034189696080479,1.0,0.5849136675924252
2021-03-13 13:00:00,1.5649310931031946,1.3276549137921898,2.0360437461048475,1.0,0.5843103861806295
2021-03-13 14:00:00,1.5644305107803926,1.3272302301856371,2.0353926719343556,1.0,0.5845222364217748
2021-03-13 15:00:00,1.5609413188151966,1.3242700724648453,2.0308545117538075,1.0,0.585998888963342
2021-03-13 16:00:00,1.5588851971617053,1.3225257017199332,2.0281802509199776,1.0,0.5868690552642176
2021-03-13 17:00:00,1.5623832674779576,1.325493391648666,2.032729958581901,1.0,0.5853886453370485
2021-03-13 18:00:00,1.575248520414739,1.3364080040261523,2.049462938358525,1.0,0.5799439725771375
2021-03-13 19:00:00,1.5738050049841446,1.3351833556291655,2.0475854537396008,1.0,0.5805548792714784
2021-03-13 20:00:00,1.5867705310622695,1.346183037649279,2.064448852129406,1.0,0.5750677701565337
2021-03-13 21:00:00,1.611929688932551,1.3675275426696987,2.0971716972929646,1.0,0.5644202234513315
2021-03-13 22:00:00,1.598613729115667,1.3562305599714457,2.079852513020634,1.0,0.5700556387862121
2021-03-13 23:00:00,1.5964004084228816,1.3543528248388734,2.076973793840098,1.0,0.5709923329145105
2021-03-14 00:00:00,1.5988317709724953,1.3564155421370543,2.080136105577943,1.0,0.5699633618162818
2021-03-14 01:00:00,1.6003092330394821,1.3576689901526386,2.082057742331538,1.0,0.5693380886475805
2021-03-14 02:00:00,1.5944547487847445,1.3517552762474467,2.075896821385935,1.0,0.5704701690591116
2021-03-14 03:00:00,1.5944547487847445,1.351984920567411,2.0762493591996916,1.0,0.5705670839640027
2021-03-14 04:00:00,1.5944547487847445,1.3581667332730367,2.085739351099473,1.0,0.5731759435713866
2021-03-14 05:00:00,1.5944547487847445,1.3551470653316193,2.0811037165908437,1.0,0.5719015779289421
2021-03-14 06:00:00,1.5944547487847445,1.351027626759622,2.074779772378764,1.0,0.5701630851263694
2021-03-14 07:00:00,1.5944547487847445,1.349413258163496,2.0723014790965113,1.0,0.56948178641636
2021-03-14 08:00:00,1.5944547487847445,1.3398624438158522,2.057639574067753,1.0,0.5654511347360665
2021-03-14 09:00:00,1.5944547487847445,1.345685409616871,2.0665786831795647,1.0,0.5679085531336882
2021-03-14 10:00:00,1.5944547487847445,1.349126313382192,2.071860976645219,1.0,0.5693606894687265
2021-03-14 11:00:00,1.5944547487847445,1.335623537100521,2.0511322286808866,1.0,0.5636622237748798
2021-03-14 12:00:00,1.5944547487847445,1.335719111615188,2.0512789496207158,1.0,0.5637025583017709
2021-03-14 13:00:00,1.5944547487847445,1.3378952017222863,2.0546195680562698,1.0,0.5646209157242256
2021-03-14 14:00:00,1.5944547487847445,1.3276056760216939,2.0388236324300824,1.0,0.5602785117631698
2021-03-14 15:00:00,1.5944547487847445,1.3290793376934487,2.041085919884253,1.0,0.5609004290863673
2021-03-14 16:00:00,1.5944547487847445,1.3210324945279983,2.028732831866973,1.0,0.5575044860028455
2021-03-14 17:00:00,1.5944547487847445,1.3189685717332527,2.025564406756635,1.0,0.5566334656293116
2021-03-14 18:00:00,1.5944547487847445,1.3217150116061194,2.0297805959858914,1.0,0.557792523075667
2021-03-14 19:00:00,1.5944547487847445,1.3312928169046643,2.0444839360948794,1.0,0.5618345655251289
2021-03-14 20:00:00,1.5944547487847445,1.3269005927387212,2.0377412258670375,1.0,0.5599809512603879
2021-03-14 21:00:00,1.5944547487847445,1.3338773110721227,2.0484515148427587,1.0,0.5629252783564745
2021-03-14 22:00:00,1.5944547487847445,1.329570042030328,2.041839223228098,1.0,0.5611075170045255
2021-03-14 23:00:00,1.5944547487847445,1.3325545332406525,2.046420856279707,1.0,0.562367037300267
2021-03-15 00:00:00,1.5944547487847445,1.3051742046869257,2.0043880240731022,1.0,0.550811942281663
2021-03-15 01:00:00,1.5944547487847445,1.316184521518966,2.021290480120501,1.0,0.5554585357996887
2021-03-15 02:00:00,1.5933386304605952,1.3287087727019835,2.0433767364100577,1.0,0.56074404258872
2021-03-15 03:00:00,1.593314257337408,1.3286884475921932,2.043345490283983,1.0,0.5607526202277512
2021-03-15 04:00:00,1.6012651940015323,1.3353188518859536,2.0535385200204455,1.0,0.5579544451994339
2021-03-15 05:00:00,1.5852878169764526,1.3219950796431041,2.0330556654830496,1.0,0.563577367290024
2021-03-15 06:00:00,1.5656017513481115,1.3055785768355355,2.0078183053052183,1.0,0.5705054890414635
2021-03-15 07:00:00,1.5587107806173854,1.2998320938925458,1.9989841424212011,1.0,0.5729306300071293
2021-03-15 08:00:00,1.5310091365634226,1.2767312810652514,1.9634708823464482,1.0,0.5826796761773603
2021-03-15 09:00:00,1.5307516292184429,1.2765165418618147,1.9631407602318327,1.0,0.5827703007984294
2021-03-15 10:00:00,1.480823551294359,1.2348807753815272,1.899133410599569,1.0,0.6003415011186916
2021-03-15 11:00:00,1.492605836953438,1.2447061985642776,1.9142381955022558,1.0,0.5961949585287482
2021-03-15 12:00:00,1.487287727444054,1.2402713479780805,1.9074204266454735,1.0,0.5980665620712792
2021-03-15 13:00:00,1.4950174515227281,1.2467172798079835,1.917329863824628,1.0,0.5953462384406908
2021-03-15 14:00:00,1.5056751294869113,1.2556048759139973,1.9309929117144102,1.0,0.591595479303873
2021-03-15 15:00:00,1.4869891566850086,1.2400223653831497,1.9070376616010583,1.0,0.5981716381494117
2021-03-15 16:00:00,1.4892219467091738,1.2418843221800246,1.909900078454947,1.0,0.5973858518259857
2021-03-15 17:00:00,1.4906003527955205,1.2430337955087076,1.9116671827371945,1.0,0.596900749044687
2021-03-15 18:00:00,1.4849296277756754,1.2383048936058707,1.904397363947744,1.0,0.5988964486475504
2021-03-15 19:00:00,1.4863930748679262,1.2395252838937134,1.9062734900394482,1.0,0.5983814173648493
2021-03-15 20:00:00,1.4984140581790903,1.2495497605973445,1.9216842831985845,1.0,0.5941508698535238
2021-03-15 21:00:00,1.4935918887415187,1.2455284818103582,1.9155023050810616,1.0,0.5958479370888108
2021-03-15 22:00:00,1.5021516236348236,1.252666571998663,1.9264758087057818,1.0,0.5928355075551266
2021-03-15 23:00:00,1.4876159698313274,1.24054507418493,1.9078412304520669,1.0,0.5979510436499782
2021-03-16 00:00:00,1.4731030995995065,1.228442575930349,1.8892358605335955,1.0,0.6030585615170396
2021-03-16 01:00:00,1.4333566289616961,1.1952974031398456,1.838281240437242,1.0,0.6170465463672136
2021-03-16 02:00:00,1.4406248670320743,1.2013584949263456,1.8501883918943474,1.0,0.6129927456036961
2021-03-16 03:00:00,1.4436397724315801,1.2038726693627189,1.854059175577756,1.0,0.6117098889899644
2021-03-16 04:00:00,1.436213481365481,1.1976797748332542,1.8445246919114988,1.0,0.6148698112254029
2021-03-16 05:00:00,1.4400971197062853,1.2009183985851535,1.849510826443053,1.0,0.6132173046055734
2021-03-16 06:00:00,1.4314428571683506,1.1937014803886143,1.8383997719372427,1.0,0.6168997345536507
2021-03-16 07:00:00,1.4562371936854082,1.214377846236856,1.8702327817712816,1.0,0.6063496262188384
2021-03-16 08:00:00,1.461010198697542,1.2183581260785235,1.876360758431784,1.0,0.6043186898424617
2021-03-16 09:00:00,1.478085668438063,1.2325976141625343,1.8982836518230586,1.0,0.5970529961020233
2021-03-16 10:00:00,1.4778772148577513,1.232423781622755,1.8980160219605924,1.0,0.5971416940937424
2021-03-16 11:00:00,1.4760863129050747,1.2309303218584093,1.8957167146396592,1.0,0.5979037314083834
2021-03-16 12:00:00,1.4679190593028681,1.2241195276539176,1.8852309222871486,1.0,0.6013789367336757
2021-03-16 13:00:00,1.457808002517756,1.2156877670759527,1.872249515430322,1.0,0.6056812395756568
2021-03-16 14:00:00,1.463721153381594,1.220618831494331,1.879841305171064,1.0,0.6031651657065028
2021-03-16 15:00:00,1.4725513316947914,1.2279824484712674,1.8911782148273057,1.0,0.5994078827577998
2021-03-16 16:00:00,1.4773544936969703,1.2319878766752888,1.8973449095135964,1.0,0.5973641144384588
2021-03-16 17:00:00,1.4725455119247828,1.2279775952785323,1.8911707429275921,1.0,0.59941035909767
2021-03-16 18:00:00,1.4621466410592405,1.2193058222598574,1.8778198166667517,1.0,0.603835128202329
2021-03-16 19:00:00,1.4649179097233824,1.2216168244003722,1.881377799457608,1.0,0.6026559401804413
2021-03-16 20:00:00,1.4746149692328756,1.2297033464951463,1.893827682539359,1.0,0.598529795151963
2021-03-16 21:00:00,1.491982485613833,1.2441863766145835,1.9161255294435302,1.0,0.5911398341743956
2021-03-16 22:00:00,1.4936929689263896,1.245612774079319,1.918321588695695,1.0,0.5904120153743263
2021-03-16 23:00:00,1.4878978006727281,1.2407800971136584,1.9108812747400543,1.0,0.5928778870806545
2021-03-17 00:00:00,1.5056031282491906,1.2555448330113925,1.933612831459415,1.0,0.585344185829705
2021-03-17 01:00:00,1.495050827083419,1.2467451121842505,1.9200649187515815,1.0,0.589834240258218
2021-03-17 02:00:00,1.4880982743431248,1.2409472750879194,1.9124778838561116,1.0,0.5914905585464456
2021-03-17 03:00:00,1.4880982743431248,1.2409472750879194,1.895105377390371,1.0,0.5861157987556096
2021-03-17 04:00:00,1.4880982743431248,1.2409472750879194,1.8863564620894488,1.0,0.5834090322757375
2021-03-17 05:00:00,1.4880982743431248,1.2409472750879194,1.8881120188903209,1.0,0.5839521718694665
2021-03-17 06:00:00,1.4880982743431248,1.2409472750879194,1.9004905792929885,1.0,0.5877818891789345
2021-03-17 07:00:00,1.4880982743431248,1.2409472750879194,1.9127044182701534,1.0,0.591560644464228
2021-03-17 08:00:00,1.4880982743431248,1.2409472750879194,1.8966109651826455,1.0,0.5865816021641994
2021-03-17 09:00:00,1.4880982743431248,1.2409472750879194,1.8952952315694553,1.0,0.5861745364288334
2021-03-17 10:00:00,1.4880982743431248,1.2409472750879194,1.8606877695190644,1.0,0.5754675727642558
2021-03-17 11:00:00,1.4880982743431248,1.2409472750879194,1.8713786994818917,1.0,0.5787751657476956
2021-03-17 12:00:00,1.4880982743431248,1.2409472750879194,1.8631456848930075,1.0,0.5762280102260117
2021-03-17 13:00:00,1.4880982743431248,1.2409472750879194,1.8735839287927958,1.0,0.5794574264136044
2021-03-17 14:00:00,1.4880982743431248,1.2409472750879194,1.8720056597942172,1.0,0.5789691366685746
2021-03-17 15:00:00,1.4880982743431248,1.2409472750879194,1.8533041740748855,1.0,0.5731832131651712
2021-03-17 16:00:00,1.4880982743431248,1.2409472750879194,1.8658973817784141,1.0,0.5770793387205739
2021-03-17 17:00:00,1.4880982743431248,1.2409472750879194,1.8778048728673244,1.0,0.5807633151485365
2021-03-17 18:00:00,1.4880982743431248,1.2409472750879194,1.8868516452613722,1.0,0.5835622335772769
2021-03-17 19:00:00,1.4880982743431248,1.2409472750879194,1.956054682248974,1.0,0.6049724832345847
2021-03-17 20:00:00,1.4880982743431248,1.2409472750879194,1.9656696586530542,1.0,0.6079471943776429
2021-03-17 21:00:00,1.4880982743431248,1.2409472750879194,1.9611620653349702,1.0,0.6065526212130131
2021-03-17 22:00:00,1.4880982743431248,1.2409472750879194,1.9849984443165165,1.0,0.613927193878264
2021-03-17 23:00:00,1.4880982743431248,1.2409472750879194,1.9811619634454287,1.0,0.6127402515585189
2021-03-18 00:00:00,1.4880982743431248,1.2409472750879194,2.0017354996748025,1.0,0.6191053558397585
2021-03-18 01:00:00,1.4880982743431248,1.2409472750879194,2.0021569827450056,1.0,0.6192357555758423
2021-03-18 02:00:00,1.4880982743431248,1.2400786119953577,2.006488986419822,1.0,0.6197072121193509
2021-03-18 03:00:00,1.4880982743431248,1.2390056253467412,2.0047534678954544,1.0,0.6191710061415818
2021-03-18 04:00:00,1.4880982743431248,1.2332438340281424,1.9954339711618634,1.0,0.6162916534938356
2021-03-18 05:00:00,1.4880982743431248,1.2341899940748482,1.9969643520759144,1.0,0.6167644801348977
2021-03-18 06:00:00,1.4880982743431248,1.2382318570883943,2.0035019246934396,1.0,0.6187843292280634
2021-03-18 07:00:00,1.4880982743431248,1.2371464817485316,2.0017463678925673,1.0,0.618241932222371
2021-03-18 08:00:00,1.4880982743431248,1.2252970135382122,1.9825802658637772,1.0,0.6123203714126911
2021-03-18 09:00:00,1.4880982743431248,1.218697410726858,1.9719056382275975,1.0,0.6090223373850431
2021-03-18 10:00:00,1.4880982743431248,1.2265726287809413,1.9846435290801243,1.0,0.612957837423444
2021-03-18 11:00:00,1.4880982743431248,1.2288899439774448,1.9883917056818703,1.0,0.6141158744431425
2021-03-18 12:00:00,1.4880982743431248,1.2220423573633479,1.9773159728837968,1.0,0.6106939149243505
2021-03-18 13:00:00,1.4880982743431248,1.2189605129324776,1.9723311968794628,1.0,0.609153818028907
2021-03-18 14:00:00,1.4880982743431248,1.2145839452774647,1.9652522511645125,1.0,0.6069667062491338
2021-03-18 15:00:00,1.4880982743431248,1.215005790713291,1.965934571461079,1.0,0.6071775159965581
2021-03-18 16:00:00,1.4880982743431248,1.250445426834663,2.023256948272378,1.0,0.624887843299084
2021-03-18 17:00:00,1.4880982743431248,1.241406931670338,2.0086374972192647,1.0,0.6203710162319472
2021-03-18 18:00:00,1.4880982743431248,1.2447168120112662,2.013991113364002,1.0,0.6220250700142512
2021-03-18 19:00:00,1.4880982743431248,1.2232411207247864,1.9792549308594551,1.0,0.6112929755754433
2021-03-18 20:00:00,1.4880982743431248,1.203557380134842,1.947417166180144,1.0,0.6014563765993126
2021-03-18 21:00:00,1.4880982743431248,1.2077565165338704,1.9542091230197345,1.0,0.603554820267302
2021-03-18 22:00:00,1.4880982743431248,1.2154965088733332,1.966728290989738,1.0,0.6074227436619292
2021-03-18 23:00:00,1.4880982743431248,1.2100711020187431,1.9579528844080132,1.0,0.6047114931622037
2021-03-19 00:00:00,1.4880982743431248,1.2107035552057557,1.9589758554051553,1.0,0.6050275503843252
2021-03-19 01:00:00,1.4880982743431248,1.1945480718871817,1.9328449239479482,1.0,0.5969541351742325
2021-03-19 02:00:00,1.4870566055510845,1.2031581638989357,1.9494997884093854,1.0,0.6012568753917336
2021-03-19 03:00:00,1.4865248179369797,1.202727901455003,1.948802863945197,1.0,0.6014718913891308
2021-03-19 04:00:00,1.4967765013866696,1.2110224052352616,1.9622380188937172,1.0,0.597326860772639
2021-03-19 05:00:00,1.4995725328528384,1.2132846379387656,1.9659023064395886,1.0,0.5961963502483119
2021-03-19 06:00:00,1.5125774870687327,1.2238067772961887,1.9829457096861292,1.0,0.5909380984055291
2021-03-19 07:00:00,1.5068283757474343,1.2191552460797153,1.9754113177204593,1.0,0.5932626183306077
2021-03-19 08:00:00,1.4990858383405143,1.2128908597371548,1.9652644779094983,1.0,0.5963931338950527
2021-03-19 09:00:00,1.5119070511244397,1.2232643362910944,1.9820670822061803,1.0,0.5912091736420139
2021-03-19 10:00:00,1.5113161759976563,1.2227862669089469,1.9812927216904153,1.0,0.5914480803057887
2021-03-19 11:00:00,1.5183089757985306,1.2284440503030194,1.9904570066890483,1.0,0.588620703766914
2021-03-19 12:00:00,1.5248972334621644,1.233774523913964,1.9990911264398266,1.0,0.5859568944658256
2021-03-19 13:00:00,1.525644897822151,1.2343794494260232,2.000070964197713,1.0,0.585654593709251
2021-03-19 14:00:00,1.5110391384930375,1.2225621194661769,1.9809296552906994,1.0,0.5915600940003392
2021-03-19 15:00:00,1.5224751637538676,1.2318148588062663,1.9959169275888011,1.0,0.586936202220053
2021-03-19 16:00:00,1.5284665857082986,1.236662440405331,2.003768875292295,1.0,0.584513709606102
2021-03-19 17:00:00,1.5260795020272455,1.2347310820373658,2.000640526734966,1.0,0.5854788715710272
2021-03-19 18:00:00,1.5258511858050106,1.2345463543506676,2.0003413111146204,1.0,0.5855711859441787
2021-03-19 19:00:00,1.5243491190353455,1.233331051658156,1.9983728051719132,1.0,0.586178511831564
2021-03-19 20:00:00,1.5247546977956157,1.2336592001594984,1.9989043289469886,1.0,0.58601452545928
2021-03-19 21:00:00,1.5128283498418582,1.2240097471040479,1.9832744732735241,1.0,0.5908366678570494
2021-03-19 22:00:00,1.5203047342859686,1.2300587925450885,1.9930725112205858,1.0,0.5878137650749274
2021-03-19 23:00:00,1.5163567554783295,1.2268645342259505,1.987898560300778,1.0,0.5894100388099909
2021-03-20 00:00:00,1.5043710608561365,1.217167064552732,1.9721909289439319,1.0,0.5942561766577621
2021-03-20 01:00:00,1.5200390996346733,1.2298438710026758,1.9927243886202968,1.0,0.5879211682900016
2021-03-20 02:00:00,1.5212706686434252,1.229978729251784,1.9957359038366507,1.0,0.5861502992561068
2021-03-20 03:00:00,1.5212706686434252,1.2264406765359084,1.9899971452248617,1.0,0.5844642289128774
2021-03-20 04:00:00,1.5212706686434252,1.2227466287159712,1.9840053609182287,1.0,0.582703818603636
2021-03-20 05:00:00,1.5212706686434252,1.2192988228321096,1.9784129836144635,1.0,0.5810607556769853
2021-03-20 06:00:00,1.5212706686434252,1.217306901456355,1.9751820662519761,1.0,0.5801114991713843
2021-03-20 07:00:00,1.5212706686434252,1.2220177442096112,1.9828231026044667,1.0,0.5823564663597595
2021-03-20 08:00:00,1.5212706686434252,1.2234828418513808,1.985199506345171,1.0,0.5830546633291371
2021-03-20 09:00:00,1.5212706686434252,1.2296359588016514,1.9951799265716037,1.0,0.5859869509012589
2021-03-20 10:00:00,1.5212706686434252,1.2314676972853162,1.9981510256031436,1.0,0.5868598717370623
2021-03-20 11:00:00,1.5212706686434252,1.2298662871432189,1.9955535215572797,1.0,0.5860967146094646
2021-03-20 12:00:00,1.5212706686434252,1.2416339715032956,2.014640829007273,1.0,0.591704642246885
2021-03-20 13:00:00,1.5212706686434252,1.2392471417164537,2.010769366060254,1.0,0.5905671908743058
2021-03-20 14:00:00,1.5212706686434252,1.2362061794395605,2.005836893353915,1.0,0.5891180105704221
2021-03-20 15:00:00,1.5212706686434252,1.243330025654837,2.017391846629069,1.0,0.5925129022800364
2021-03-20 16:00:00,1.5212706686434252,1.2404974058323615,2.012797307568864,1.0,0.5911630082394843
2021-03-20 17:00:00,1.5212706686434252,1.2367158332426287,2.0066635571676743,1.0,0.5893608877211247
2021-03-20 18:00:00,1.5212706686434252,1.2386579199408443,2.0098136421605335,1.0,0.5902863953516776
2021-03-20 19:00:00,1.5212706686434252,1.2394981996087622,2.0111765845946405,1.0,0.5906868333162499
2021-03-20 20:00:00,1.5212706686434252,1.2415085472518421,2.014437389555982,1.0,0.5916448709185075
2021-03-20 21:00:00,1.5212706686434252,1.2252511353464137,1.9880676969397477,1.0,0.5838973492525894
2021-03-20 22:00:00,1.5212706686434252,1.2295980593199938,1.9951184532148698,1.0,0.5859688897819996
2021-03-20 23:00:00,1.5212706686434252,1.2251133571202761,1.9878442192119523,1.0,0.5838316905980445
2021-03-21 00:00:00,1.5212706686434252,1.21662136055609,1.9740701117218824,1.0,0.5797848024616883
2021-03-21 01:00:00,1.5212706686434252,1.220986082628791,1.981149736700443,1.0,0.5818648247321869
2021-03-21 02:00:00,1.5212706686434252,1.217248887777529,1.9764719878479742,1.0,0.5796777938703037
2021-03-21 03:00:00,1.5212706686434252,1.217248887777529,1.9585027483005675,1.0,0.574405786291587
2021-03-21 04:00:00,1.5212706686434252,1.217248887777529,1.9627967132132056,1.0,0.5756655956175437
2021-03-21 05:00:00,1.5212706686434252,1.217248887777529,1.9339932190811941,1.0,0.5672149186171694
2021-03-21 06:00:00,1.5212706686434252,1.217248887777529,1.9415877258763774,1.0,0.569443076201423
2021-03-21 07:00:00,1.5212706686434252,1.217248887777529,1.9381472556901063,1.0,0.56843367428163
2021-03-21 08:00:00,1.5212706686434252,1.217248887777529,1.9355905074608617,1.0,0.5676835481560426
2021-03-21 09:00:00,1.5212706686434252,1.217248887777529,1.9421793644809662,1.0,0.5696166574594959
2021-03-21 10:00:00,1.5212706686434252,1.217248887777529,1.9013535837099,1.0,0.5576387534939857
2021-03-21 11:00:00,1.5212706686434252,1.217248887777529,1.9073966524191124,1.0,0.5594117335886426
2021-03-21 12:00:00,1.5212706686434252,1.217248887777529,1.911305135232894,1.0,0.5605584460558662
2021-03-21 13:00:00,1.5212706686434252,1.217248887777529,1.9089008816841662,1.0,0.5598530604497248
2021-03-21 14:00:00,1.5212706686434252,1.217248887777529,1.9369908093935366,1.0,0.5680943837054312
2021-03-21 15:00:00,1.5212706686434252,1.217248887777529,1.9424249182760969,1.0,0.5696887006567328
2021-03-21 16:00:00,1.5212706686434252,1.217248887777529,1.9420248320096185,1.0,0.5695713190711933
2021-03-21 17:00:00,1.5212706686434252,1.217248887777529,1.9437331799895732,1.0,0.5700725324627587
2021-03-21 18:00:00,1.5212706686434252,1.217248887777529,1.9451005376371475,1.0,0.57047370246563
2021-03-21 19:00:00,1.5212706686434252,1.217248887777529,1.9494311827847433,1.0,0.571744273431008
2021-03-21 20:00:00,1.5212706686434252,1.217248887777529,1.9544879607317707,1.0,0.5732278849990036
2021-03-21 21:00:00,1.5212706686434252,1.217248887777529,1.962621463201743,1.0,0.5756141788958642
2021-03-21 22:00:00,1.5212706686434252,1.217248887777529,1.974428423276326,1.0,0.5790782310518048
2021-03-21 23:00:00,1.5212706686434252,1.217248887777529,1.957536156183082,1.0,0.5741221971638742
2021-03-22 00:00:00,1.5212706686434252,1.217248887777529,1.9493024623305875,1.0,0.571706508048224
2021-03-22 01:00:00,1.5212706686434252,1.217248887777529,1.9231959843633515,1.0,0.5640471104797425
2021-03-22 02:00:00,1.5212706686434252,1.217248887777529,1.9239700052473112,1.0,0.5634842095713324
2021-03-22 03:00:00,1.5212706686434252,1.217248887777529,1.9357137938061346,1.0,0.5600435808672982
2021-03-22 04:00:00,1.5212706686434252,1.217248887777529,1.9560652108349337,1.0,0.5540811378919053
2021-03-22 05:00:00,1.5212706686434252,1.217248887777529,1.9581553049638887,1.0,0.5534687939435963
2021-03-22 06:00:00,1.5212706686434252,1.217248887777529,1.9575691004681823,1.0,0.5536405368189264
2021-03-22 07:00:00,1.5212706686434252,1.217248887777529,1.959412282274786,1.0,0.5531005318453364
2021-03-22 08:00:00,1.5212706686434252,1.217248887777529,1.9570708606100127,1.0,0.5537865083126166
2021-03-22 09:00:00,1.5212706686434252,1.217248887777529,1.944573089443734,1.0,0.5574480345735642
2021-03-22 10:00:00,1.5212706686434252,1.217248887777529,1.9501454284709947,1.0,0.5558154822238884
2021-03-22 11:00:00,1.5212706686434252,1.217248887777529,1.96873857164448,1.0,0.5503681683710817
2021-03-22 12:00:00,1.5212706686434252,1.217248887777529,1.9616691356200742,1.0,0.5524393317256561
2021-03-22 13:00:00,1.5212706686434252,1.217248887777529,1.9459553908907352,1.0,0.5570430557192227
2021-03-22 14:00:00,1.5212706686434252,1.217248887777529,1.935580658138512,1.0,0.5600825862016721
2021-03-22 15:00:00,1.5212706686434252,1.217248887777529,1.9366070254537056,1.0,0.5597818869147384
2021-03-22 16:00:00,1.5212706686434252,1.217248887777529,1.9393172872588826,1.0,0.5589878497506979
2021-03-22 17:00:00,1.5212706686434252,1.217248887777529,1.9285896770610982,1.0,0.5621307642699189
2021-03-22 18:00:00,1.5212706686434252,1.217248887777529,1.939498650642838,1.0,0.5589347149329539
2021-03-22 19:00:00,1.5212706686434252,1.217248887777529,1.9200605035381142,1.0,0.5646295932549502
2021-03-22 20:00:00,1.5212706686434252,1.217248887777529,1.8866821689905973,1.0,0.5744085887947464
2021-03-22 21:00:00,1.5212706686434252,1.217248887777529,1.8519918367797472,1.0,0.5845719659842529
2021-03-22 22:00:00,1.5212706686434252,1.217248887777529,1.854166838859992,1.0,0.5839347461849401
2021-03-22 23:00:00,1.5212706686434252,1.217248887777529,1.8551402236135806,1.0,0.5836495694290329
2021-03-23 00:00:00,1.5212706686434252,1.217248887777529,1.8377120175317936,1.0,0.5887555866060679
2021-03-23 01:00:00,1.5212706686434252,1.217248887777529,1.8572795643542834,1.0,0.5830227974871418
2021-03-23 02:00:00,1.5202057791753747,1.217248887777529,1.8721394747254503,1.0,0.5778803397172116
2021-03-23 03:00:00,1.505397570501205,1.217248887777529,1.8539090583198754,1.0,0.5835094280791007
2021-03-23 04:00:00,1.5083919311575278,1.217248887777529,1.8575954219330824,1.0,0.5823711728658819
2021-03-23 05:00:00,1.5022956181131735,1.217248887777529,1.850090238302656,1.0,0.5846885824569735
2021-03-23 06:00:00,1.4768562428412468,1.217248887777529,1.8187717706534345,1.0,0.5943589277652969
2021-03-23 07:00:00,1.471118293026353,1.217248887777529,1.8117077687379113,1.0,0.5965401116771945
2021-03-23 08:00:00,1.4940965764045027,1.217248887777529,1.8399963810533,1.0,0.5878053085429199
2021-03-23 09:00:00,1.498322448574537,1.217248887777529,1.8451988610447414,1.0,0.5861989151988913
2021-03-23 10:00:00,1.506673773965011,1.217248887777529,1.8554801950505457,1.0,0.5830243010645115
2021-03-23 11:00:00,1.508669186773854,1.217248887777529,1.8579367518972683,1.0,0.5822657788646579
2021-03-23 12:00:00,1.4975676511951654,1.217248887777529,1.8442696284258235,1.0,0.5864858385693876
2021-03-23 13:00:00,1.5207142190767569,1.217248887777529,1.8727654161423601,1.0,0.5776870649468079
2021-03-23 14:00:00,1.5246181436803705,1.217248887777529,1.8775715458171796,1.0,0.5762030544877829
2021-03-23 15:00:00,1.5227096318856,1.217248887777529,1.8752219729890824,1.0,0.5769285427469544
2021-03-23 16:00:00,1.522229331360203,1.217248887777529,1.874630674016299,1.0,0.5771111208127562
2021-03-23 17:00:00,1.5324770299911008,1.217248887777529,1.8872466370507732,1.0,0.5732156326839352
2021-03-23 18:00:00,1.536820149561074,1.217248887777529,1.8925934605594075,1.0,0.5715646697373991
2021-03-23 19:00:00,1.5279358312842897,1.217248887777529,1.8816559579060341,1.0,0.5749418920412959
2021-03-23 20:00:00,1.5180964294814143,1.217248887777529,1.8695426499431964,1.0,0.5786821730837375
2021-03-23 21:00:00,1.503451815414689,1.217248887777529,1.8515136351980817,1.0,0.5842490737414217
2021-03-23 22:00:00,1.507977840928567,1.217248887777529,1.8570856345935371,1.0,0.5825285822149736
2021-03-23 23:00:00,1.5011827333805767,1.217248887777529,1.8487201636006405,1.0,0.5851116266370108
2021-03-24 00:00:00,1.499701829750289,1.217248887777529,1.8468970200705415,1.0,0.5856745669340956
2021-03-24 01:00:00,1.4822247943772742,1.217248887777529,1.8253810055818487,1.0,0.5923181643187115
2021-03-24 02:00:00,1.5018472874776994,1.217248887777529,1.8508343715877618,1.0,0.5836497773482839
2021-03-24 03:00:00,1.5018472874776994,1.217248887777529,1.8493668225576652,1.0,0.5841127094288748
2021-03-24 04:00:00,1.5018472874776994,1.217248887777529,1.8468970200705415,1.0,0.5848917980866063
2021-03-24 05:00:00,1.5018472874776994,1.217248887777529,1.8389757874787942,1.0,0.5873905171135959
2021-03-24 06:00:00,1.5018472874776994,1.217248887777529,1.838576720107731,1.0,0.5875164012132706
2021-03-24 07:00:00,1.5018472874776994,1.217248887777529,1.856919554640814,1.0,0.5817302323152018
2021-03-24 08:00:00,1.5018472874776994,1.217248887777529,1.883769486629545,1.0,0.5732605358182806
2021-03-24 09:00:00,1.5018472874776994,1.217248887777529,1.9112056231139822,1.0,0.5646059236140926
2021-03-24 10:00:00,1.5018472874776994,1.217248887777529,1.9164342547544206,1.0,0.5629565740698442
2021-03-24 11:00:00,1.5018472874776994,1.217248887777529,1.9186877117816574,1.0,0.562245730664447
2021-03-24 12:00:00,1.5018472874776994,1.217248887777529,1.9212509130152002,1.0,0.5614371797706217
2021-03-24 13:00:00,1.5018472874776994,1.217248887777529,1.932333098817572,1.0,0.5579413515388044
2021-03-24 14:00:00,1.5018472874776994,1.217248887777529,1.92856216688488,1.0,0.5591308759291773
2021-03-24 15:00:00,1.5018472874776994,1.217248887777529,1.9212468374335383,1.0,0.5614384653954694
2021-03-24 16:00:00,1.5018472874776994,1.217248887777529,1.9134502497142847,1.0,0.563897865729199
2021-03-24 17:00:00,1.5018472874776994,1.217248887777529,1.895625353684071,1.0,0.5695206531362005
2021-03-24 18:00:00,1.5018472874776994,1.217248887777529,1.9068868650795672,1.0,0.5659682574110827
2021-03-24 19:00:00,1.5018472874776994,1.217248887777529,1.882466659024951,1.0,0.573671507227942
2021-03-24 20:00:00,1.5018472874776994,1.217248887777529,1.8601042820777995,1.0,0.5807256236320958
2021-03-24 21:00:00,1.5018472874776994,1.217248887777529,1.8362702805188895,1.0,0.5882439577416883
2021-03-24 22:00:00,1.5018472874776994,1.217248887777529,1.8263149930460387,1.0,0.5913843107031049
2021-03-24 23:00:00,1.5018472874776994,1.217248887777529,1.7837533541187998,1.0,0.6048101981234738
2021-03-25 00:00:00,1.5018472874776994,1.217248887777529,1.7758423104812073,1.0,0.6073057030883441
2021-03-25 01:00:00,1.5018472874776994,1.217248887777529,1.7872328819626642,1.0,0.6037125959097145
2021-03-25 02:00:00,1.500795994376465,1.2163968135560848,1.7605062363192063,1.0,0.6113262786048278
2021-03-25 03:00:00,1.5127731016257697,1.226104272230191,1.7745517096215992,1.0,0.6064475872766234
2021-03-25 04:00:00,1.508681393943067,1.2227879386272948,1.7697533914782984,1.0,0.608114281777527
2021-03-25 05:00:00,1.5121973432117541,1.2256376193987528,1.773876521592941,1.0,0.6066821136545818
2021-03-25 06:00:00,1.5247371761141937,1.235801167837187,1.7885818994927598,1.0,0.6015742046440973
2021-03-25 07:00:00,1.533236273909819,1.2426896960018665,1.798548734446986,1.0,0.598112227235864
2021-03-25 08:00:00,1.513596772113426,1.226771858071544,1.7755176224754743,1.0,0.6061120777097654
2021-03-25 09:00:00,1.5231677420872567,1.2345291398223164,1.7867414347405979,1.0,0.6022134895747595
2021-03-25 10:00:00,1.533251913222876,1.2427023716823986,1.7985670745644646,1.0,0.5981058568010502
2021-03-25 11:00:00,1.5328192255616389,1.242351677854346,1.7980596646475557,1.0,0.5982821054975642
2021-03-25 12:00:00,1.5106959691583048,1.2244207540676788,1.7721158703149915,1.0,0.6072936753967028
2021-03-25 13:00:00,1.4789244150665817,1.1986698743320534,1.7348575820253265,1.0,0.6202353316918707
2021-03-25 14:00:00,1.4953931909491704,1.2120178354019209,1.7541704049939462,1.0,0.6135270278909516
2021-03-25 15:00:00,1.485930537699103,1.204348344475574,1.7430736150239525,1.0,0.6173814948663215
2021-03-25 16:00:00,1.476699577975803,1.196866641408961,1.732248530498087,1.0,0.6211415850296356
2021-03-25 17:00:00,1.4858711662328692,1.2043002238365175,1.7430039905038948,1.0,0.6174056789244107
2021-03-25 18:00:00,1.4948938913989878,1.2116131525641949,1.7535848797618503,1.0,0.6137304099209316
2021-03-25 19:00:00,1.512599041863786,1.225963196600566,1.774347590906698,1.0,0.6065184878566803
2021-03-25 20:00:00,1.5113279132525614,1.2249329454551023,1.7728569469138507,1.0,0.6070362626418209
2021-03-25 21:00:00,1.5058318531807429,1.2204783826873957,1.766411754147329,1.0,0.6092749985947971
2021-03-25 22:00:00,1.5185124399006933,1.230756012250618,1.7812821931044553,1.0,0.6041097556709887
2021-03-25 23:00:00,1.4985453813808334,1.214572689233597,1.7578669575613077,1.0,0.6122430313629339
2021-03-26 00:00:00,1.4854135715175045,1.2039293428135434,1.7424673722517419,1.0,0.6175920731282207
2021-03-26 01:00:00,1.508068854181677,1.222291474473124,1.769035070210385,1.0,0.6083637904743994
2021-03-26 02:00:00,1.5120103634946758,1.2254860721312322,1.7749001718536934,1.0,0.6054706946749827
2021-03-26 03:00:00,1.5120103634946758,1.2254860721312322,1.7565552995297797,1.0,0.6117305854488576
2021-03-26 04:00:00,1.5120103634946758,1.2254860721312322,1.7797046033694872,1.0,0.6038312601786071
2021-03-26 05:00:00,1.5120103634946758,1.2254860721312322,1.7893888646618201,1.0,0.6005266627496763
2021-03-26 06:00:00,1.5120103634946758,1.2254860721312322,1.7934474647334824,1.0,0.5991417311625359
2021-03-26 07:00:00,1.5120103634946758,1.2254860721312322,1.7853594729254016,1.0,0.6019016274651436
2021-03-26 08:00:00,1.5120103634946758,1.2254860721312322,1.8187860351892513,1.0,0.5904953540922262
2021-03-26 09:00:00,1.5120103634946758,1.2254860721312322,1.811890151017282,1.0,0.5928484629579416
2021-03-26 10:00:00,1.5120103634946758,1.2254860721312322,1.8107788757507985,1.0,0.5932276676569477
2021-03-26 11:00:00,1.5120103634946758,1.2254860721312322,1.8125677164685765,1.0,0.5926172547138959
2021-03-26 12:00:00,1.5120103634946758,1.2254860721312322,1.7911746486933515,1.0,0.5999172928513344
2021-03-26 13:00:00,1.5120103634946758,1.2254860721312322,1.8004574651919854,1.0,0.5967496819609811
2021-03-26 14:00:00,1.5120103634946758,1.2254860721312322,1.8103835443295924,1.0,0.5933625681061051
2021-03-26 15:00:00,1.5120103634946758,1.2254860721312322,1.8131688647637096,1.0,0.5924121225875999
2021-03-26 16:00:00,1.5120103634946758,1.2254860721312322,1.8104959624571002,1.0,0.5933242072395493
2021-03-26 17:00:00,1.5120103634946758,1.2254860721312322,1.8262589537981873,1.0,0.5879453415640378
2021-03-26 18:00:00,1.5120103634946758,1.2254860721312322,1.8269908603383072,1.0,0.5876955903029257
2021-03-26 19:00:00,1.5120103634946758,1.2254860721312322,1.8224323222494494,1.0,0.5892511176470764
2021-03-26 20:00:00,1.5120103634946758,1.2254860721312322,1.8255426703211048,1.0,0.5881897617077431
2021-03-26 21:00:00,1.5120103634946758,1.2254860721312322,1.8315181523010904,1.0,0.5861507251935884
2021-03-26 22:00:00,1.5120103634946758,1.2254860721312322,1.8526255897281756,1.0,0.5789481537896046
2021-03-26 23:00:00,1.5120103634946758,1.2254860721312322,1.846204171188015,1.0,0.5811393589375599
2021-03-27 00:00:00,1.5120103634946758,1.2254860721312322,1.8682938237956233,1.0,0.5736016225001025
2021-03-27 01:00:00,1.5120103634946758,1.2254860721312322,1.8593438464660463,1.0,0.5766556574109246
2021-03-27 02:00:00,1.5109519562402296,1.2254860721312322,1.8571440512640247,1.0,0.576558656699548
2021-03-27 03:00:00,1.5096832340067856,1.2254860721312322,1.8587029612497092,1.0,0.5770427837981088
2021-03-27 04:00:00,1.5092934958043551,1.2254860721312322,1.8591818420949848,1.0,0.5771915025800196
2021-03-27 05:00:00,1.5037785620349269,1.2254860721312322,1.8659581758715378,1.0,0.5792959260812146
2021-03-27 06:00:00,1.4974681200764246,1.2254860721312322,1.873711969983341,1.0,0.581703904656409
2021-03-27 07:00:00,1.5019365653108157,1.2254860721312322,1.868221482221124,1.0,0.5799988069057916
2021-03-27 08:00:00,1.5037545143586069,1.2254860721312322,1.8659877238385865,1.0,0.5793051023464814
2021-03-27 09:00:00,1.5042219237914507,1.2254860721312322,1.865413406456061,1.0,0.5791267452825019
2021-03-27 10:00:00,1.5013666077410204,1.2254860721312322,1.868921803003364,1.0,0.580216294940047
2021-03-27 11:00:00,1.5107780943045355,1.2254860721312322,1.8573576796694704,1.0,0.5766250000426841
2021-03-27 12:00:00,1.5170799675507858,1.2254860721312322,1.849614414143627,1.0,0.5742202911712054
2021-03-27 13:00:00,1.5214737820655626,1.2254860721312322,1.8442156269688033,1.0,0.5725436714852093
2021-03-27 14:00:00,1.509481454653754,1.2254860721312322,1.858950892467476,1.0,0.5771197800468996
2021-03-27 15:00:00,1.5122121097614214,1.2254860721312322,1.8555956698643001,1.0,0.576077799304703
2021-03-27 16:00:00,1.503351784882762,1.2254860721312322,1.8664825673787047,1.0,0.5794587784211225
2021-03-27 17:00:00,1.4700902552010082,1.2254860721312322,1.9073518210208313,1.0,0.5921509244512344
2021-03-27 18:00:00,1.4718590032558685,1.2254860721312322,1.9051785170996123,1.0,0.5914759943197113
2021-03-27 19:00:00,1.4814858132659747,1.2254860721312322,1.8933498205894987,1.0,0.5878025349322005
2021-03-27 20:00:00,1.4810283545957459,1.2254860721312322,1.8939119112270388,1.0,0.5879770949208972
2021-03-27 21:00:00,1.4786589674530266,1.2254860721312322,1.8968232350608705,1.0,0.5888812207354643
2021-03-27 22:00:00,1.462688822685773,1.2254860721312322,1.9164461418676013,1.0,0.5949752101414657
2021-03-27 23:00:00,1.4646587972735192,1.2254860721312322,1.914025585992226,1.0,0.5942234947097789
2021-03-28 00:00:00,1.4798201661682113,1.2254860721312322,1.8953964418473932,1.0,0.5884381231448208
2021-03-28 01:00:00,1.4742839488231896,1.2254860721312322,1.9021989272729434,1.0,0.5905506681681485
2021-03-28 02:00:00,1.471857240284784,1.2254860721312322,1.9038475000551902,1.0,0.5902351598957224
2021-03-28 03:00:00,1.471857240284784,1.2254860721312322,1.8951250760350704,1.0,0.5875301143889001
2021-03-28 04:00:00,1.471857240284784,1.2254860721312322,1.9031566889634945,1.0,0.5900209218083119
2021-03-28 05:00:00,1.471857240284784,1.2254860721312322,1.9108354244463577,1.0,0.5924022929579009
2021-03-28 06:00:00,1.471857240284784,1.2254860721312322,1.9109352761970746,1.0,0.5924332595251077
2021-03-28 07:00:00,1.471857240284784,1.2254860721312322,1.8992614517901145,1.0,0.588812909701866
2021-03-28 08:00:00,1.471857240284784,1.2254860721312322,1.908346602578145,1.0,0.5916304460038477
2021-03-28 09:00:00,1.471857240284784,1.2254860721312322,1.9121059870294612,1.0,0.5927963267263388
2021-03-28 10:00:00,1.471857240284784,1.2254860721312322,1.9061111460365818,1.0,0.5909371740808704
2021-03-28 11:00:00,1.471857240284784,1.2254860721312322,1.9047553358703828,1.0,0.5905167028690007
2021-03-28 12:00:00,1.471857240284784,1.2254860721312322,1.8947755949075606,1.0,0.5874217314036762
2021-03-28 13:00:00,1.471857240284784,1.2254860721312322,1.8857067464461776,1.0,0.5846092508677689
2021-03-28 14:00:00,1.471857240284784,1.2254860721312322,1.8929066010837652,1.0,0.5868421088889171
2021-03-28 15:00:00,1.471857240284784,1.2254860721312322,1.8951145474491102,1.0,0.5875268492066436
2021-03-28 16:00:00,1.471857240284784,1.2254860721312322,1.9140123403518245,1.0,0.5933875353716855
2021-03-28 17:00:00,1.471857240284784,1.2254860721312322,1.9106690048618293,1.0,0.5923506820125563
2021-03-28 18:00:00,1.471857240284784,1.2254860721312322,1.9007965875494377,1.0,0.5892889943405559
2021-03-28 19:00:00,1.471857240284784,1.2254860721312322,1.8749675887670176,1.0,0.5812787649661366
2021-03-28 20:00:00,1.471857240284784,1.2254860721312322,1.874677543205411,1.0,0.5811888144613929
2021-03-28 21:00:00,1.471857240284784,1.2254860721312322,1.8635610545907182,1.0,0.577741308640826
2021-03-28 22:00:00,1.471857240284784,1.2254860721312322,1.8725548444231608,1.0,0.5805305115870981
2021-03-28 23:00:00,1.471857240284784,1.2254860721312322,1.8879928081267099,1.0,0.5853182167312695
2021-03-29 00:00:00,1.471857240284784,1.2254860721312322,1.894586759623892,1.0,0.587363168779979
2021-03-29 01:00:00,1.471857240284784,1.2254860721312322,1.8822530306195056,1.0,0.5835381657591763
2021-03-29 02:00:00,1.471857240284784,1.2246282318807402,1.8765309139661692,1.0,0.5809491186873151
2021-03-29 03:00:00,1.471857240284784,1.2272320765810116,1.8805195498859686,1.0,0.5797138856227482
2021-03-29 04:00:00,1.471857240284784,1.2278100928560123,1.8814049700020208,1.0,0.579439681552642
2021-03-29 05:00:00,1.471857240284784,1.2264194836972842,1.8792747993200571,1.0,0.5800993700557895
2021-03-29 06:00:00,1.471857240284784,1.220277922202264,1.8698669983171243,1.0,0.5830128540381214
2021-03-29 07:00:00,1.471857240284784,1.2277812696432198,1.88136081786735,1.0,0.5794533549431728
2021-03-29 08:00:00,1.471857240284784,1.239648894935005,1.8995399498703456,1.0,0.5738234941620068
2021-03-29 09:00:00,1.471857240284784,1.2666433857343447,1.9408908014121888,1.0,0.5610176276704231
2021-03-29 10:00:00,1.471857240284784,1.2842594682420647,1.9678755672275687,1.0,0.5526607669177799
2021-03-29 11:00:00,1.471857240284784,1.2868586568848848,1.9718570708794596,1.0,0.5514277426316833
2021-03-29 12:00:00,1.471857240284784,1.2827136571683,1.965507654281993,1.0,0.5533940813699394
2021-03-29 13:00:00,1.471857240284784,1.287044455748886,1.9721416823321838,1.0,0.5513396018527231
2021-03-29 14:00:00,1.471857240284784,1.2854421068346435,1.9696871632762922,1.0,0.5520997371863084
2021-03-29 15:00:00,1.471857240284784,1.28872041471426,1.9747089591473883,1.0,0.5505445467833208
2021-03-29 16:00:00,1.471857240284784,1.2798960772593209,1.9611916133020193,1.0,0.5547307078842886
2021-03-29 17:00:00,1.471857240284784,1.2777190378254002,1.9578567686071529,1.0,0.5557634695890726
2021-03-29 18:00:00,1.471857240284784,1.2846066770977036,1.9684074306344492,1.0,0.5524960551518473
2021-03-29 19:00:00,1.471857240284784,1.2823691089169187,1.9649798664567741,1.0,0.553557530976746
2021-03-29 20:00:00,1.471857240284784,1.2792728307119383,1.9602369082977145,1.0,0.5550263686595354
2021-03-29 21:00:00,1.471857240284784,1.2705438315762363,1.9468656041285644,1.0,0.5591673023918243
2021-03-29 22:00:00,1.471857240284784,1.2760107081748902,1.955239905548395,1.0,0.5565738809278403
2021-03-29 23:00:00,1.471857240284784,1.2805242015811764,1.9621537902060378,1.0,0.5544327331506443
2021-03-30 00:00:00,1.471857240284784,1.277920356880905,1.9581651542862382,1.0,0.5556679662152113
2021-03-30 01:00:00,1.471857240284784,1.2757158245363205,1.9547881952475321,1.0,0.5567137702309631
2021-03-30 02:00:00,1.471857240284784,1.2726783908048507,1.9515019179008035,1.0,0.5569181738166386
2021-03-30 03:00:00,1.471857240284784,1.2726783908048507,1.9479823135039303,1.0,0.5559134085366887
2021-03-30 04:00:00,1.471857240284784,1.2726783908048507,1.9429204410798253,1.0,0.5544683615684003
2021-03-30 05:00:00,1.471857240284784,1.2726783908048507,1.955706559648685,1.0,0.5581185013439742
2021-03-30 06:00:00,1.471857240284784,1.2726783908048507,1.9592614857532948,1.0,0.5591333501508097
2021-03-30 07:00:00,1.471857240284784,1.2726783908048507,1.9726946029109842,1.0,0.5629681929909697
2021-03-30 08:00:00,1.471857240284784,1.2726783908048507,1.9750550439568464,1.0,0.5636420440664933
2021-03-30 09:00:00,1.471857240284784,1.2726783908048507,1.968942011095771,1.0,0.561896915216371
2021-03-30 10:00:00,1.471857240284784,1.2726783908048507,2.0013880563381234,1.0,0.5711595072736374
2021-03-30 11:00:00,1.471857240284784,1.2726783908048507,2.0011581256060302,1.0,0.5710938673918922
2021-03-30 12:00:00,1.471857240284784,1.2726783908048507,2.0142132325645767,1.0,0.5748207971029792
2021-03-30 13:00:00,1.471857240284784,1.2726783908048507,2.0092389851462027,1.0,0.5734007650379259
2021-03-30 14:00:00,1.471857240284784,1.2726783908048507,2.001946750657612,1.0,0.5713190015210097
2021-03-30 15:00:00,1.471857240284784,1.2726783908048507,2.0010772932364023,1.0,0.5710707916284425
2021-03-30 16:00:00,1.471857240284784,1.2726783908048507,1.9901425076374701,1.0,0.5679491644014556
2021-03-30 17:00:00,1.471857240284784,1.2726783908048507,1.9961733496016967,1.0,0.5696708296601712
2021-03-30 18:00:00,1.471857240284784,1.2726783908048507,1.995662543366736,1.0,0.5695250063482881
2021-03-30 19:00:00,1.471857240284784,1.2726783908048507,2.0008341168639077,1.0,0.5710013704241153
2021-03-30 20:00:00,1.471857240284784,1.2726783908048507,2.0089832423969174,1.0,0.5733277564249951
2021-03-30 21:00:00,1.471857240284784,1.2726783908048507,1.9930810020157148,1.0,0.5687880362727405
2021-03-30 22:00:00,1.471857240284784,1.2726783908048507,1.9962242943724706,1.0,0.5696853732085638
2021-03-30 23:00:00,1.471857240284784,1.2726783908048507,1.9954132536217486,1.0,0.5694538399181537
2021-03-31 00:00:00,1.471857240284784,1.2726783908048507,1.9961370089985446,1.0,0.5696604552623178
2021-03-31 01:00:00,1.471857240284784,1.2726783908048507,2.0055621312235403,1.0,0.5723511086719376
2021-03-31 02:00:00,1.471857240284784,1.2726783908048507,2.0016767433725096,1.0,0.5704421890441644
2021-03-31 03:00:00,1.471857240284784,1.2726783908048507,1.9937239250228829,1.0,0.5681749828432654
2021-03-31 04:00:00,1.471857240284784,1.2726783908048507,1.9927994472492372,1.0,0.5679114307729354
2021-03-31 05:00:00,1.471857240284784,1.2726783908048507,1.9953697807506883,1.0,0.568644186859731
2021-03-31 06:00:00,1.471857240284784,1.2726783908048507,1.9948406343982488,1.0,0.5684933367033848
2021-03-31 07:00:00,1.471857240284784,1.2726783908048507,2.0294447001305884,1.0,0.5783583366261302
2021-03-31 08:00:00,1.471857240284784,1.2726783908048507,1.9772653677448278,1.0,0.56348294267861
2021-03-31 09:00:00,1.471857240284784,1.2726783908048507,1.970728814022718,1.0,0.5616194881798696
2021-03-31 10:00:00,1.471857240284784,1.2726783908048507,1.970119514564261,1.0,0.5614457878072863
2021-03-31 11:00:00,1.471857240284784,1.2726783908048507,1.9621004680126275,1.0,0.5591597011311064
2021-03-31 12:00:00,1.471857240284784,1.2726783908048507,1.9717742007190004,1.0,0.5619175092204558
2021-03-31 13:00:00,1.471857240284784,1.2726783908048507,1.9770245687949695,1.0,0.563414295206948
2021-03-31 14:00:00,1.471857240284784,1.2726783908048507,1.9917920993151323,1.0,0.5676242539027668
2021-03-31 15:00:00,1.471857240284784,1.2726783908048507,1.9908710178595386,1.0,0.5673616700619384
2021-03-31 16:00:00,1.471857240284784,1.2726783908048507,2.0155945151161623,1.0,0.574409896718688
2021-03-31 17:00:00,1.471857240284784,1.2726783908048507,2.005831119613227,1.0,0.5716265273704968
2021-03-31 18:00:00,1.471857240284784,1.2726783908048507,2.01447474905455,1.0,0.5740906714520172
2021-03-31 19:00:00,1.471857240284784,1.2726783908048507,2.01686337954024,1.0,0.5747716272604783
2021-03-31 20:00:00,1.471857240284784,1.2726783908048507,1.9910455886073908,1.0,0.5674114370583196
2021-03-31 21:00:00,1.471857240284784,1.2726783908048507,2.004024278409776,1.0,0.5711114292756564
2021-03-31 22:00:00,1.471857240284784,1.2726783908048507,2.004534405381126,1.0,0.5712568573467937
2021-03-31 23:00:00,1.471857240284784,1.2726783908048507,1.9938998542979556,1.0,0.5682251371314472
2021-04-01 00:00:00,1.471857240284784,1.2726783908048507,1.9967082696948237,1.0,0.5690257661063034
2021-04-01 01:00:00,1.471857240284784,1.2726783908048507,2.0134657029614194,1.0,0.5738030104670978
2021-04-01 02:00:00,1.4708269402165848,1.2726783908048507,2.0111949247121195,1.0,0.5723532356388273
2021-04-01 03:00:00,1.4697051116325965,1.2726783908048507,2.009661487111822,1.0,0.571916690589018
2021-04-01 04:00:00,1.4703913775349167,1.2726783908048507,2.0105995501576737,1.0,0.5721837420679933
2021-04-01 05:00:00,1.4633473375889443,1.2726783908048507,2.000970988481387,1.0,0.5694426452436091
2021-04-01 06:00:00,1.4615613566671932,1.2726783908048507,1.9985297150658972,1.0,0.5687476539217864
2021-04-01 07:00:00,1.4605749426077395,1.2726783908048507,1.9971813767994118,1.0,0.5683638036786539
2021-04-01 08:00:00,1.4619671033067616,1.2726783908048507,1.9990843338037232,1.0,0.5689055449663796
2021-04-01 09:00:00,1.4630342691469012,1.2726783908048507,2.0005430524068855,1.0,0.5693208187180809
2021-04-01 10:00:00,1.4624322335635116,1.2726783908048507,1.9997201245429828,1.0,0.5690865443757358
2021-04-01 11:00:00,1.4576402986641104,1.2726783908048507,1.9931699855486666,1.0,0.5672218250334051
2021-04-01 12:00:00,1.4559971862774186,1.2726783908048507,1.9909240004211435,1.0,0.5665824291498195
2021-04-01 13:00:00,1.4598019617163136,1.2726783908048507,1.9961247822535588,1.0,0.5680630081858616
2021-04-01 14:00:00,1.4646599888423686,1.2726783908048507,2.0027652633080475,1.0,0.5699534464613594
2021-04-01 15:00:00,1.4662148954378498,1.2726783908048507,2.004890679144739,1.0,0.5705585182048161
2021-04-01 16:00:00,1.4659413332515883,1.2726783908048507,2.004516744527258,1.0,0.5704520650265569
2021-04-01 17:00:00,1.4601885763955353,1.2726783908048507,1.996653249342388,1.0,0.5682134542761171
2021-04-01 18:00:00,1.4543307179910823,1.2726783908048507,1.988646089903935,1.0,0.5659339446206786
2021-04-01 19:00:00,1.4595773475324985,1.2726783908048507,1.995817755101694,1.0,0.5679756024881811
2021-04-01 20:00:00,1.4647581333142787,1.2726783908048507,2.0028994178710855,1.0,0.5699916381102353
2021-04-01 21:00:00,1.463348579924032,1.2726783908048507,2.000972686640413,1.0,0.5694431286822025
2021-04-01 22:00:00,1.4604194022547878,1.2726783908048507,1.9969687672893817,1.0,0.5683032771667645
2021-04-01 23:00:00,1.4671476406215245,1.2726783908048507,2.0061656569413095,1.0,0.5709214839007151
2021-04-02 00:00:00,1.459895136847874,1.2726783908048507,1.996252144180494,1.0,0.5680992660803641
2021-04-02 01:00:00,1.4577267651861987,1.2726783908048507,1.9932881774168625,1.0,0.5672554723595035
2021-04-02 02:00:00,1.4622931097472738,1.2717875159312872,2.0023322327564683,1.0,0.5690324061462808
2021-04-02 03:00:00,1.4834980520628016,1.290229906675775,2.0313581857208596,1.0,0.5607807777500536
2021-04-02 04:00:00,1.487189805648713,1.2934407035339153,2.0364115673498357,1.0,0.5593441797028582
2021-04-02 05:00:00,1.4791480403773256,1.2864466087043447,2.0254037609127944,1.0,0.5624735284028818
2021-04-02 06:00:00,1.4792199947116167,1.286509188924041,2.0255022541362906,1.0,0.5624455283065254
2021-04-02 07:00:00,1.4782436488308073,1.285660040080921,2.024165802982986,1.0,0.5628254606484646
2021-04-02 08:00:00,1.4756748790966223,1.2834259262377645,2.0206495949041643,1.0,0.5638250640883876
2021-04-02 09:00:00,1.477320400286337,1.2848570711240597,2.0229020330359857,1.0,0.563184730850334
2021-04-02 10:00:00,1.480373745244212,1.2875126303777913,2.0270815420302846,1.0,0.5619965612442592
2021-04-02 11:00:00,1.4803213922630556,1.2874670978731158,2.027009879719396,1.0,0.56201693372816
2021-04-02 12:00:00,1.479114296275727,1.2864172607392457,2.025357570987292,1.0,0.5624866594825524
2021-04-02 13:00:00,1.4771144620192285,1.2846779622194118,2.0226201386377025,1.0,0.5632648690571471
2021-04-02 14:00:00,1.4702678830522522,1.278723346418382,2.013248338606117,1.0,0.5659291265014856
2021-04-02 15:00:00,1.4737373225570443,1.281740791977047,2.0179974101376694,1.0,0.5645790390968257
2021-04-02 16:00:00,1.4764887074292916,1.2841337301019153,2.021763587225089,1.0,0.5635083733433913
2021-04-02 17:00:00,1.4715583468200004,1.2798456902895554,2.015014763624754,1.0,0.5654269592561422
2021-04-02 18:00:00,1.468914645330795,1.2775464067003703,2.011395986740774,1.0,0.5664557214170984
2021-04-02 19:00:00,1.4668726309472984,1.2757704232241627,2.0086008169843073,1.0,0.5672503448412815
2021-04-02 20:00:00,1.461450995917676,1.27105511156698,2.0011795224097555,1.0,0.569360103825707
2021-04-02 21:00:00,1.456772723596797,1.266986318317418,1.9947757647234632,1.0,0.5711805928491541
2021-04-02 22:00:00,1.4581366304092007,1.2681725371714536,1.996642720756428,1.0,0.5706498461951159
2021-04-02 23:00:00,1.4597732193367277,1.269595913478752,1.9988829321432633,1.0,0.5700129888310929
2021-04-03 00:00:00,1.463593498250786,1.2729184915569014,2.004112243047312,1.0,0.5685263768186815
2021-04-03 01:00:00,1.4745037602764393,1.2824073792137425,2.019046532783809,1.0,0.5642807897946021
2021-04-03 02:00:00,1.470790856235012,1.2782827626220425,2.0153754526018344,1.0,0.5645277774205519
2021-04-03 03:00:00,1.470790856235012,1.2811007610115501,2.0198168177179117,1.0,0.5657722895223504
2021-04-03 04:00:00,1.470790856235012,1.277471863490765,2.0140974181190168,1.0,0.5641696601888422
2021-04-03 05:00:00,1.470790856235012,1.2813438368074792,2.020199922394132,1.0,0.5658796390406519
2021-04-03 06:00:00,1.470790856235012,1.2827639338776677,2.022438095990137,1.0,0.566506796244204
2021-04-03 07:00:00,1.470790856235012,1.281028139962589,2.0197023617995726,1.0,0.5657402179020776
2021-04-03 08:00:00,1.470790856235012,1.2785493271252022,2.015795577144817,1.0,0.5646455002522354
2021-04-03 09:00:00,1.470790856235012,1.2729519035442998,2.0069736410057852,1.0,0.5621735111229079
2021-04-03 10:00:00,1.470790856235012,1.2814388691000367,2.020349700020208,1.0,0.5659216081342431
2021-04-03 11:00:00,1.470790856235012,1.280116821220582,2.018266058895551,1.0,0.5653377523764598
2021-04-03 12:00:00,1.470790856235012,1.278059512156987,2.0150235940516885,1.0,0.5644291833594168
2021-04-03 13:00:00,1.470790856235012,1.2781575613477207,2.015178126523036,1.0,0.5644724848051856
2021-04-03 14:00:00,1.470790856235012,1.2817653405812712,2.0208642422050254,1.0,0.5660657876734513
2021-04-03 15:00:00,1.470790856235012,1.275724863953888,2.0113440230745847,1.0,0.5633981331100566
2021-04-03 16:00:00,1.470790856235012,1.2681140918256757,1.9993489069799428,1.0,0.5600369892382727
2021-04-03 17:00:00,1.470790856235012,1.2681852044255486,1.9994609854756458,1.0,0.5600683946824567
2021-04-03 18:00:00,1.470790856235012,1.2553263224267186,1.9791944763981368,1.0,0.5543895290298976
2021-04-03 19:00:00,1.470790856235012,1.2600404413201092,1.9866242617678176,1.0,0.5564714244752553
2021-04-03 20:00:00,1.470790856235012,1.2631204788655122,1.9914786191589697,1.0,0.557831660880471
2021-04-03 21:00:00,1.470790856235012,1.2514403420827565,1.9730698960556858,1.0,0.5526733642572639
2021-04-03 22:00:00,1.470790856235012,1.2421883773465692,1.9584881441329456,1.0,0.5485874208009197
2021-04-03 23:00:00,1.470790856235012,1.2407281986291794,1.9561867990211812,1.0,0.5479425623470092
2021-04-04 00:00:00,1.470790856235012,1.2303147280950686,1.939774431668628,1.0,0.5433436633023272
2021-04-04 01:00:00,1.470790856235012,1.2221074720988316,1.9268392147373032,1.0,0.5397190943714489
2021-04-04 02:00:00,1.4697613026356475,1.2257760574873904,1.9353296702344986,1.0,0.5413392510505802
2021-04-04 03:00:00,1.480320364683912,1.2345822802564048,1.9492287622288675,1.0,0.5374501605358458
2021-04-04 04:00:00,1.483728760971117,1.237424871468864,1.9537152983750317,1.0,0.536194787510246
2021-04-04 05:00:00,1.485145012842462,1.238606020837917,1.9555795373535552,1.0,0.5356731567352637
2021-04-04 06:00:00,1.4834968042517984,1.2372314203333605,1.9534099693821927,1.0,0.5362802212990435
2021-04-04 07:00:00,1.4825127298052125,1.236410705504873,1.9521146136773124,1.0,0.5366426734352764
2021-04-04 08:00:00,1.4870625905265276,1.2402052742740257,1.9581036809295043,1.0,0.534966878739332
2021-04-04 09:00:00,1.482306832739566,1.2362389880342037,1.9518435874967948,1.0,0.5367185089897373
2021-04-04 10:00:00,1.4886460370075703,1.2415258633936972,1.9601880013177713,1.0,0.534383667213359
2021-04-04 11:00:00,1.4893109452007671,1.2420803946241672,1.9610632324796688,1.0,0.5341387696897426
2021-04-04 12:00:00,1.4785364394810554,1.2330944925468708,1.9468805479279911,1.0,0.538107211943794
2021-04-04 13:00:00,1.49056309865889,1.2431246864602055,1.9627114656301103,1.0,0.5336775792814735
2021-04-04 14:00:00,1.4995939297299317,1.2506563696568205,1.9745989184425166,1.0,0.5303513634397615
2021-04-04 15:00:00,1.4997944084517452,1.2508235682466826,1.9748628123551257,1.0,0.5302775235577865
2021-04-04 16:00:00,1.4944428908595488,1.2463604203028813,1.9678185090843017,1.0,0.5322485827496081
2021-04-04 17:00:00,1.4976023013468178,1.2489953581830149,1.9719773005384862,1.0,0.5310849156263326
2021-04-04 18:00:00,1.501408816897547,1.2521699795423948,1.976987888560012,1.0,0.5296829081890372
2021-04-04 19:00:00,1.499610442777803,1.250670141484042,1.9746206548780467,1.0,0.5303452813902809
2021-04-04 20:00:00,1.4961819212135048,1.2478107658571564,1.9701076274510803,1.0,0.5316080669136851
2021-04-04 21:00:00,1.498000162593969,1.2493271731451352,1.9725010127820428,1.0,0.5309383762466601
2021-04-04 22:00:00,1.4996759789365426,1.2507247984233278,1.9747069213565573,1.0,0.5303211432564049
2021-04-04 23:00:00,1.499804729106665,1.2508321756386962,1.9748763976273322,1.0,0.5302737222768611
2021-04-05 00:00:00,1.501518731872441,1.2522616482673385,1.9771325717090102,1.0,0.5296424245471821
2021-04-05 01:00:00,1.494900611905234,1.2467421581386802,1.9684210159066555,1.0,0.5320799959405684
2021-04-05 02:00:00,1.4909102655715223,1.2434142225152731,1.9645441188507538,1.0,0.5324069155386594
2021-04-05 03:00:00,1.4909102655715223,1.2434142225152731,1.9579532240398185,1.0,0.530620116641533
2021-04-05 04:00:00,1.4909102655715223,1.2434142225152731,1.9535414068907897,1.0,0.5294240681166605
2021-04-05 05:00:00,1.4909102655715223,1.2434142225152731,1.9474813565913194,1.0,0.5277811817556677
2021-04-05 06:00:00,1.4909102655715223,1.2434142225152731,1.9334762994737404,1.0,0.5239843952297526
2021-04-05 07:00:00,1.4909102655715223,1.2434142225152731,1.9417945616457197,1.0,0.5262394853353087
2021-04-05 08:00:00,1.4909102655715223,1.2434142225152731,1.9450686122474625,1.0,0.5271270840866382
2021-04-05 09:00:00,1.4909102655715223,1.2434142225152731,1.9420176997417098,1.0,0.5262999783207468
2021-04-05 10:00:00,1.4909102655715223,1.2434142225152731,1.9549036700612865,1.0,0.5297933791738787
2021-04-05 11:00:00,1.4909102655715223,1.2434142225152731,1.9589721194552985,1.0,0.5308963403193325
2021-04-05 12:00:00,1.4909102655715223,1.2434142225152731,1.962369116770509,1.0,0.5318172700611165
2021-04-05 13:00:00,1.4909102655715223,1.2434142225152731,1.9692500571430511,1.0,0.5336827006318565
2021-04-05 14:00:00,1.4909102655715223,1.2434142225152731,1.9752262183866471,1.0,0.5353028445767106
2021-04-05 15:00:00,1.4909102655715223,1.2434142225152731,2.0120457023840452,1.0,0.5452846475467962
2021-04-05 16:00:00,1.4909102655715223,1.2434142225152731,2.0064560421347215,1.0,0.5437692844503874
2021-04-05 17:00:00,1.4909102655715223,1.2434142225152731,2.0060243701103633,1.0,0.5436522576855597
2021-04-05 18:00:00,1.4909102655715223,1.2434142225152731,2.0045846708882897,1.0,0.5432619536288288
2021-04-05 19:00:00,1.4909102655715223,1.2434142225152731,2.001885956564488,1.0,0.5425303291808969
2021-04-05 20:00:00,1.4909102655715223,1.2434142225152731,2.0059279146776974,1.0,0.543626108510728
2021-04-05 21:00:00,1.4909102655715223,1.2434142225152731,1.998775608492833,1.0,0.5416871103671339
2021-04-05 22:00:00,1.4909102655715223,1.2434142225152731,1.9947930859455263,1.0,0.5406074440851745
2021-04-05 23:00:00,1.4909102655715223,1.2434142225152731,2.0012746193152,1.0,0.5423645949742172
2021-04-06 00:00:00,1.4909102655715223,1.2434142225152731,2.0113942885817484,1.0,0.5451080485421229
2021-04-06 01:00:00,1.4909102655715223,1.2434142225152731,2.017964805484374,1.0,0.5468893229656934
2021-04-06 02:00:00,1.4909102655715223,1.2434142225152731,1.999052068782233,1.0,0.5410035967597155
2021-04-06 03:00:00,1.4909102655715223,1.2434142225152731,1.9970492600272045,1.0,0.5404613866742569
2021-04-06 04:00:00,1.4909102655715223,1.2434142225152731,1.9923083396589758,1.0,0.539177901752616
2021-04-06 05:00:00,1.4909102655715223,1.2434142225152731,1.9980328337349478,1.0,0.5407276645117146
2021-04-06 06:00:00,1.4909102655715223,1.2434142225152731,2.0009302326647678,1.0,0.5415120623816566
2021-04-06 07:00:00,1.4909102655715223,1.2434142225152731,2.0000651904570255,1.0,0.5412778739659091
2021-04-06 08:00:00,1.4909102655715223,1.2434142225152731,1.9910058516861868,1.0,0.5388252859008721
2021-04-06 09:00:00,1.4909102655715223,1.2434142225152731,1.9889266257749973,1.0,0.538262387792821
2021-04-06 10:00:00,1.4909102655715223,1.2434142225152731,1.9952383432420913,1.0,0.5399711265121974
2021-04-06 11:00:00,1.4909102655715223,1.2434142225152731,1.985126825138867,1.0,0.537233687362753
2021-04-06 12:00:00,1.4909102655715223,1.2434142225152731,1.9903598719927726,1.0,0.5386504031498899
2021-04-06 13:00:00,1.4909102655715223,1.2434142225152731,1.9881841906489175,1.0,0.5380613921599886
2021-04-06 14:00:00,1.4909102655715223,1.2434142225152731,1.9864517288107961,1.0,0.5375923717011241
2021-04-06 15:00:00,1.4909102655715223,1.2434142225152731,1.9696328221874666,1.0,0.5330390758486574
2021-04-06 16:00:00,1.4909102655715223,1.2434142225152731,1.9649717152934505,1.0,0.5317771984172798
2021-04-06 17:00:00,1.4909102655715223,1.2434142225152731,1.973797387382339,1.0,0.5341665271065671
2021-04-06 18:00:00,1.4909102655715223,1.2434142225152731,1.9796478848580252,1.0,0.5357504021162517
2021-04-06 19:00:00,1.4909102655715223,1.2434142225152731,1.9798098892290867,1.0,0.5357942607241478
2021-04-06 20:00:00,1.4909102655715223,1.2434142225152731,1.9792484778551573,1.0,0.535642272718168
2021-04-06 21:00:00,1.4909102655715223,1.2434142225152731,1.978462909489822,1.0,0.5354295998459168
2021-04-06 22:00:00,1.4909102655715223,1.2434142225152731,1.9666461000928892,1.0,0.532230495978974
2021-04-06 23:00:00,1.4909102655715223,1.2434142225152731,1.967386497428138,1.0,0.5324309399312039
2021-04-07 00:00:00,1.4909102655715223,1.2434142225152731,1.971202260759111,1.0,0.5334639618593245
2021-04-07 01:00:00,1.4909102655715223,1.2434142225152731,1.9597743297790864,1.0,0.530370137040686
2021-04-07 02:00:00,1.4898666283856221,1.2425438325595124,1.9554093818191698,1.0,0.5284475675887058
2021-04-07 03:00:00,1.4968714086245951,1.2483857960739257,1.9645998184668,1.0,0.5259630102409184
2021-04-07 04:00:00,1.5004633646702712,1.2513814755168673,1.9693125493952006,1.0,0.5246889630214839
2021-04-07 05:00:00,1.4925463580616696,1.2447787182321364,1.9589252502661862,1.0,0.5274970820874385
2021-04-07 06:00:00,1.508952713078886,1.2584615639668,1.9804507744454236,1.0,0.5216778374405272
2021-04-07 07:00:00,1.5034819434717,1.2538989602375463,1.9732729958751718,1.0,0.5236182895834739
2021-04-07 08:00:00,1.4974274421779328,1.2488495262154247,1.965329347584284,1.0,0.5257657881720696
2021-04-07 09:00:00,1.4950588634940227,1.2468741394394867,1.9622217165670697,1.0,0.5266059101133946
2021-04-07 10:00:00,1.4884553178954936,1.2413668042860246,1.9535577092174374,1.0,0.5289481517224877
2021-04-07 11:00:00,1.4707668240562657,1.2266146590211728,1.9303499887072426,1.0,0.5352221640169817
2021-04-07 12:00:00,1.458260728605221,1.2161846168442203,1.9139416969363514,1.0,0.5396580078671778
2021-04-07 13:00:00,1.4618581207331223,1.2191848299617296,1.9186615601326602,1.0,0.5383820324990255
2021-04-07 14:00:00,1.4691538608016816,1.2252694530101487,1.9282337429292904,1.0,0.5357942732865333
2021-04-07 15:00:00,1.4670565685069235,1.223520318184067,1.925482046043884,1.0,0.5365381714251797
2021-04-07 16:00:00,1.4621490805627086,1.2194274894957355,1.91904330628166,1.0,0.5382788306343206
2021-04-07 17:00:00,1.4653509329934498,1.2220978238161264,1.9232442120796844,1.0,0.5371431510395392
2021-04-07 18:00:00,1.451695753304386,1.2107094491912627,1.9053282947256878,1.0,0.541986568802035
2021-04-07 19:00:00,1.4467401172033179,1.2065764650996171,1.8988263834477042,1.0,0.5437443058998193
2021-04-07 20:00:00,1.4541779719929118,1.2127796113545926,1.9085850241053672,1.0,0.5411061393708475
2021-04-07 21:00:00,1.4563441213291914,1.214586172725199,1.9114270630509465,1.0,0.5403378180151089
2021-04-07 22:00:00,1.4554743481731327,1.2138607847943628,1.9102859001856087,1.0,0.5406463218099562
2021-04-07 23:00:00,1.4614253050435597,1.2188238631104324,1.9180936957544326,1.0,0.5385355498636042
2021-04-08 00:00:00,1.4490486401216904,1.2085017655660448,1.9018552198861214,1.0,0.5429254854109956
2021-04-08 01:00:00,1.4610887856677037,1.2185432070657638,1.9176521744077246,1.0,0.5386549114508963
2021-04-08 02:00:00,1.4611014145506853,1.2185537395123343,1.9203563228404088,1.0,0.5371840363990239
2021-04-08 03:00:00,1.4607141885216197,1.2182307942868658,1.919847554396279,1.0,0.537326402725701
2021-04-08 04:00:00,1.4618019369397157,1.2191379728641496,1.9212767250323923,1.0,0.5369264844996282
2021-04-08 05:00:00,1.4713926312857701,1.2271365801774539,1.9338777442674395,1.0,0.5334003994179386
2021-04-08 06:00:00,1.470073271037205,1.2260362381008245,1.9321442635339028,1.0,0.5338854713347341
2021-04-08 07:00:00,1.4766620589242887,1.231531265371829,1.9408011386156268,1.0,0.5314630579163957
2021-04-08 08:00:00,1.474105281452001,1.2293989214298344,1.937441840430789,1.0,0.5324030748303893
2021-04-08 09:00:00,1.4711904879248028,1.2269679932840518,1.9336121521958045,1.0,0.5334747188221185
2021-04-08 10:00:00,1.4658150771942167,1.222484918541985,1.9265495088075018,1.0,0.535451025740175
2021-04-08 11:00:00,1.46718561952139,1.2236279463026216,1.9283502366384602,1.0,0.5349471363783316
2021-04-08 12:00:00,1.4592208609048563,1.2169853640014645,1.9178855014578697,1.0,0.5378754349481396
2021-04-08 13:00:00,1.4861020504833304,1.2394041870600012,1.9532041525082657,1.0,0.5279923797562366
2021-04-08 14:00:00,1.4847110870237834,1.2382441281426144,1.9513765937646996,1.0,0.528503777088579
2021-04-08 15:00:00,1.4912380945230523,1.2436876307748428,1.9599522968449905,1.0,0.5261040776569402
2021-04-08 16:00:00,1.4929563130912757,1.2451206193687605,1.9622098294538892,1.0,0.5254723627214113
2021-04-08 17:00:00,1.492144637703248,1.2444436847840001,1.9611433855856866,1.0,0.5257707807893458
2021-04-08 18:00:00,1.4925737399784473,1.24480155466002,1.9617071743822523,1.0,0.5256130183712658
2021-04-08 19:00:00,1.4966013559723526,1.2481605730565644,1.9669989775384504,1.0,0.5241322375061425
2021-04-08 20:00:00,1.4925292787788482,1.244764474166842,1.9616487577117647,1.0,0.5256293648386814
2021-04-08 21:00:00,1.4912091430442436,1.2436634853374244,1.9599142580828124,1.0,0.5261147218682806
2021-04-08 22:00:00,1.4908058903036947,1.243327173887671,1.9593844324667629,1.0,0.5262629805262352
2021-04-08 23:00:00,1.497553911324226,1.2489550010644757,1.968250520740465,1.0,0.5237820239455251
2021-04-09 00:00:00,1.5014272055962674,1.2521853156562108,1.973339563708983,1.0,0.5223579805283498
2021-04-09 01:00:00,1.5070665400756358,1.256888501930456,1.980748971170354,1.0,0.5202846402194139
2021-04-09 02:00:00,1.4977171766231856,1.2482167999683074,1.9698444128020811,1.0,0.5225839616174178
2021-04-09 03:00:00,1.4977171766231856,1.2465801940127978,1.9672625318192547,1.0,0.5218987729355651
2021-04-09 04:00:00,1.4977171766231856,1.2483020533172133,1.9699789069969247,1.0,0.5226196541612239
2021-04-09 05:00:00,1.4977171766231856,1.2527046568149993,1.9769243774124472,1.0,0.5244628675976736
2021-04-09 06:00:00,1.4977171766231856,1.2478469382172463,1.9692609253608162,1.0,0.5224291136622188
2021-04-09 07:00:00,1.4977171766231856,1.245623246699954,1.9657528684453185,1.0,0.5214981331446106
2021-04-09 08:00:00,1.4977171766231856,1.2501558830834447,1.9729034764711575,1.0,0.5233957867236331
2021-04-09 09:00:00,1.4977171766231856,1.2432647859997952,1.9620322020197902,1.0,0.5205107295653292
2021-04-09 10:00:00,1.4977171766231856,1.246924651988175,1.9678059427075107,1.0,0.5220429852337714
2021-04-09 11:00:00,1.4977171766231856,1.262856048635591,1.9929390359211578,1.0,0.5287128941585003
2021-04-09 12:00:00,1.4977171766231856,1.2604898376309863,1.989206142750644,1.0,0.5277222458025093
2021-04-09 13:00:00,1.4977171766231856,1.2595824061521028,1.9877745946918943,1.0,0.527342336529422
2021-04-09 14:00:00,1.4977171766231856,1.256790574261673,1.9833702494425791,1.0,0.5261734958524596
2021-04-09 15:00:00,1.4977171766231856,1.256181960076429,1.9824101103293919,1.0,0.5259186907480664
2021-04-09 16:00:00,1.4977171766231856,1.254272586461668,1.9793979158494275,1.0,0.5251193039525714
2021-04-09 17:00:00,1.4977171766231856,1.2531914189914537,1.9776922849239138,1.0,0.5246666576015763
2021-04-09 18:00:00,1.4977171766231856,1.2573126433806037,1.9841938565700923,1.0,0.5263920676169286
2021-04-09 19:00:00,1.4977171766231856,1.256865278585083,1.9834881016789698,1.0,0.5262047718946332
2021-04-09 20:00:00,1.4977171766231856,1.256360647651156,1.9826920047276748,1.0,0.525993500877761
2021-04-09 21:00:00,1.4977171766231856,1.2554491257338147,1.9812540036646271,1.0,0.5256118790836324
2021-04-09 22:00:00,1.4977171766231856,1.2565051047145794,1.982919897668937,1.0,0.5260539799103212
2021-04-09 23:00:00,1.4977171766231856,1.2506921610938597,1.9737494992978113,1.0,0.5236203072454031
2021-04-10 00:00:00,1.4977171766231856,1.2515756958007014,1.975143348226188,1.0,0.5239902117903023
2021-04-10 01:00:00,1.4977171766231856,1.250731127902324,1.9738109726545452,1.0,0.5236366212616377
2021-04-10 02:00:00,1.4977171766231856,1.256464182805704,1.9842448013408662,1.0,0.5256686215699542
2021-04-10 03:00:00,1.4977171766231856,1.256464182805704,1.995153095658996,1.0,0.5285594650580662
2021-04-10 04:00:00,1.4977171766231856,1.256464182805704,2.012841459703535,1.0,0.5332471174556114
2021-04-10 05:00:00,1.4977171766231856,1.256464182805704,2.079617148179658,1.0,0.5509435655496602
2021-04-10 06:00:00,1.4977171766231856,1.256464182805704,2.070248744466124,1.0,0.5484608136106828
2021-04-10 07:00:00,1.4977171766231856,1.256464182805704,2.0607770926838214,1.0,0.5459506995563685
2021-04-10 08:00:00,1.4977171766231856,1.256464182805704,2.0579666394961222,1.0,0.545205891976067
2021-04-10 09:00:00,1.4977171766231856,1.256464182805704,2.05939479123682,1.0,0.545584371235906
2021-04-10 10:00:00,1.4977171766231856,1.256464182805704,2.0671934167469046,1.0,0.5476511110134147
2021-04-10 11:00:00,1.4977171766231856,1.256464182805704,2.0628080908786783,1.0,0.5464889411672692
2021-04-10 12:00:00,1.4977171766231856,1.256464182805704,2.060356628509033,1.0,0.5458392709419378
2021-04-10 13:00:00,1.4977171766231856,1.256464182805704,2.0445620514100664,1.0,0.5416534973441222
2021-04-10 14:00:00,1.4977171766231856,1.256464182805704,2.0560857585591457,1.0,0.5447074334407545
2021-04-10 15:00:00,1.4977171766231856,1.256464182805704,2.0542853703599926,1.0,0.5442303065545697
2021-04-10 16:00:00,1.4977171766231856,1.256464182805704,2.048933792006086,1.0,0.5428120669119338
2021-04-10 17:00:00,1.4977171766231856,1.256464182805704,2.0491029286450555,1.0,0.5428568903771895
2021-04-10 18:00:00,1.4977171766231856,1.256464182805704,2.0449023624788363,1.0,0.5417436843163834
2021-04-10 19:00:00,1.4977171766231856,1.256464182805704,2.0410845613570325,1.0,0.5407319160976317
2021-04-10 20:00:00,1.4977171766231856,1.256464182805704,2.026042268706495,1.0,0.5367455079125494
2021-04-10 21:00:00,1.4977171766231856,1.256464182805704,1.9932582898180085,1.0,0.5280573162374617
2021-04-10 22:00:00,1.4977171766231856,1.256464182805704,2.0117047120516647,1.0,0.532945864166032
2021-04-10 23:00:00,1.4977171766231856,1.256464182805704,2.0074341817335823,1.0,0.531814116671807
2021-04-11 00:00:00,1.4977171766231856,1.256464182805704,2.031399620801089,1.0,0.5381652776734771
2021-04-11 01:00:00,1.4977171766231856,1.256464182805704,2.045142142533279,1.0,0.5418072292289747
2021-04-11 02:00:00,1.4977171766231856,1.2555846578777399,2.060525765148003,1.0,0.5451198665806052
2021-04-11 03:00:00,1.4977171766231856,1.2536253276640732,2.0573114897439684,1.0,0.5442692112162217
2021-04-11 04:00:00,1.4977171766231856,1.2484061059093672,2.048749371935884,1.0,0.5420032537208594
2021-04-11 05:00:00,1.4977171766231856,1.2411488826095078,2.0368439186378047,1.0,0.5388524852146148
2021-04-11 06:00:00,1.4977171766231856,1.23694079449423,2.029940562566122,1.0,0.5370255176600439
2021-04-11 07:00:00,1.4977171766231856,1.2371855037411186,2.030342007359821,1.0,0.5371317596973116
2021-04-11 08:00:00,1.4977171766231856,1.2356278113776753,2.027786617657797,1.0,0.5364554778966332
2021-04-11 09:00:00,1.4977171766231856,1.2423925107364622,2.038884086891401,1.0,0.5393924140791385
2021-04-11 10:00:00,1.4977171766231856,1.2367325224956092,2.0295988929701307,1.0,0.5369350950801021
2021-04-11 11:00:00,1.4977171766231856,1.23533900477919,2.0273128312895987,1.0,0.53633009072067
2021-04-11 12:00:00,1.4977171766231856,1.2376074305136726,2.031034176978737,1.0,0.5373149418224821
2021-04-11 13:00:00,1.4977171766231856,1.2377941714110448,2.0313405248669913,1.0,0.5373960165412769
2021-04-11 14:00:00,1.4977171766231856,1.2293214760397104,2.0174410932408176,1.0,0.533717543296624
2021-04-11 15:00:00,1.4977171766231856,1.2342291179157636,2.0254920651821355,1.0,0.5358482264551945
2021-04-11 16:00:00,1.4977171766231856,1.2357097951862774,2.0279211118526406,1.0,0.5364910716756162
2021-04-11 17:00:00,1.4977171766231856,1.2339421745856556,2.025021335500184,1.0,0.5357236482287537
2021-04-11 18:00:00,1.4977171766231856,1.2405118518542824,2.035798871573327,1.0,0.5385759143612538
2021-04-11 19:00:00,1.4977171766231856,1.2402961267821522,2.0354449752323505,1.0,0.5384822559832226
2021-04-11 20:00:00,1.4977171766231856,1.2368619161329233,2.029811162848356,1.0,0.5369912721302648
2021-04-11 21:00:00,1.4977171766231856,1.2372209058402877,2.0304000843985035,1.0,0.5371471297382361
2021-04-11 22:00:00,1.4977171766231856,1.2350884986973496,2.026901876805355,1.0,0.536221331951555
2021-04-11 23:00:00,1.4977171766231856,1.2453987907483655,2.0438158803341295,1.0,0.5406976091917983
2021-04-12 00:00:00,1.4977171766231856,1.2432301533869794,2.0402582371750784,1.0,0.5397560818310717
2021-04-12 01:00:00,1.4977171766231856,1.239337164657289,2.033871800710849,1.0,0.5380659166290569
2021-04-12 02:00:00,1.4977171766231856,1.2393745481767535,2.0353583691220343,1.0,0.5377054894130506
2021-04-12 03:00:00,1.4977171766231856,1.2393745481767535,2.0298529375603906,1.0,0.5362505338580852
2021-04-12 04:00:00,1.4977171766231856,1.2393745481767535,2.0523722244015263,1.0,0.5422018495935561
2021-04-12 05:00:00,1.4977171766231856,1.2393745481767535,2.0449020228470314,1.0,0.5402276517260999
2021-04-12 06:00:00,1.4977171766231856,1.2393745481767535,2.046291116930136,1.0,0.5405947564898141
2021-04-12 07:00:00,1.4977171766231856,1.2393745481767535,2.068674890681012,1.0,0.546510259315573
2021-04-12 08:00:00,1.4977171766231856,1.2393745481767535,2.065426312464657,1.0,0.5456517368058109
2021-04-12 09:00:00,1.4977171766231856,1.2393745481767535,2.0650119616623615,1.0,0.5455422336733582
2021-04-12 10:00:00,1.4977171766231856,1.2393745481767535,2.040995917455886,1.0,0.5391953603110686
2021-04-12 11:00:00,1.4977171766231856,1.2393745481767535,2.03298196538133,1.0,0.5370774620214348
2021-04-12 12:00:00,1.4977171766231856,1.2393745481767535,2.048471213487458,1.0,0.5411709045285139
2021-04-12 13:00:00,1.4977171766231856,1.2393745481767535,2.054241897488932,1.0,0.5426959600395822
2021-04-12 14:00:00,1.4977171766231856,1.2393745481767535,2.0506462155677028,1.0,0.5417457062172245
2021-04-12 15:00:00,1.4977171766231856,1.2393745481767535,2.036099785352699,1.0,0.5379014282148081
2021-04-12 16:00:00,1.4977171766231856,1.2393745481767535,2.039644522503154,1.0,0.5388382185372742
2021-04-12 17:00:00,1.4977171766231856,1.2393745481767535,2.038869822355584,1.0,0.538633483582254
2021-04-12 18:00:00,1.4977171766231856,1.2393745481767535,2.030965571354095,1.0,0.5365445766957204
2021-04-12 19:00:00,1.4977171766231856,1.2393745481767535,2.0394502531106027,1.0,0.5387868777243537
2021-04-12 20:00:00,1.4977171766231856,1.2393745481767535,2.042815664667933,1.0,0.5396762765272008
2021-04-12 21:00:00,1.4977171766231856,1.2393745481767535,2.042269876357041,1.0,0.5395320375650275
2021-04-12 22:00:00,1.4977171766231856,1.2393745481767535,2.039784790438685,1.0,0.5388752880403094
2021-04-12 23:00:00,1.4977171766231856,1.2393745481767535,2.0414921195232245,1.0,0.5393264948000139
2021-04-13 00:00:00,1.4977171766231856,1.2393745481767535,2.03407456089853,1.0,0.5373662092157793
2021-04-13 01:00:00,1.4977171766231856,1.2393745481767535,2.054643342282631,1.0,0.542802052418729
2021-04-13 02:00:00,1.4977171766231856,1.2393745481767535,2.061075289408752,1.0,0.5437395648787937
2021-04-13 03:00:00,1.4977171766231856,1.2393745481767535,2.0676563348973374,1.0,0.5454763600794177
2021-04-13 04:00:00,1.4977171766231856,1.2393745481767535,2.057227940319899,1.0,0.5427242159582865
2021-04-13 05:00:00,1.4977171766231856,1.2393745481767535,2.0598522752783706,1.0,0.5434168008019269
2021-04-13 06:00:00,1.4977171766231856,1.2393745481767535,2.062563216347158,1.0,0.5441322417520937
2021-04-13 07:00:00,1.4977171766231856,1.2393745481767535,2.0648044466294087,1.0,0.5447237219362768
2021-04-13 08:00:00,1.4977171766231856,1.2393745481767535,2.0755765485936695,1.0,0.5475665734291909
2021-04-13 09:00:00,1.4977171766231856,1.2393745481767535,2.133074854680041,1.0,0.5627408769996533
2021-04-13 10:00:00,1.4977171766231856,1.2393745481767535,2.1406927960697804,1.0,0.5647513180560602
2021-04-13 11:00:00,1.4977171766231856,1.2393745481767535,2.1354797874923794,1.0,0.5633755597067606
2021-04-13 12:00:00,1.4977171766231856,1.2393745481767535,2.141341492817636,1.0,0.5649225147755312
2021-04-13 13:00:00,1.4977171766231856,1.2393745481767535,2.141472251062623,1.0,0.5649570230147964
2021-04-13 14:00:00,1.4977171766231856,1.2393745481767535,2.1346211982889347,1.0,0.5631489705408846
2021-04-13 15:00:00,1.4977171766231856,1.2393745481767535,2.139243926788968,1.0,0.5643689488386446
2021-04-13 16:00:00,1.4977171766231856,1.2393745481767535,2.153305023154398,1.0,0.5680797945888142
2021-04-13 17:00:00,1.4977171766231856,1.2393745481767535,2.148164016519691,1.0,0.566723038179058
2021-04-13 18:00:00,1.4977171766231856,1.2393745481767535,2.1534439325627086,1.0,0.5681164539910465
2021-04-13 19:00:00,1.4977171766231856,1.2393745481767535,2.1312034834336093,1.0,0.5622470058351056
2021-04-13 20:00:00,1.4977171766231856,1.2393745481767535,2.1418577331614794,1.0,0.5650587550967858
2021-04-13 21:00:00,1.4977171766231856,1.2393745481767535,2.147892990339173,1.0,0.5666515120103993
2021-04-13 22:00:00,1.4977171766231856,1.2393745481767535,2.146443781426555,1.0,0.5662690531611935
2021-04-13 23:00:00,1.4977171766231856,1.2393745481767535,2.1494794105010753,1.0,0.5670701821028861
2021-04-14 00:00:00,1.4977171766231856,1.2393745481767535,2.160888322100011,1.0,0.5700810932026107
2021-04-14 01:00:00,1.4977171766231856,1.2393745481767535,2.1537387329695874,1.0,0.568194254385026
2021-04-14 02:00:00,1.4977171766231856,1.2393745481767535,2.156348124128632,1.0,0.5680864716965236
2021-04-14 03:00:00,1.4977171766231856,1.2393745481767535,2.14914928838646,1.0,0.5661892373003865
2021-04-14 04:00:00,1.4977171766231856,1.2393745481767535,2.1681160265456216,1.0,0.5711878717055704
2021-04-14 05:00:00,1.4977171766231856,1.2393745481767535,2.1865288252305675,1.0,0.5760405168061637
2021-04-14 06:00:00,1.4977171766231856,1.2393745481767535,2.1783032825413966,1.0,0.5738726964702492
2021-04-14 07:00:00,1.4977171766231856,1.2393745481767535,2.195616013809429,1.0,0.5784354216704327
2021-04-14 08:00:00,1.4977171766231856,1.2393745481767535,2.1859293750944597,1.0,0.5758825332852551
2021-04-14 09:00:00,1.4977171766231856,1.2393745481767535,2.172943553024166,1.0,0.5724601537260786
2021-04-14 10:00:00,1.4977171766231856,1.2393745481767535,2.161605624472509,1.0,0.5694720722085165
2021-04-14 11:00:00,1.4977171766231856,1.2393745481767535,2.1786622733594507,1.0,0.5739673075646404
2021-04-14 12:00:00,1.4977171766231856,1.2393745481767535,2.1941039730128566,1.0,0.5780369272596193
2021-04-14 13:00:00,1.4977171766231856,1.2393745481767535,2.1718553727204335,1.0,0.5721733666433638
2021-04-14 14:00:00,1.4977171766231856,1.2393745481767535,2.16847331920465,1.0,0.5712820352545765
2021-04-14 15:00:00,1.4977171766231856,1.2393745481767535,2.142544129039708,1.0,0.5644484647708491
2021-04-14 16:00:00,1.4977171766231856,1.2393745481767535,2.143479814662924,1.0,0.5646950622779899
2021-04-14 17:00:00,1.4977171766231856,1.2393745481767535,2.158324101971053,1.0,0.568607235506522
2021-04-14 18:00:00,1.4977171766231856,1.2393745481767535,2.1175601341885257,1.0,0.5578639980484184
2021-04-14 19:00:00,1.4977171766231856,1.2393745481767535,2.112964915864711,1.0,0.5566529402365796
2021-04-14 20:00:00,1.4977171766231856,1.2393745481767535,2.113252244371876,1.0,0.5567286649157234
2021-04-14 21:00:00,1.4977171766231856,1.2393745481767535,2.121094003121216,1.0,0.5587953399946256
2021-04-14 22:00:00,1.4977171766231856,1.2393745481767535,2.133454223406405,1.0,0.562052843833964
2021-04-14 23:00:00,1.4977171766231856,1.2393745481767535,2.13618214606545,1.0,0.5627717807404452
2021-04-15 00:00:00,1.4977171766231856,1.2393745481767535,2.139603257238827,1.0,0.5636734056730875
2021-04-15 01:00:00,1.4977171766231856,1.2393745481767535,2.131474849245932,1.0,0.5615311849331956
2021-04-15 02:00:00,1.4966687745995493,1.2385069859930298,2.130071490627011,1.0,0.5603757041669073
2021-04-15 03:00:00,1.500663152428771,1.2418123698763213,2.1357542099909486,1.0,0.5588801479511656
2021-04-15 04:00:00,1.5062720400152858,1.24645377522762,2.1437338592531834,1.0,0.5567800945631157
2021-04-15 05:00:00,1.503993153405332,1.2445679758880372,2.1404917340411256,1.0,0.557633344601095
2021-04-15 06:00:00,1.5073976371623563,1.247385217076157,2.145335223214513,1.0,0.5563586537576398
2021-04-15 07:00:00,1.503646760730804,1.2442813328080313,2.1399989282918384,1.0,0.5577630393219318
2021-04-15 08:00:00,1.5013272905545716,1.2423619501992542,2.1366990656729037,1.0,0.5586314844684861
2021-04-15 09:00:00,1.4962653262053713,1.2381731287875097,2.1294975128762905,1.0,0.5605267614227406
2021-04-15 10:00:00,1.496484477463274,1.238354478441159,2.1298092948734273,1.0,0.560444707836436
2021-04-15 11:00:00,1.4853803362758233,1.2291657008923054,2.114011661088214,1.0,0.5646022683085259
2021-04-15 12:00:00,1.4900694092689846,1.233045951324747,2.1206827090051674,1.0,0.5628466075871776
2021-04-15 13:00:00,1.4967902865715235,1.2386075382519703,2.130244363215837,1.0,0.5603302082241741
2021-04-15 14:00:00,1.503295116065346,1.2439903436578947,2.139498650642838,1.0,0.5578947004685842
2021-04-15 15:00:00,1.4969017720153583,1.2386997934679336,2.1304029712688473,1.0,0.5602884663670888
2021-04-15 16:00:00,1.4978488014708047,1.2394834689320156,2.1317502906399173,1.0,0.5599338840393426
2021-04-15 17:00:00,1.4974162283996504,1.2391255107921324,2.131134877808967,1.0,0.5600958460201534
2021-04-15 18:00:00,1.4956410554652675,1.2376565390878438,2.128609375705797,1.0,0.5607604979458201
2021-04-15 19:00:00,1.498897767295667,1.2403514976663677,2.13324263279179,1.0,0.559541135174176
2021-04-15 20:00:00,1.514143342058383,1.2529673490621815,2.1549321991329196,1.0,0.5538329585635081
2021-04-15 21:00:00,1.5139251457079224,1.2527867896031015,2.1546217756630037,1.0,0.5539146546178463
2021-04-15 22:00:00,1.5138750130672258,1.2527453043882144,2.15455045298392,1.0,0.553933425046086
2021-04-15 23:00:00,1.5113566834162298,1.250661363760385,2.1509676770712867,1.0,0.5548763262246575
2021-04-16 00:00:00,1.5084826507431484,1.2482830756554995,2.146878849768965,1.0,0.555952408060739
2021-04-16 01:00:00,1.5138387265844357,1.2527152769945817,2.1544988289495355,1.0,0.5539470112608118
2021-04-16 02:00:00,1.5036874319162403,1.2451866192163252,2.1430559541700838,1.0,0.5561739787029788
2021-04-16 03:00:00,1.4993036109942077,1.2451866192163252,2.1368104649049964,1.0,0.5577954374399327
2021-04-16 04:00:00,1.5019707592064921,1.2451866192163252,2.1406102655411265,1.0,0.5568089302699376
2021-04-16 05:00:00,1.4709178400981644,1.2451866192163252,2.096370166232787,1.0,0.5682945789521315
2021-04-16 06:00:00,1.474657044577042,1.2451866192163252,2.101697291096722,1.0,0.5669115466888698
2021-04-16 07:00:00,1.4666865911153402,1.2451866192163252,2.0903420413230016,1.0,0.5698596053876198
2021-04-16 08:00:00,1.465391159994,1.2451866192163252,2.088496482093762,1.0,0.570338750897251
2021-04-16 09:00:00,1.460576323343704,1.2451866192163252,2.081636938524945,1.0,0.572119630885845
2021-04-16 10:00:00,1.4475869682630151,1.2451866192163252,2.0631314203571907,1.0,0.5769240477763993
2021-04-16 11:00:00,1.4383194149243879,1.2451866192163252,2.0499282339315945,1.0,0.5803518692130777
2021-04-16 12:00:00,1.4517052186533632,1.2451866192163252,2.0689985597913303,1.0,0.575400816514184
2021-04-16 13:00:00,1.4485708188772533,1.2451866192163252,2.064533080817086,1.0,0.5765601476074174
2021-04-16 14:00:00,1.4444106112036228,1.2451866192163252,2.058606166185238,1.0,0.5780988977525356
2021-04-16 15:00:00,1.461498668394949,1.2451866192163252,2.082950973979109,1.0,0.5717784799883914
2021-04-16 16:00:00,1.4678714075807542,1.2451866192163252,2.092030011394647,1.0,0.5694213732965512
2021-04-16 17:00:00,1.4722113640702645,1.2451866192163252,2.098213008407585,1.0,0.5678161388462687
2021-04-16 18:00:00,1.4688588340998177,1.2451866192163252,2.0934367663316196,1.0,0.5690561504955037
2021-04-16 19:00:00,1.47406678188723,1.2451866192163252,2.1008563627471455,1.0,0.5671298691551647
2021-04-16 20:00:00,1.4718378012128592,1.2451866192163252,2.097680805368899,1.0,0.5679543098093884
2021-04-16 21:00:00,1.476374432467755,1.2451866192163252,2.104143998621095,1.0,0.566276330595498
2021-04-16 22:00:00,1.471943171208375,1.2451866192163252,2.0978309226267804,1.0,0.5679153362511887
2021-04-16 23:00:00,1.4675951093345942,1.2451866192163252,2.091636378132466,1.0,0.5695235686674865
2021-04-17 00:00:00,1.463271840400935,1.2451866192163252,2.085477155345889,1.0,0.5711226308347962
2021-04-17 01:00:00,1.4649799309391025,1.2451866192163252,2.087910617229861,1.0,0.5704908535847949
2021-04-17 02:00:00,1.4735940289968663,1.2443149885828737,2.1031261221010302,1.0,0.5657619438323798
2021-04-17 03:00:00,1.480456014431099,1.250109305850205,2.112916008884768,1.0,0.5631273985360312
2021-04-17 04:00:00,1.485786580878396,1.2546104802561058,2.120521044265911,1.0,0.5610808161153604
2021-04-17 05:00:00,1.4819312520281829,1.2513550086812772,2.1150207071813445,1.0,0.5625610055715395
2021-04-17 06:00:00,1.4806088468560348,1.250238358814147,2.1131340525036806,1.0,0.5630687210657709
2021-04-17 07:00:00,1.4765973527865726,1.2468510200362877,2.107410916954929,1.0,0.5646088675632129
2021-04-17 08:00:00,1.4788543687068487,1.2487568629508259,2.110630966099651,1.0,0.5637423238006916
2021-04-17 09:00:00,1.4861596157847428,1.2549254740170046,2.121053247304597,1.0,0.5609375955610021
2021-04-17 10:00:00,1.4700641237056677,1.2413343073533858,2.0980900616941174,1.0,0.5671171923199515
2021-04-17 11:00:00,1.4622982368423358,1.234776728241681,2.0870105929461866,1.0,0.5700987755517809
2021-04-17 12:00:00,1.450494669668509,1.2248096984735597,2.070170629150937,1.0,0.5746305590532154
2021-04-17 13:00:00,1.45431309972454,1.2280340124013307,2.075618323305704,1.0,0.5731645362759932
2021-04-17 14:00:00,1.4537417635565553,1.227551571414632,2.07480320697332,1.0,0.573383891305004
2021-04-17 15:00:00,1.4439723911974907,1.2193022325762364,2.060865396953163,1.0,0.5771346795052312
2021-04-17 16:00:00,1.4353580701247015,1.2120282285992838,2.048575480451642,1.0,0.5804420049551416
2021-04-17 17:00:00,1.438446618226132,1.214636224166547,2.0529818634917882,1.0,0.5792562082274807
2021-04-17 18:00:00,1.4215876781925874,1.2004003957344516,2.0289294786821603,1.0,0.5857289181439458
2021-04-17 19:00:00,1.4380054990931006,1.2142637395213998,2.052352525756827,1.0,0.5794255685894628
2021-04-17 20:00:00,1.4458604191759432,1.2208964990201985,2.063559016799887,1.0,0.5764098025322792
2021-04-17 21:00:00,1.4482588407977957,1.2229217460789448,2.0669808072368743,1.0,0.5754889684000777
2021-04-17 22:00:00,1.446058958494318,1.2210641472630763,2.0638422697253906,1.0,0.576333576659698
2021-04-17 23:00:00,1.4440790406155144,1.219392288227087,2.0610175520018745,1.0,0.5770937332331492
2021-04-18 00:00:00,1.4294540249987897,1.2070428040529841,2.040152272051868,1.0,0.582708764986182
2021-04-18 01:00:00,1.4153339277205217,1.1951196771008767,2.0200073511606065,1.0,0.5881299417323266
2021-04-18 02:00:00,1.408764366698442,1.1895722854262858,2.013452457321018,1.0,0.5891018432112539
2021-04-18 03:00:00,1.3994332990536784,1.181693054714579,2.0001208900730716,1.0,0.593003808137824
2021-04-18 04:00:00,1.3028730443647887,1.1001567768480371,1.8621624508170693,1.0,0.6333823308793419
2021-04-18 05:00:00,1.303598791429203,1.1007696036730654,1.8631993467182228,1.0,0.6330788458228923
2021-04-18 06:00:00,1.320826785860685,1.1153170646918296,1.8878134825335855,1.0,0.6258746294795983
2021-04-18 07:00:00,1.3251945803453073,1.1190052664877916,1.8940538773215956,1.0,0.624048152431709
2021-04-18 08:00:00,1.3353804748631908,1.127606320082827,1.9086067605408976,1.0,0.6197887252506373
2021-04-18 09:00:00,1.3078774423995263,1.1043825319481022,1.869312379579298,1.0,0.6312896458454808
2021-04-18 10:00:00,1.306997893058441,1.1036398332083035,1.868055741900206,1.0,0.6316574462741947
2021-04-18 11:00:00,1.2986545355521124,1.0965946331084515,1.8561353448026994,1.0,0.6351463812598712
2021-04-18 12:00:00,1.267212072904538,1.0700443575369853,1.811212585565988,1.0,0.6482946501532681
2021-04-18 13:00:00,1.3056093936797166,1.1024673728463674,1.8660719525262663,1.0,0.6322380739239564
2021-04-18 14:00:00,1.3107295594250243,1.106790883158941,1.873387281977608,1.0,0.6300969784012347
2021-04-18 15:00:00,1.3102327329053303,1.1063713587356494,1.8726774515048237,1.0,0.6303047359406975
2021-04-18 16:00:00,1.3176242753949816,1.1126128383614058,1.8832379628544695,1.0,0.6272138206622022
2021-04-18 17:00:00,1.3170592243723436,1.1121357046034324,1.882430658053604,1.0,0.6274501075862707
2021-04-18 18:00:00,1.3104207662914922,1.106530135682455,1.8729461002627052,1.0,0.6302261061733697
2021-04-18 19:00:00,1.3178106447688762,1.1127702102024875,1.8835042341897148,1.0,0.6271358867335234
2021-04-18 20:00:00,1.3238044169543162,1.1178314010201313,1.8920677105250197,1.0,0.6246294759201196
2021-04-18 21:00:00,1.3344980729296476,1.1268612125903588,1.9073460472801436,1.0,0.6201577185456066
2021-04-18 22:00:00,1.3373547065598703,1.1292733776595913,1.9114274026827516,1.0,0.6189631623964563
2021-04-18 23:00:00,1.3425604500789052,1.1336691505522536,1.918864999583951,1.0,0.616786280886076
2021-04-19 00:00:00,1.3335522008139238,1.1260625103509918,1.9059946523274118,1.0,0.620553253114756
2021-04-19 01:00:00,1.3481277596919377,1.1383702328457899,1.9268191764607987,1.0,0.6144582035778379
2021-04-19 02:00:00,1.3460338276000534,1.1373982780597194,1.9265236967903097,1.0,0.6137199313338574
2021-04-19 03:00:00,1.3490729490716935,1.1373982780597194,1.9308720027917734,1.0,0.6123342533645186
2021-04-19 04:00:00,1.3525436196205374,1.1373982780597194,1.935837759415018,1.0,0.6107518119375326
2021-04-19 05:00:00,1.350865610584919,1.1373982780597194,1.933436902184342,1.0,0.6115168949309915
2021-04-19 06:00:00,1.340412770312821,1.1373982780597194,1.91848121564412,1.0,0.6162828348966116
2021-04-19 07:00:00,1.3573697055878822,1.1373982780597194,1.9427428136457268,1.0,0.6085513730720613
2021-04-19 08:00:00,1.359813726104324,1.1373982780597194,1.9462396627116543,1.0,0.6074370295297422
2021-04-19 09:00:00,1.3476816899179573,1.1373982780597194,1.9288814207817304,1.0,0.6129685936424453
2021-04-19 10:00:00,1.3460703834624788,1.1373982780597194,1.9265760000883043,1.0,0.6137032638022415
2021-04-19 11:00:00,1.3429688321738396,1.1373982780597194,1.9221383709220832,1.0,0.615117406452197
2021-04-19 12:00:00,1.355910794351086,1.1373982780597194,1.940655436571213,1.0,0.6092165591065499
2021-04-19 13:00:00,1.3420255010226798,1.1373982780597194,1.9207886741283773,1.0,0.6155475153524667
2021-04-19 14:00:00,1.343072802743595,1.1373982780597194,1.9222871296527435,1.0,0.615070001394744
2021-04-19 15:00:00,1.3145198256805868,1.1373982780597194,1.8814341783372646,1.0,0.6280886423554476
2021-04-19 16:00:00,1.2945871482538052,1.1373982780597194,1.8529149560261722,1.0,0.6371768845458208
2021-04-19 17:00:00,1.3006456890114921,1.1373982780597194,1.8615833785892713,1.0,0.6344145117572998
2021-04-19 18:00:00,1.3129317820466515,1.1373982780597194,1.879162041560744,1.0,0.6288127059042156
2021-04-19 19:00:00,1.319377007868566,1.1373982780597194,1.888383724334449,1.0,0.6258740252650304
2021-04-19 20:00:00,1.3262008479798866,1.1373982780597194,1.8981471198373843,1.0,0.6227627166198236
2021-04-19 21:00:00,1.331195233339826,1.1373982780597194,1.9052929730179513,1.0,0.6204855421704846
2021-04-19 22:00:00,1.33392220572647,1.1373982780597194,1.9091946631956296,1.0,0.6192421876042294
2021-04-19 23:00:00,1.3277191031491913,1.1373982780597194,1.9003194048631877,1.0,0.6220704729041405
2021-04-20 00:00:00,1.3196822730573912,1.1373982780597194,1.8888204908358848,1.0,0.6257348405529654
2021-04-20 01:00:00,1.2960968578968286,1.1373982780597194,1.8550750143069898,1.0,0.6364885371362297
2021-04-20 02:00:00,1.2984201295174898,1.1366020992650776,1.8610036270978632,1.0,0.6337400434697574
2021-04-20 03:00:00,1.2844605137614669,1.1243822266579533,1.841002030828379,1.0,0.6405535295632999
2021-04-20 04:00:00,1.2921777454766206,1.1311376839776257,1.852059423508974,1.0,0.63678686063123
2021-04-20 05:00:00,1.3087025816651587,1.1456030816366127,1.8757365151738998,1.0,0.628721327629715
2021-04-20 06:00:00,1.302244730485761,1.139950052204627,1.86648358627412,1.0,0.6318733111781166
2021-04-20 07:00:00,1.2763106885063629,1.1172480885750533,1.829324810103367,1.0,0.6445313411313937
2021-04-20 08:00:00,1.289372880074851,1.1286823801577504,1.8480405603585153,1.0,0.6381558747748299
2021-04-20 09:00:00,1.3087227298574304,1.145620718822845,1.8757653838773385,1.0,0.628711493589133
2021-04-20 10:00:00,1.3011375280610449,1.138980836947073,1.8648971661122176,1.0,0.6324137206317426
2021-04-20 11:00:00,1.3249126319791469,1.1597929241977551,1.8989625758015736,1.0,0.6208094370504682
2021-04-20 12:00:00,1.3334237024698035,1.1672432866549887,1.9111573953976493,1.0,0.6166553069194701
2021-04-20 13:00:00,1.322631382538884,1.1577959797236168,1.8956939593087134,1.0,0.6219228818335331
2021-04-20 14:00:00,1.3343528896898609,1.168056672184771,1.9124887520738767,1.0,0.6162017841067504
2021-04-20 15:00:00,1.3117658180031178,1.1482845564328816,1.8801255769919831,1.0,0.6272262063774761
2021-04-20 16:00:00,1.3110665572125135,1.147672442322459,1.879123663166761,1.0,0.6275675054329667
2021-04-20 17:00:00,1.32128595737025,1.1566182306759016,1.893766209182625,1.0,0.6225795643552159
2021-04-20 18:00:00,1.3237665553952243,1.1587896795455876,1.8973204560236248,1.0,0.6213688204176875
2021-04-20 19:00:00,1.3321785441874157,1.1661533085458191,1.9093733095251437,1.0,0.6172630506274336
2021-04-20 20:00:00,1.3401482208998554,1.1731297494341695,1.920792410078234,1.0,0.6133731669516017
2021-04-20 21:00:00,1.3435345394268292,1.1760940416990846,1.9256443900467504,1.0,0.6117203539662667
2021-04-20 22:00:00,1.3505084213659373,1.1821987905949312,1.9356366973863635,1.0,0.6083165032843725
2021-04-20 23:00:00,1.3358523892699836,1.1693692938330875,1.9146372628733188,1.0,0.6154699000982646
2021-04-21 00:00:00,1.336248953101401,1.1697164351574054,1.9152054668833518,1.0,0.6152763430406932
2021-04-21 01:00:00,1.3189155818088796,1.1545432675897227,1.890369891131025,1.0,0.6237365103060314
2021-04-21 02:00:00,1.3267796416974313,1.160614255269799,1.9029702311024619,1.0,0.6185570117725915
2021-04-21 03:00:00,1.3267796416974313,1.159326244027711,1.9050813824033366,1.0,0.6192434658475935
2021-04-21 04:00:00,1.3267796416974313,1.1781308766277674,1.8742591168214537,1.0,0.6092214130460204
2021-04-21 05:00:00,1.3267796416974313,1.1743772853069148,1.8804115469719278,1.0,0.6112219142636299
2021-04-21 06:00:00,1.3267796416974313,1.1741033549880537,1.8808605402183494,1.0,0.6113679072313186
2021-04-21 07:00:00,1.3267796416974313,1.1711611941729951,1.8856829722198165,1.0,0.6129359512163496
2021-04-21 08:00:00,1.3267796416974313,1.1763534376904075,1.8771724784461166,1.0,0.6101687108348504
2021-04-21 09:00:00,1.3267796416974313,1.1733186544452954,1.8821467258644902,1.0,0.6117861185540393
2021-04-21 10:00:00,1.3267796416974313,1.1708068667560116,1.88626374260664,1.0,0.6131247923470209
2021-04-21 11:00:00,1.3267796416974313,1.184045036356157,1.8645653458385765,1.0,0.6060694226649544
2021-04-21 12:00:00,1.3267796416974313,1.1916769588253617,1.8520560271909223,1.0,0.6020019393170665
2021-04-21 13:00:00,1.3267796416974313,1.1737382527022495,1.881458971459041,1.0,0.6115624908992968
2021-04-21 14:00:00,1.3267796416974313,1.1705207111052194,1.8867327741295663,1.0,0.6132773008858848
2021-04-21 15:00:00,1.3267796416974313,1.1581037108346097,1.9070852100537807,1.0,0.6198950229651147
2021-04-21 16:00:00,1.3267796416974313,1.1586281568535488,1.9062256019549206,1.0,0.619615516005039
2021-04-21 17:00:00,1.3267796416974313,1.167067365648232,1.8923930777943632,1.0,0.6151177840927675
2021-04-21 18:00:00,1.3267796416974313,1.171771217515451,1.8846830961854253,1.0,0.6126108352580475
2021-04-21 19:00:00,1.3267796416974313,1.175823811446074,1.8780405773401057,1.0,0.6104509786301697
2021-04-21 20:00:00,1.3267796416974313,1.1727538026682793,1.8830725621653566,1.0,0.6120871600290161
2021-04-21 21:00:00,1.3267796416974313,1.1834646439029575,1.8655166545248296,1.0,0.6063787466456625
2021-04-21 22:00:00,1.3267796416974313,1.1875497696490578,1.8588208134860997,1.0,0.604201551972454
2021-04-21 23:00:00,1.3267796416974313,1.2031832754716187,1.833196273050386,1.0,0.595869572073685
2021-04-22 00:00:00,1.3267796416974313,1.2073664110821831,1.8263397861678154,1.0,0.5936401423976652
2021-04-22 01:00:00,1.3267796416974313,1.2014885129315551,1.8359741215847898,1.0,0.596772806932025
2021-04-22 02:00:00,1.3258508959482431,1.2035994024607588,1.8298508997695597,1.0,0.593949096813619
2021-04-22 03:00:00,1.322196584612408,1.2002820407923707,1.8248090656219593,1.0,0.5955861398054274
2021-04-22 04:00:00,1.3161783560143276,1.1948187293697532,1.8165057472494068,1.0,0.5982821604900846
2021-04-22 05:00:00,1.3350796013696284,1.2119771652730105,1.8425836961450093,1.0,0.5898148602516181
2021-04-22 06:00:00,1.3397316172419502,1.2162002370688476,1.8490020579989235,1.0,0.5877308697861956
2021-04-22 07:00:00,1.3397254631305728,1.216194650403862,1.8489935672037945,1.0,0.587733626679075
2021-04-22 08:00:00,1.332297943027093,1.2094519926995657,1.838745856746701,1.0,0.5910609758331228
2021-04-22 09:00:00,1.3200276295985955,1.198313076584882,1.8218165697866942,1.0,0.5965577791318556
2021-04-22 10:00:00,1.33629220747541,1.2130779617417529,1.8442567224172275,1.0,0.5892716420786542
2021-04-22 11:00:00,1.3262270352356231,1.2039408594246723,1.8303698571678442,1.0,0.5937805955208278
2021-04-22 12:00:00,1.3500813555918227,1.2255956667748573,1.8632815376150715,1.0,0.583094437617277
2021-04-22 13:00:00,1.353201490060109,1.2284281059225044,1.8675863707454747,1.0,0.5816966929274033
2021-04-22 14:00:00,1.339363355217133,1.2158659310361153,1.8484939688184039,1.0,0.587895842256101
2021-04-22 15:00:00,1.347245294904712,1.2230211080829407,1.8593686395878228,1.0,0.5843649241318357
2021-04-22 16:00:00,1.345018245079498,1.220999405757989,1.85629599064654,1.0,0.5853625885270457
2021-04-22 17:00:00,1.3512681144298193,1.2266729992506606,1.864918902547748,1.0,0.5825627983944067
2021-04-22 18:00:00,1.3154696485481188,1.1941753690300232,1.8155279472823511,1.0,0.5985996442740804
2021-04-22 19:00:00,1.3133937436983312,1.1922908751971155,1.8126638322694368,1.0,0.5995295993801714
2021-04-22 20:00:00,1.3023815767998068,1.1822940968720665,1.7974704034656028,1.0,0.6044627834986325
2021-04-22 21:00:00,1.2711593081382597,1.153950710734645,1.7543932034581309,1.0,0.6184496038331583
2021-04-22 22:00:00,1.2717385331010902,1.15447652764308,1.7551923570956725,1.0,0.6181901250753459
2021-04-22 23:00:00,1.270402844767763,1.1532639978746277,1.7533495149208744,1.0,0.6187884811058983
2021-04-23 00:00:00,1.2721013795078955,1.1548059174106249,1.7556929743764786,1.0,0.6180275786711743
2021-04-23 01:00:00,1.2685145172327552,1.1515497855904777,1.7507441993434918,1.0,0.6196344061170243
2021-04-23 02:00:00,1.2557230852717909,1.1391398447715828,1.7343104351872136,1.0,0.6241387732113762
2021-04-23 03:00:00,1.2557230852717909,1.1157075975677795,1.6986460389591642,1.0,0.6369773848098496
2021-04-23 04:00:00,1.2557230852717909,1.1220531756966499,1.7083041486025,1.0,0.6335006199799227
2021-04-23 05:00:00,1.2557230852717909,1.0980173209098176,1.671721048341493,1.0,0.6466699503203501
2021-04-23 06:00:00,1.2557230852717909,1.1047897756768894,1.6820288736280997,1.0,0.6429592982618251
2021-04-23 07:00:00,1.2557230852717909,1.0950675654051745,1.6672314555090826,1.0,0.6482861318545065
2021-04-23 08:00:00,1.2557230852717909,1.0703167536142666,1.6295601749443427,1.0,0.6618471896807829
2021-04-23 09:00:00,1.2557230852717909,1.088069734054421,1.6565806020992642,1.0,0.6521202685449627
2021-04-23 10:00:00,1.2557230852717909,1.0762800841314075,1.6386364953054395,1.0,0.6585798596770918
2021-04-23 11:00:00,1.2557230852717909,1.1035868002683462,1.680197918566482,1.0,0.6436184127675091
2021-04-23 12:00:00,1.2557230852717909,1.1167184450173622,1.7001845710365393,1.0,0.6364235378963365
2021-04-23 13:00:00,1.2557230852717909,1.099307546065113,1.6736847994389283,1.0,0.6459630313680473
2021-04-23 14:00:00,1.2557230852717909,1.096059668663639,1.668741458514824,1.0,0.6477425549499858
2021-04-23 15:00:00,1.2557230852717909,1.1093091340425403,1.6889074365780057,1.0,0.6404831257365761
2021-04-23 16:00:00,1.2557230852717909,1.1115805283448144,1.6923645487227297,1.0,0.6392386207183313
2021-04-23 17:00:00,1.2557230852717909,1.1118603523407917,1.6927904470064004,1.0,0.6390853041555178
2021-04-23 18:00:00,1.2557230852717909,1.1118134918629965,1.6927191243273167,1.0,0.6391109791779984
2021-04-23 19:00:00,1.2557230852717909,1.128025432019085,1.7173940542358028,1.0,0.630228399495759
2021-04-23 20:00:00,1.2557230852717909,1.134677165269551,1.7275181387158183,1.0,0.6265838911856247
2021-04-23 21:00:00,1.2557230852717909,1.1268987722458086,1.7156792532515501,1.0,0.630845700393403
2021-04-23 22:00:00,1.2557230852717909,1.1225530207931322,1.7090649238460585,1.0,0.6332267530734615
2021-04-23 23:00:00,1.2557230852717909,1.1259919104279048,1.7142989895953797,1.0,0.6313425732094111
2021-04-24 00:00:00,1.2557230852717909,1.1399786473241171,1.73558711114281,1.0,0.6236791903089711
2021-04-24 01:00:00,1.2557230852717909,1.112808719153314,1.6942338821783305,1.0,0.6385656906053124
2021-04-24 02:00:00,1.2557230852717909,1.1088796988222513,1.6894369225622503,1.0,0.639418717062328
2021-04-24 03:00:00,1.2557230852717909,1.1088796988222513,1.7011871641253715,1.0,0.6349702091951412
2021-04-24 04:00:00,1.2557230852717909,1.1088796988222513,1.7027678105465864,1.0,0.6343717944304539
2021-04-24 05:00:00,1.2557230852717909,1.1088796988222513,1.7124748271698653,1.0,0.6306968282960471
2021-04-24 06:00:00,1.2557230852717909,1.1088796988222513,1.7141179658432293,1.0,0.630074754675171
2021-04-24 07:00:00,1.2557230852717909,1.1088796988222513,1.706033030721395,1.0,0.6331356191945914
2021-04-24 08:00:00,1.2557230852717909,1.1088796988222513,1.6924430036697216,1.0,0.6382806489312048
2021-04-24 09:00:00,1.2557230852717909,1.1088796988222513,1.690718353363119,1.0,0.6389335819297184
2021-04-24 10:00:00,1.2557230852717909,1.1088796988222513,1.6823783547556095,1.0,0.6420910105849961
2021-04-24 11:00:00,1.2557230852717909,1.1088796988222513,1.6651872116738244,1.0,0.6485993819094865
2021-04-24 12:00:00,1.2557230852717909,1.1088796988222513,1.667359496699628,1.0,0.647776979495447
2021-04-24 13:00:00,1.2557230852717909,1.1088796988222513,1.6827770824948673,1.0,0.6419400567960526
2021-04-24 14:00:00,1.2557230852717909,1.1088796988222513,1.683232528745587,1.0,0.641767630023503
2021-04-24 15:00:00,1.2557230852717909,1.1088796988222513,1.6751408009876494,1.0,0.6448310661577263
2021-04-24 16:00:00,1.2557230852717909,1.1088796988222513,1.7051133077930216,1.0,0.6334838158389345
2021-04-24 17:00:00,1.2557230852717909,1.1088796988222513,1.6953118735279082,1.0,0.6371945274191047
2021-04-24 18:00:00,1.2557230852717909,1.1088796988222513,1.7026978463947235,1.0,0.634398282062926
2021-04-24 19:00:00,1.2557230852717909,1.1088796988222513,1.7178413493231985,1.0,0.6286651240208377
2021-04-24 20:00:00,1.2557230852717909,1.1088796988222513,1.7211863829722198,1.0,0.6273987323110385
2021-04-24 21:00:00,1.2557230852717909,1.1088796988222513,1.7292298830138246,1.0,0.6243535546419173
2021-04-24 22:00:00,1.2557230852717909,1.1088796988222513,1.727598291821836,1.0,0.624971256517628
2021-04-24 23:00:00,1.2557230852717909,1.1088796988222513,1.7092140222085237,1.0,0.6319313319822876
2021-04-25 00:00:00,1.2557230852717909,1.1088796988222513,1.7006607348273735,1.0,0.6351695093423835
2021-04-25 01:00:00,1.2557230852717909,1.1088796988222513,1.6933902367743128,1.0,0.637922037246909
2021-04-25 02:00:00,1.2557230852717909,1.1088796988222513,1.7035204346268211,1.0,0.6331916759189904
2021-04-25 03:00:00,1.2557230852717909,1.1088796988222513,1.7085079276855961,1.0,0.6313373082561022
2021-04-25 04:00:00,1.2557230852717909,1.1088796988222513,1.6865911476668145,1.0,0.6394860450387944
2021-04-25 05:00:00,1.2557230852717909,1.1088796988222513,1.6884652359676875,1.0,0.6387892523412243
2021-04-25 06:00:00,1.2557230852717909,1.1088796988222513,1.6917036252298883,1.0,0.6375852076925598
2021-04-25 07:00:00,1.2557230852717909,1.1088796988222513,1.6787429359131765,1.0,0.6424040380898002
2021-04-25 08:00:00,1.2557230852717909,1.1088796988222513,1.687110105065099,1.0,0.6392930948318558
2021-04-25 09:00:00,1.2557230852717909,1.1088796988222513,1.7016327610537416,1.0,0.6338935196690981
2021-04-25 10:00:00,1.2557230852717909,1.1088796988222513,1.6807596695722167,1.0,0.6416542093405847
2021-04-25 11:00:00,1.2557230852717909,1.1088796988222513,1.6762459628816402,1.0,0.6433324215462218
2021-04-25 12:00:00,1.2557230852717909,1.1088796988222513,1.682765874645297,1.0,0.6409082951570859
2021-04-25 13:00:00,1.2557230852717909,1.1088796988222513,1.6928043719104118,1.0,0.6371759461606961
2021-04-25 14:00:00,1.2557230852717909,1.1088796988222513,1.6937383593746018,1.0,0.636828686298732
2021-04-25 15:00:00,1.2557230852717909,1.1088796988222513,1.7091206234621048,1.0,0.6311095057866538
2021-04-25 16:00:00,1.2557230852717909,1.1088796988222513,1.7067404837715432,1.0,0.6319944501912518
2021-04-25 17:00:00,1.2557230852717909,1.1088796988222513,1.711044298006531,1.0,0.6303942767473213
2021-04-25 18:00:00,1.2557230852717909,1.1088796988222513,1.6954847461167348,1.0,0.6361793734950159
2021-04-25 19:00:00,1.2557230852717909,1.1088796988222513,1.6857716161209633,1.0,0.6397907497831288
2021-04-25 20:00:00,1.2557230852717909,1.1088796988222513,1.6755215282412337,1.0,0.6436017689227925
2021-04-25 21:00:00,1.2557230852717909,1.1088796988222513,1.6327574687581192,1.0,0.6595015983771497
2021-04-25 22:00:00,1.2557230852717909,1.1088796988222513,1.6158438048611499,1.0,0.6657901587865355
2021-04-25 23:00:00,1.2557230852717909,1.1088796988222513,1.6526649870175742,1.0,0.6520999122647774
2021-04-26 00:00:00,1.2557230852717909,1.1088796988222513,1.6656674510463207,1.0,0.6472655498809837
2021-04-26 01:00:00,1.2557230852717909,1.1088796988222513,1.7284001625138186,1.0,0.6239413045778348
2021-04-26 02:00:00,1.2557230852717909,1.1088796988222513,1.762500214647301,1.0,0.6103763262782403
2021-04-26 03:00:00,1.2557230852717909,1.1088796988222513,1.7647536716745378,1.0,0.6095956887167782
2021-04-26 04:00:00,1.2557230852717909,1.1088796988222513,1.7796407525901172,1.0,0.6044385393224194
2021-04-26 05:00:00,1.2557230852717909,1.1088796988222513,1.7763877591602941,1.0,0.6055654340569612
2021-04-26 06:00:00,1.2557230852717909,1.1088796988222513,1.783919434071523,1.0,0.6029563280188324
2021-04-26 07:00:00,1.2557230852717909,1.1088796988222513,1.7935259196804743,1.0,0.5996284706825916
2021-04-26 08:00:00,1.2557230852717909,1.1088796988222513,1.7930996817649987,1.0,0.5997761270713836
2021-04-26 09:00:00,1.2557230852717909,1.1088796988222513,1.786472785982716,1.0,0.6020718015399971
2021-04-26 10:00:00,1.2557230852717909,1.1088796988222513,1.8152290712938104,1.0,0.5921101132669843
2021-04-26 11:00:00,1.2557230852717909,1.1088796988222513,1.8070048871318602,1.0,0.5949591168164653
2021-04-26 12:00:00,1.2557230852717909,1.1088796988222513,1.8194547702136115,1.0,0.5906462560643148
2021-04-26 13:00:00,1.2557230852717909,1.1088796988222513,1.815425718108998,1.0,0.5920419913155017
2021-04-26 14:00:00,1.2557230852717909,1.1088796988222513,1.8214246346835397,1.0,0.5899638600045589
2021-04-26 15:00:00,1.2557230852717909,1.1088796988222513,1.8182096800158947,1.0,0.5910775774358779
2021-04-26 16:00:00,1.2557230852717909,1.1088796988222513,1.818933435392691,1.0,0.590826855711164
2021-04-26 17:00:00,1.2557230852717909,1.1088796988222513,1.809532087394056,1.0,0.5940836497335957
2021-04-26 18:00:00,1.2557230852717909,1.1088796988222513,1.8341502987910807,1.0,0.5855554638040426
2021-04-26 19:00:00,1.2557230852717909,1.1088796988222513,1.841147053609182,1.0,0.5831316635924855
2021-04-26 20:00:00,1.2557230852717909,1.1088796988222513,1.8342005642982442,1.0,0.5855380509390695
2021-04-26 21:00:00,1.2557230852717909,1.1088796988222513,1.8054018250115051,1.0,0.5955144460237148
2021-04-26 22:00:00,1.2557230852717909,1.1088796988222513,1.8112353408969335,1.0,0.5934936124508929
2021-04-26 23:00:00,1.2557230852717909,1.1088796988222513,1.8196833424184842,1.0,0.5905670745904845
2021-04-27 00:00:00,1.2557230852717909,1.1088796988222513,1.8327798844572598,1.0,0.5860301996835453
2021-04-27 01:00:00,1.2557230852717909,1.1088796988222513,1.821514637111907,1.0,0.5899326815638977
2021-04-27 02:00:00,1.2557230852717909,1.1081034830330758,1.8251711131262598,1.0,0.5878114970728628
2021-04-27 03:00:00,1.2557230852717909,1.107425494463064,1.8262874828698208,1.0,0.5881711471258038
2021-04-27 04:00:00,1.2557230852717909,1.1142239438903796,1.8150932185717463,1.0,0.584564799165678
2021-04-27 05:00:00,1.2557230852717909,1.1144275260986554,1.8147580019800533,1.0,0.5844568056754886
2021-04-27 06:00:00,1.2557230852717909,1.1051326678904294,1.8300628300159796,1.0,0.5893874142351714
2021-04-27 07:00:00,1.2557230852717909,1.089199833363336,1.856297688805566,1.0,0.597839245187232
2021-04-27 08:00:00,1.2557230852717909,1.0923437036961983,1.851121020831317,1.0,0.5961715280874675
2021-04-27 09:00:00,1.2557230852717909,1.0942256531068424,1.8480222202410366,1.0,0.595173217444622
2021-04-27 10:00:00,1.2557230852717909,1.0933403695831154,1.8494799199487837,1.0,0.5956428304738957
2021-04-27 11:00:00,1.2557230852717909,1.089133828999964,1.856406370983217,1.0,0.5978742582742235
2021-04-27 12:00:00,1.2557230852717909,1.0795617524655756,1.8721676641652782,1.0,0.6029519217992707
2021-04-27 13:00:00,1.2557230852717909,1.0857304790135953,1.8620102957683575,1.0,0.5996796205722233
2021-04-27 14:00:00,1.2557230852717909,1.0880344438225489,1.85821660850472,1.0,0.5984574450044259
2021-04-27 15:00:00,1.2557230852717909,1.083273260323437,1.866056329463229,1.0,0.6009830921513792
2021-04-27 16:00:00,1.2557230852717909,1.0828423755887993,1.8667658203042083,1.0,0.6012116619598957
2021-04-27 17:00:00,1.2557230852717909,1.0892650126721657,1.8561903651551352,1.0,0.5978046697638278
2021-04-27 18:00:00,1.2557230852717909,1.0849200691895684,1.8633447091308313,1.0,0.600109515630941
2021-04-27 19:00:00,1.2557230852717909,1.0835572853495723,1.8655886564675235,1.0,0.6008324264614189
2021-04-27 20:00:00,1.2557230852717909,1.0875825201970863,1.8589607417898255,1.0,0.5986971752344208
2021-04-27 21:00:00,1.2557230852717909,1.0796073367290293,1.872092605536338,1.0,0.6029277408860672
2021-04-27 22:00:00,1.2557230852717909,1.0768962075035244,1.8765567259833615,1.0,0.6043659034342436
2021-04-27 23:00:00,1.2557230852717909,1.0836762994672773,1.8653926889159462,1.0,0.6007692934889374
2021-04-28 00:00:00,1.2557230852717909,1.0824042716269178,1.867487198258368,1.0,0.6014440613248019
2021-04-28 01:00:00,1.2557230852717909,1.0746139003763022,1.8803147519074572,1.0,0.6055765903328719
2021-04-28 02:00:00,1.2557230852717909,1.0717978419310823,1.8836326150120652,1.0,0.6057961797939126
2021-04-28 03:00:00,1.2557230852717909,1.0717978419310823,1.8734963037870644,1.0,0.6025351631579128
2021-04-28 04:00:00,1.2557230852717909,1.0717978419310823,1.8601049613414098,1.0,0.598226949891341
2021-04-28 05:00:00,1.2557230852717909,1.0717978419310823,1.8613629575477224,1.0,0.5986316677877974
2021-04-28 06:00:00,1.2557230852717909,1.0717978419310823,1.8543128805362106,1.0,0.596363543032224
2021-04-28 07:00:00,1.2557230852717909,1.0717978419310823,1.8395650486607469,1.0,0.5916189249928533
2021-04-28 08:00:00,1.2557230852717909,1.0717978419310823,1.8427861167008845,1.0,0.5926551951143417
2021-04-28 09:00:00,1.2557230852717909,1.0717978419310823,1.8363378672481163,1.0,0.5905806880997297
2021-04-28 10:00:00,1.2557230852717909,1.0717978419310823,1.8413212847252294,1.0,0.5921839347775661
2021-04-28 11:00:00,1.2557230852717909,1.0717978419310823,1.8477522129559345,1.0,0.5942528692725454
2021-04-28 12:00:00,1.2557230852717909,1.0717978419310823,1.8627761654889934,1.0,0.5990863198307659
2021-04-28 13:00:00,1.2557230852717909,1.0717978419310823,1.8738175954747458,1.0,0.6026385279338436
2021-04-28 14:00:00,1.2557230852717909,1.0717978419310823,1.8603922898485752,1.0,0.5983193881581881
2021-04-28 15:00:00,1.2557230852717909,1.0717978419310823,1.8506856128571016,1.0,0.5951965918620958
2021-04-28 16:00:00,1.2557230852717909,1.0717978419310823,1.8457775936407341,1.0,0.593617602034425
2021-04-28 17:00:00,1.2557230852717909,1.0717978419310823,1.8575546661164632,1.0,0.5974064783242535
2021-04-28 18:00:00,1.2557230852717909,1.0717978419310823,1.8626759741064711,1.0,0.5990540866289693
2021-04-28 19:00:00,1.2557230852717909,1.0717978419310823,1.8661225576652352,1.0,0.6001629087707728
2021-04-28 20:00:00,1.2557230852717909,1.0717978419310823,1.882470734606613,1.0,0.6054223839181627
2021-04-28 21:00:00,1.2557230852717909,1.0717978419310823,1.8465451615203956,1.0,0.5938645411397143
2021-04-28 22:00:00,1.2557230852717909,1.0717978419310823,1.8608307545090368,1.0,0.5984604493904574
2021-04-28 23:00:00,1.2557230852717909,1.0717978419310823,1.8496330938929106,1.0,0.594857979345595
2021-04-29 00:00:00,1.2557230852717909,1.0717978419310823,1.862579858305611,1.0,0.5990231646082628
2021-04-29 01:00:00,1.2557230852717909,1.0717978419310823,1.858350083804148,1.0,0.5976623771669914
2021-04-29 02:00:00,1.2557230852717909,1.0717978419310823,1.8528324254975181,1.0,0.5950530094867958
2021-04-29 03:00:00,1.2557230852717909,1.0717978419310823,1.853560256455976,1.0,0.5948191849379321
2021-04-29 04:00:00,1.2557230852717909,1.0717978419310823,1.842591507676528,1.0,0.5983430289090491
2021-04-29 05:00:00,1.2557230852717909,1.0717978419310823,1.8186491635717719,1.0,0.6060347981914337
2021-04-29 06:00:00,1.2557230852717909,1.0717978419310823,1.8297415383282982,1.0,0.602471237871373
2021-04-29 07:00:00,1.2557230852717909,1.0717978419310823,1.8456746852037706,1.0,0.5973525206241284
2021-04-29 08:00:00,1.2557230852717909,1.0717978419310823,1.8492428569487818,1.0,0.5962062020471977
2021-04-29 09:00:00,1.2557230852717909,1.0717978419310823,1.8306629594156976,1.0,0.6021752201387237
2021-04-29 10:00:00,1.2557230852717909,1.0717978419310823,1.8519914971479419,1.0,0.5953231679482922
2021-04-29 11:00:00,1.2557230852717909,1.0717978419310823,1.8480813161751346,1.0,0.5965793611499106
2021-04-29 12:00:00,1.2557230852717909,1.0717978419310823,1.8438742970046174,1.0,0.5979309172333336
2021-04-29 13:00:00,1.2557230852717909,1.0717978419310823,1.845416225400044,1.0,0.5974355539800245
2021-04-29 14:00:00,1.2557230852717909,1.0717978419310823,1.8207796738855409,1.0,0.6053503458372469
2021-04-29 15:00:00,1.2557230852717909,1.0717978419310823,1.8243111653955946,1.0,0.6042158112319808
2021-04-29 16:00:00,1.2557230852717909,1.0717978419310823,1.8247795176549102,1.0,0.6040653473715594
2021-04-29 17:00:00,1.2557230852717909,1.0717978419310823,1.7999099787220674,1.0,0.6120549892710219
2021-04-29 18:00:00,1.2557230852717909,1.0717978419310823,1.7929240921217307,1.0,0.6142992903188886
2021-04-29 19:00:00,1.2557230852717909,1.0717978419310823,1.7986856060644656,1.0,0.6124483338807529
2021-04-29 20:00:00,1.2557230852717909,1.0717978419310823,1.7957715651761925,1.0,0.6133845049629979
2021-04-29 21:00:00,1.2557230852717909,1.0717978419310823,1.7997150300659055,1.0,0.6121176188982023
2021-04-29 22:00:00,1.2557230852717909,1.0717978419310823,1.81071842128948,1.0,0.6085826456205132
2021-04-29 23:00:00,1.2557230852717909,1.0717978419310823,1.8130771641763166,1.0,0.6078248707759687
2021-04-30 00:00:00,1.2557230852717909,1.0717978419310823,1.8183193810889615,1.0,0.6061407448255666
2021-04-30 01:00:00,1.2557230852717909,1.0717978419310823,1.8130330120416456,1.0,0.6078390551863058
2021-04-30 02:00:00,1.2548440791121007,1.0710475834417306,1.8137509936777538,1.0,0.6067753144866355
2021-04-30 03:00:00,1.2578797270292161,1.073638601258149,1.8181373384413957,1.0,0.6053074379191484
2021-04-30 04:00:00,1.2606953698011192,1.0760418379924017,1.8222057878354077,1.0,0.6039459440436605
2021-04-30 05:00:00,1.2715962016595832,1.0853460294962367,1.837956892063314,1.0,0.5986748862372073
2021-04-30 06:00:00,1.2748128367153886,1.0880915253396504,1.8426047533169292,1.0,0.5971194939936099
2021-04-30 07:00:00,1.2780431045686536,1.0908486571902918,1.8472723132152435,1.0,0.5955575096601238
2021-04-30 08:00:00,1.2767023894529566,1.0897043160656423,1.8453350533986106,1.0,0.5962058076036736
2021-04-30 09:00:00,1.281845244770532,1.094093899482075,1.8527661972955118,1.0,0.5937189985214735
2021-04-30 10:00:00,1.2772857791649412,1.0902022569266836,1.8461780195390178,1.0,0.5959237116191205
2021-04-30 11:00:00,1.2733186351041534,1.0868161788232762,1.840445713931527,1.0,0.5978420097767702
2021-04-30 12:00:00,1.2749627974874458,1.0882195214191606,1.8428214384086212,1.0,0.5970469810048328
2021-04-30 13:00:00,1.2843703679276028,1.0962491688898786,1.856414861778346,1.0,0.592497984354651
2021-04-30 14:00:00,1.3144130577089512,1.1218915182669984,1.8998249009548749,1.0,0.5779709504039464
2021-04-30 15:00:00,1.3142325406667257,1.121737441481632,1.8995640637285118,1.0,0.5780582387666122
2021-04-30 16:00:00,1.3421663777099895,1.145579820913037,1.9399269263491448,1.0,0.5645509329276764
2021-04-30 17:00:00,1.3332072792966119,1.137932957955964,1.9269815204636653,1.0,0.5688830725518602
2021-04-30 18:00:00,1.3300625689998185,1.13524885208172,1.9224375865424295,1.0,0.5704036858384579
2021-04-30 19:00:00,1.336474684770543,1.1407217878952616,1.9317027421871948,1.0,0.5673031304562632
2021-04-30 20:00:00,1.3402897526251851,1.1439780643318305,1.9372153060167474,1.0,0.5654583681978906
2021-04-30 21:00:00,1.33448664682374,1.1390249370480867,1.9288301363791516,1.0,0.5682644390128102
2021-04-30 22:00:00,1.3392282748091808,1.1430720607345448,1.9356815287846445,1.0,0.5659716419554417
2021-04-30 23:00:00,1.3422632175816003,1.1456624766885202,1.9400668546528708,1.0,0.5645041063581213
2021-05-01 00:00:00,1.355074051373822,1.1565969129291895,1.9585778069295077,1.0,0.5583094740268985
2021-05-01 01:00:00,1.3581837394840377,1.159251126302106,1.9630711357117747,1.0,0.5568057955919118
2021-05-01 02:00:00,1.3718637708967305,1.1709274491456094,1.9842274801188033,1.0,0.5488764335652441
2021-05-01 03:00:00,1.3718637708967305,1.1709274491456094,1.97353417273334,1.0,0.5459174258077079
2021-05-01 04:00:00,1.3718637708967305,1.1709274491456094,1.9761911123451066,1.0,0.5466526431393643
2021-05-01 05:00:00,1.3718637708967305,1.1709274491456094,1.9725699580384903,1.0,0.5456506123084655
2021-05-01 06:00:00,1.3718637708967305,1.1709274491456094,1.9754001098708889,1.0,0.5464337602088482
2021-05-01 07:00:00,1.3718637708967305,1.1709274491456094,1.9668247464224036,1.0,0.5440608211308736
2021-05-01 08:00:00,1.3718637708967305,1.1709274491456094,1.9613998075985823,1.0,0.5425596545146714
2021-05-01 09:00:00,1.3718637708967305,1.1709274491456094,1.9529300696415017,1.0,0.540215943685469
2021-05-01 10:00:00,1.3718637708967305,1.1709274491456094,1.9543266356243199,1.0,0.5406023956435122
2021-05-01 11:00:00,1.3718637708967305,1.1709274491456094,1.9502748281887605,1.0,0.5394811962613489
2021-05-01 12:00:00,1.3718637708967305,1.1709274491456094,1.963962329568515,1.0,0.5432687449872968
2021-05-01 13:00:00,1.3718637708967305,1.1709274491456094,1.9626296143650668,1.0,0.5428999615526272
2021-05-01 14:00:00,1.3718637708967305,1.1709274491456094,1.9583244416028585,1.0,0.5417086519660136
2021-05-01 15:00:00,1.3718637708967305,1.1709274491456094,1.9514859552059614,1.0,0.539816334316403
2021-05-01 16:00:00,1.3718637708967305,1.1709274491456094,1.9486279535655395,1.0,0.5390254799324211
2021-05-01 17:00:00,1.3718637708967305,1.1709274491456094,1.9535407276271795,1.0,0.5403849224356055
2021-05-01 18:00:00,1.3718637708967305,1.1709274491456094,1.956464617837802,1.0,0.5411940092320048
2021-05-01 19:00:00,1.3718637708967305,1.1709274491456094,1.957990583538386,1.0,0.5416162681443316
2021-05-01 20:00:00,1.3718637708967305,1.1709274491456094,1.9622954166687894,1.0,0.5428074837494379
2021-05-01 21:00:00,1.3718637708967305,1.1709274491456094,1.960363251329234,1.0,0.5422728229543728
2021-05-01 22:00:00,1.3718637708967305,1.1709274491456094,1.9521631810254503,1.0,0.5400037334419715
2021-05-01 23:00:00,1.3718637708967305,1.1709274491456094,1.9593419784911177,1.0,0.541990220561903
2021-05-02 00:00:00,1.3718637708967305,1.1709274491456094,1.963606395436707,1.0,0.5431702523676398
2021-05-02 01:00:00,1.3718637708967305,1.1709274491456094,1.9522311073864822,1.0,0.5400225297434328
2021-05-02 02:00:00,1.3709034662571027,1.1701077999312075,1.951387461982465,1.0,0.5390333705149297
2021-05-02 03:00:00,1.376166409206783,1.1745998817937089,1.9588763432862435,1.0,0.5369640038915166
2021-05-02 04:00:00,1.3478329202421282,1.1504163872933093,1.918559330959307,1.0,0.5481046103827697
2021-05-02 05:00:00,1.358504163613432,1.1595246180411811,1.9337439293362064,1.0,0.5439087232006301
2021-05-02 06:00:00,1.3584036783988371,1.1594388508545999,1.933600944346234,1.0,0.5439482335565692
2021-05-02 07:00:00,1.3580630788709827,1.1591481387993714,1.933116289760271,1.0,0.5440821558319257
2021-05-02 08:00:00,1.3519384931073186,1.1539206185911273,1.9244013376398648,1.0,0.5464903167188545
2021-05-02 09:00:00,1.3496688638779077,1.151983421020582,1.9211717788045979,1.0,0.5473827252096498
2021-05-02 10:00:00,1.3481066887483995,1.150650057039173,1.9189488886398256,1.0,0.5479969657788216
2021-05-02 11:00:00,1.3567999725630595,1.1580700391523713,1.931318958247364,1.0,0.5445788038215448
2021-05-02 12:00:00,1.3633035856919884,1.1636210707437287,1.9405732456743643,1.0,0.5420216109981996
2021-05-02 13:00:00,1.3570107289632665,1.1582499261494046,1.9316188531313203,1.0,0.5444959353077818
2021-05-02 14:00:00,1.3532192618995174,1.1550137937056026,1.9262238019063533,1.0,0.5459867239160774
2021-05-02 15:00:00,1.356501858470354,1.157815589708096,1.930894758122719,1.0,0.5446960210057916
2021-05-02 16:00:00,1.3512787754514042,1.1533575295086804,1.9234625953304023,1.0,0.5467497148751862
2021-05-02 17:00:00,1.3508302915601365,1.152974734868334,1.9228244271685067,1.0,0.546926056820102
2021-05-02 18:00:00,1.3556220758076547,1.1570646684498112,1.9296428752888992,1.0,0.5450419477801183
2021-05-02 19:00:00,1.3572935673938957,1.158491337351539,1.932021316820435,1.0,0.5443847244484282
2021-05-02 20:00:00,1.3573322339135259,1.1585243404019574,1.9320763371728709,1.0,0.5443695209385421
2021-05-02 21:00:00,1.3608740393752177,1.161547379075774,1.9371161335296405,1.0,0.5429768982027221
2021-05-02 22:00:00,1.3524745733733041,1.1543781794012486,1.925164150674254,1.0,0.5462795322546284
2021-05-02 23:00:00,1.3459647545066566,1.1488218510240216,1.9159010328203196,1.0,0.5488391651474616
2021-05-03 00:00:00,1.3507052220768878,1.1528679842608078,1.9226464601026025,1.0,0.5469752336051664
2021-05-03 01:00:00,1.370415122435105,1.1696909836277753,1.9506925753091076,1.0,0.5392253852138641
2021-05-03 02:00:00,1.3838433037532776,1.1811523447564207,1.972560787979751,1.0,0.5324280031239783
2021-05-03 03:00:00,1.3845287979437195,1.1817374348949945,1.9735375690513914,1.0,0.5321642620616918
2021-05-03 04:00:00,1.3815684927123955,1.179210724352197,1.9693193420313038,1.0,0.5333032272889515
2021-05-03 05:00:00,1.378579823848018,1.1766598045860026,1.965060698826402,1.0,0.534453105307036
2021-05-03 06:00:00,1.3809266165458935,1.1786628635235534,1.9684047135800078,1.0,0.5335501864964403
2021-05-03 07:00:00,1.381027438535656,1.1787489181579822,1.9685483778335906,1.0,0.5335113956517438
2021-05-03 08:00:00,1.4016568570603187,1.1963567542441054,1.9979438502019962,1.0,0.5255743119653864
2021-05-03 09:00:00,1.4008614835855258,1.195677878794724,1.996810498868177,1.0,0.5258803286291035
2021-05-03 10:00:00,1.3931890016695583,1.189129182146363,1.9858777510600758,1.0,0.5288322843992719
2021-05-03 11:00:00,1.394223201701661,1.1900119033255254,1.987351413462665,1.0,0.5284343802027276
2021-05-03 12:00:00,1.398810483060925,1.1939272874726008,1.993887967184775,1.0,0.5266694426210979
2021-05-03 13:00:00,1.396570232749394,1.1920151657019282,1.990695767848076,1.0,0.5275313696880072
2021-05-03 14:00:00,1.376085730938149,1.174531020437868,1.9615067916172078,1.0,0.535412697266621
2021-05-03 15:00:00,1.3773625711252828,1.1756208423684449,1.96332619919745,1.0,0.5349214382712563
2021-05-03 16:00:00,1.3739024462425833,1.172667520552842,1.9583957642819418,1.0,0.5362527070477562
2021-05-03 17:00:00,1.375824737844083,1.1743082548948438,1.9611348947905576,1.0,0.535513113283034
2021-05-03 18:00:00,1.381399502663361,1.1790664862060745,1.9690785430814455,1.0,0.5333682455132773
2021-05-03 19:00:00,1.3770949042352043,1.1753923805375626,1.9629447926802555,1.0,0.5350244220031575
2021-05-03 20:00:00,1.3731175601615246,1.1719975964129523,1.9572773567475499,1.0,0.5365546887299919
2021-05-03 21:00:00,1.3543327311847857,1.1559641736030537,1.9305102949192778,1.0,0.5437820741962395
2021-05-03 22:00:00,1.3610582491165302,1.1617046076921127,1.9400936855654785,1.0,0.5411944589130198
2021-05-03 23:00:00,1.3652217444289911,1.165258277560195,1.946026373938014,1.0,0.5395925712648898
2021-05-04 00:00:00,1.3627455277584417,1.163144751325966,1.942497939114206,1.0,0.5405452854151316
2021-05-04 01:00:00,1.3174507125704686,1.1244842490714988,1.8779560090206207,1.0,0.5579722787293268
2021-05-04 02:00:00,1.325297320083676,1.1311815672125565,1.8917844575995164,1.0,0.5534930437015113
2021-05-04 03:00:00,1.3254939155560062,1.1313493674269892,1.8920649934705787,1.0,0.5534109381809545
2021-05-04 04:00:00,1.3204773988849392,1.127067617887522,1.8849065739132207,1.0,0.5555060205741438
2021-05-04 05:00:00,1.3281798476446804,1.1336418921483864,1.8958977383918094,1.0,0.5522891938716534
2021-05-04 06:00:00,1.3322705091252338,1.1371333961259362,1.9017349902270948,1.0,0.5505807827556625
2021-05-04 07:00:00,1.3347336647464736,1.139235774357371,1.9052498397786959,1.0,0.5495520781161447
2021-05-04 08:00:00,1.3308519752086632,1.1359226342881403,1.899710784668341,1.0,0.5511732148410354
2021-05-04 09:00:00,1.3271621209622548,1.1327732314741557,1.8944454727929452,1.0,0.5527142340725016
2021-05-04 10:00:00,1.3347741262843624,1.1392703095104624,1.9053075771855732,1.0,0.5495351798855216
2021-05-04 11:00:00,1.3426091460829508,1.1459577371846912,1.916487916579636,1.0,0.5462629866274016
2021-05-04 12:00:00,1.336499215852702,1.140742725919916,1.907769228509373,1.0,0.5488147188528397
2021-05-04 13:00:00,1.3338085235830994,1.1384461382393318,1.903929690952039,1.0,0.5499384511892731
2021-05-04 14:00:00,1.321269969009466,1.1277441005921967,1.8860375478244036,1.0,0.555175014056645
2021-05-04 15:00:00,1.3057253601797443,1.114476304218323,1.8638558549975972,1.0,0.5616670160579537
2021-05-04 16:00:00,1.2813860790763312,1.0937019875980738,1.8291244273383225,1.0,0.5718319975872185
2021-05-04 17:00:00,1.282600639240133,1.0947386516346966,1.830857568440054,1.0,0.571324752464457
2021-05-04 18:00:00,1.289080673537541,1.1002695579762791,1.840104383967341,1.0,0.5686184511294962
2021-05-04 19:00:00,1.2972734209328753,1.1072623170334286,1.8517951899645595,1.0,0.565196857632397
2021-05-04 20:00:00,1.2983139964837558,1.108150479911758,1.8532800602167192,1.0,0.5647622749013146
2021-05-04 21:00:00,1.302751675153967,1.1119381736140574,1.8596124952239277,1.0,0.5629089366073917
2021-05-04 22:00:00,1.2939317739213567,1.10441011968399,1.8470267594201126,1.0,0.5665924526791483
2021-05-04 23:00:00,1.2874138961855706,1.098846912816869,1.8377259424358054,1.0,0.5693145588298095
2021-05-05 00:00:00,1.266786842178928,1.081241094918785,1.8082917520416117,1.0,0.5779291774000872
2021-05-05 01:00:00,1.298600797384673,1.1083952732027889,1.8536893165419368,1.0,0.5646424962666041
2021-05-05 02:00:00,1.3016039998401705,1.1117368136005157,1.8605787477096078,1.0,0.5618512450114479
2021-05-05 03:00:00,1.3084283058509432,1.1117368136005157,1.8703305957311678,1.0,0.558905460557065
2021-05-05 04:00:00,1.3033188108271005,1.1117368136005157,1.8630291911838375,1.0,0.561111028564599
2021-05-05 05:00:00,1.2971804292111002,1.1117368136005157,1.8542575205519696,1.0,0.5637607264402422
2021-05-05 06:00:00,1.3009268693478957,1.1117368136005157,1.859611136696707,1.0,0.5621435356084087
2021-05-05 07:00:00,1.293377898236756,1.1117368136005157,1.8488237513012145,1.0,0.5654021294801778
2021-05-05 08:00:00,1.3039448416156765,1.1117368136005157,1.8639237813586291,1.0,0.5608407956995956
2021-05-05 09:00:00,1.3172229213671418,1.1117368136005157,1.8828979914175044,1.0,0.5551091709960465
2021-05-05 10:00:00,1.3162924314137348,1.1117368136005157,1.8815683329003028,1.0,0.5555108269058752
2021-05-05 11:00:00,1.3229273120112595,1.1117368136005157,1.8910494943731502,1.0,0.5526468099508878
2021-05-05 12:00:00,1.3109975514183323,1.1117368136005157,1.8740020155449477,1.0,0.5577964183130684
2021-05-05 13:00:00,1.3213791098256928,1.1117368136005157,1.8888371327943376,1.0,0.5533151079321454
2021-05-05 14:00:00,1.3365157927535676,1.1117368136005157,1.910467263569564,1.0,0.5467811973499606
2021-05-05 15:00:00,1.353410305488696,1.1117368136005157,1.9346093111757543,1.0,0.5394885007884417
2021-05-05 16:00:00,1.3679920218670927,1.1117368136005157,1.955446401685932,1.0,0.5331941474347242
2021-05-05 17:00:00,1.3647456458074285,1.1117368136005157,1.9508073708592515,1.0,0.5345954802756817
2021-05-05 18:00:00,1.3620421149721784,1.1117368136005157,1.9469440590755562,1.0,0.5357624881873804
2021-05-05 19:00:00,1.363167021472683,1.1117368136005157,1.9485515364093786,1.0,0.5352769103020115
2021-05-05 20:00:00,1.3596095314030545,1.1117368136005157,1.9434679275497433,1.0,0.5368125388226538
2021-05-05 21:00:00,1.352419684256052,1.1117368136005157,1.9331937258118472,1.0,0.5399161130061085
2021-05-05 22:00:00,1.3511818830613282,1.1117368136005157,1.9314249233705738,1.0,0.5404504230899878
2021-05-05 23:00:00,1.3570833046559887,1.1117368136005157,1.9398579810926975,1.0,0.5379030115341655
2021-05-06 00:00:00,1.3656549828602345,1.1117368136005157,1.9521068021457937,1.0,0.5342029552409424
2021-05-06 01:00:00,1.354301817063467,1.1117368136005157,1.9358832700769097,1.0,0.539103670311362
2021-05-06 02:00:00,1.350089588415492,1.1117368136005157,1.9312163894422056,1.0,0.5397268345812142
2021-05-06 03:00:00,1.350089588415492,1.1117368136005157,1.9386356462259264,1.0,0.5418010325250919
2021-05-06 04:00:00,1.350089588415492,1.1117368136005157,1.930782339995211,1.0,0.5396054875923254
2021-05-06 05:00:00,1.350089588415492,1.1117368136005157,1.935896515717311,1.0,0.5410352551656333
2021-05-06 06:00:00,1.350089588415492,1.1117368136005157,1.9430128209308288,1.0,0.5430247570890973
2021-05-06 07:00:00,1.350089588415492,1.1117368136005157,1.9239649107702341,1.0,0.5376995422809289
2021-05-06 08:00:00,1.350089588415492,1.1117368136005157,1.9306169393060981,1.0,0.5395592466036017
2021-05-06 09:00:00,1.350089588415492,1.1117368136005157,1.9348008635138645,1.0,0.5407289442218498
2021-05-06 10:00:00,1.350089588415492,1.1117368136005157,1.9460701864408794,1.0,0.5438795032502686
2021-05-06 11:00:00,1.350089588415492,1.1117368136005157,1.9712885272376217,1.0,0.5509297822948467
2021-05-06 12:00:00,1.350089588415492,1.1117368136005157,1.971926016135907,1.0,0.5511080047503586
2021-05-06 13:00:00,1.350089588415492,1.1117368136005157,1.9593154872103153,1.0,0.5475824854252874
2021-05-06 14:00:00,1.350089588415492,1.1117368136005157,1.9472476899093694,1.0,0.5442086973116751
2021-05-06 15:00:00,1.350089588415492,1.1117368136005157,1.9434757390812618,1.0,0.5431541748871062
2021-05-06 16:00:00,1.350089588415492,1.1117368136005157,1.9410932219680646,1.0,0.5424880957579553
2021-05-06 17:00:00,1.350089588415492,1.1117368136005157,1.928214383916396,1.0,0.5388875653834144
2021-05-06 18:00:00,1.350089588415492,1.1117368136005157,1.930851964515269,1.0,0.5396249524849093
2021-05-06 19:00:00,1.350089588415492,1.1117368136005157,1.8964764709878021,1.0,0.5300146127874206
2021-05-06 20:00:00,1.350089588415492,1.1117368136005157,1.9075556001039273,1.0,0.5331119994263419
2021-05-06 21:00:00,1.350089588415492,1.1117368136005157,1.90024978034313,1.0,0.5310695150147715
2021-05-06 22:00:00,1.350089588415492,1.1117368136005157,1.9126673984033908,1.0,0.534541102344781
2021-05-06 23:00:00,1.350089588415492,1.1117368136005157,1.9197293625280831,1.0,0.53651541215696
2021-05-07 00:00:00,1.350089588415492,1.1117368136005157,1.9160239795337874,1.0,0.5354795000687153
2021-05-07 01:00:00,1.350089588415492,1.1117368136005157,1.9161054911670259,1.0,0.5355022882356427
2021-05-07 02:00:00,1.3491445257036012,1.1109585978309953,1.9099140033589583,1.0,0.5330240542660377
2021-05-07 03:00:00,1.3403502341500013,1.1037169023512547,1.8974685354906746,1.0,0.5364985292751941
2021-05-07 04:00:00,1.3374943213269512,1.1013651892137994,1.8934269170092703,1.0,0.5376268518548515
2021-05-07 05:00:00,1.3403665536518472,1.1037303407120402,1.8974916304534255,1.0,0.5364920817175961
2021-05-07 06:00:00,1.3398397697319653,1.1032965583308036,1.896746138641099,1.0,0.53670020508418
2021-05-07 07:00:00,1.3469557925148437,1.109156276502122,1.9068165612958992,1.0,0.5338887855203633
2021-05-07 08:00:00,1.3395198594972488,1.1030331269348181,1.896293409444821,1.0,0.5368265961765063
2021-05-07 09:00:00,1.346805797093465,1.1090327621566674,1.9066042914176742,1.0,0.5339480461600512
2021-05-07 10:00:00,1.3500644176238323,1.1117160866087992,1.9112158120681368,1.0,0.5326606206149599
2021-05-07 11:00:00,1.3538155031216703,1.1148049333599275,1.916524257182788,1.0,0.5311786305376452
2021-05-07 12:00:00,1.3552667388225932,1.1159999593550698,1.9185780107085908,1.0,0.530605271996537
2021-05-07 13:00:00,1.3788462590559947,1.1354166120834834,1.9519471751973685,1.0,0.5212894046205782
2021-05-07 14:00:00,1.3682323430465657,1.1266765393761642,1.9369266189823613,1.0,0.5254827823019163
2021-05-07 15:00:00,1.3710104982431728,1.1289642226769359,1.9408581967588936,1.0,0.5243851804378732
2021-05-07 16:00:00,1.380406451431007,1.136701358899164,1.9541551215627138,1.0,0.5206729991508006
2021-05-07 17:00:00,1.4000253725619891,1.1528566400387183,1.9819193423709358,1.0,0.5129218971136723
2021-05-07 18:00:00,1.3960244546903027,1.1495620677938008,1.9762573405471127,1.0,0.5145025917124512
2021-05-07 19:00:00,1.3900527169780381,1.1446446158610866,1.967806282339316,1.0,0.5168619237082169
2021-05-07 20:00:00,1.3831078089718682,1.1389258028550628,1.957978017161595,1.0,0.5196057387342777
2021-05-07 21:00:00,1.3834713978732902,1.1392252016284448,1.9584925593464124,1.0,0.5194620909436742
2021-05-07 22:00:00,1.377462941281872,1.134277513383963,1.949989537472426,1.0,0.5218359299440357
2021-05-07 23:00:00,1.3693317494871027,1.127581850122608,1.9384824722817993,1.0,0.5250484255172599
2021-05-08 00:00:00,1.3754342832068096,1.1326070065645588,1.9471186298234084,1.0,0.5226374182436864
2021-05-08 01:00:00,1.3848352762408023,1.1403482928687942,1.9604226868951369,1.0,0.5189232457991203
2021-05-08 02:00:00,1.3807482286462323,1.1369827967500117,1.9560084923234722,1.0,0.5194093552831364
2021-05-08 03:00:00,1.3807482286462323,1.1369827967500117,1.9796862632520085,1.0,0.5256990354937008
2021-05-08 04:00:00,1.3807482286462323,1.1369827967500117,1.9750132692448117,1.0,0.5244577177184819
2021-05-08 05:00:00,1.3807482286462323,1.1369827967500117,1.9730389895614164,1.0,0.5239332769722542
2021-05-08 06:00:00,1.3807482286462323,1.1369827967500117,1.9671562270642398,1.0,0.522370600528867
2021-05-08 07:00:00,1.3807482286462323,1.1369827967500117,1.9645125330928739,1.0,0.5216683389137566
2021-05-08 08:00:00,1.3807482286462323,1.1369827967500117,1.9861460601861523,1.0,0.5274149933456277
2021-05-08 09:00:00,1.3807482286462323,1.1369827967500117,2.001701196862481,1.0,0.531547005418091
2021-05-08 10:00:00,1.3807482286462323,1.1369827967500117,1.9987946278739217,1.0,0.530774914603328
2021-05-08 11:00:00,1.3807482286462323,1.1369827967500117,1.9895152076933396,1.0,0.528309961899314
2021-05-08 12:00:00,1.3807482286462323,1.1369827967500117,1.9893073530285819,1.0,0.5282547481135423
2021-05-08 13:00:00,1.3807482286462323,1.1369827967500117,1.999769031522926,1.0,0.5310337517787843
2021-05-08 14:00:00,1.3807482286462323,1.1369827967500117,2.0008100030057414,1.0,0.5313102718006643
2021-05-08 15:00:00,1.3807482286462323,1.1369827967500117,2.003691439240719,1.0,0.5320756864387162
2021-05-08 16:00:00,1.3807482286462323,1.1369827967500117,1.9576428005699023,1.0,0.5198434872065576
2021-05-08 17:00:00,1.3807482286462323,1.1369827967500117,1.984163629339433,1.0,0.5268883873528991
2021-05-08 18:00:00,1.3807482286462323,1.1369827967500117,2.0029493437464443,1.0,0.5318785587885343
2021-05-08 19:00:00,1.3807482286462323,1.1369827967500117,2.007622337753641,1.0,0.533119876563753
2021-05-08 20:00:00,1.3807482286462323,1.1369827967500117,2.006436003858217,1.0,0.5328047429792746
2021-05-08 21:00:00,1.3807482286462323,1.1369827967500117,2.0028335293008848,1.0,0.5318477942445012
2021-05-08 22:00:00,1.3807482286462323,1.1369827967500117,1.9972272270931082,1.0,0.5303585557449346
2021-05-08 23:00:00,1.3807482286462323,1.1369827967500117,1.9905035362463555,1.0,0.5285724980375426
2021-05-09 00:00:00,1.3807482286462323,1.1369827967500117,2.000626601830955,1.0,0.531261553754395
2021-05-09 01:00:00,1.3807482286462323,1.1369827967500117,1.9901299412606794,1.0,0.5284732575729202
2021-05-09 02:00:00,1.3807482286462323,1.1369827967500117,2.0109731451433497,1.0,0.5332623665044774
2021-05-09 03:00:00,1.3807482286462323,1.1369827967500117,1.9916304345758764,1.0,0.5281313316680116
2021-05-09 04:00:00,1.3807482286462323,1.1369827967500117,1.9912799345529513,1.0,0.5280383546355767
2021-05-09 05:00:00,1.3807482286462323,1.1369827967500117,1.9765592732219002,1.0,0.5241334093673343
2021-05-09 06:00:00,1.3807482286462323,1.1369827967500117,1.9858468445658062,1.0,0.526597120538812
2021-05-09 07:00:00,1.3807482286462323,1.1369827967500117,1.9827959320600537,1.0,0.5257878059241193
2021-05-09 08:00:00,1.3807482286462323,1.1369827967500117,1.9690697126545111,1.0,0.5221466559572039
2021-05-09 09:00:00,1.3807482286462323,1.1369827967500117,1.976351078925337,1.0,0.5240781817308201
2021-05-09 10:00:00,1.3807482286462323,1.1369827967500117,1.9693084738135387,1.0,0.5222099920558491
2021-05-09 11:00:00,1.3807482286462323,1.1369827967500117,1.970082155065693,1.0,0.5224152262417857
2021-05-09 12:00:00,1.3807482286462323,1.1369827967500117,1.9683153904152508,1.0,0.5219465571306168
2021-05-09 13:00:00,1.3807482286462323,1.1369827967500117,1.9190056071512873,1.0,0.5088661662090138
2021-05-09 14:00:00,1.3807482286462323,1.1369827967500117,1.9448471723104983,1.0,0.5157211501885436
2021-05-09 15:00:00,1.3807482286462323,1.1369827967500117,1.9435093626299729,1.0,0.515366269829279
2021-05-09 16:00:00,1.3807482286462323,1.1369827967500117,1.9508868447016587,1.0,0.5173232922115958
2021-05-09 17:00:00,1.3807482286462323,1.1369827967500117,1.957320489986805,1.0,0.5190299433021137
2021-05-09 18:00:00,1.3807482286462323,1.1369827967500117,1.95351050039652,1.0,0.5180192685445024
2021-05-09 19:00:00,1.3807482286462323,1.1369827967500117,1.952750404416572,1.0,0.5178176381195129
2021-05-09 20:00:00,1.3807482286462323,1.1369827967500117,1.9468516792245527,1.0,0.5162528851162866
2021-05-09 21:00:00,1.3807482286462323,1.1369827967500117,1.965289271031275,1.0,0.5211438193796527
2021-05-09 22:00:00,1.3807482286462323,1.1369827967500117,1.97072236101842,1.0,0.5225850534764174
2021-05-09 23:00:00,1.3807482286462323,1.1369827967500117,1.9686139267719864,1.0,0.5220257497774291
2021-05-10 00:00:00,1.3807482286462323,1.1369827967500117,1.979099719124497,1.0,0.52480731266444
2021-05-10 01:00:00,1.3807482286462323,1.1369827967500117,2.000178627479949,1.0,0.5303989081499438
2021-05-10 02:00:00,1.3807482286462323,1.1369827967500117,1.9950746407120041,1.0,0.5283043101303737
2021-05-10 03:00:00,1.3807482286462323,1.1369827967500117,2.0052781990344264,1.0,0.5256014198429199
2021-05-10 04:00:00,1.3807482286462323,1.1369827967500117,2.017682911086091,1.0,0.5223154509031015
2021-05-10 05:00:00,1.3807482286462323,1.1369827967500117,2.011414666490058,1.0,0.5239758890466041
2021-05-10 06:00:00,1.3807482286462323,1.1369827967500117,2.0082068440903216,1.0,0.5248256310419108
2021-05-10 07:00:00,1.3807482286462323,1.1369827967500117,2.0009784603811007,1.0,0.5267404069959727
2021-05-10 08:00:00,1.3807482286462323,1.1369827967500117,1.984957348868092,1.0,0.5309843487008548
2021-05-10 09:00:00,1.3807482286462323,1.1369827967500117,1.9856114797248303,1.0,0.5308110715083761
2021-05-10 10:00:00,1.3807482286462323,1.1369827967500117,1.968824838122991,1.0,0.5352577997095442
2021-05-10 11:00:00,1.3807482286462323,1.1369827967500117,1.9683191263651076,1.0,0.5353917611527429
2021-05-10 12:00:00,1.3807482286462323,1.1369827967500117,1.9748916810585644,1.0,0.533650712228108
2021-05-10 13:00:00,1.3807482286462323,1.1369827967500117,1.9597278002217795,1.0,0.5376675762414969
2021-05-10 14:00:00,1.3807482286462323,1.1369827967500117,1.9605972576429893,1.0,0.5374372597239758
2021-05-10 15:00:00,1.3807482286462323,1.1369827967500117,1.9310964994149842,1.0,0.5452519171569395
2021-05-10 16:00:00,1.3807482286462323,1.1369827967500117,1.9813654028967196,1.0,0.5319358438138632
2021-05-10 17:00:00,1.3807482286462323,1.1369827967500117,1.957833334012597,1.0,0.5381694143410014
2021-05-10 18:00:00,1.3807482286462323,1.1369827967500117,1.9370271499966887,1.0,0.5436809065987557
2021-05-10 19:00:00,1.3807482286462323,1.1369827967500117,1.930011715429303,1.0,0.5455392729995029
2021-05-10 20:00:00,1.3807482286462323,1.1369827967500117,1.8954008570608603,1.0,0.5547075797772401
2021-05-10 21:00:00,1.3807482286462323,1.1369827967500117,1.8764786106681746,1.0,0.559720022924569
2021-05-10 22:00:00,1.3807482286462323,1.1369827967500117,1.8905308766066706,1.0,0.5559976221775264
2021-05-10 23:00:00,1.3807482286462323,1.1369827967500117,1.9105250009764414,1.0,0.5507012419484411
2021-05-11 00:00:00,1.3807482286462323,1.1369827967500117,1.896802857152561,1.0,0.5543361943927375
2021-05-11 01:00:00,1.3807482286462323,1.1369827967500117,1.8855810826782684,1.0,0.5573088069143819
2021-05-11 02:00:00,1.3797817048861798,1.1361869087922867,1.8887219976123886,1.0,0.5557371486561404
2021-05-11 03:00:00,1.3562818115644648,1.1168358251711639,1.8565646394044217,1.0,0.5652022427808742
2021-05-11 04:00:00,1.3690129990842663,1.1273193737949452,1.873986052850105,1.0,0.5600744795802128
2021-05-11 05:00:00,1.3739632580779781,1.1313956848837712,1.880760009204022,1.0,0.5580806548987197
2021-05-11 06:00:00,1.360278751691551,1.1201271219259623,1.8620340699947189,1.0,0.5635923880468172
2021-05-11 07:00:00,1.3819330633698845,1.1379584537668639,1.8916659260995157,1.0,0.5548706421462792
2021-05-11 08:00:00,1.3837863390733713,1.1394845412524623,1.8942019567886454,1.0,0.5541241949717137
2021-05-11 09:00:00,1.3740709749194555,1.1314843847590557,1.8809074094074614,1.0,0.558037269593542
2021-05-11 10:00:00,1.3876874757423692,1.1426969482564315,1.8995402895021507,1.0,0.5525529271680683
2021-05-11 11:00:00,1.3862548913898145,1.1415172807906655,1.897579934722767,1.0,0.5531299317337026
2021-05-11 12:00:00,1.3709725024563073,1.1289329348902715,1.8766674459518438,1.0,0.5592852468973154
2021-05-11 13:00:00,1.3746644103295316,1.131973051583492,1.881719469053599,1.0,0.5577982505505013
2021-05-11 14:00:00,1.3836279903524895,1.1393541483482421,1.8939852716969532,1.0,0.5541879733696476
2021-05-11 15:00:00,1.3819233837458806,1.1379504830407436,1.891652680459114,1.0,0.5548745408257768
2021-05-11 16:00:00,1.391078074294041,1.1454889505519665,1.904179999592442,1.0,0.5511872897163822
2021-05-11 17:00:00,1.3898229497148884,1.1444554130650682,1.9024624815537476,1.0,0.5516928184912285
2021-05-11 18:00:00,1.3992486697351534,1.1522170609076519,1.91536067861831,1.0,0.5478964043559031
2021-05-11 19:00:00,1.399074436503086,1.1520735878374913,1.9151222570910877,1.0,0.5479665805868587
2021-05-11 20:00:00,1.4052373786476262,1.157148487844843,1.923555654445016,1.0,0.5454843213406237
2021-05-11 21:00:00,1.409885087342349,1.1609756626480194,1.929915599628443,1.0,0.5436123553849637
2021-05-11 22:00:00,1.4028259112932564,1.1551627551529888,1.9202557918260812,1.0,0.5464555923662135
2021-05-11 23:00:00,1.3999972273247767,1.1528334637276019,1.9163850081426725,1.0,0.5475949064747608
2021-05-12 00:00:00,1.4066170973613912,1.158284622883338,1.9254436676499007,1.0,0.5449286095630144
2021-05-12 01:00:00,1.4233578829781297,1.1720698915191514,1.9483518329079443,1.0,0.538185893355107
2021-05-12 02:00:00,1.4146248094756106,1.164878606294869,1.937758377273198,1.0,0.5405259123220172
2021-05-12 03:00:00,1.4146248094756106,1.164878606294869,1.9421416653505934,1.0,0.5417490185146047
2021-05-12 04:00:00,1.4146248094756106,1.164878606294869,1.9629053953908566,1.0,0.5475428988950504
2021-05-12 05:00:00,1.4146248094756106,1.164878606294869,1.9490436628950554,1.0,0.5436749416546763
2021-05-12 06:00:00,1.4146248094756106,1.164878606294869,1.9446804130941646,1.0,0.5424574269129924
2021-05-12 07:00:00,1.4146248094756106,1.164878606294869,1.9379183438534284,1.0,0.5405705491588921
2021-05-12 08:00:00,1.4146248094756106,1.164878606294869,1.941202243777521,1.0,0.5414868837146127
2021-05-12 09:00:00,1.4146248094756106,1.164878606294869,1.935164269545386,1.0,0.5398020563558787
2021-05-12 10:00:00,1.4146248094756106,1.164878606294869,1.9316979873419227,1.0,0.5388348301198994
2021-05-12 11:00:00,1.4146248094756106,1.164878606294869,1.9051941401626498,1.0,0.5314392359814403
2021-05-12 12:00:00,1.4146248094756106,1.164878606294869,1.9172707678905299,1.0,0.5348090802396169
2021-05-12 13:00:00,1.4146248094756106,1.164878606294869,1.9134797976813338,1.0,0.5337512535449275
2021-05-12 14:00:00,1.4146248094756106,1.164878606294869,1.9280010951427557,1.0,0.5378032548133509
2021-05-12 15:00:00,1.4146248094756106,1.164878606294869,1.9050436832729638,1.0,0.5313972527144857
2021-05-12 16:00:00,1.4146248094756106,1.164878606294869,1.8856371219261199,1.0,0.5259820746698203
2021-05-12 17:00:00,1.4146248094756106,1.164878606294869,1.8696513321208479,1.0,0.521521423633658
2021-05-12 18:00:00,1.4146248094756106,1.164878606294869,1.8646981418743938,1.0,0.5201392927865561
2021-05-12 19:00:00,1.4146248094756106,1.164878606294869,1.8381042922667536,1.0,0.5127185845042077
2021-05-12 20:00:00,1.4146248094756106,1.164878606294869,1.8492394606307303,1.0,0.5158257253402665
2021-05-12 21:00:00,1.4146248094756106,1.164878606294869,1.8489174896794385,1.0,0.5157358830443907
2021-05-12 22:00:00,1.4146248094756106,1.164878606294869,1.8523990553141338,1.0,0.5167073739463134
2021-05-12 23:00:00,1.4146248094756106,1.164878606294869,1.797455459666176,1.0,0.5013759946498888
2021-05-13 00:00:00,1.4146248094756106,1.164878606294869,1.683763373257052,1.0,0.4696515237778239
2021-05-13 01:00:00,1.4146248094756106,1.164878606294869,1.68605113309661,1.0,0.4702898968843844
2021-05-13 02:00:00,1.4136345721089778,1.1640631912704626,1.7151667488575635,1.0,0.47774446462763687
2021-05-13 03:00:00,1.4072465339351639,1.1588029350138025,1.7074183888546426,1.0,0.47990333222862985
2021-05-13 04:00:00,1.4123933091465637,1.1630410681887684,1.7136611610652892,1.0,0.47816395529456074
2021-05-13 05:00:00,1.4117593774193122,1.1625190545057196,1.712892234658407,1.0,0.47837819550884353
2021-05-13 06:00:00,1.4240216442618578,1.172616468472929,1.7277657303017797,1.0,0.47423410465014776
2021-05-13 07:00:00,1.435997745810565,1.1824782384542396,1.7422921222402794,1.0,0.47018672470090284
2021-05-13 08:00:00,1.424050204790206,1.1726399867572361,1.7278003727459061,1.0,0.4742244524850166
2021-05-13 09:00:00,1.4012726234223942,1.1538836938795933,1.7001723442915535,1.0,0.4819222434352217
2021-05-13 10:00:00,1.3793904986198435,1.1358647683863987,1.6736304583501027,1.0,0.4893174106198453
2021-05-13 11:00:00,1.3773629811123222,1.134195200772018,1.6711711844489388,1.0,0.4900026197150847
2021-05-13 12:00:00,1.3938082453371161,1.1477371211045406,1.6911184396295975,1.0,0.4844448651809599
2021-05-13 13:00:00,1.4043120796500068,1.156386546586968,1.7038590475365656,1.0,0.48089504488131707
2021-05-13 14:00:00,1.4136205718499837,1.164051662699724,1.7151497672673055,1.0,0.47774919608113253
2021-05-13 15:00:00,1.4085561181614692,1.1598813175207017,1.7090068468073762,1.0,0.4794607520686472
2021-05-13 16:00:00,1.3900463757454098,1.1446393941470483,1.6865554863272725,1.0,0.4857162067352398
2021-05-13 17:00:00,1.362226741103474,1.1217312018035652,1.6528117079574034,1.0,0.4951179833473666
2021-05-13 18:00:00,1.3563331920773305,1.1168781346653962,1.6456631377223951,1.0,0.4971097360108934
2021-05-13 19:00:00,1.340344896306103,1.1037125068817852,1.6262701616477577,1.0,0.5025130559029204
2021-05-13 20:00:00,1.3608157950020516,1.1205693524445175,1.651100303291202,1.0,0.49559481923065773
2021-05-13 21:00:00,1.380841485461989,1.1370595894577589,1.675390430364442,1.0,0.48882704277955663
2021-05-13 22:00:00,1.3879947777924189,1.1429499973909973,1.6840670040908652,1.0,0.4864095539304916
2021-05-13 23:00:00,1.3681289702901938,1.1265914166555921,1.6599708067783716,1.0,0.49312329718267245
2021-05-14 00:00:00,1.3908110698916658,1.145269084680797,1.6874830207871645,1.0,0.4854577747453077
2021-05-14 01:00:00,1.4007868144353002,1.1534836524749599,1.6995830831096008,1.0,0.4820864248715206
2021-05-14 02:00:00,1.4000078725334713,1.1520352400077012,1.6998286369047315,1.0,0.4813491637094586
2021-05-14 03:00:00,1.4000078725334713,1.1650826557683394,1.6805827214017284,1.0,0.4758976267713084
2021-05-14 04:00:00,1.4000078725334713,1.1719771766982727,1.6704127866280167,1.0,0.47301692332704687
2021-05-14 05:00:00,1.4000078725334713,1.1710750683292013,1.6717434640406335,1.0,0.47339384678732654
2021-05-14 06:00:00,1.4000078725334713,1.1607696659854272,1.686944704375986,1.0,0.47769970187543304
2021-05-14 07:00:00,1.4000078725334713,1.1742485649220837,1.667062318870113,1.0,0.47206788046444864
2021-05-14 08:00:00,1.4000078725334713,1.1525887541780042,1.699012162045127,1.0,0.4811178916322477
2021-05-14 09:00:00,1.4000078725334713,1.1439650770837708,1.7117327316755904,1.0,0.48472107981022566
2021-05-14 10:00:00,1.4000078725334713,1.1431069459220735,1.712998539413422,1.0,0.4850796284923244
2021-05-14 11:00:00,1.4000078725334713,1.1361431205972725,1.7232707033604868,1.0,0.48798928904775085
2021-05-14 12:00:00,1.4000078725334713,1.1405408413347067,1.7167837358819302,1.0,0.48615181122964385
2021-05-14 13:00:00,1.4000078725334713,1.1455830238702602,1.709346138980731,1.0,0.4840450611386111
2021-05-14 14:00:00,1.4000078725334713,1.1315496897746644,1.7300463578734293,1.0,0.489908539438915
2021-05-14 15:00:00,1.4000078725334713,1.1324575543227118,1.7287071896656834,1.0,0.4895292109029571
2021-05-14 16:00:00,1.4000078725334713,1.125068232248027,1.7396069931886842,1.0,0.4926166546525125
2021-05-14 17:00:00,1.4000078725334713,1.133817394043931,1.7267013242244083,1.0,0.4889610358247508
2021-05-14 18:00:00,1.4000078725334713,1.1393110912583382,1.71859770935329,1.0,0.48666563159752396
2021-05-14 19:00:00,1.4000078725334713,1.1417058919593883,1.7150651989478207,1.0,0.4856650239123862
2021-05-14 20:00:00,1.4000078725334713,1.1492589197641419,1.7039239172113512,1.0,0.4825091798105442
2021-05-14 21:00:00,1.4000078725334713,1.172258308479446,1.669998096193916,1.0,0.47289945943092593
2021-05-14 22:00:00,1.4000078725334713,1.157672841696501,1.6915127521553883,1.0,0.478993632590278
2021-05-14 23:00:00,1.4000078725334713,1.1552534045494351,1.69508160316401,1.0,0.48000453399931825
2021-05-15 00:00:00,1.4000078725334713,1.1565598269297597,1.693154532301532,1.0,0.47945867802340525
2021-05-15 01:00:00,1.4000078725334713,1.1654344734273339,1.680063764003444,1.0,0.47575062854585987
2021-05-15 02:00:00,1.4000078725334713,1.1378387614555359,1.719565320366191,1.0,0.4862580011615451
2021-05-15 03:00:00,1.4000078725334713,1.1378387614555359,1.70170374410102,1.0,0.4812056303079015
2021-05-15 04:00:00,1.4000078725334713,1.1378387614555359,1.68650725861094,1.0,0.4769071138036435
2021-05-15 05:00:00,1.4000078725334713,1.1378387614555359,1.6754508848257603,1.0,0.4737796798174193
2021-05-15 06:00:00,1.4000078725334713,1.1378387614555359,1.6871410115593684,1.0,0.47708637877318005
2021-05-15 07:00:00,1.4000078725334713,1.1378387614555359,1.663416031809915,1.0,0.47037547070941865
2021-05-15 08:00:00,1.4000078725334713,1.1378387614555359,1.6468542264630914,1.0,0.46569075636082136
2021-05-15 09:00:00,1.4000078725334713,1.1378387614555359,1.6588503614531487,1.0,0.4690840135896542
2021-05-15 10:00:00,1.4000078725334713,1.1378387614555359,1.6531673024574058,1.0,0.46747648907987077
2021-05-15 11:00:00,1.4000078725334713,1.1378387614555359,1.643413416645015,1.0,0.464717480151617
2021-05-15 12:00:00,1.4000078725334713,1.1378387614555359,1.662117279786983,1.0,0.4700081024117188
2021-05-15 13:00:00,1.4000078725334713,1.1378387614555359,1.6704841093071003,1.0,0.47237476507224074
2021-05-15 14:00:00,1.4000078725334713,1.1378387614555359,1.6651597014976063,1.0,0.470868689548433
2021-05-15 15:00:00,1.4000078725334713,1.1378387614555359,1.677219687267034,1.0,0.4742800077709812
2021-05-15 16:00:00,1.4000078725334713,1.1378387614555359,1.664174089999032,1.0,0.4705898969752309
2021-05-15 17:00:00,1.4000078725334713,1.1378387614555359,1.6269300662451838,1.0,0.460054957768702
2021-05-15 18:00:00,1.4000078725334713,1.1378387614555359,1.624362789429979,1.0,0.45932877132458233
2021-05-15 19:00:00,1.4000078725334713,1.1378387614555359,1.6274429102709753,1.0,0.46020002213311795
2021-05-15 20:00:00,1.4000078725334713,1.1378387614555359,1.6348771108541231,1.0,0.4623028790024569
2021-05-15 21:00:00,1.4000078725334713,1.1378387614555359,1.6388749168326617,1.0,0.46343370856109317
2021-05-15 22:00:00,1.4000078725334713,1.1378387614555359,1.645820047616379,1.0,0.4653982259041016
2021-05-15 23:00:00,1.4000078725334713,1.1378387614555359,1.6301789840933443,1.0,0.4609739549276446
2021-05-16 00:00:00,1.4000078725334713,1.1378387614555359,1.5885941262377457,1.0,0.4492111563558171
2021-05-16 01:00:00,1.4000078725334713,1.1378387614555359,1.6062723013281301,1.0,0.45421164988708673
2021-05-16 02:00:00,1.3990278670226979,1.137042274322517,1.6325679542108402,1.0,0.4610033834409373
2021-05-16 03:00:00,1.4013295112821775,1.1389129066988752,1.6352530832624352,1.0,0.46024495266474724
2021-05-16 04:00:00,1.4088897692855205,1.145057411148869,1.644072981610636,1.0,0.45775371957255395
2021-05-16 05:00:00,1.4007929655738267,1.1384768359336808,1.6346271418455252,1.0,0.4604217535653946
2021-05-16 06:00:00,1.4026794637779034,1.1400100635834154,1.6368279559429624,1.0,0.4598001204475459
2021-05-16 07:00:00,1.4281585434573119,1.1607178646138356,1.6665521918987625,1.0,0.4514043320461573
2021-05-16 08:00:00,1.4371837488314747,1.1680529865844258,1.6770811174905285,1.0,0.44843037397726426
2021-05-16 09:00:00,1.4231034269734255,1.1566093823746395,1.660654825233964,1.0,0.4530700785675037
2021-05-16 10:00:00,1.4337190551390806,1.1652371004332696,1.673039159377319,1.0,0.449572049245091
2021-05-16 11:00:00,1.4427669683619961,1.1725906779218656,1.6835945762498874,1.0,0.44659060855533494
2021-05-16 12:00:00,1.4268199448859626,1.1596299354882988,1.6649905648586367,1.0,0.45184542295292707
2021-05-16 13:00:00,1.4155813065109368,1.150495873730528,1.6518794186522392,1.0,0.45554874469388856
2021-05-16 14:00:00,1.4246795845778808,1.1578903846116244,1.6624935918271002,1.0,0.4525507079347826
2021-05-16 15:00:00,1.406289429477062,1.1429440177279693,1.6410393903269467,1.0,0.45861057559240337
2021-05-16 16:00:00,1.3909625049477388,1.130487252901491,1.6231587946806867,1.0,0.4636610568818138
2021-05-16 17:00:00,1.376845792306432,1.119014072541054,1.606690048448477,1.0,0.4683127528516413
2021-05-16 18:00:00,1.3704902147920504,1.1138486569822028,1.5992755465100286,1.0,0.4704070233139491
2021-05-16 19:00:00,1.320742267321249,1.073416639387403,1.541238924012478,1.0,0.48679981479714357
2021-05-16 20:00:00,1.3257604107693457,1.077495072257538,1.5470931574380216,1.0,0.4851462515174587
2021-05-16 21:00:00,1.2833572878650024,1.0430324683008796,1.4976251057528533,1.0,0.4991187988756216
2021-05-16 22:00:00,1.3152009699730405,1.0689130197755128,1.5347743722330622,1.0,0.4886257661497873
2021-05-16 23:00:00,1.3259033537659817,1.077611247377294,1.5472599166543548,1.0,0.48509914937843657
2021-05-17 00:00:00,1.3506982867201467,1.0977630167754806,1.5761860178680291,1.0,0.47692879891330475
2021-05-17 01:00:00,1.3258640517200635,1.0775793051345914,1.5472140663606584,1.0,0.4851121000683917
2021-05-17 02:00:00,1.3050168892197,1.0606360364397156,1.525027958320385,1.0,0.49073327948939
2021-05-17 03:00:00,1.2941739085869879,1.0518235405276137,1.5123600316197212,1.0,0.4948106301269839
2021-05-17 04:00:00,1.2488531042587263,1.0149896277498804,1.459411433195273,1.0,0.5118528823160746
2021-05-17 05:00:00,1.2675875445084683,1.0302158080511057,1.4812990048788108,1.0,0.5048080590811423
2021-05-17 06:00:00,1.2856617952352505,1.0449054276344463,1.5024152727328302,1.0,0.4980114908476303
2021-05-17 07:00:00,1.2892537378797664,1.047824733768389,1.5066117633173877,1.0,0.4966607912450106
2021-05-17 08:00:00,1.3123641503396004,1.0666074303559723,1.5336118125639993,1.0,0.487970445096657
2021-05-17 09:00:00,1.3175875256582035,1.0708526628434023,1.5397143168391147,1.0,0.4860062681413422
2021-05-17 10:00:00,1.3205867221832495,1.073290222036012,1.5432182981729505,1.0,0.4848784623951276
2021-05-17 11:00:00,1.2962166878815016,1.0534837836648114,1.5147466243145806,1.0,0.4940424716527521
2021-05-17 12:00:00,1.3305107864434047,1.0813558802425949,1.5548126487375038,1.0,0.4811466573583657
2021-05-17 13:00:00,1.306701811489659,1.062005435788399,1.5269964642630924,1.0,0.49009968812513105
2021-05-17 14:00:00,1.3093065222451512,1.064122381641436,1.5300395652373262,1.0,0.48912022321419935
2021-05-17 15:00:00,1.2923945074112773,1.0503773546385022,1.5102811453403366,1.0,0.49547974895732017
2021-05-17 16:00:00,1.2607757607559358,1.0246796166193683,1.473340752420301,1.0,0.5073695347276771
2021-05-17 17:00:00,1.2383578059991802,1.0064597063065546,1.4471497061335807,1.0,0.515799491878504
2021-05-17 18:00:00,1.2386883368171482,1.0067283410649142,1.4475358674960475,1.0,0.5156752004048736
2021-05-17 19:00:00,1.264667128855603,1.0278422770198992,1.4778870637641732,1.0,0.5059062403864124
2021-05-17 20:00:00,1.2853649861190277,1.0446641997643624,1.5020685086597618,1.0,0.4981231017487532
2021-05-17 21:00:00,1.3014412260174062,1.0577299612173543,1.5208504871169166,1.0,0.4920778574363163
2021-05-17 22:00:00,1.2658758774405736,1.0288246722048242,1.4792992528100286,1.0,0.5054517074511832
2021-05-17 23:00:00,1.247421676160507,1.0138262525958228,1.457739086186665,1.0,0.5123911507559662
2021-05-18 00:00:00,1.2655424395793515,1.028553674783682,1.4789096951295102,1.0,0.505577092077616
2021-05-18 01:00:00,1.2904435906835867,1.0487917716452284,1.5080018762959078,1.0,0.4962133638029968
2021-05-18 02:00:00,1.3097515261763146,1.064484052980442,1.5316320987717216,1.0,0.4879206183154401
2021-05-18 03:00:00,1.3097515261763146,1.064484052980442,1.5297053675410488,1.0,0.4885345520830905
2021-05-18 04:00:00,1.3097515261763146,1.064484052980442,1.5215215995639129,1.0,0.49114222845631544
2021-05-18 05:00:00,1.3097515261763146,1.064484052980442,1.5393084568319486,1.0,0.4854746230719295
2021-05-18 06:00:00,1.3097515261763146,1.064484052980442,1.5404598086514412,1.0,0.4851077562514932
2021-05-18 07:00:00,1.3097515261763146,1.064484052980442,1.525522122596893,1.0,0.4898675015306756
2021-05-18 08:00:00,1.3097515261763146,1.064484052980442,1.533617246672882,1.0,0.48728807065601526
2021-05-18 09:00:00,1.3097515261763146,1.064484052980442,1.5259381715582139,1.0,0.4897349316619339
2021-05-18 10:00:00,1.3097515261763146,1.064484052980442,1.5270032568991958,1.0,0.4893955527979551
2021-05-18 11:00:00,1.3097515261763146,1.064484052980442,1.5409661996729345,1.0,0.4849463997826819
2021-05-18 12:00:00,1.3097515261763146,1.064484052980442,1.5400739869207793,1.0,0.4852306945134447
2021-05-18 13:00:00,1.3097515261763146,1.064484052980442,1.4932003825952285,1.0,0.5001665029172419
2021-05-18 14:00:00,1.3097515261763146,1.064484052980442,1.484100288007771,1.0,0.5030661576626017
2021-05-18 15:00:00,1.3097515261763146,1.064484052980442,1.4688722167598107,1.0,0.5079184312991507
2021-05-18 16:00:00,1.3097515261763146,1.064484052980442,1.459716762188112,1.0,0.5108357259535757
2021-05-18 17:00:00,1.3097515261763146,1.064484052980442,1.4811156037040243,1.0,0.5040171976679096
2021-05-18 18:00:00,1.3097515261763146,1.064484052980442,1.4720392833429279,1.0,0.5069092769921985
2021-05-18 19:00:00,1.3097515261763146,1.064484052980442,1.4536037293270367,1.0,0.5127835831515204
2021-05-18 20:00:00,1.3097515261763146,1.064484052980442,1.469333436751218,1.0,0.5077714681303742
2021-05-18 21:00:00,1.3097515261763146,1.064484052980442,1.4691704134847412,1.0,0.5078234138748607
2021-05-18 22:00:00,1.3097515261763146,1.064484052980442,1.4602068508829578,1.0,0.510679564059213
2021-05-18 23:00:00,1.3097515261763146,1.064484052980442,1.454366542361426,1.0,0.5125405203554437
2021-05-19 00:00:00,1.3097515261763146,1.064484052980442,1.4557274470047021,1.0,0.5121068816092821
2021-05-19 01:00:00,1.3097515261763146,1.064484052980442,1.4473154464544986,1.0,0.5147872820247882
2021-05-19 02:00:00,1.3097515261763146,1.0637389141433558,1.3875704759769933,1.0,0.5331413120378946
2021-05-19 03:00:00,1.3097515261763146,1.0495903251637217,1.3691182800026491,1.0,0.5402325232287174
2021-05-19 04:00:00,1.3097515261763146,1.0575484832831519,1.3794970883365345,1.0,0.5362439290306619
2021-05-19 05:00:00,1.3097515261763146,1.023795517745689,1.3354774100697435,1.0,0.5531607683909147
2021-05-19 06:00:00,1.3097515261763146,1.0219298727714556,1.333044287817577,1.0,0.5540958215286111
2021-05-19 07:00:00,1.3097515261763146,1.0258908526790615,1.338210087574061,1.0,0.5521105956458132
2021-05-19 08:00:00,1.3097515261763146,1.0505661168608815,1.3703908803765836,1.0,0.539743460678892
2021-05-19 09:00:00,1.3097515261763146,1.0537224006531356,1.3745072178551234,1.0,0.5381615449853014
2021-05-19 10:00:00,1.3097515261763146,1.0502994473391598,1.3700430974081,1.0,0.5398771142820468
2021-05-19 11:00:00,1.3097515261763146,1.0269794060001523,1.3396297485196298,1.0,0.5515650174610601
2021-05-19 12:00:00,1.3097515261763146,1.0073456020439302,1.3140238878332,1.0,0.561405394514432
2021-05-19 13:00:00,1.3097515261763146,0.9122956260730367,1.1900623545314524,1.0,0.609044028604548
2021-05-19 14:00:00,1.3097515261763146,0.9276499571284245,1.2100870457636876,1.0,0.6013485047353982
2021-05-19 15:00:00,1.3097515261763146,0.9742205078120058,1.2708230618486498,1.0,0.5780075475102254
2021-05-19 16:00:00,1.3097515261763146,0.9707457310265234,1.2662913546723997,1.0,0.5797490905052401
2021-05-19 17:00:00,1.3097515261763146,1.031446641327902,1.345455792505345,1.0,0.5493260585660229
2021-05-19 18:00:00,1.3097515261763146,1.0245926616968515,1.3365170230253383,1.0,0.5527612433135152
2021-05-19 19:00:00,1.3097515261763146,0.9893946286046675,1.2906127278717143,1.0,0.5704023442400826
2021-05-19 20:00:00,1.3097515261763146,1.0236874436719443,1.335336462870602,1.0,0.5532149346460995
2021-05-19 21:00:00,1.3097515261763146,0.9947168210025468,1.2975537830737698,1.0,0.5677348845841496
2021-05-19 22:00:00,1.3097515261763146,1.0092380702220087,1.316491992161298,1.0,0.5604568977037618
2021-05-19 23:00:00,1.3097515261763146,1.016812630484509,1.3263705228461826,1.0,0.5566605610813383
2021-05-20 00:00:00,1.3097515261763146,0.954711444774636,1.2453798847968918,1.0,0.5877854049582154
2021-05-20 01:00:00,1.3097515261763146,0.9316148433278526,1.215257939997249,1.0,0.5993613210361478
2021-05-20 02:00:00,1.3088347001079912,0.9608017059357015,1.255079429520457,1.0,0.5833114301678636
2021-05-20 03:00:00,1.347093184641799,0.9888868546588858,1.2917613626367654,1.0,0.5662606816450522
2021-05-20 04:00:00,1.3572404236395812,0.9963358354498153,1.3014904553273796,1.0,0.5617383378444462
2021-05-20 05:00:00,1.3955750673713412,1.0244768918344551,1.3382454092817977,1.0,0.5446536472732814
2021-05-20 06:00:00,1.4135780390806296,1.0376926828955948,1.3555065165154456,1.0,0.5366302206525245
2021-05-20 07:00:00,1.4049100596672481,1.0313296109150725,1.3471957262431797,1.0,0.5404932993651137
2021-05-20 08:00:00,1.414118238042845,1.0380892372384758,1.3560244550183147,1.0,0.5363894689142042
2021-05-20 09:00:00,1.4100024532940065,1.035067883199175,1.3520782730741605,1.0,0.5382237603552166
2021-05-20 10:00:00,1.4145036390073633,1.0383721560090033,1.3563939744223288,1.0,0.536217706362537
2021-05-20 11:00:00,1.4302058944808564,1.0498990156229224,1.3714491730814624,1.0,0.5292196453420361
2021-05-20 12:00:00,1.4322349172058197,1.0513884997383467,1.373394584061419,1.0,0.5283153660259058
2021-05-20 13:00:00,1.4754348938857935,1.0831011455652617,1.41481438085971,1.0,0.5090623311099346
2021-05-20 14:00:00,1.4764936838517353,1.0838783920773083,1.4158295403253334,1.0,0.5085904577028267
2021-05-20 15:00:00,1.467246894533921,1.0770904218697253,1.406963791683436,1.0,0.5127114959829014
2021-05-20 16:00:00,1.4672128885664637,1.0770654584487964,1.4069311870301406,1.0,0.5127266515021661
2021-05-20 17:00:00,1.3905297861786645,1.0207732042897644,1.3334080334809035,1.0,0.5469021895741971
2021-05-20 18:00:00,1.4074282724032403,1.0331782042419844,1.3496101687460624,1.0,0.5393710015895602
2021-05-20 19:00:00,1.407979098230286,1.0335825596539057,1.3501382962030863,1.0,0.5391255137514696
2021-05-20 20:00:00,1.4191631650066936,1.0417926647475317,1.3608614911874035,1.0,0.5341410844832809
2021-05-20 21:00:00,1.4155578239985451,1.039146022057799,1.3574047186744849,1.0,0.5357478852653296
2021-05-20 22:00:00,1.4391239594465814,1.056445672761526,1.379999743408171,1.0,0.5252451104148542
2021-05-20 23:00:00,1.4670077900752356,1.076914897816319,1.4067345402149531,1.0,0.5128180582277317
2021-05-21 00:00:00,1.433709926044288,1.0524712881211375,1.3748088108981054,1.0,0.527657995377797
2021-05-21 01:00:00,1.4766959485123419,1.0840268724247084,1.4160234700860796,1.0,0.5085003139371999
2021-05-21 02:00:00,1.4637241267516707,1.0752570752641883,1.4055536404284115,1.0,0.5125503704616515
2021-05-21 03:00:00,1.4700507605758577,1.0752570752641883,1.3994796652249297,1.0,0.5103349813380477
2021-05-21 04:00:00,1.4906905013406966,1.0752570752641883,1.379664187184673,1.0,0.5031075902047694
2021-05-21 05:00:00,1.5161081171015915,1.0752570752641883,1.3552616419839252,1.0,0.49420713680894385
2021-05-21 06:00:00,1.5196142269110033,1.0752570752641883,1.3518955511629842,1.0,0.4929794069048934
2021-05-21 07:00:00,1.4943911788420845,1.0752570752641883,1.3761112988708941,1.0,0.5018117287855107
2021-05-21 08:00:00,1.5197720036212239,1.0752570752641883,1.3517440753778829,1.0,0.49292415843983367
2021-05-21 09:00:00,1.5135744919926208,1.0752570752641883,1.3576940849724815,1.0,0.49509433301243594
2021-05-21 10:00:00,1.483958105438879,1.0752570752641883,1.3861277200686735,1.0,0.5054650645064527
2021-05-21 11:00:00,1.4882424860161954,1.0752570752641883,1.3820144392763807,1.0,0.5039648085415698
2021-05-21 12:00:00,1.47486401151591,1.0752570752641883,1.3948586348839223,1.0,0.5086495315272807
2021-05-21 13:00:00,1.4957474925348786,1.0752570752641883,1.3748091505299107,1.0,0.501336790186769
2021-05-21 14:00:00,1.4747150787916878,1.0752570752641883,1.3950016198738948,1.0,0.5087016831052855
2021-05-21 15:00:00,1.5909837788845247,1.0752570752641883,1.2833761929991696,1.0,0.4679880238736586
2021-05-21 16:00:00,1.6259833228360894,1.0752570752641883,1.2497743807238573,1.0,0.45573227916705605
2021-05-21 17:00:00,1.6189958663780628,1.0752570752641883,1.2564827881393783,1.0,0.4581790676914033
2021-05-21 18:00:00,1.607746316187437,1.0752570752641883,1.267283079543467,1.0,0.4621183080252551
2021-05-21 19:00:00,1.614542388788447,1.0752570752641883,1.2607584129345377,1.0,0.4597385361367763
2021-05-21 20:00:00,1.6534145373292184,1.0752570752641883,1.2234386512881386,1.0,0.44612672652656754
2021-05-21 21:00:00,1.683550242740817,1.0752570752641883,1.1945064367019713,1.0,0.43557414582468595
2021-05-21 22:00:00,1.6363226499877062,1.0752570752641883,1.2398479619544454,1.0,0.45211177044889617
2021-05-21 23:00:00,1.6334536609296568,1.0752570752641883,1.242602375894293,1.0,0.45311640060951053
2021-05-22 00:00:00,1.612134348280661,1.0752570752641883,1.263070286632262,1.0,0.4605817565440885
2021-05-22 01:00:00,1.5982252346204402,1.0752570752641883,1.276423929947544,1.0,0.46545229275309435
2021-05-22 02:00:00,1.5967543513383602,1.0745043953115034,1.2758686319461072,1.0,0.46459838350352634
2021-05-22 03:00:00,1.5871242217635853,1.0680239892635464,1.268174952663817,1.0,0.4674004066385313
2021-05-22 04:00:00,1.5690513087448945,1.0558621783635862,1.253736185731049,1.0,0.4726589776683492
2021-05-22 05:00:00,1.5418941137819415,1.037587278829061,1.2320398267538162,1.0,0.48056074970341683
2021-05-22 06:00:00,1.5443912391570453,1.0392676701735055,1.2340348239773262,1.0,0.4798341755677607
2021-05-22 07:00:00,1.545963739457098,1.0403258532826474,1.235291122024613,1.0,0.47937663424535826
2021-05-22 08:00:00,1.5403007828480142,1.0365150781550776,1.2307668867480763,1.0,0.48102435199494553
2021-05-22 09:00:00,1.5625274943073146,1.0514721059134935,1.2485241960490632,1.0,0.47455717424406924
2021-05-22 10:00:00,1.5783876838705382,1.0621449081400058,1.2611951794359735,1.0,0.469942426567348
2021-05-22 11:00:00,1.6284585760956802,1.0958391289999576,1.3011976927113318,1.0,0.45537358849348786
2021-05-22 12:00:00,1.620183713067693,1.0902707228849402,1.2945867596238918,1.0,0.45778127755554904
2021-05-22 13:00:00,1.620320174975321,1.0903625522382883,1.2946957814333482,1.0,0.4577415720231102
2021-05-22 14:00:00,1.6263113203466761,1.0943941755302964,1.2994822124634684,1.0,0.4559983630864738
2021-05-22 15:00:00,1.6058802945503718,1.080645519075751,1.2831595079074776,1.0,0.4619430605600242
2021-05-22 16:00:00,1.6203112475608035,1.0903565447104993,1.29468864916544,1.0,0.45774416958130715
2021-05-22 17:00:00,1.6202232487605572,1.0902973276508636,1.2946183453817717,1.0,0.45776977408353403
2021-05-22 18:00:00,1.6124870064084733,1.085091375712457,1.2884377257914694,1.0,0.460020743801047
2021-05-22 19:00:00,1.5985891475792435,1.0757390853085451,1.277334482817178,1.0,0.464064523447433
2021-05-22 20:00:00,1.5835107444587875,1.065592370872709,1.2652880823199568,1.0,0.46845179924205144
2021-05-22 21:00:00,1.6139842613575908,1.0860989239445191,1.289633909009243,1.0,0.45958509618344723
2021-05-22 22:00:00,1.6200570288045364,1.090185473204885,1.294485549345954,1.0,0.457818138143296
2021-05-22 23:00:00,1.597294247359195,1.0748677077063697,1.2762999643386606,1.0,0.4644412930792356
2021-05-23 00:00:00,1.5903419170247637,1.070189273922399,1.2707456257970735,1.0,0.46646417244840843
2021-05-23 01:00:00,1.6214705361031778,1.09113666510483,1.295614825098111,1.0,0.4574068580954484
2021-05-23 02:00:00,1.6088281197672194,1.081871359562911,1.2864155580235466,1.0,0.46010677754176943
2021-05-23 03:00:00,1.6088281197672194,1.0688931946987088,1.2709860851151267,1.0,0.46562623377036055
2021-05-23 04:00:00,1.6088281197672194,1.0674639682224685,1.2692869071939112,1.0,0.4662340664692741
2021-05-23 05:00:00,1.6088281197672194,1.0612731293324809,1.261926746344288,1.0,0.468866955219655
2021-05-23 06:00:00,1.6088281197672194,1.0522469770751766,1.251195739828452,1.0,0.47270566838273154
2021-05-23 07:00:00,1.6088281197672194,1.0453645216952874,1.2430133303785367,1.0,0.47563269324425955
2021-05-23 08:00:00,1.6088281197672194,1.0249271258654418,1.2187157314055834,1.0,0.4843244700008002
2021-05-23 09:00:00,1.6088281197672194,0.9805316891741311,1.165934911092884,1.0,0.5032053111775655
2021-05-23 10:00:00,1.6088281197672194,0.9760066147420606,1.1605551432991492,1.0,0.5051297704921348
2021-05-23 11:00:00,1.6088281197672194,0.9987816800212521,1.1876319493337273,1.0,0.4954438112500435
2021-05-23 12:00:00,1.6088281197672194,1.0096081491390936,1.200503315485682,1.0,0.4908394451450216
2021-05-23 13:00:00,1.6088281197672194,0.9687345001749655,1.1519094760669957,1.0,0.5082225126835286
2021-05-23 14:00:00,1.6088281197672194,0.9598703250138091,1.1413710407846853,1.0,0.5119923389506859
2021-05-23 15:00:00,1.6088281197672194,0.9670961604105763,1.149961687664403,1.0,0.5089192787295547
2021-05-23 16:00:00,1.6088281197672194,0.9507361880257396,1.1305116534464987,1.0,0.5158769767110418
2021-05-23 17:00:00,1.6088281197672194,0.920021102622497,1.093995121019303,1.0,0.5289397302832556
2021-05-23 18:00:00,1.6088281197672194,0.9336554604141277,1.1102047281841756,1.0,0.5231412031553231
2021-05-23 19:00:00,1.6088281197672194,0.9285413264189936,1.1041246396082007,1.0,0.5253161823629885
2021-05-23 20:00:00,1.6088281197672194,0.942932720021545,1.1212342710567473,1.0,0.5191956970795253
2021-05-23 21:00:00,1.6088281197672194,0.9589110320881216,1.140230557182958,1.0,0.512400314605883
2021-05-23 22:00:00,1.6088281197672194,0.9700080343806581,1.1534235546543992,1.0,0.5076808940203751
2021-05-23 23:00:00,1.6088281197672194,0.9652361377068382,1.147750344981006,1.0,0.5097103238430118
2021-05-24 00:00:00,1.6088281197672194,0.989288736626195,1.1763459844482596,1.0,0.49948104502675683
2021-05-24 01:00:00,1.6088281197672194,1.0037886863072938,1.193584675982767,1.0,0.49331439215872686
2021-05-24 02:00:00,1.6088281197672194,0.9997859233197538,1.1904923283967852,1.0,0.4937764254813459
2021-05-24 03:00:00,1.6088281197672194,1.0049570775217498,1.196649173760726,1.0,0.4912224847047084
2021-05-24 04:00:00,1.6088281197672194,1.0040134445727096,1.1955256717492566,1.0,0.4916885281782917
2021-05-24 05:00:00,1.6088281197672194,0.9939150316256183,1.1835023662147865,1.0,0.49667595411792903
2021-05-24 06:00:00,1.6088281197672194,1.0058436589019244,1.1977047494111634,1.0,0.4907846179828533
2021-05-24 07:00:00,1.6088281197672194,1.028109459941025,1.2242147099629292,1.0,0.47978793620215804
2021-05-24 08:00:00,1.6088281197672194,1.043695378039473,1.2427715125332626,1.0,0.4720903293975507
2021-05-24 09:00:00,1.6088281197672194,1.0431853370138129,1.2421642508656365,1.0,0.47234222955800015
2021-05-24 10:00:00,1.6088281197672194,1.031702567748193,1.2284927121807248,1.0,0.47801336437832054
2021-05-24 11:00:00,1.6088281197672194,1.037314730577522,1.2351746283154434,1.0,0.4752416173108245
2021-05-24 12:00:00,1.6088281197672194,1.07067962908162,1.2748993227741807,1.0,0.4587632893651805
2021-05-24 13:00:00,1.6088281197672194,1.0885881165485949,1.296221407502127,1.0,0.44991860699772107
2021-05-24 14:00:00,1.6088281197672194,1.0709854254907405,1.275263408069312,1.0,0.4586122619759178
2021-05-24 15:00:00,1.6088281197672194,1.0740065913200292,1.278860448517762,1.0,0.4571201620881547
2021-05-24 16:00:00,1.6088281197672194,1.070101411431165,1.2742108891051211,1.0,0.45904886074394513
2021-05-24 17:00:00,1.6088281197672194,1.0651832809370887,1.2683552971523573,1.0,0.4614778376266684
2021-05-24 18:00:00,1.6088281197672194,1.0732954435141169,1.2780137464274979,1.0,0.45747138529844583
2021-05-24 19:00:00,1.6088281197672194,1.0798412552679348,1.2858072774605052,1.0,0.45423852568891904
2021-05-24 20:00:00,1.6088281197672194,1.1278903718245568,1.3430151983534648,1.0,0.43050792449973074
2021-05-24 21:00:00,1.6088281197672194,1.1102697095225098,1.322035802116925,1.0,0.43921045515472185
2021-05-24 22:00:00,1.6088281197672194,1.096563070102501,1.3057164938789858,1.0,0.44597991975740464
2021-05-24 23:00:00,1.6088281197672194,1.0955124654618373,1.3044656299405812,1.0,0.44649879464047815
2021-05-25 00:00:00,1.6088281197672194,1.1056317022315645,1.3165137285968282,1.0,0.44150108418645995
2021-05-25 01:00:00,1.6088281197672194,1.1228735421163427,1.3370420937961156,1.0,0.4329856471629437
2021-05-25 02:00:00,1.6077019400833823,1.1053364525751448,1.3170846496613022,1.0,0.44057299732347294
2021-05-25 03:00:00,1.6374944007347816,1.1053364525751448,1.292681764828749,1.0,0.4324087018408489
2021-05-25 04:00:00,1.6284386138894131,1.1053364525751448,1.3000993234534441,1.0,0.43489034041707625
2021-05-25 05:00:00,1.6257882205965748,1.1053364525751448,1.302270249952027,1.0,0.43561665148755446
2021-05-25 06:00:00,1.6262911816516767,1.1053364525751448,1.3018582765723679,1.0,0.43547882055381076
2021-05-25 07:00:00,1.6048156153475486,1.1053364525751448,1.3194488266570212,1.0,0.44136396280557544
2021-05-25 08:00:00,1.6000381072874599,1.1053364525751448,1.323362064316075,1.0,0.44267318623393126
2021-05-25 09:00:00,1.6348838130984062,1.1053364525751448,1.2948200866740365,1.0,0.4331241046098932
2021-05-25 10:00:00,1.6431244132707894,1.1053364525751448,1.2880702441782863,1.0,0.43086585895678237
2021-05-25 11:00:00,1.6767597783399024,1.1053364525751448,1.2605196517755104,1.0,0.4216484578732209
2021-05-25 12:00:00,1.7002716527574742,1.1053364525751448,1.241261169895716,1.0,0.4152052878262249
2021-05-25 13:00:00,1.67722625087658,1.1053364525751448,1.2601375659947052,1.0,0.4215206262157916
2021-05-25 14:00:00,1.663135877773132,1.1053364525751448,1.2716789339976533,1.0,0.4253819376671358
2021-05-25 15:00:00,1.6559459810744743,1.1053364525751448,1.277568149499128,1.0,0.4273522496136459
2021-05-25 16:00:00,1.629694150637022,1.1053364525751448,1.2990709183474196,1.0,0.43454627440934657
2021-05-25 17:00:00,1.6494041702201072,1.1053364525751448,1.2829265204891378,1.0,0.42914496077743425
2021-05-25 18:00:00,1.6430178502112995,1.1053364525751448,1.2881575295522123,1.0,0.43089506138874617
2021-05-25 19:00:00,1.6458307832680292,1.1053364525751448,1.285853467386007,1.0,0.4301242080874126
2021-05-25 20:00:00,1.6701943328770106,1.1053364525751448,1.265897381778414,1.0,0.42344764584098565
2021-05-25 21:00:00,1.6574469860369392,1.1053364525751448,1.2763386823644487,1.0,0.4269409157470734
2021-05-25 22:00:00,1.6432280738344955,1.1053364525751448,1.2879853362269962,1.0,0.43083745192179806
2021-05-25 23:00:00,1.624416584017615,1.1053364525751448,1.3033937519634964,1.0,0.4359925333744666
2021-05-26 00:00:00,1.6273373240605993,1.1053364525751448,1.301001385527949,1.0,0.4351921367567493
2021-05-26 01:00:00,1.6362243515082537,1.1053364525751448,1.2937220570479544,1.0,0.4327567448334765
2021-05-26 02:00:00,1.6125192535926127,1.1053364525751448,1.3122197636841901,1.0,0.4383308635064988
2021-05-26 03:00:00,1.6125192535926127,1.1053364525751448,1.331166123935042,1.0,0.43200100840549466
2021-05-26 04:00:00,1.6125192535926127,1.1053364525751448,1.3406771730067435,1.0,0.4288234290876042
2021-05-26 05:00:00,1.6125192535926127,1.1053364525751448,1.3373620269565765,1.0,0.4299309977107269
2021-05-26 06:00:00,1.6125192535926127,1.1053364525751448,1.3318239907416372,1.0,0.4317812194061105
2021-05-26 07:00:00,1.6125192535926127,1.1053364525751448,1.3764047407505522,1.0,0.4168870822676682
2021-05-26 08:00:00,1.6125192535926127,1.1053364525751448,1.3726351673450812,1.0,0.4181464720994517
2021-05-26 09:00:00,1.6125192535926127,1.1053364525751448,1.363005247141574,1.0,0.4213637654853775
2021-05-26 10:00:00,1.6125192535926127,1.1053364525751448,1.3632294041329793,1.0,0.4212888760999395
2021-05-26 11:00:00,1.6125192535926127,1.1053364525751448,1.3475112441901735,1.0,0.4265402105818695
2021-05-26 12:00:00,1.6125192535926127,1.1053364525751448,1.3527976132374893,1.0,0.42477406924195504
2021-05-26 13:00:00,1.6125192535926127,1.1053364525751448,1.362243792634405,1.0,0.42161816245833533
2021-05-26 14:00:00,1.6125192535926127,1.1053364525751448,1.3198995180624684,1.0,0.4357651077738842
2021-05-26 15:00:00,1.6125192535926127,1.1053364525751448,1.3290165942401841,1.0,0.43271915222433943
2021-05-26 16:00:00,1.6125192535926127,1.1053364525751448,1.3163771966111537,1.0,0.43694189234415426
2021-05-26 17:00:00,1.6125192535926127,1.1053364525751448,1.3094643308489267,1.0,0.43925143560355806
2021-05-26 18:00:00,1.6125192535926127,1.1053364525751448,1.3232921001642122,1.0,0.43463166827215555
2021-05-26 19:00:00,1.6125192535926127,1.1053364525751448,1.3113170223460746,1.0,0.4386324634860358
2021-05-26 20:00:00,1.6125192535926127,1.1053364525751448,1.305988538954919,1.0,0.44041267495291136
2021-05-26 21:00:00,1.6125192535926127,1.1053364525751448,1.3143893316555522,1.0,0.43760602503047097
2021-05-26 22:00:00,1.6125192535926127,1.1053364525751448,1.3245969655596368,1.0,0.4341957212738934
2021-05-26 23:00:00,1.6125192535926127,1.1053364525751448,1.3221553525123415,1.0,0.43501144823133925
2021-05-27 00:00:00,1.6125192535926127,1.1053364525751448,1.3314789248275944,1.0,0.4318965036721788
2021-05-27 01:00:00,1.6125192535926127,1.1053364525751448,1.310849009718564,1.0,0.4387888234453292
2021-05-27 02:00:00,1.6125192535926127,1.104562717058342,1.277256367501991,1.0,0.44939823667073087
2021-05-27 03:00:00,1.6125192535926127,1.0988817688057646,1.2838245069819807,1.0,0.4517095659306258
2021-05-27 04:00:00,1.6125192535926127,1.1043982136702948,1.277446561312881,1.0,0.4494651659010707
2021-05-27 05:00:00,1.6125192535926127,1.1015946059282917,1.280688007261328,1.0,0.45060583121243303
2021-05-27 06:00:00,1.6125192535926127,1.0898658081165817,1.2942484863459525,1.0,0.45537776581917716
2021-05-27 07:00:00,1.6125192535926127,1.0864899635890146,1.2981515350508515,1.0,0.4567512492389358
2021-05-27 08:00:00,1.6125192535926127,1.0857514608791032,1.2990053694090238,1.0,0.4570517136765683
2021-05-27 09:00:00,1.6125192535926127,1.069456225268835,1.3178454249048608,1.0,0.4636815320076553
2021-05-27 10:00:00,1.6125192535926127,1.0563426614370286,1.3330069283190094,1.0,0.469016867314081
2021-05-27 11:00:00,1.6125192535926127,1.058132810806241,1.3309372120983642,1.0,0.4682885338682049
2021-05-27 12:00:00,1.6125192535926127,1.0443574145935952,1.3468639059695384,1.0,0.4738931398102655
2021-05-27 13:00:00,1.6125192535926127,1.0547052652138593,1.3349000360009715,1.0,0.4696830521889275
2021-05-27 14:00:00,1.6125192535926127,1.0385386947535282,1.3535913327661482,1.0,0.47626052230057
2021-05-27 15:00:00,1.6125192535926127,1.0341082660061591,1.3587136596515716,1.0,0.47806306989339975
2021-05-27 16:00:00,1.6125192535926127,1.0439802318252869,1.347299993207364,1.0,0.47404659897411605
2021-05-27 17:00:00,1.6125192535926127,1.0680999535855966,1.3194135049492846,1.0,0.4642333396085102
2021-05-27 18:00:00,1.6125192535926127,1.063109919562817,1.325182830423538,1.0,0.4662635661009781
2021-05-27 19:00:00,1.6125192535926127,1.061412597105431,1.3271452229937526,1.0,0.46695413233830535
2021-05-27 20:00:00,1.6125192535926127,1.0708985674747482,1.316177832741525,1.0,0.46309470607735465
2021-05-27 21:00:00,1.6125192535926127,1.0799726918618477,1.3056866062801318,1.0,0.45940284192521885
2021-05-27 22:00:00,1.6125192535926127,1.0650501782736228,1.3229395623504558,1.0,0.4654741597324168
2021-05-27 23:00:00,1.6125192535926127,1.0789377892974013,1.3068831291297103,1.0,0.4598238984939457
2021-05-28 00:00:00,1.6125192535926127,1.0781340727443711,1.3078123617486281,1.0,0.4601508955907487
2021-05-28 01:00:00,1.6125192535926127,1.09342055007865,1.290138601871711,1.0,0.453931496861424
2021-05-28 02:00:00,1.6125192535926127,1.087714877859342,1.2949474486009716,1.0,0.45498586056813095
2021-05-28 03:00:00,1.6125192535926127,1.0914426564073598,1.2993847381353874,1.0,0.45342654887239014
2021-05-28 04:00:00,1.6125192535926127,1.0899018983392927,1.2975507263875232,1.0,0.45407104050323593
2021-05-28 05:00:00,1.6125192535926127,1.0640491192593997,1.2667773677855838,1.0,0.46488513266762027
2021-05-28 06:00:00,1.6125192535926127,1.0543083896879655,1.2551826775892254,1.0,0.46895963262788787
2021-05-28 07:00:00,1.6125192535926127,1.0528209875011445,1.2534121769889264,1.0,0.46958180575225805
2021-05-28 08:00:00,1.6125192535926127,1.0539517327277648,1.2547581378327755,1.0,0.4691088205053985
2021-05-28 09:00:00,1.6125192535926127,1.0250562417890072,1.2203629456606095,1.0,0.4811956642904012
2021-05-28 10:00:00,1.6125192535926127,1.026038332394616,1.22153195833397,1.0,0.48078486055088804
2021-05-28 11:00:00,1.6125192535926127,1.0244128326328052,1.2195970759399735,1.0,0.4814647992214304
2021-05-28 12:00:00,1.6125192535926127,1.0085578614612583,1.2007244157908412,1.0,0.4880968568034376
2021-05-28 13:00:00,1.6125192535926127,1.042650842949629,1.2413063409258023,1.0,0.47383592791704837
2021-05-28 14:00:00,1.6125192535926127,1.0519866955398431,1.2524190935906385,1.0,0.4699307860353308
2021-05-28 15:00:00,1.6125192535926127,1.0431299045785707,1.241876582726666,1.0,0.4736355387599761
2021-05-28 16:00:00,1.6125192535926127,1.0475667171634675,1.2471578572969044,1.0,0.47177964156374425
2021-05-28 17:00:00,1.6125192535926127,1.0214009359353022,1.2160119226047044,1.0,0.48272466100943184
2021-05-28 18:00:00,1.6125192535926127,1.0257755475463401,1.2212191574414177,1.0,0.48089478217903786
2021-05-28 19:00:00,1.6125192535926127,1.0317802241282794,1.2283667087810104,1.0,0.4783830550732694
2021-05-28 20:00:00,1.6125192535926127,1.0206816301779693,1.215155710823896,1.0,0.48302554312079526
2021-05-28 21:00:00,1.6125192535926127,1.0045033851376965,1.1958982478395173,1.0,0.48979282459497814
2021-05-28 22:00:00,1.6125192535926127,0.9992185849642264,1.1896075875443433,1.0,0.49200343088877924
2021-05-28 23:00:00,1.6125192535926127,1.0001658658505195,1.1907351651374745,1.0,0.4916071878861111
2021-05-29 00:00:00,1.6125192535926127,1.017022615091878,1.2108002725545235,1.0,0.48455609139375205
2021-05-29 01:00:00,1.6125192535926127,1.0326464725532147,1.2293978309414764,1.0,0.47802070755637166
2021-05-29 02:00:00,1.611390490115098,1.0366028570850243,1.2349722077595677,1.0,0.47542482051749535
2021-05-29 03:00:00,1.6102860096944716,1.0366028570850243,1.234125845301109,1.0,0.47575068653753366
2021-05-29 04:00:00,1.6152614901125908,1.0366028570850243,1.2379385519458355,1.0,0.47428272026909446
2021-05-29 05:00:00,1.5821408170174873,1.0366028570850243,1.212558206778032,1.0,0.48405464715972263
2021-05-29 06:00:00,1.633072788131739,1.0366028570850243,1.2515873352998017,1.0,0.4690276730189817
2021-05-29 07:00:00,1.619031438129384,1.0366028570850243,1.2408274600805267,1.0,0.47317043440775974
2021-05-29 08:00:00,1.602392431728437,1.0366028570850243,1.2280770028512091,1.0,0.4780796086149345
2021-05-29 09:00:00,1.5860503763234046,1.0366028570850243,1.2155540989313485,1.0,0.4829011703688887
2021-05-29 10:00:00,1.5675091107068362,1.0366028570850243,1.201345941994284,1.0,0.48837158733609737
2021-05-29 11:00:00,1.5611876001773834,1.0366028570850243,1.1965017735572865,1.0,0.4902366864708514
2021-05-29 12:00:00,1.567345566053862,1.0366028570850243,1.20122061785818,1.0,0.4884198395677965
2021-05-29 13:00:00,1.5414634058920138,1.0366028570850243,1.18138713933225,1.0,0.4960561148375313
2021-05-29 14:00:00,1.545151803187541,1.0366028570850243,1.1842135552147917,1.0,0.49496788970961836
2021-05-29 15:00:00,1.534266554740275,1.0366028570850243,1.1758721980800615,1.0,0.4981794745620026
2021-05-29 16:00:00,1.5258264982996688,1.0366028570850243,1.1694045896143992,1.0,0.5006696297063006
2021-05-29 17:00:00,1.5435442789156262,1.0366028570850243,1.1829817106574763,1.0,0.49544217384070943
2021-05-29 18:00:00,1.5019667073831329,1.0366028570850243,1.151120851015414,1.0,0.5077092249401466
2021-05-29 19:00:00,1.5097437210030098,1.0366028570850243,1.1570803703005572,1.0,0.5054146940197561
2021-05-29 20:00:00,1.5080679423230787,1.0366028570850243,1.1557962224452472,1.0,0.5059091159386024
2021-05-29 21:00:00,1.5166795212046085,1.0366028570850243,1.1623952684195062,1.0,0.5033683547952056
2021-05-29 22:00:00,1.5344597944928404,1.0366028570850243,1.1760202775471114,1.0,0.4981224610849815
2021-05-29 23:00:00,1.5268392341588708,1.0366028570850243,1.1701806482891897,1.0,0.5003708320113617
2021-05-30 00:00:00,1.5329090011574582,1.0366028570850243,1.174831905860856,1.0,0.49858000731456187
2021-05-30 01:00:00,1.499793203377213,1.0366028570850243,1.1494552966429092,1.0,0.508350495791779
2021-05-30 02:00:00,1.4995239911290228,1.0358772350850647,1.1508600137890512,1.0,0.5071440417319193
2021-05-30 03:00:00,1.5276522401237866,1.0553083432026096,1.172445992429607,1.0,0.4976309736073433
2021-05-30 04:00:00,1.5383008515916505,1.0626644470529525,1.1806178732935624,1.0,0.4940295775039177
2021-05-30 05:00:00,1.5377140073704467,1.0622590526925537,1.1801675215199203,1.0,0.4942280501872285
2021-05-30 06:00:00,1.562376511948734,1.0792960105564915,1.1990938434942677,1.0,0.48588710844501104
2021-05-30 07:00:00,1.5821743169195757,1.0929724142654498,1.2142869326662966,1.0,0.4791914244214608
2021-05-30 08:00:00,1.5920811856161439,1.0998161192107938,1.2218895906248037,1.0,0.4758408882103648
2021-05-30 09:00:00,1.578743977885977,1.0906027221934655,1.2116544465445012,1.0,0.48035157658461497
2021-05-30 10:00:00,1.5855891660981647,1.0953314058829737,1.2169075316749112,1.0,0.4780365109792086
2021-05-30 11:00:00,1.5799008487715178,1.0914018932779923,1.2125422440831894,1.0,0.47996031897211533
2021-05-30 12:00:00,1.6081879794219471,1.1109427574855697,1.2342501505417978,1.0,0.47039351653886013
2021-05-30 13:00:00,1.5725422825075983,1.086318565954953,1.2068951860587938,1.0,0.4824490107559837
2021-05-30 14:00:00,1.5788479811981813,1.0906745681019827,1.2117342600187138,1.0,0.48031640231570244
2021-05-30 15:00:00,1.5645070308634215,1.0807677816356467,1.200728831004308,1.0,0.4851665598043938
2021-05-30 16:00:00,1.569620895852872,1.0843004602437973,1.2046532765129323,1.0,0.4834370335180764
2021-05-30 17:00:00,1.5804748585414286,1.091798421547553,1.212982746534482,1.0,0.479766186943266
2021-05-30 18:00:00,1.5844942546326606,1.094575036616287,1.2160672825889454,1.0,0.47840681370810073
2021-05-30 19:00:00,1.5978730636877092,1.1038171719970222,1.226334352058933,1.0,0.4738820556262855
2021-05-30 20:00:00,1.5965497875026415,1.1029030474588681,1.2253188529615044,1.0,0.47432959206904524
2021-05-30 21:00:00,1.595206153222419,1.1019748594662808,1.2242877308010387,1.0,0.4747840136878475
2021-05-30 22:00:00,1.5902591360997815,1.0985574400390279,1.22049132648296,1.0,0.4764571114661647
2021-05-30 23:00:00,1.5816618240024156,1.092618382086459,1.2138936390359212,1.0,0.4793647512444427
2021-05-31 00:00:00,1.5767816345399606,1.0892471274770192,1.2101485191204218,1.0,0.4810152476840118
2021-05-31 01:00:00,1.5623658903338706,1.0792886731020048,1.199085692330944,1.0,0.4858907007107723
2021-05-31 02:00:00,1.5395416194707698,1.0627771094176433,1.1823982232162114,1.0,0.49253497194267953
2021-05-31 03:00:00,1.5395416194707698,1.065808482335822,1.1790260190227775,1.0,0.4911301080610881
2021-05-31 04:00:00,1.5395416194707698,1.0730381037178822,1.170983537876588,1.0,0.4877796017949902
2021-05-31 05:00:00,1.5395416194707698,1.074067286727972,1.1698386390613935,1.0,0.4873026357213831
2021-05-31 06:00:00,1.5395416194707698,1.074714227931882,1.1691189592662594,1.0,0.487002816347318
2021-05-31 07:00:00,1.5395416194707698,1.056698487723521,1.1891602924569475,1.0,0.4953520572365143
2021-05-31 08:00:00,1.5395416194707698,1.0317361438282509,1.2169292681104413,1.0,0.5069206422588407
2021-05-31 09:00:00,1.5395416194707698,1.0235826696462704,1.2259994750990453,1.0,0.5106993002124898
2021-05-31 10:00:00,1.5395416194707698,1.0286714926697575,1.220338492170638,1.0,0.5083409286566064
2021-05-31 11:00:00,1.5395416194707698,1.0002900385609026,1.2519110044101192,1.0,0.5214940710975997
2021-05-31 12:00:00,1.5395416194707698,1.00172314002912,1.250316772716698,1.0,0.5208299124652913
2021-05-31 13:00:00,1.5395416194707698,1.0031431133841862,1.2487371451908984,1.0,0.5201718379448681
2021-05-31 14:00:00,1.5395416194707698,1.0052191870918723,1.2464276489158104,1.0,0.5192096993211576
2021-05-31 15:00:00,1.5395416194707698,1.0084688530543149,1.2428126079816872,1.0,0.5177036693931024
2021-05-31 16:00:00,1.5395416194707698,0.9983760817853903,1.2540401561966672,1.0,0.5223810780140763
2021-05-31 17:00:00,1.5395416194707698,0.9931868134310459,1.2598128779889721,1.0,0.5247860001004304
2021-05-31 18:00:00,1.5395416194707698,0.9989308208922822,1.2534230452066915,1.0,0.5221239889141819
2021-05-31 19:00:00,1.5395416194707698,1.0059748168604785,1.2455870601980392,1.0,0.5188595091603218
2021-05-31 20:00:00,1.5395416194707698,1.0009800277637513,1.2511434365304572,1.0,0.5211743014961899
2021-05-31 21:00:00,1.5395416194707698,1.0066516779501757,1.2448340964859996,1.0,0.5185458236707973
2021-05-31 22:00:00,1.5395416194707698,0.9992706253094373,1.2530450350075484,1.0,0.5219665094600364
2021-05-31 23:00:00,1.5395416194707698,1.0003736921191242,1.2518179452955052,1.0,0.521455302570703
2021-06-01 00:00:00,1.5395416194707698,0.9892099110609988,1.2642369218829868,1.0,0.5266290615287325
2021-06-01 01:00:00,1.5395416194707698,0.9729371568522233,1.282339297098016,1.0,0.5341705304469341
2021-06-01 02:00:00,1.5395416194707698,0.9890333433035811,1.2627782032798245,1.0,0.525284944302496
2021-06-01 03:00:00,1.5395416194707698,0.9984220831094934,1.2507925968757272,1.0,0.520298495969474
2021-06-01 04:00:00,1.5395416194707698,1.0021275625092312,1.2460622050934582,1.0,0.5183304808835479
2021-06-01 05:00:00,1.5395416194707698,1.0014161572884603,1.2469703805404562,1.0,0.5187083149113887
2021-06-01 06:00:00,1.5395416194707698,0.9875778092860649,1.2646363288858549,1.0,0.5260579921582614
2021-06-01 07:00:00,1.5395416194707698,0.9968909922173704,1.2527471779144228,1.0,0.5211116727945388
2021-06-01 08:00:00,1.5395416194707698,0.9992486859595068,1.249737360857095,1.0,0.5198594793933703
2021-06-01 09:00:00,1.5395416194707698,1.0160819062768682,1.2282481772810097,1.0,0.5109191971908492
2021-06-01 10:00:00,1.5395416194707698,1.0147883938672242,1.2298994671176977,1.0,0.511606193841321
2021-06-01 11:00:00,1.5395416194707698,1.0098040345511636,1.236262468987371,1.0,0.514253434122397
2021-06-01 12:00:00,1.5395416194707698,1.0057260916850537,1.2414683452968638,1.0,0.5164192680710669
2021-06-01 13:00:00,1.5395416194707698,1.0169266002095338,1.2271698462996266,1.0,0.5104705722699837
2021-06-01 14:00:00,1.5395416194707698,0.9933036369455391,1.257326773175201,1.0,0.5230169510411375
2021-06-01 15:00:00,1.5395416194707698,1.003795932793246,1.2439323740432995,1.0,0.517444393677643
2021-06-01 16:00:00,1.5395416194707698,1.014781742733896,1.2299079579128267,1.0,0.5116097263210129
2021-06-01 17:00:00,1.5395416194707698,1.0247501953206835,1.2171822938052859,1.0,0.5063153870580489
2021-06-01 18:00:00,1.5395416194707698,1.0167680371909926,1.227372266855502,1.0,0.5105547865858375
2021-06-01 19:00:00,1.5395416194707698,1.014425241987511,1.2303630645317412,1.0,0.5117990672324964
2021-06-01 20:00:00,1.5395416194707698,1.0218048074376782,1.2209423575202123,1.0,0.5078797103647898
2021-06-01 21:00:00,1.5395416194707698,1.0123072550905186,1.23306687333262,1.0,0.5129239500655706
2021-06-01 22:00:00,1.5395416194707698,1.009923488905736,1.2361099743068538,1.0,0.5141899907871312
2021-06-01 23:00:00,1.5395416194707698,1.0096515905752843,1.2364570780117274,1.0,0.5143343985569342
2021-06-02 00:00:00,1.5395416194707698,1.0025229058742522,1.2455575122309905,1.0,0.5181205102906641
2021-06-02 01:00:00,1.5395416194707698,1.0161891225461168,1.2281113056635302,1.0,0.5108622536182166
2021-06-02 02:00:00,1.5384639403371403,1.0126496067213473,1.2317671024142727,1.0,0.5116658552751818
2021-06-02 03:00:00,1.5377851362722652,1.0126496067213473,1.2312236915260166,1.0,0.5118916134832959
2021-06-02 04:00:00,1.546730925342239,1.0126496067213473,1.2383851677696212,1.0,0.5089164024981125
2021-06-02 05:00:00,1.5544951710867894,1.0126496067213473,1.2446007694358545,1.0,0.5063341518939277
2021-06-02 06:00:00,1.5602145195859036,1.0126496067213473,1.249179345801217,1.0,0.5044319978916866
2021-06-02 07:00:00,1.5572702069545075,1.0126496067213473,1.2468223010734063,1.0,0.5054112241193813
2021-06-02 08:00:00,1.5779134870724432,1.0126496067213473,1.2633481054488829,1.0,0.4985456348128721
2021-06-02 09:00:00,1.5845292811897327,1.0126496067213473,1.2686443238185483,1.0,0.49634533887704035
2021-06-02 10:00:00,1.5803236657552904,1.0126496067213473,1.265277553733997,1.0,0.4977440520751871
2021-06-02 11:00:00,1.5752776060380245,1.0126496067213473,1.2612379730434236,1.0,0.49942228215475515
2021-06-02 12:00:00,1.577519356462275,1.0126496067213473,1.2630325875018893,1.0,0.49867671567245836
2021-06-02 13:00:00,1.5805362162781047,1.0126496067213473,1.2654477092683822,1.0,0.49767336153627134
2021-06-02 14:00:00,1.591766605278924,1.0126496067213473,1.2744381027827731,1.0,0.49393833308190405
2021-06-02 15:00:00,1.6045073333240907,1.0126496067213473,1.284637585523534,1.0,0.4897009926144829
2021-06-02 16:00:00,1.6124680079949145,1.0126496067213473,1.2910104367155566,1.0,0.4870534132288251
2021-06-02 17:00:00,1.606851328610613,1.0126496067213473,1.286514051247043,1.0,0.48892142130208904
2021-06-02 18:00:00,1.6112389483849499,1.0126496067213473,1.290026523376008,1.0,0.4874621766843917
2021-06-02 19:00:00,1.6115673198513334,1.0126496067213473,1.290289398393202,1.0,0.4873529661512164
2021-06-02 20:00:00,1.60641477274639,1.0126496067213473,1.2861645701195334,1.0,0.4890666120496824
2021-06-02 21:00:00,1.5991180533015223,1.0126496067213473,1.2803232427025861,1.0,0.4914933716880286
2021-06-02 22:00:00,1.6011595565266346,1.0126496067213473,1.2819575509490162,1.0,0.4908144038771255
2021-06-02 23:00:00,1.59064657857188,1.0126496067213473,1.2735414748171507,1.0,0.4943108341252923
2021-06-03 00:00:00,1.5928391157014268,1.0126496067213473,1.2752966919862176,1.0,0.49358163511308384
2021-06-03 01:00:00,1.588440041108495,1.0126496067213473,1.2717750497985134,1.0,0.49504468940054314
2021-06-03 02:00:00,1.580551296928612,1.0126496067213473,1.266346714656641,1.0,0.49658354764266877
2021-06-03 03:00:00,1.580551296928612,1.0126496067213473,1.2696479358027961,1.0,0.4978782753158048
2021-06-03 04:00:00,1.580551296928612,1.0126496067213473,1.2771133825120187,1.0,0.5008061980507024
2021-06-03 05:00:00,1.580551296928612,1.0126496067213473,1.2887172427671163,1.0,0.5053571924622628
2021-06-03 06:00:00,1.580551296928612,1.0126496067213473,1.316318100677056,1.0,0.5161821547886775
2021-06-03 07:00:00,1.580551296928612,1.0126496067213473,1.32155827979887,1.0,0.5182373351661277
2021-06-03 08:00:00,1.580551296928612,1.0126496067213473,1.3113489477357598,1.0,0.5142332699547624
2021-06-03 09:00:00,1.580551296928612,1.0126496067213473,1.3175618323475522,1.0,0.5166699421075072
2021-06-03 10:00:00,1.580551296928612,1.0126496067213473,1.3273683610897427,1.0,0.5205160292303601
2021-06-03 11:00:00,1.580551296928612,1.0126496067213473,1.3320209771886298,1.0,0.5223407693943818
2021-06-03 12:00:00,1.580551296928612,1.0126496067213473,1.3165157663876592,1.0,0.516259678606143
2021-06-03 13:00:00,1.580551296928612,1.0126496067213473,1.3239917416828417,1.0,0.5191917306165413
2021-06-03 14:00:00,1.580551296928612,1.0126496067213473,1.3055548291397296,1.0,0.5119608364049989
2021-06-03 15:00:00,1.580551296928612,1.0126496067213473,1.3110959220409153,1.0,0.514134034140309
2021-06-03 16:00:00,1.580551296928612,1.0126496067213473,1.30848449309104,1.0,0.5131098406136894
2021-06-03 17:00:00,1.580551296928612,1.0126496067213473,1.3198312520696314,1.0,0.5175600007815704
2021-06-03 18:00:00,1.580551296928612,1.0126496067213473,1.3173478643103012,1.0,0.5165860245731372
2021-06-03 19:00:00,1.580551296928612,1.0126496067213473,1.3093621016755737,1.0,0.5134540357070416
2021-06-03 20:00:00,1.580551296928612,1.0126496067213473,1.3106880242429184,1.0,0.5139740580152642
2021-06-03 21:00:00,1.580551296928612,1.0126496067213473,1.3141712880366394,1.0,0.5153401821938325
2021-06-03 22:00:00,1.580551296928612,1.0126496067213473,1.3157852183747598,1.0,0.5159731601673656
2021-06-03 23:00:00,1.580551296928612,1.0126496067213473,1.3203692288490048,1.0,0.5177709934394148
2021-06-04 00:00:00,1.580551296928612,1.0126496067213473,1.3322665309837605,1.0,0.522437074755254
2021-06-04 01:00:00,1.580551296928612,1.0126496067213473,1.3138822613704482,1.0,0.5152268269212152
2021-06-04 02:00:00,1.580551296928612,1.0126496067213473,1.287818577010663,1.0,0.5042977363099478
2021-06-04 03:00:00,1.580551296928612,1.0126496067213473,1.2826520979905685,1.0,0.5022742740105457
2021-06-04 04:00:00,1.580551296928612,1.0126496067213473,1.2880569985378851,1.0,0.5043911145990735
2021-06-04 05:00:00,1.580551296928612,1.0126496067213473,1.2756159458830683,1.0,0.4995185503412904
2021-06-04 06:00:00,1.580551296928612,1.0126496067213473,1.2476846262267076,1.0,0.48857919065795974
2021-06-04 07:00:00,1.580551296928612,1.0126496067213473,1.2497302285891867,1.0,0.4893803550958574
2021-06-04 08:00:00,1.580551296928612,1.0126496067213473,1.2434208885447287,1.0,0.48690928888917895
2021-06-04 09:00:00,1.580551296928612,1.0126496067213473,1.2466541833298523,1.0,0.4881756155451287
2021-06-04 10:00:00,1.580551296928612,1.0126496067213473,1.251522465625016,1.0,0.4900822884743707
2021-06-04 11:00:00,1.580551296928612,1.0126496067213473,1.2443022330791191,1.0,0.48725446931693
2021-06-04 12:00:00,1.580551296928612,1.0126496067213473,1.2427012087495946,1.0,0.4866274247942254
2021-06-04 13:00:00,1.580551296928612,1.0126496067213473,1.2523579598657095,1.0,0.4904095115388283
2021-06-04 14:00:00,1.580551296928612,1.0126496067213473,1.2469629086407426,1.0,0.48829652845797095
2021-06-04 15:00:00,1.580551296928612,1.0126496067213473,1.2458458596335713,1.0,0.48785903388114127
2021-06-04 16:00:00,1.580551296928612,1.0126496067213473,1.2540700437955214,1.0,0.4910800527859546
2021-06-04 17:00:00,1.580551296928612,1.0126496067213473,1.2521901817539607,1.0,0.49034380089092505
2021-06-04 18:00:00,1.580551296928612,1.0126496067213473,1.2585820523270723,1.0,0.49284719035153157
2021-06-04 19:00:00,1.580551296928612,1.0126496067213473,1.2588513803485641,1.0,0.4929526732336921
2021-06-04 20:00:00,1.580551296928612,1.0126496067213473,1.2491080231221334,1.0,0.4891366670250906
2021-06-04 21:00:00,1.580551296928612,1.0126496067213473,1.2572598657095844,1.0,0.4923293532011521
2021-06-04 22:00:00,1.580551296928612,1.0126496067213473,1.2625920850505967,1.0,0.49441772804342216
2021-06-04 23:00:00,1.580551296928612,1.0126496067213473,1.259060933172348,1.0,0.4930347450348182
2021-06-05 00:00:00,1.580551296928612,1.0126496067213473,1.2500970309387593,1.0,0.4895240140022046
2021-06-05 01:00:00,1.580551296928612,1.0126496067213473,1.2794354451638978,1.0,0.5010144652123839
2021-06-05 02:00:00,1.579444911020762,1.0126496067213473,1.2792177411767902,1.0,0.5002278984591468
2021-06-05 03:00:00,1.5772749031237332,1.0126496067213473,1.2774604862168923,1.0,0.5009151642715828
2021-06-05 04:00:00,1.568070194326653,1.0126496067213473,1.2700065869890451,1.0,0.5038303986715695
2021-06-05 05:00:00,1.578502085788346,1.0126496067213473,1.2784542488787907,1.0,0.5005265017730927
2021-06-05 06:00:00,1.5755289149375464,1.0126496067213473,1.2760465990120111,1.0,0.5014681382911365
2021-06-05 07:00:00,1.5797724672959033,1.0126496067213473,1.2794829936166203,1.0,0.5001241577170686
2021-06-05 08:00:00,1.5748935144806466,1.0126496067213473,1.2755320568271937,1.0,0.5016693767344763
2021-06-05 09:00:00,1.5832908662615344,1.0126496067213473,1.2823321648301078,1.0,0.499009841346654
2021-06-05 10:00:00,1.5218826625005613,1.0126496067213473,1.2326042948139924,1.0,0.5184585074578704
2021-06-05 11:00:00,1.5273466870236558,1.0126496067213473,1.237029017971617,1.0,0.5167279896758032
2021-06-05 12:00:00,1.5030127368524893,1.0126496067213473,1.2173235806362321,1.0,0.5244348243177696
2021-06-05 13:00:00,1.508985501147346,1.0126496067213473,1.2221602771735163,1.0,0.5225431829503748
2021-06-05 14:00:00,1.4970504577136874,1.0126496067213473,1.2124953748940774,1.0,0.5263231449187725
2021-06-05 15:00:00,1.4938797465228217,1.0126496067213473,1.2099277584470676,1.0,0.5273273446756367
2021-06-05 16:00:00,1.5220281964665967,1.0126496067213473,1.2327221470503826,1.0,0.518412415220353
2021-06-05 17:00:00,1.5120031290598164,1.0126496067213473,1.2246039280116425,1.0,0.52158746638283
2021-06-05 18:00:00,1.5100398884401816,1.0126496067213473,1.2230141115316886,1.0,0.5222092466820207
2021-06-05 19:00:00,1.5104811038069526,1.0126496067213473,1.2233714041907169,1.0,0.522069508832256
2021-06-05 20:00:00,1.499736335288595,1.0126496067213473,1.2146703769743223,1.0,0.5254724973998626
2021-06-05 21:00:00,1.5019952573089657,1.0126496067213473,1.216499633876914,1.0,0.5247570714884247
2021-06-05 22:00:00,1.4653559279922972,1.0126496067213473,1.186829399378134,1.0,0.5363611575677452
2021-06-05 23:00:00,1.4691934951082257,1.0126496067213473,1.1899370303953483,1.0,0.5351457570683658
2021-06-06 00:00:00,1.4876989567318448,1.0126496067213473,1.2049226045344243,1.0,0.5292848700482438
2021-06-06 01:00:00,1.490522399554187,1.0126496067213473,1.2072090058467615,1.0,0.5283906540742741
2021-06-06 02:00:00,1.5158628427432475,1.0126496067213473,1.2294504738712762,1.0,0.5189916443311816
2021-06-06 03:00:00,1.512064680281652,1.0126496067213473,1.2263703530302799,1.0,0.5202920354521969
2021-06-06 04:00:00,1.5063186455509112,1.0126496067213473,1.2217106046634845,1.0,0.5222593269044332
2021-06-06 05:00:00,1.5099794392521797,1.0126496067213473,1.224679326272388,1.0,0.5210059672408766
2021-06-06 06:00:00,1.5163419581756064,1.0126496067213473,1.2298390126563792,1.0,0.5188276077844355
2021-06-06 07:00:00,1.5006764750048074,1.0126496067213473,1.2171350849843685,1.0,0.5241910579863958
2021-06-06 08:00:00,1.5121610059367592,1.0126496067213473,1.2264484683454668,1.0,0.5202590560765399
2021-06-06 09:00:00,1.5192547622246082,1.0126496067213473,1.2322011518612672,1.0,0.517830340142285
2021-06-06 10:00:00,1.513780533364148,1.0126496067213473,1.2277618245360207,1.0,0.5197045723997326
2021-06-06 11:00:00,1.507559152465813,1.0126496067213473,1.2227165940703684,1.0,0.5218346099014067
2021-06-06 12:00:00,1.501376720636717,1.0126496067213473,1.2177029493625962,1.0,0.5239513122642282
2021-06-06 13:00:00,1.5015199526977894,1.0126496067213473,1.2178191034399608,1.0,0.5239022733665121
2021-06-06 14:00:00,1.4915669996820418,1.0126496067213473,1.2097477535903327,1.0,0.5273099032034213
2021-06-06 15:00:00,1.511118176018425,1.0126496067213473,1.2256027851506184,1.0,0.5206160936651747
2021-06-06 16:00:00,1.5133144009548682,1.0126496067213473,1.2273838143368774,1.0,0.5198641639001946
2021-06-06 17:00:00,1.5158247312884006,1.0126496067213473,1.2294195673770065,1.0,0.5190046926928547
2021-06-06 18:00:00,1.5081894572959709,1.0126496067213473,1.2232277399371343,1.0,0.5216188100737379
2021-06-06 19:00:00,1.5024358840356995,1.0126496067213473,1.2185618781978456,1.0,0.5235886825205909
2021-06-06 20:00:00,1.4963740686790856,1.0126496067213473,1.2136460474499595,1.0,0.5256640889695462
2021-06-06 21:00:00,1.505758700329701,1.0126496067213473,1.2212565169399854,1.0,0.5224510374490133
2021-06-06 22:00:00,1.5043125590815052,1.0126496067213473,1.2200837683167678,1.0,0.5229461582496381
2021-06-06 23:00:00,1.4877977349169784,1.0126496067213473,1.2066910673438924,1.0,0.5286004005117395
2021-06-07 00:00:00,1.4983395308504681,1.0126496067213473,1.2152399395115754,1.0,0.524991166317553
2021-06-07 01:00:00,1.5188074761391541,1.0126496067213473,1.2318384250933563,1.0,0.5179834791562055
2021-06-07 02:00:00,1.5339948859536592,1.0119407519966424,1.2450266677195252,1.0,0.5116889717453909
2021-06-07 03:00:00,1.5339948859536592,1.0110600368342781,1.2439432422610648,1.0,0.5112436371396429
2021-06-07 04:00:00,1.5339948859536592,1.0042523018895841,1.235568601209429,1.0,0.5078012983595389
2021-06-07 05:00:00,1.5339948859536592,1.00037991603776,1.2308049255102544,1.0,0.505843222127495
2021-06-07 06:00:00,1.5339948859536592,1.0013801765497492,1.2320354115403491,1.0,0.506349004972832
2021-06-07 07:00:00,1.5339948859536592,0.9956621540645696,1.22500129722368,1.0,0.503457680515263
2021-06-07 08:00:00,1.5339948859536592,0.9974230322167822,1.2271674688769905,1.0,0.5043480705201094
2021-06-07 09:00:00,1.5339948859536592,0.9962383460845863,1.2257101088010487,1.0,0.5037490326538823
2021-06-07 10:00:00,1.5339948859536592,1.0006750522473422,1.2311679919099705,1.0,0.5059924580815842
2021-06-07 11:00:00,1.5339948859536592,1.0068165910519784,1.2387231014157551,1.0,0.5090979340392212
2021-06-07 12:00:00,1.5339948859536592,1.0037484444691094,1.234948773165012,1.0,0.5075465222919873
2021-06-07 13:00:00,1.5339948859536592,1.0099802634800445,1.242614942271084,1.0,0.5106976485367966
2021-06-07 14:00:00,1.5339948859536592,1.0021366528961058,1.2329660026864875,1.0,0.5067315180824711
2021-06-07 15:00:00,1.5339948859536592,0.994908162494533,1.2240737627637877,1.0,0.5030764238355458
2021-06-07 16:00:00,1.5339948859536592,0.9943060183662834,1.2233330257967339,1.0,0.5027719489844059
2021-06-07 17:00:00,1.5339948859536592,0.9876702851601953,1.2151699753597125,1.0,0.49941658307558123
2021-06-07 18:00:00,1.5339948859536592,0.9860474501368799,1.213173619608982,1.0,0.49859599473307775
2021-06-07 19:00:00,1.5339948859536592,0.9795646687176096,1.2051987251920193,1.0,0.49531796906612885
2021-06-07 20:00:00,1.5339948859536592,0.9833365591715967,1.2098387749141157,1.0,0.4972252296879872
2021-06-07 21:00:00,1.5339948859536592,0.9499176980968745,1.1687280430585203,1.0,0.48032694525138675
2021-06-07 22:00:00,1.5339948859536592,0.9409007209173096,1.1576356683019937,1.0,0.47576750066714635
2021-06-07 23:00:00,1.5339948859536592,0.9418214685870541,1.1587683403722027,1.0,0.47623307775497375
2021-06-08 00:00:00,1.5339948859536592,0.9255873205424859,1.138797650596988,1.0,0.4680242626601202
2021-06-08 01:00:00,1.5339948859536592,0.9288953860833783,1.1428671188864152,1.0,0.46969698969650625
2021-06-08 02:00:00,1.5329210895334917,0.930181783752571,1.1460538841142318,1.0,0.4703474581150437
2021-06-08 03:00:00,1.483968088148756,0.9004769343255512,1.109458557108239,1.0,0.4853677484128435
2021-06-08 04:00:00,1.4890015016275635,0.9035312269176808,1.113221337877607,1.0,0.483823341951504
2021-06-08 05:00:00,1.490102319468447,0.9041992069655848,1.1140442657415097,1.0,0.4834855770940417
2021-06-08 06:00:00,1.4923589278942286,0.9055685247113296,1.1157312169177394,1.0,0.4827931800461608
2021-06-08 07:00:00,1.479228165518158,0.8976007329884552,1.1059151784850045,1.0,0.4868221028321191
2021-06-08 08:00:00,1.4956641073380705,0.9075741189533859,1.1182020383002786,1.0,0.48177904907709823
2021-06-08 09:00:00,1.4932766546951306,0.906125404487131,1.1164172731641628,1.0,0.4825115931654038
2021-06-08 10:00:00,1.4891973136331025,0.9036500463153888,1.1133677191856308,1.0,0.48376326079031284
2021-06-08 11:00:00,1.488673482444271,0.9033321837502905,1.1129761237142815,1.0,0.4839239883514577
2021-06-08 12:00:00,1.5012286211288848,0.9109506850395311,1.1223618486498788,1.0,0.48007168466347916
2021-06-08 13:00:00,1.4924234413624111,0.9056076717054702,1.1157794446340723,1.0,0.4827733853248402
2021-06-08 14:00:00,1.4699305026565468,0.8919588792202514,1.0989646135924045,1.0,0.48967491249285666
2021-06-08 15:00:00,1.44226058528916,0.8751686782967878,1.0782796781309383,1.0,0.498164896347123
2021-06-08 16:00:00,1.4385278905385614,0.8729036662977864,1.0754892632197435,1.0,0.4993102021947956
2021-06-08 17:00:00,1.4598305103244442,0.8858301691728077,1.091414258931892,1.0,0.4927739015750876
2021-06-08 18:00:00,1.4594225307862214,0.8855826057873276,1.0911092695708582,1.0,0.4928990822775231
2021-06-08 19:00:00,1.4850825355955939,0.9011531848651753,1.1102916739262965,1.0,0.48502580157200353
2021-06-08 20:00:00,1.4908365009091686,0.9046447107862259,1.1145931107386484,1.0,0.48326030758943617
2021-06-08 21:00:00,1.5246215681479107,0.9251456056613153,1.1398494902975684,1.0,0.47289400719309665
2021-06-08 22:00:00,1.5184441764093655,0.9213971431308356,1.1352315166428075,1.0,0.4747894214592608
2021-06-08 23:00:00,1.517674103672965,0.9209298603486656,1.1346558407330611,1.0,0.475025703520094
2021-06-09 00:00:00,1.5151099204728218,0.9193739051731104,1.132738958824738,1.0,0.4758124739928622
2021-06-09 01:00:00,1.4930254156253788,0.905972951756429,1.1162294567759095,1.0,0.48258868105899716
2021-06-09 02:00:00,1.4750348230245292,0.8944296590174962,1.1035533789119216,1.0,0.4871329915901066
2021-06-09 03:00:00,1.4750348230245292,0.8850051170382325,1.115180673761575,1.0,0.48200010575337315
2021-06-09 04:00:00,1.4750348230245292,0.885138632529979,1.1150159523360725,1.0,0.4820728222607724
2021-06-09 05:00:00,1.4750348230245292,0.8823931686141269,1.1184031003289336,1.0,0.480577560965322
2021-06-09 06:00:00,1.4750348230245292,0.8675225710199728,1.1367493311800678,1.0,0.47247859128141173
2021-06-09 07:00:00,1.4750348230245292,0.8487673608401787,1.1598881064338151,1.0,0.462263946059539
2021-06-09 08:00:00,1.4750348230245292,0.849550559961867,1.1589218539481347,1.0,0.462690499592634
2021-06-09 09:00:00,1.4750348230245292,0.8524000833743794,1.1554063251329234,1.0,0.4642424347845729
2021-06-09 10:00:00,1.4750348230245292,0.8540518214166047,1.1533685343019633,1.0,0.4651420204431212
2021-06-09 11:00:00,1.4750348230245292,0.8411302747122763,1.1693101719725647,1.0,0.4581045618362978
2021-06-09 12:00:00,1.4750348230245292,0.8278167155125933,1.1857354453337137,1.0,0.45085360156651244
2021-06-09 13:00:00,1.4750348230245292,0.8296537235052214,1.183469082297881,1.0,0.4518540907497612
2021-06-09 14:00:00,1.4750348230245292,0.8240705736328263,1.1903571549383314,1.0,0.4488133412929249
2021-06-09 15:00:00,1.4750348230245292,0.835275413931935,1.176533461204708,1.0,0.4549158305386303
2021-06-09 16:00:00,1.4750348230245292,0.7891038298582648,1.2334965075661475,1.0,0.42976941276334363
2021-06-09 17:00:00,1.4750348230245292,0.7855974652842942,1.2378223978684708,1.0,0.4278597423411887
2021-06-09 18:00:00,1.4750348230245292,0.7842890134651781,1.2394366678383966,1.0,0.4271471205686753
2021-06-09 19:00:00,1.4750348230245292,0.8020039039680441,1.2175813611763489,1.0,0.4367951767566058
2021-06-09 20:00:00,1.4750348230245292,0.792325820199299,1.2295214569185546,1.0,0.4315242045212852
2021-06-09 21:00:00,1.4750348230245292,0.7891654947451745,1.2334204300417917,1.0,0.4298029972945961
2021-06-09 22:00:00,1.4750348230245292,0.7818634361501703,1.2424291636736615,1.0,0.4258260790290972
2021-06-09 23:00:00,1.4750348230245292,0.7689490469773584,1.2583619709173284,1.0,0.4187925186267943
2021-06-10 00:00:00,1.4750348230245292,0.760728622030877,1.268503716251212,1.0,0.41431543073514254
2021-06-10 01:00:00,1.4750348230245292,0.7727034475473364,1.253730072358556,1.0,0.42083727682867456
2021-06-10 02:00:00,1.474002298648412,0.7739812335833661,1.2512772514616903,1.0,0.42123812386578197
2021-06-10 03:00:00,1.4645769527422317,0.7739812335833661,1.2592772786322348,1.0,0.4239316848120207
2021-06-10 04:00:00,1.4706947244917365,0.7739812335833661,1.2540846479631433,1.0,0.4221833573525835
2021-06-10 05:00:00,1.4770785907021888,0.7739812335833661,1.2486661621436201,1.0,0.4203589858248275
2021-06-10 06:00:00,1.476086238426777,0.7739812335833661,1.249508449020417,1.0,0.4206425787412644
2021-06-10 07:00:00,1.4785951290585644,0.7739812335833661,1.2473789576020635,1.0,0.41992559181140166
2021-06-10 08:00:00,1.4708771892649577,0.7739812335833661,1.25392977585999,1.0,0.42213121284859345
2021-06-10 09:00:00,1.4923019948626912,0.7739812335833661,1.2357448701163067,1.0,0.41600846465311647
2021-06-10 10:00:00,1.4523354071125234,0.7739812335833661,1.2696676344474955,1.0,0.42743005501063164
2021-06-10 11:00:00,1.4352997596232548,0.7739812335833661,1.2841271189203785,1.0,0.4322984763107873
2021-06-10 12:00:00,1.4362408937167097,0.7739812335833661,1.2833283049146422,1.0,0.432029520448102
2021-06-10 13:00:00,1.4385497133252287,0.7739812335833661,1.2813686293988686,1.0,0.43136970950945636
2021-06-10 14:00:00,1.435220131355994,0.7739812335833661,1.2841947056496053,1.0,0.4323212323552917
2021-06-10 15:00:00,1.4684227179514993,0.7739812335833661,1.2560130773528417,1.0,0.42283264790884517
2021-06-10 16:00:00,1.4727726621394035,0.7739812335833661,1.2523209399989472,1.0,0.42158952750780243
2021-06-10 17:00:00,1.4763183208137685,0.7739812335833661,1.2493114625734243,1.0,0.4205762545914526
2021-06-10 18:00:00,1.4910563526718212,0.7739812335833661,1.2368021439257701,1.0,0.4163644423744344
2021-06-10 19:00:00,1.4789224452526317,0.7739812335833661,1.2471011387854427,1.0,0.41983205188977046
2021-06-10 20:00:00,1.4819347145789625,0.7739812335833661,1.2445443905561981,1.0,0.41897121016600547
2021-06-10 21:00:00,1.4898439222708142,0.7739812335833661,1.237831228295405,1.0,0.4167109288812101
2021-06-10 22:00:00,1.4811712435541697,0.7739812335833661,1.2451924080404435,1.0,0.41918939374849
2021-06-10 23:00:00,1.4757797296191295,0.7739812335833661,1.2497686069831695,1.0,0.42073017235980903
2021-06-11 00:00:00,1.4817302419931822,0.7739812335833661,1.2447179424086348,1.0,0.41902964402902937
2021-06-11 01:00:00,1.4918182231284278,0.7739812335833661,1.2361554849687455,1.0,0.41614671619987953
2021-06-11 02:00:00,1.4952233498508558,0.7739812335833661,1.2315137370876235,1.0,0.41400344698064684
2021-06-11 03:00:00,1.4975196661952002,0.7739812335833661,1.2334048069787544,1.0,0.41336763368759505
2021-06-11 04:00:00,1.5141263059649046,0.7739812335833661,1.2470807608771333,1.0,0.40876952056415483
2021-06-11 05:00:00,1.5256437676295067,0.7739812335833661,1.256565658299837,1.0,0.40558051951619206
2021-06-11 06:00:00,1.5246890312183792,0.7739812335833661,1.2557794106708915,1.0,0.4058448707686014
2021-06-11 07:00:00,1.5039260918584625,0.7739812335833661,1.2386806474401102,1.0,0.41159379681721686
2021-06-11 08:00:00,1.529985240718033,0.7739812335833661,1.2601409623127569,1.0,0.40437843500901605
2021-06-11 09:00:00,1.525270121327787,0.7739812335833661,1.2562579518843622,1.0,0.40568397620503993
2021-06-11 10:00:00,1.526400545735087,0.7739812335833661,1.2571888826623057,1.0,0.40537097975456315
2021-06-11 11:00:00,1.5431300846194853,0.7739812335833661,1.2709660468386221,1.0,0.4007388378305967
2021-06-11 12:00:00,1.5398522250101376,0.7739812335833661,1.2682666532512104,1.0,0.4016464247654342
2021-06-11 13:00:00,1.5365487957863233,0.7739812335833661,1.2655462024918787,1.0,0.40256109151783087
2021-06-11 14:00:00,1.5425955971945087,0.7739812335833661,1.270525884019135,1.0,0.4008868288557036
2021-06-11 15:00:00,1.5349539941872608,0.7739812335833661,1.2642328463013246,1.0,0.40300266659042994
2021-06-11 16:00:00,1.516871327801822,0.7739812335833661,1.2493413501722783,1.0,0.408009467892001
2021-06-11 17:00:00,1.5098508189782276,0.7739812335833661,1.2435597979530393,1.0,0.409953334574404
2021-06-11 18:00:00,1.520177643917592,0.7739812335833661,1.252064178354246,1.0,0.4070940018053638
2021-06-11 19:00:00,1.531198560165781,0.7739812335833661,1.2611401590835376,1.0,0.40404248624677497
2021-06-11 20:00:00,1.5341011238208626,0.7739812335833661,1.2635304877282538,1.0,0.4032388127632085
2021-06-11 21:00:00,1.5296767556918889,0.7739812335833661,1.259886917722497,1.0,0.40446384958214876
2021-06-11 22:00:00,1.5196175868781492,0.7739812335833661,1.251602958362839,1.0,0.40724907264802973
2021-06-11 23:00:00,1.5381040057242763,0.7739812335833661,1.266826954029137,1.0,0.402130478743388
2021-06-12 00:00:00,1.5372705187752966,0.7739812335833661,1.2661405581509086,1.0,0.4023612579576943
2021-06-12 01:00:00,1.5265267441548735,0.7739812335833661,1.2572928099946847,1.0,0.4053360374291906
2021-06-12 02:00:00,1.4919340033396569,0.7734394467198578,1.2296661400675528,1.0,0.41404503874599785
2021-06-12 03:00:00,1.4919340033396569,0.7881584875552632,1.2062678861146632,1.0,0.4061655003298421
2021-06-12 04:00:00,1.4919340033396569,0.7873367867866369,1.2075741100373085,1.0,0.4066053810833081
2021-06-12 05:00:00,1.4919340033396569,0.7946701349879701,1.195916587956996,1.0,0.40267962263765866
2021-06-12 06:00:00,1.4919340033396569,0.7961334289464521,1.1935904497234546,1.0,0.4018962780509481
2021-06-12 07:00:00,1.4919340033396569,0.7930839918506115,1.1984380144785038,1.0,0.40352873202760453
2021-06-12 08:00:00,1.4919340033396569,0.7938390335865255,1.1972377556790685,1.0,0.40312453582824187
2021-06-12 09:00:00,1.4919340033396569,0.7962246578149397,1.1934454269426515,1.0,0.4018474405361977
2021-06-12 10:00:00,1.4919340033396569,0.794712437835653,1.195849340859574,1.0,0.40265697667063155
2021-06-12 11:00:00,1.4919340033396569,0.7857559849179251,1.2100870457636876,1.0,0.40745163113398286
2021-06-12 12:00:00,1.4919340033396569,0.7874117781984382,1.2074548992736973,1.0,0.4065652359599419
2021-06-12 13:00:00,1.4919340033396569,0.7780645580665092,1.2223137907494486,1.0,0.4115690796843669
2021-06-12 14:00:00,1.4919340033396569,0.7790255591214444,1.2207861268898388,1.0,0.41105462736271065
2021-06-12 15:00:00,1.4919340033396569,0.7858715699714421,1.2099033049570962,1.0,0.4073897550321563
2021-06-12 16:00:00,1.4919340033396569,0.7914952849043024,1.2009635165816739,1.0,0.4043792139004005
2021-06-12 17:00:00,1.4919340033396569,0.7886513798259914,1.2054843555401589,1.0,0.405901640501905
2021-06-12 18:00:00,1.4919340033396569,0.7846176537439156,1.2118966040215802,1.0,0.4080610135194397
2021-06-12 19:00:00,1.4919340033396569,0.7808642374404247,1.2178632555746314,1.0,0.4100703284120271
2021-06-12 20:00:00,1.4919340033396569,0.784264489060988,1.2124580153955098,1.0,0.4082500730320449
2021-06-12 21:00:00,1.4919340033396569,0.7790039803961114,1.2208204297021599,1.0,0.4110661790933658
2021-06-12 22:00:00,1.4919340033396569,0.7824375615330309,1.2153622069614332,1.0,0.4092280814363319
2021-06-12 23:00:00,1.4919340033396569,0.785136825056386,1.2110712987350414,1.0,0.40778308574228883
2021-06-13 00:00:00,1.4919340033396569,0.788192458023857,1.2062138846576427,1.0,0.4061473149320779
2021-06-13 01:00:00,1.4919340033396569,0.7847614406958878,1.2116680318167075,1.0,0.4079840401062617
2021-06-13 02:00:00,1.4919340033396569,0.7825999175336443,1.2142536487493907,1.0,0.40828236688532193
2021-06-13 03:00:00,1.4919340033396569,0.7825999175336443,1.2036140031891427,1.0,0.41186029974921773
2021-06-13 04:00:00,1.4919340033396569,0.7825999175336443,1.18342493016321,1.0,0.41864954356960987
2021-06-13 05:00:00,1.4919340033396569,0.7825999175336443,1.1936471682349166,1.0,0.41521197778490215
2021-06-13 06:00:00,1.4919340033396569,0.7825999175336443,1.187094312186159,1.0,0.41741559245199467
2021-06-13 07:00:00,1.4919340033396569,0.7825999175336443,1.1998556376332417,1.0,0.4131241745240724
2021-06-13 08:00:00,1.4919340033396569,0.7825999175336443,1.19694431379941,1.0,0.41410320349299107
2021-06-13 09:00:00,1.4919340033396569,0.7825999175336443,1.2085318717278597,1.0,0.4102065037307924
2021-06-13 10:00:00,1.4919340033396569,0.7825999175336443,1.2154467752809182,1.0,0.4078811386109622
2021-06-13 11:00:00,1.4919340033396569,0.7825999175336443,1.2201744500087455,1.0,0.4062913015545754
2021-06-13 12:00:00,1.4919340033396569,0.7825999175336443,1.217851368461451,1.0,0.40707251459090343
2021-06-13 13:00:00,1.4919340033396569,0.7825999175336443,1.2174964532250587,1.0,0.4071918665825646
2021-06-13 14:00:00,1.4919340033396569,0.7825999175336443,1.2174166397508461,1.0,0.40721870650413433
2021-06-13 15:00:00,1.4919340033396569,0.7825999175336443,1.2130557673725915,1.0,0.40868519413373255
2021-06-13 16:00:00,1.4919340033396569,0.7825999175336443,1.22223227911621,1.0,0.4055992884278048
2021-06-13 17:00:00,1.4919340033396569,0.7825999175336443,1.256164213506138,1.0,0.39418855275039855
2021-06-13 18:00:00,1.4919340033396569,0.7825999175336443,1.264990904490442,1.0,0.39122028584964874
2021-06-13 19:00:00,1.4919340033396569,0.7825999175336443,1.2713912658586828,1.0,0.3890679525646193
2021-06-13 20:00:00,1.4919340033396569,0.7825999175336443,1.2766589551567147,1.0,0.38729651774101587
2021-06-13 21:00:00,1.4919340033396569,0.7825999175336443,1.331356997009542,1.0,0.36890249132088987
2021-06-13 22:00:00,1.4919340033396569,0.7825999175336443,1.320187186201439,1.0,0.3726587097914682
2021-06-13 23:00:00,1.4919340033396569,0.7825999175336443,1.3195537728848155,1.0,0.37287171597754304
2021-06-14 00:00:00,1.4919340033396569,0.7825999175336443,1.3236487135596302,1.0,0.37149465668236653
2021-06-14 01:00:00,1.4919340033396569,0.7825999175336443,1.327328963800344,1.0,0.3702570507669206
2021-06-14 02:00:00,1.4908896495373192,0.7825999175336443,1.3297739731656912,1.0,0.3688632591890795
2021-06-14 03:00:00,1.4983919726162658,0.7825999175336443,1.3230835662358436,1.0,0.36700709810884896
2021-06-14 04:00:00,1.4983542686726739,0.7825999175336443,1.3231171897845546,1.0,0.3670164264984598
2021-06-14 05:00:00,1.4881928654507148,0.7825999175336443,1.3321789059780291,1.0,0.3695304746116447
2021-06-14 06:00:00,1.4828884156896323,0.7825999175336443,1.336909297760298,1.0,0.37084285653587684
2021-06-14 07:00:00,1.4746662900512053,0.7825999175336443,1.3442416088018978,1.0,0.37287710505413135
2021-06-14 08:00:00,1.477332225456689,0.7825999175336443,1.3418641861657776,1.0,0.37221752195033864
2021-06-14 09:00:00,1.4973480684810612,0.7825999175336443,1.3240144970137875,1.0,0.36726537200706266
2021-06-14 10:00:00,1.4946783245964268,0.7825999175336443,1.3263953159679591,1.0,0.36792589737243225
2021-06-14 11:00:00,1.4862931960503503,0.7825999175336443,1.3338729894221673,1.0,0.3700004746861758
2021-06-14 12:00:00,1.4917404637795837,0.7825999175336443,1.3290152357129634,1.0,0.3686527579528119
2021-06-14 13:00:00,1.4759234690188483,0.7825999175336443,1.3431204842130648,1.0,0.3725660645076143
2021-06-14 14:00:00,1.4396153330357344,0.7825999175336443,1.3754992823579957,1.0,0.38154911525048313
2021-06-14 15:00:00,1.4393007526578876,0.7825999175336443,1.3757798182290577,1.0,0.3816269460567306
2021-06-14 16:00:00,1.4336801991272976,0.7825999175336443,1.3807921044096094,1.0,0.3830175356918411
2021-06-14 17:00:00,1.454133636406084,0.7825999175336443,1.3625521783134904,1.0,0.3779571198933855
2021-06-14 18:00:00,1.4518154151470586,0.7825999175336443,1.3646195171114994,1.0,0.3785306745152121
2021-06-14 19:00:00,1.4697575412738795,0.7825999175336443,1.3486191231386053,1.0,0.37409158600052916
2021-06-14 20:00:00,1.4704925777499627,0.7825999175336443,1.3479636337546466,1.0,0.3739097295161978
2021-06-14 21:00:00,1.4670417147915216,0.7825999175336443,1.3510410375412016,1.0,0.3747635127309787
2021-06-14 22:00:00,1.4502912617909518,0.7825999175336443,1.36597872359575,1.0,0.3789077675982662
2021-06-14 23:00:00,1.4535288499169543,0.7825999175336443,1.3630915136200845,1.0,0.37810675103178876
2021-06-15 00:00:00,1.4408047210744954,0.7825999175336443,1.3744386122304808,1.0,0.3812548469600338
2021-06-15 01:00:00,1.4458025882639471,0.7825999175336443,1.369981624051366,1.0,0.3800183170927378
2021-06-15 02:00:00,1.4603915443330544,0.7825999175336443,1.3551101661988239,1.0,0.3753661903596389
2021-06-15 03:00:00,1.4720638241472397,0.7825999175336443,1.365938986674546,1.0,0.3783663304410192
2021-06-15 04:00:00,1.4774683488899576,0.7825999175336443,1.3709529710141237,1.0,0.3797554619182936
2021-06-15 05:00:00,1.4811775302686219,0.7825999175336443,1.374394120464005,1.0,0.3807088372571641
2021-06-15 06:00:00,1.4749189273422854,0.7825999175336443,1.3685877751229891,1.0,0.37910018103989906
2021-06-15 07:00:00,1.4730215046137405,0.7825999175336443,1.3668274634768447,1.0,0.37861248420004856
2021-06-15 08:00:00,1.4761687442813654,0.7825999175336443,1.3697472781058055,1.0,0.3794214229868892
2021-06-15 09:00:00,1.4555141831498781,0.7825999175336443,1.3505852516586767,1.0,0.37411255636439894
2021-06-15 10:00:00,1.466151904478463,0.7825999175336443,1.3604542726530169,1.0,0.3768467826372866
2021-06-15 11:00:00,1.4599668847989793,0.7825999175336443,1.3547161933048384,1.0,0.3752570396102223
2021-06-15 12:00:00,1.4574559022608566,0.7825999175336443,1.3523866587532456,1.0,0.37461163875655934
2021-06-15 13:00:00,1.4785706332495272,0.7825999175336443,1.3719756023794605,1.0,0.38003878338940883
2021-06-15 14:00:00,1.4732374952388305,0.7825999175336443,1.3670278462418892,1.0,0.37866800052949323
2021-06-15 15:00:00,1.463052255965519,0.7825999175336443,1.357578610158727,1.0,0.37605007626201853
2021-06-15 16:00:00,1.4653995981487005,0.7825999175336443,1.3597563292934132,1.0,0.3766534164389666
2021-06-15 17:00:00,1.4694525340984823,0.7825999175336443,1.3635163930083398,1.0,0.3776951474275803
2021-06-15 18:00:00,1.4883194982429957,0.7825999175336443,1.3810199973508719,1.0,0.38254454585231046
2021-06-15 19:00:00,1.4848497369809568,0.7825999175336443,1.3778009671015652,1.0,0.38165270895319736
2021-06-15 20:00:00,1.4614898017487663,0.7825999175336443,1.356129061614304,1.0,0.3756484767805441
2021-06-15 21:00:00,1.4615860823155435,0.7825999175336443,1.356218384779061,1.0,0.3756732238901101
2021-06-15 22:00:00,1.4620147687934764,0.7825999175336443,1.3566160936229033,1.0,0.3757834096897367
2021-06-15 23:00:00,1.467977208303376,0.7825999175336443,1.3621476768335448,1.0,0.377315942668831
2021-06-16 00:00:00,1.4681840467833351,0.7825999175336443,1.3623395688034603,1.0,0.37736910661143486
2021-06-16 01:00:00,1.458963809692629,0.7825999175336443,1.3537856021586998,1.0,0.37499921801246217
2021-06-16 02:00:00,1.4640879618573703,0.7820520975913707,1.360443744067057,1.0,0.3763162849897162
2021-06-16 03:00:00,1.462378170906534,0.7811388016457856,1.3588552861143233,1.0,0.37675575460868055
2021-06-16 04:00:00,1.4613165431705437,0.7805717262927863,1.3578689953521388,1.0,0.3770286260590701
2021-06-16 05:00:00,1.4706167530891392,0.7855394938479887,1.3665092284754097,1.0,0.37463818194821874
2021-06-16 06:00:00,1.4702614148799855,0.7853496876347948,1.3661791063607944,1.0,0.37472951495434087
2021-06-16 07:00:00,1.4748153738012098,0.7877822143814599,1.3704098997576728,1.0,0.37355900543040704
2021-06-16 08:00:00,1.4660236777189648,0.7830860727959618,1.3622420944753793,1.0,0.3758187456199458
2021-06-16 09:00:00,1.4625547432882433,0.781233118930737,1.3590193282762157,1.0,0.37671036999761365
2021-06-16 10:00:00,1.459291627182371,0.7794901042610145,1.3559877747833573,1.0,0.3775490926443692
2021-06-16 11:00:00,1.4522949008603585,0.7757527574355813,1.3494875616643995,1.0,0.37934746960339377
2021-06-16 12:00:00,1.427624485524411,0.7625748947903259,1.3265678489249804,1.0,0.3856885360490187
2021-06-16 13:00:00,1.4266498644692622,0.7620542946212154,1.3256623905324236,1.0,0.38593904406786816
2021-06-16 14:00:00,1.43301780301376,0.7654557703698034,1.3315784369465062,1.0,0.3843022851855206
2021-06-16 15:00:00,1.4189249141630578,0.7579279622230635,1.3184856308575872,1.0,0.38792459731104434
2021-06-16 16:00:00,1.4162434267513873,0.7564956282994231,1.3159944315667385,1.0,0.38861382323687355
2021-06-16 17:00:00,1.4126183920991546,0.7545592924866326,1.3126266425867716,1.0,0.38954557024171643
2021-06-16 18:00:00,1.430724555497276,0.7642308173087269,1.3294479266327375,1.0,0.3848917213454015
2021-06-16 19:00:00,1.4140390137871917,0.755318126791645,1.3139464517816235,1.0,0.38918042614522397
2021-06-16 20:00:00,1.412922549907813,0.7547217603563624,1.3129092162486646,1.0,0.38946739219532384
2021-06-16 21:00:00,1.407943793662477,0.7520623253589449,1.3082837706941906,1.0,0.39074708788501267
2021-06-16 22:00:00,1.415682635791673,0.7561960781646085,1.315473436377623,1.0,0.38875796400991
2021-06-16 23:00:00,1.4087049193327017,0.7524688855810334,1.3089908841125337,1.0,0.390551454841035
2021-06-17 00:00:00,1.4007679359387302,0.748229294331387,1.3016171379907042,1.0,0.3925915072030906
2021-06-17 01:00:00,1.4106194318855192,0.753491534900475,1.3107695358761566,1.0,0.3900593653831526
2021-06-17 02:00:00,1.4099850485849013,0.7531526749386077,1.3120166638647042,1.0,0.3891874802182192
2021-06-17 03:00:00,1.4112149122929523,0.7538096146291797,1.3131608834162884,1.0,0.3888480102656629
2021-06-17 04:00:00,1.4174470978743843,0.7571385770505048,1.3189590775939803,1.0,0.38712778734193465
2021-06-17 05:00:00,1.4151144089178853,0.7558925560879775,1.3167888303590078,1.0,0.3877716617844501
2021-06-17 06:00:00,1.4122286645984603,0.7543511170099212,1.3141040409392177,1.0,0.38856819190465114
2021-06-17 07:00:00,1.4310606560223906,0.7644103475879963,1.331624626872008,1.0,0.38337014012592746
2021-06-17 08:00:00,1.4299483393947767,0.7638161964341902,1.3305897687616854,1.0,0.38367716444929906
2021-06-17 09:00:00,1.4325435014905126,0.765202419129434,1.3330042112645681,1.0,0.38296084153664767
2021-06-17 10:00:00,1.4406743279581342,0.7695455529163466,1.3405688304608974,1.0,0.3807165511676107
2021-06-17 11:00:00,1.4323817829916505,0.765116036142517,1.3328537543748822,1.0,0.3830054794674825
2021-06-17 12:00:00,1.428414021447333,0.7629966305334857,1.329162296284598,1.0,0.38410067059670006
2021-06-17 13:00:00,1.4151563900180415,0.7559149805653939,1.3168278880166013,1.0,0.3877600740597413
2021-06-17 14:00:00,1.4123151821700866,0.7543973309329446,1.3141845336770408,1.0,0.3885443111154686
2021-06-17 15:00:00,1.4187032454016633,0.7578095564138939,1.320127750635536,1.0,0.38678106246608246
2021-06-17 16:00:00,1.422799140564718,0.7599974054279092,1.3239384194894317,1.0,0.38565050358579706
2021-06-17 17:00:00,1.4048253888491962,0.7503966091664072,1.3072163079305725,1.0,0.3906116619663433
2021-06-17 18:00:00,1.3749655099938296,0.7344467608642335,1.2794357847957032,1.0,0.3988536578818352
2021-06-17 19:00:00,1.3763578223068322,0.7351904735326341,1.2807311405005835,1.0,0.398469348472797
2021-06-17 20:00:00,1.3746154241238322,0.7342597602221265,1.2791100778945546,1.0,0.39895028942962435
2021-06-17 21:00:00,1.376722145245578,0.7353850789975169,1.281070093042133,1.0,0.3983687871748893
2021-06-17 22:00:00,1.3759646601775442,0.7349804634267432,1.280365357046426,1.0,0.39857787003376566
2021-06-17 23:00:00,1.383695753561071,0.7391100771895609,1.287558079416105,1.0,0.3964439149565212
2021-06-18 00:00:00,1.388430126499543,0.7416389732557608,1.2919627642972253,1.0,0.3951371218978384
2021-06-18 01:00:00,1.3739805968788632,0.7339206631244997,1.2785194581853812,1.0,0.3991255159797862
2021-06-18 02:00:00,1.3722724729786633,0.7324951518644921,1.277825250775634,1.0,0.39878660774826924
2021-06-18 03:00:00,1.3722724729786633,0.7348526125194641,1.2819371730407065,1.0,0.3975031538781606
2021-06-18 04:00:00,1.3722724729786633,0.7375558937842677,1.2866522813917431,1.0,0.39603142759760235
2021-06-18 05:00:00,1.3722724729786633,0.7372836768853125,1.2861774761281295,1.0,0.39617962851528726
2021-06-18 06:00:00,1.3722724729786633,0.7315453135003265,1.2761685268300635,1.0,0.39930372082156484
2021-06-18 07:00:00,1.3722724729786633,0.7286455609543743,1.2711107299876205,1.0,0.4008824104254021
2021-06-18 08:00:00,1.3722724729786633,0.7333819013336209,1.2793719340163328,1.0,0.39830384166877186
2021-06-18 09:00:00,1.3722724729786633,0.736497597041906,1.2848063825306986,1.0,0.39660758781764366
2021-06-18 10:00:00,1.3722724729786633,0.7298337351442346,1.2731831632627069,1.0,0.4002355420422021
2021-06-18 11:00:00,1.3722724729786633,0.7357845367529403,1.2835626508602023,1.0,0.39699579365495585
2021-06-18 12:00:00,1.3722724729786633,0.735639471238118,1.2833096251653582,1.0,0.3970747705388437
2021-06-18 13:00:00,1.3722724729786633,0.7283307006356257,1.2705615453586767,1.0,0.4010538273666729
2021-06-18 14:00:00,1.3722724729786633,0.7236461554603291,1.2623906833901368,1.0,0.4036041976654318
2021-06-18 15:00:00,1.3722724729786633,0.7135988594880898,1.2448660218756846,1.0,0.40907416844628053
2021-06-18 16:00:00,1.3722724729786633,0.707560629132867,1.2343340395976723,1.0,0.41236151498233975
2021-06-18 17:00:00,1.3722724729786633,0.7118265288627031,1.241774693185118,1.0,0.41003906454983463
2021-06-18 18:00:00,1.3722724729786633,0.7048561795551923,1.2296168934558045,1.0,0.41383387731833876
2021-06-18 19:00:00,1.3722724729786633,0.6860541310837215,1.1968220463495525,1.0,0.424070129544133
2021-06-18 20:00:00,1.3722724729786633,0.6869445802102754,1.1983751825945492,1.0,0.4235853492890733
2021-06-18 21:00:00,1.3722724729786633,0.6902511003541656,1.2041424702779717,1.0,0.42178520638262956
2021-06-18 22:00:00,1.3722724729786633,0.6932018692288204,1.2092892506533668,1.0,0.42017874235788133
2021-06-18 23:00:00,1.3722724729786633,0.6925770165616193,1.2081993721906084,1.0,0.42051892600942
2021-06-19 00:00:00,1.3722724729786633,0.6968024147785923,1.2155693823625808,1.0,0.41821852549885935
2021-06-19 01:00:00,1.3722724729786633,0.6952510900046465,1.2128635357708708,1.0,0.4190631011148795
2021-06-19 02:00:00,1.3713118822475783,0.7012239254367331,1.2249962027466024,1.0,0.4147178236994291
2021-06-19 03:00:00,1.348313019089211,0.6894633964766399,1.2044539126433034,1.0,0.4216732352291288
2021-06-19 04:00:00,1.33298031690128,0.6816229790231344,1.1907589393638358,1.0,0.4263102145808926
2021-06-19 05:00:00,1.3358321698489646,0.6830812815031406,1.193306177902536,1.0,0.42544774539114405
2021-06-19 06:00:00,1.3487267278901554,0.6896749475564062,1.2048234320473177,1.0,0.4215481196986693
2021-06-19 07:00:00,1.3588028947249144,0.6948274218787642,1.213823335252253,1.0,0.41850084355744993
2021-06-19 08:00:00,1.35909150224322,0.6949750020897408,1.2140811157923694,1.0,0.4184135616754474
2021-06-19 09:00:00,1.3595512209383869,0.6952100804495179,1.214491730644808,1.0,0.4182745316420599
2021-06-19 10:00:00,1.3539847842315662,0.6923636684488764,1.2095198606490705,1.0,0.419957956504557
2021-06-19 11:00:00,1.3561639801306569,0.6934780059839318,1.2114662905244424,1.0,0.41929891504769723
2021-06-19 12:00:00,1.3648868476799747,0.6979384671694443,1.2192574441348134,1.0,0.4166609092859865
2021-06-19 13:00:00,1.3577005584988695,0.6942637393601593,1.2128387426490943,1.0,0.4188342166482607
2021-06-19 14:00:00,1.3584450822417447,0.6946444535276061,1.2135037417235974,1.0,0.41860905469179044
2021-06-19 15:00:00,1.3762752471177284,0.7037619550729359,1.2294294166993562,1.0,0.41321678232159087
2021-06-19 16:00:00,1.3719088701312934,0.701529196755881,1.2255294246807036,1.0,0.4145372801490418
2021-06-19 17:00:00,1.3633015976881218,0.6971278454308915,1.2178415191391012,1.0,0.4171403271595947
2021-06-19 18:00:00,1.3585367217831306,0.6946913136472971,1.213585592988641,1.0,0.41858134068182645
2021-06-19 19:00:00,1.3487366143137072,0.6896800030050034,1.2048322624742516,1.0,0.4215451298054782
2021-06-19 20:00:00,1.3653621565045888,0.6981815175827787,1.2196819838912636,1.0,0.41651716442102843
2021-06-19 21:00:00,1.3709704203879753,0.7010493180197935,1.2246912133855687,1.0,0.41482109001041506
2021-06-19 22:00:00,1.3620829058618114,0.6965046641711021,1.2167529992035635,1.0,0.4175088889933472
2021-06-19 23:00:00,1.350930639848126,0.690801923712955,1.2067919379900252,1.0,0.42088160350883164
2021-06-20 00:00:00,1.3482704314185259,0.6894416191596052,1.2044158738811255,1.0,0.421686114769029
2021-06-20 01:00:00,1.3442010273857097,0.6873607187408015,1.200781134302303,1.0,0.42291680080485416
2021-06-20 02:00:00,1.35207780559636,0.6913885299252376,1.2095096716949154,1.0,0.41938079885878127
2021-06-20 03:00:00,1.350445046973218,0.6905536145235467,1.2080492549327273,1.0,0.41988723984382115
2021-06-20 04:00:00,1.3478873116045011,0.6892457098384793,1.2057614950931694,1.0,0.4206805855357348
2021-06-20 05:00:00,1.3579713048032866,0.6944021861925966,1.2147810969428041,1.0,0.41755278245673383
2021-06-20 06:00:00,1.3551025858735573,0.6929352592484631,1.2122151786548203,1.0,0.4184425874897515
2021-06-20 07:00:00,1.3467796937199186,0.688679326529937,1.2047707891175177,1.0,0.42102414096674906
2021-06-20 08:00:00,1.3513715425640243,0.6910273804724132,1.208877956537318,1.0,0.4195998640290543
2021-06-20 09:00:00,1.3402160040548885,0.6853229666151397,1.1988999137335214,1.0,0.4230600337266094
2021-06-20 10:00:00,1.3271797554386777,0.6786568467149418,1.1872396745987674,1.0,0.4271035527727465
2021-06-20 11:00:00,1.2928428415940048,0.6610985758173827,1.1565271100899515,1.0,0.4377540066881353
2021-06-20 12:00:00,1.2846038656393697,0.6568855538671763,1.1491577791815892,1.0,0.4403095314540412
2021-06-20 13:00:00,1.2862362445512037,0.6577202751024945,1.1506178563119722,1.0,0.4398032082459746
2021-06-20 14:00:00,1.2856928776698746,0.6574424230234668,1.1501318431987884,1.0,0.4399717470947169
2021-06-20 15:00:00,1.3012933167470333,0.6654197484370643,1.164085615913788,1.0,0.43513288014812074
2021-06-20 16:00:00,1.3046283211626275,0.667125111686611,1.1670686020585084,1.0,0.4340984449919334
2021-06-20 17:00:00,1.3107276238983314,0.6702440061278576,1.1725241077447939,1.0,0.43220659347037627
2021-06-20 18:00:00,1.3108817866892606,0.670322837675087,1.1726619982576887,1.0,0.4321587760192307
2021-06-20 19:00:00,1.3247985858280447,0.6774392293930805,1.185109843548609,1.0,0.4278421321720918
2021-06-20 20:00:00,1.3461338047855083,0.6883490495303378,1.2041930754169403,1.0,0.42122447959827297
2021-06-20 21:00:00,1.358853374171091,0.6948532346758822,1.215570061626191,1.0,0.41727918654783897
2021-06-20 22:00:00,1.3482856287662863,0.6894493903632175,1.2061177688567826,1.0,0.42055703749077966
2021-06-20 23:00:00,1.3520698316588982,0.6913844524314154,1.2095025394270071,1.0,0.4193832721752198
2021-06-21 00:00:00,1.35039340623537,0.6905272078968886,1.2080030650072255,1.0,0.4199032575121852
2021-06-21 01:00:00,1.3492724984550177,0.6899540287653092,1.2070004719183933,1.0,0.42025093513726375
2021-06-21 02:00:00,1.3378834865123719,0.6836513364964764,1.1976524461131688,1.0,0.4229054934162132
2021-06-21 03:00:00,1.3378834865123719,0.6865727252613967,1.1925352137048226,1.0,0.4210983275538298
2021-06-21 04:00:00,1.3378834865123719,0.6958941405977966,1.1762074146717543,1.0,0.41533211670667525
2021-06-21 05:00:00,1.3378834865123719,0.7037757050701694,1.1624017214238045,1.0,0.41045659502750764
2021-06-21 06:00:00,1.3378834865123719,0.7000134015197272,1.1689919369711297,1.0,0.41278394927146367
2021-06-21 07:00:00,1.3378834865123719,0.7329469362165318,1.1113041163374786,1.0,0.3924113236400006
2021-06-21 08:00:00,1.3378834865123719,0.7282109010421812,1.1195999628103175,1.0,0.39534102652409
2021-06-21 09:00:00,1.3378834865123719,0.7305477018250058,1.1155067202945286,1.0,0.3938954857413566
2021-06-21 10:00:00,1.3378834865123719,0.7254899978406065,1.124366015932128,1.0,0.39702417237574095
2021-06-21 11:00:00,1.3378834865123719,0.7408067846510955,1.0975364618517065,1.0,0.38754923546296255
2021-06-21 12:00:00,1.3378834865123719,0.7373735178521015,1.103550322225675,1.0,0.38967304816125825
2021-06-21 13:00:00,1.3378834865123719,0.7421275850935615,1.0952228899949565,1.0,0.38673219067272196
2021-06-21 14:00:00,1.3378834865123719,0.7256330910183136,1.1241153676599198,1.0,0.3969356551920654
2021-06-21 15:00:00,1.3378834865123719,0.7307582698344771,1.1151378801541247,1.0,0.3937652287474926
2021-06-21 16:00:00,1.3378834865123719,0.7344470878641185,1.1086763850609553,1.0,0.39148333251520734
2021-06-21 17:00:00,1.3378834865123719,0.7441632697449784,1.0916570956725813,1.0,0.3854729197900537
2021-06-21 18:00:00,1.3378834865123719,0.7427051929206471,1.0942111268473849,1.0,0.3863748835044708
2021-06-21 19:00:00,1.3378834865123719,0.7326316658819091,1.1118563576526688,1.0,0.3926063493048466
2021-06-21 20:00:00,1.3378834865123719,0.7367867970448639,1.1045780480680893,1.0,0.3900359926027245
2021-06-21 21:00:00,1.3378834865123719,0.736590771024997,1.1049214158231062,1.0,0.3901572539478409
2021-06-21 22:00:00,1.3378834865123719,0.7568739381251697,1.069392532685316,1.0,0.37761012307481256
2021-06-21 23:00:00,1.3378834865123719,0.7613968846785176,1.061469941566348,1.0,0.3748122364303701
2021-06-22 00:00:00,1.3378834865123719,0.7549627329047663,1.0727402833887782,1.0,0.37879239120420216
2021-06-22 01:00:00,1.3378834865123719,0.7517163791454872,1.0784267387025726,1.0,0.3808005798305965
2021-06-22 02:00:00,1.3369469680718131,0.7346837509180643,1.1065852720365852,1.0,0.3901977911756993
2021-06-22 03:00:00,1.3488441827782123,0.7412215497498167,1.1164318773317847,1.0,0.38672550169044384
2021-06-22 04:00:00,1.3531012780239413,0.7435609235453671,1.1199552176785148,1.0,0.38548303717885307
2021-06-22 05:00:00,1.3489081992480727,0.7412567283031332,1.1164848598933896,1.0,0.3867068180135778
2021-06-22 06:00:00,1.335651865643095,0.7339720617240448,1.1055133940595,1.0,0.3905757763307582
2021-06-22 07:00:00,1.3465420520351483,0.7399564748517022,1.1145265429048368,1.0,0.38739739545466445
2021-06-22 08:00:00,1.3385473798183278,0.735563214750978,1.1079098360767092,1.0,0.38973069925404863
2021-06-22 09:00:00,1.3007300606101702,0.7147817098827739,1.0766107274403818,1.0,0.40076796159549466
2021-06-22 10:00:00,1.2948856852014874,0.7115700883678107,1.0717736912712927,1.0,0.40247368547963536
2021-06-22 11:00:00,1.3033994653309595,0.7162486104553646,1.0788200323329478,1.0,0.39998887622361323
2021-06-22 12:00:00,1.2808997279848935,0.7038844764823324,1.0601983600878289,1.0,0.40655558980622464
2021-06-22 13:00:00,1.224440484463743,0.6728587964855121,1.0134704578066918,1.0,0.4230336346647852
2021-06-22 14:00:00,1.1988109162482747,0.6587747469602663,0.9922584137836171,1.0,0.4305138123721223
2021-06-22 15:00:00,1.2506782091428867,0.6872770422672649,1.0351858361650135,1.0,0.41537596202722094
2021-06-22 16:00:00,1.2972727608757122,0.7128818425001334,1.0737493294819087,1.0,0.4017769999134195
2021-06-22 17:00:00,1.331919213015839,0.7319208814614339,1.1024241031597646,1.0,0.3916651784126388
2021-06-22 18:00:00,1.342017400774361,0.7374700727435725,1.1107817626211425,1.0,0.3887179481541824
2021-06-22 19:00:00,1.3516444929726266,0.7427603859538687,1.1187495247701966,1.0,0.3859082105947146
2021-06-22 20:00:00,1.3281832774926927,0.7298678971704475,1.0993320952055876,1.0,0.39275553863179463
2021-06-22 21:00:00,1.3476602884477773,0.7405709720170073,1.1154520395738978,1.0,0.387071029945306
2021-06-22 22:00:00,1.3311185967805954,0.7314809240414301,1.1017614815078973,1.0,0.39189884414062354
2021-06-22 23:00:00,1.3356982365475454,0.7339975436248447,1.1055517724534831,1.0,0.3905622426417462
2021-06-23 00:00:00,1.3325757921938963,0.7322816871364753,1.1029675140480206,1.0,0.3914735509576026
2021-06-23 01:00:00,1.3789877328428246,0.7577861382909729,1.1413798712116194,1.0,0.37792788522973314
2021-06-23 02:00:00,1.3924756899772917,0.7646624487769069,1.153350873448095,1.0,0.3731601833355558
2021-06-23 03:00:00,1.3924756899772917,0.7688094006805631,1.1470965537560731,1.0,0.3711364441874816
2021-06-23 04:00:00,1.3924756899772917,0.765572909083531,1.151977742059833,1.0,0.3727158728617212
2021-06-23 05:00:00,1.3924756899772917,0.7690598166738766,1.146718883188735,1.0,0.37101423957533614
2021-06-23 06:00:00,1.3924756899772917,0.757875319620008,1.163587036423813,1.0,0.3764723459303865
2021-06-23 07:00:00,1.3924756899772917,0.7672411480030144,1.1494617496472075,1.0,0.3719017615606659
2021-06-23 08:00:00,1.3924756899772917,0.7651015775421597,1.152688591428033,1.0,0.3729458856793655
2021-06-23 09:00:00,1.3924756899772917,0.7709187951134465,1.1439152226371392,1.0,0.37010704616413054
2021-06-23 10:00:00,1.3924756899772917,0.7662304762602172,1.1509860171887656,1.0,0.3723949758586054
2021-06-23 11:00:00,1.3924756899772917,0.760014664886624,1.1603605342747927,1.0,0.37542833170792084
2021-06-23 12:00:00,1.3924756899772917,0.7668587681858865,1.1500384444523692,1.0,0.3720883653659024
2021-06-23 13:00:00,1.3924756899772917,0.7604846452625638,1.1596517226974237,1.0,0.3751989782676802
2021-06-23 14:00:00,1.3924756899772917,0.7650556379174871,1.1527578763162856,1.0,0.37296830451109003
2021-06-23 15:00:00,1.3924756899772917,0.7631257232927608,1.155668520886507,1.0,0.37391011523598794
2021-06-23 16:00:00,1.3924756899772917,0.7757246653592205,1.136667140283219,1.0,0.3677617506355369
2021-06-23 17:00:00,1.3924756899772917,0.7717105780563331,1.1427210772101963,1.0,0.36972065100558427
2021-06-23 18:00:00,1.3924756899772917,0.773688008665402,1.1397387703290862,1.0,0.3687556521753242
2021-06-23 19:00:00,1.3924756899772917,0.78046410330461,1.1295192493118211,1.0,0.36544887449595675
2021-06-23 20:00:00,1.3924756899772917,0.7895860463272221,1.1157617837802039,1.0,0.36099730774759725
2021-06-23 21:00:00,1.3924756899772917,0.7857973784571645,1.121475749270216,1.0,0.3628462019874669
2021-06-23 22:00:00,1.3924756899772917,0.779688534346902,1.1306889412487922,1.0,0.36582735712565906
2021-06-23 23:00:00,1.3924756899772917,0.7766414311045251,1.1352844992044124,1.0,0.3673143630671519
2021-06-24 00:00:00,1.3924756899772917,0.7720819233557699,1.1421610243634877,1.0,0.36953943211581103
2021-06-24 01:00:00,1.3924756899772917,0.7826813657777786,1.1261752345582154,1.0,0.3643668361765466
2021-06-24 02:00:00,1.3924756899772917,0.7936084970907827,1.1080806708747046,1.0,0.35800997069073487
2021-06-24 03:00:00,1.3924756899772917,0.7974812179271022,1.102673732536557,1.0,0.35626292201599574
2021-06-24 04:00:00,1.3924756899772917,0.7952295907875938,1.1058173645251184,1.0,0.3572786684062838
2021-06-24 05:00:00,1.3924756899772917,0.7963364299713409,1.1042720398116401,1.0,0.3567793548717321
2021-06-24 06:00:00,1.3924756899772917,0.7860175263811503,1.1186788813547233,1.0,0.36143438362385255
2021-06-24 07:00:00,1.3924756899772917,0.7854132651652319,1.119522526758741,1.0,0.3617069758919463
2021-06-24 08:00:00,1.3924756899772917,0.789027399176865,1.1144766170294784,1.0,0.3600765800275871
2021-06-24 09:00:00,1.3924756899772917,0.7763889985279867,1.1321218478347626,1.0,0.3657779724174988
2021-06-24 10:00:00,1.3924756899772917,0.7789731639453374,1.1285139391685475,1.0,0.36461221248836856
2021-06-24 11:00:00,1.3924756899772917,0.7797625470555042,1.1274118339608032,1.0,0.3642561086598806
2021-06-24 12:00:00,1.3924756899772917,0.7651595676708147,1.1477999312245595,1.0,0.37084375513881196
2021-06-24 13:00:00,1.3924756899772917,0.7595550692193094,1.1556247083836413,1.0,0.3733720374514573
2021-06-24 14:00:00,1.3924756899772917,0.7597015125574667,1.155420250036935,1.0,0.37330597442996283
2021-06-24 15:00:00,1.3924756899772917,0.7602203890363529,1.1546958153965285,1.0,0.3730719006345345
2021-06-24 16:00:00,1.3924756899772917,0.7643088826981633,1.148987623647204,1.0,0.37122751325536746
2021-06-24 17:00:00,1.3924756899772917,0.7488712735905207,1.1705409976344645,1.0,0.37819167506112233
2021-06-24 18:00:00,1.3924756899772917,0.7371747809239433,1.186871174090169,1.0,0.38346815712009247
2021-06-24 19:00:00,1.3924756899772917,0.7397088345013264,1.183333229575817,1.0,0.38232500347406506
2021-06-24 20:00:00,1.3924756899772917,0.7402746604225123,1.1825432459970147,1.0,0.38206975000563265
2021-06-24 21:00:00,1.3924756899772917,0.7402987432970597,1.1825096224483038,1.0,0.38205888582103475
2021-06-24 22:00:00,1.3924756899772917,0.7423221912817648,1.1796845650929828,1.0,0.38114607483633123
2021-06-24 23:00:00,1.3924756899772917,0.7426325927759322,1.1792511949095985,1.0,0.38100604756818
2021-06-25 00:00:00,1.3924756899772917,0.7450024449359463,1.1759425018637295,1.0,0.3799369679080476
2021-06-25 01:00:00,1.3924756899772917,0.7470755182379007,1.1730481596201559,1.0,0.37900177011871805
2021-06-25 02:00:00,1.3915009569943075,0.7396890789382783,1.1818096412978691,1.0,0.38129815912536136
2021-06-25 03:00:00,1.3786857845420444,0.7328768356121039,1.1926924632306117,1.0,0.3848097640871551
2021-06-25 04:00:00,1.3828723221705528,0.7351023002420822,1.1891371974941967,1.0,0.38366257185359215
2021-06-25 05:00:00,1.3936294202402877,0.7408205197828278,1.1800021208308074,1.0,0.3807149190539989
2021-06-25 06:00:00,1.40593307362235,0.7473608516395961,1.1695536879768644,1.0,0.37734348020480807
2021-06-25 07:00:00,1.407903561862287,0.7484083166980509,1.1678803220728406,1.0,0.376803528338667
2021-06-25 08:00:00,1.413685847020194,0.7514820430660508,1.1629699254338373,1.0,0.37521907043717173
2021-06-25 09:00:00,1.412953562878257,0.7510927780930389,1.1635917912690852,1.0,0.3754197304466916
2021-06-25 10:00:00,1.434191002804608,0.7623821001011687,1.1455566631514775,1.0,0.36960026139943725
2021-06-25 11:00:00,1.4338802519699358,0.7622169122890277,1.145820557064087,1.0,0.3696854131347714
2021-06-25 12:00:00,1.4521873555183658,0.7719485366143289,1.1302739111828866,1.0,0.36466891289677533
2021-06-25 13:00:00,1.4604448490621,0.7763380253624338,1.1232615333017475,1.0,0.3624062000532165
2021-06-25 14:00:00,1.4645593980802594,0.7785252225455839,1.1197674012902612,1.0,0.3612787340903874
2021-06-25 15:00:00,1.472183791789648,0.7825781703585286,1.1132926605566906,1.0,0.35918950283889295
2021-06-25 16:00:00,1.4794498421941893,0.7864406313250404,1.1071222299205432,1.0,0.35719846457949567
2021-06-25 17:00:00,1.5067331255796692,0.8009437810759465,1.0839528878043314,1.0,0.3497223175617817
2021-06-25 18:00:00,1.517177473131111,0.8064957498199169,1.0750834032125773,1.0,0.34686036444948753
2021-06-25 19:00:00,1.5017111201343905,0.798274201465836,1.0882176443817257,1.0,0.3510984441262496
2021-06-25 20:00:00,1.4963407698023683,0.795419449932463,1.0927782202614147,1.0,0.3525700239229904
2021-06-25 21:00:00,1.497361408322425,0.7959619972897142,1.0919114798946463,1.0,0.35229034924014246
2021-06-25 22:00:00,1.5129169472086332,0.8042309547584765,1.078701500832947,1.0,0.34802783090574907
2021-06-25 23:00:00,1.528121741587753,0.8123134647224154,1.065789378864373,1.0,0.3438614233459864
2021-06-26 00:00:00,1.5214092036094493,0.8087452379026261,1.071489759082179,1.0,0.3457007885015195
2021-06-26 01:00:00,1.5049506076000876,0.7999962365730986,1.0854666267599296,1.0,0.350210761943229
2021-06-26 02:00:00,1.5042306557480418,0.8001736487085319,1.0844236174862831,1.0,0.3493843705549117
2021-06-26 03:00:00,1.5030014579760032,0.8001736487085319,1.0835375181066207,1.0,0.34966987363798624
2021-06-26 04:00:00,1.5044841277301642,0.8001736487085319,1.0846063393974592,1.0,0.3493254971709738
2021-06-26 05:00:00,1.5220189236978674,0.8001736487085319,1.0972467559219052,1.0,0.34525272839141563
2021-06-26 06:00:00,1.5164397132660994,0.8001736487085319,1.0932248360852,1.0,0.3465485994185404
2021-06-26 07:00:00,1.4929464411684712,0.8001736487085319,1.0762890961208955,1.0,0.35200533044096677
2021-06-26 08:00:00,1.4453384665932532,0.8001736487085319,1.0419696418412798,1.0,0.363063130763541
2021-06-26 09:00:00,1.4303219006338086,0.8001736487085319,1.0311445573154143,1.0,0.3665509957565781
2021-06-26 10:00:00,1.460025236293431,0.8001736487085319,1.0525569841035334,1.0,0.3596518668276722
2021-06-26 11:00:00,1.4624921123127468,0.8001736487085319,1.0543352962353514,1.0,0.35907889092005313
2021-06-26 12:00:00,1.4952055455444486,0.8001736487085319,1.0779176306266376,1.0,0.35148061319936375
2021-06-26 13:00:00,1.4720646843067227,0.8001736487085319,1.0612359352525926,1.0,0.3568554905207017
2021-06-26 14:00:00,1.4499994300117198,0.8001736487085319,1.0453296192897281,1.0,0.36198053896558924
2021-06-26 15:00:00,1.470780363445635,0.8001736487085319,1.0603100989517265,1.0,0.3571537969233315
2021-06-26 16:00:00,1.4835981306307966,0.8001736487085319,1.0695501218429102,1.0,0.35417664212144373
2021-06-26 17:00:00,1.470169298090965,0.8001736487085319,1.0598695965004339,1.0,0.3572957277392562
2021-06-26 18:00:00,1.4908621288099049,0.8001736487085319,1.0747865650148674,1.0,0.3524894491222706
2021-06-26 19:00:00,1.4864296670853587,0.8001736487085319,1.0715913089919218,1.0,0.3535189673306129
2021-06-26 20:00:00,1.4859330881464057,0.8001736487085319,1.0712333370692833,1.0,0.353634306636692
2021-06-26 21:00:00,1.4727549007636167,0.8001736487085319,1.061733495847152,1.0,0.3566951754510566
2021-06-26 22:00:00,1.477470516133619,0.8001736487085319,1.0651328705849987,1.0,0.3555998897636312
2021-06-26 23:00:00,1.494187888515854,0.8001736487085319,1.077184025927492,1.0,0.35171698217576886
2021-06-27 00:00:00,1.5183718482078898,0.8001736487085319,1.0946176661181615,1.0,0.34609982665361566
2021-06-27 01:00:00,1.5224848786984602,0.8001736487085319,1.0975826517772085,1.0,0.345144502040645
2021-06-27 02:00:00,1.5450369416240082,0.7996135271544359,1.1146206209148661,1.0,0.33916569921233297
2021-06-27 03:00:00,1.5450369416240082,0.794250951353576,1.1220952376828282,1.0,0.3414403002656072
2021-06-27 04:00:00,1.5450369416240082,0.7927926172855941,1.124127934036711,1.0,0.34205887020853
2021-06-27 05:00:00,1.5450369416240082,0.7928781436444683,1.1240087232730995,1.0,0.34202259317428335
2021-06-27 06:00:00,1.5450369416240082,0.7981298519430838,1.1166886389764856,1.0,0.3397950179061437
2021-06-27 07:00:00,1.5450369416240082,0.7946049963662373,1.1216017526699307,1.0,0.3412901278132986
2021-06-27 08:00:00,1.5450369416240082,0.7895528495716614,1.1286436785181184,1.0,0.3434330566681962
2021-06-27 09:00:00,1.5450369416240082,0.7959741491027437,1.1196933615567364,1.0,0.34070938520523114
2021-06-27 10:00:00,1.5450369416240082,0.8068947199062213,1.1044717433130744,1.0,0.33607729369279743
2021-06-27 11:00:00,1.5450369416240082,0.8036573888406895,1.1089840914764304,1.0,0.33745044661872436
2021-06-27 12:00:00,1.5450369416240082,0.790479019628871,1.1273527380267052,1.0,0.3430402104939188
2021-06-27 13:00:00,1.5450369416240082,0.7885586970240647,1.1300293762831715,1.0,0.3438547384337977
2021-06-27 14:00:00,1.5450369416240082,0.7936123058076813,1.1229854126441525,1.0,0.3417111894586566
2021-06-27 15:00:00,1.5450369416240082,0.7902024600353608,1.1277382201255617,1.0,0.3431575165733202
2021-06-27 16:00:00,1.5450369416240082,0.7915201994906064,1.1259014913232566,1.0,0.3425985815271504
2021-06-27 17:00:00,1.5450369416240082,0.7961542174195755,1.1194423736527233,1.0,0.34063300706190286
2021-06-27 18:00:00,1.5450369416240082,0.7956932035421116,1.120084957028086,1.0,0.34082855164536313
2021-06-27 19:00:00,1.5450369416240082,0.8029907218381835,1.1099133240953483,1.0,0.3377332214497748
2021-06-27 20:00:00,1.5450369416240082,0.800726588144,1.1130691828288952,1.0,0.33869358100025754
2021-06-27 21:00:00,1.5450369416240082,0.8052568048510877,1.1067547483073599,1.0,0.3367720350723007
2021-06-27 22:00:00,1.5450369416240082,0.7995920846485074,1.1146505085137202,1.0,0.3391747943092381
2021-06-27 23:00:00,1.5450369416240082,0.7617889466964628,1.1673423452934675,1.0,0.3552094501529844
2021-06-28 00:00:00,1.5450369416240082,0.7545696448140622,1.1774049564167486,1.0,0.3582716039155438
2021-06-28 01:00:00,1.5450369416240082,0.7579200363653991,1.1727350190957981,1.0,0.35685049502411703
2021-06-28 02:00:00,1.5439554157648714,0.7637696525339758,1.1630212098364163,1.0,0.35339904011443335
2021-06-28 03:00:00,1.5379798408060508,0.7608136327141106,1.167522010518397,1.0,0.35476680140664196
2021-06-28 04:00:00,1.5382530975540922,0.7609488083865251,1.1673161936444703,1.0,0.35470425512358444
2021-06-28 05:00:00,1.5401343304795525,0.7618794237418283,1.1658992497533425,1.0,0.3542736559603567
2021-06-28 06:00:00,1.5339296888078524,0.7588100883417873,1.1705725833923444,1.0,0.35569384879017785
2021-06-28 07:00:00,1.5333227522024668,0.7585098466667543,1.1710297278020898,1.0,0.3558327717225135
2021-06-28 08:00:00,1.5104963444477575,0.7472179937146557,1.1882225690429007,1.0,0.36105755380326976
2021-06-28 09:00:00,1.516501229123777,0.7501885125752913,1.1836996922935847,1.0,0.35968308375132735
2021-06-28 10:00:00,1.538645396845835,0.7611428724706848,1.1670207139739808,1.0,0.35461446095483845
2021-06-28 11:00:00,1.5475266920759079,0.7655363048863248,1.160331325939549,1.0,0.3525816035437805
2021-06-28 12:00:00,1.5514451758060732,0.7674747151062636,1.1573799255527082,1.0,0.35168469397320307
2021-06-28 13:00:00,1.5372434905262624,0.7604493721975214,1.1680766292562235,1.0,0.35493534609349503
2021-06-28 14:00:00,1.5432736266509461,0.7634323825394363,1.1635347331258183,1.0,0.3535550961870126
2021-06-28 15:00:00,1.5407124082864652,0.7621653894382565,1.1654638417791274,1.0,0.35414133857606667
2021-06-28 16:00:00,1.5131481974761927,0.7485298223111412,1.1862251943967546,1.0,0.3604505658648848
2021-06-28 17:00:00,1.5275888696808577,0.7556733881677047,1.1753484858365049,1.0,0.3571452115498395
2021-06-28 18:00:00,1.5474455267052023,0.7654961536964987,1.160392459664478,1.0,0.352600181647659
2021-06-28 19:00:00,1.5491626252143473,0.7663455744234868,1.1590991417504284,1.0,0.35220715153894105
2021-06-28 20:00:00,1.5367046426485242,0.7601828129095092,1.1684824892633896,1.0,0.3550586840609104
2021-06-28 21:00:00,1.5264814132894555,0.7551255474887439,1.1761826215499778,1.0,0.3573986994560925
2021-06-28 22:00:00,1.5275555016951234,0.7556568815674429,1.1753736185900865,1.0,0.35715284921476737
2021-06-28 23:00:00,1.537452716815192,0.7605528730424065,1.1679190400986292,1.0,0.35488745587016385
2021-06-29 00:00:00,1.5339278851329479,0.7588091960931245,1.170573941919565,1.0,0.3556942616369307
2021-06-29 01:00:00,1.5152409112842131,0.749565053822158,1.184648963189007,1.0,0.3599715604198847
2021-06-29 02:00:00,1.5256185295645956,0.7552273520796963,1.1752044819511167,1.0,0.35660150957850595
2021-06-29 03:00:00,1.511677990706666,0.7552273520796963,1.1644670224309825,1.0,0.3533430166428608
2021-06-29 04:00:00,1.523057509489098,0.7552273520796963,1.1732319004267473,1.0,0.3560028909806813
2021-06-29 05:00:00,1.5357739795230643,0.7552273520796963,1.1830265420557575,1.0,0.35897526731378493
2021-06-29 06:00:00,1.5290133803843713,0.7552273520796963,1.177819307219044,1.0,0.35739502965162107
2021-06-29 07:00:00,1.5567970088170549,0.7552273520796963,1.1992191676303718,1.0,0.36388923750808355
2021-06-29 08:00:00,1.5352413155679676,0.7552273520796963,1.182616266835124,1.0,0.35885076124178555
2021-06-29 09:00:00,1.5440981766623967,0.7552273520796963,1.1894381112735684,1.0,0.36092098389259586
2021-06-29 10:00:00,1.5516533622639075,0.7552273520796963,1.1952573626231802,1.0,0.36268694998335477
2021-06-29 11:00:00,1.5695372899880864,0.7552273520796963,1.2090321493768605,1.0,0.3668671795099686
2021-06-29 12:00:00,1.5662517940200194,0.7552273520796963,1.2065015527966132,1.0,0.36609922028607195
2021-06-29 13:00:00,1.5770069318749544,0.7552273520796963,1.2147855121562714,1.0,0.3686131504202906
2021-06-29 14:00:00,1.5988765793757211,0.7552273520796963,1.2316302307967932,1.0,0.37372501106015116
2021-06-29 15:00:00,1.5963543626347005,0.7552273520796963,1.2296875368712779,1.0,0.37313546244108137
2021-06-29 16:00:00,1.5971383663699337,0.7552273520796963,1.2302914022208522,1.0,0.37331871723910687
2021-06-29 17:00:00,1.6008921480336238,0.7552273520796963,1.2331826877781797,1.0,0.37419613461570495
2021-06-29 18:00:00,1.6024958722096885,0.7552273520796963,1.2344179286535466,1.0,0.3745709927149281
2021-06-29 19:00:00,1.598883634527444,0.7552273520796963,1.2316356649056757,1.0,0.37372666014719746
2021-06-29 20:00:00,1.6029152127902324,0.7552273520796963,1.2347409185002538,1.0,0.3746690103262455
2021-06-29 21:00:00,1.5931971822385982,0.7552273520796963,1.227255773146332,1.0,0.3723974959878402
2021-06-29 22:00:00,1.5963199687700504,0.7552273520796963,1.2296610455904753,1.0,0.3731274231417304
2021-06-29 23:00:00,1.5829636846641926,0.7552273520796963,1.219373598212178,1.0,0.370005495227111
2021-06-30 00:00:00,1.5824001544203072,0.7552273520796963,1.2189395487651837,1.0,0.3698737743992839
2021-06-30 01:00:00,1.5809873602877498,0.7552273520796963,1.217851368461451,1.0,0.3695435447182525
2021-06-30 02:00:00,1.5784853007766229,0.7552273520796963,1.2167764337981193,1.0,0.3687004366000892
2021-06-30 03:00:00,1.5784853007766229,0.7552273520796963,1.2151675979370764,1.0,0.36821287562255745
2021-06-30 04:00:00,1.5784853007766229,0.7552273520796963,1.1918831206389153,1.0,0.36115646745333063
2021-06-30 05:00:00,1.5784853007766229,0.7552273520796963,1.179920609197569,1.0,0.3575312040480897
2021-06-30 06:00:00,1.5784853007766229,0.7552273520796963,1.1802334100901213,1.0,0.3576259989943229
2021-06-30 07:00:00,1.5784853007766229,0.7552273520796963,1.188059885408229,1.0,0.3599978282462215
2021-06-30 08:00:00,1.5784853007766229,0.7552273520796963,1.1957440549999745,1.0,0.36232653145851995
2021-06-30 09:00:00,1.5784853007766229,0.7552273520796963,1.174107810852255,1.0,0.35576962369544934
2021-06-30 10:00:00,1.5784853007766229,0.7552273520796963,1.1755447930198872,1.0,0.3562051040619128
2021-06-30 11:00:00,1.5784853007766229,0.7552273520796963,1.1788076357720596,1.0,0.357193915189451
2021-06-30 12:00:00,1.5784853007766229,0.7552273520796963,1.1827436287620592,1.0,0.35838672586469195
2021-06-30 13:00:00,1.5784853007766229,0.7552273520796963,1.1757472135757625,1.0,0.356266448022776
2021-06-30 14:00:00,1.5784853007766229,0.7552273520796963,1.1785457796502812,1.0,0.3571145591595424
2021-06-30 15:00:00,1.5784853007766229,0.7552273520796963,1.174088112207556,1.0,0.3557636539811372
2021-06-30 16:00:00,1.5784853007766229,0.7552273520796963,1.1605585396172011,1.0,0.3516634895097507
2021-06-30 17:00:00,1.5784853007766229,0.7552273520796963,1.1581519086458372,1.0,0.3509341551025751
2021-06-30 18:00:00,1.5784853007766229,0.7552273520796963,1.1776535668981256,1.0,0.35684417227164367
2021-06-30 19:00:00,1.5784853007766229,0.7552273520796963,1.1811959266259449,1.0,0.35791769158674963
2021-06-30 20:00:00,1.5784853007766229,0.7552273520796963,1.1793476503422642,1.0,0.35735756770249205
2021-06-30 21:00:00,1.5784853007766229,0.7552273520796963,1.1733820176846281,1.0,0.35554967060087783
2021-06-30 22:00:00,1.5784853007766229,0.7552273520796963,1.1811843791445693,1.0,0.35791419209904934
2021-06-30 23:00:00,1.5784853007766229,0.7552273520796963,1.184097401137427,1.0,0.3587969893344918
2021-07-01 00:00:00,1.5784853007766229,0.7552273520796963,1.1890774222964884,1.0,0.3603061948682788
2021-07-01 01:00:00,1.5784853007766229,0.7552273520796963,1.1784483053222001,1.0,0.3570850193663079
2021-07-01 02:00:00,1.5773803610660793,0.7552273520796963,1.1853621899798428,1.0,0.3586774290982749
2021-07-01 03:00:00,1.54863974258779,0.7552273520796963,1.1637667016487427,1.0,0.3652127020108399
2021-07-01 04:00:00,1.5411324227433942,0.7552273520796963,1.1581257569968397,1.0,0.36691977675810405
2021-07-01 05:00:00,1.5499433195900922,0.7552273520796963,1.164746199774824,1.0,0.3649162841909164
2021-07-01 06:00:00,1.5497878305163089,0.7552273520796963,1.1646293664338492,1.0,0.3649516405466908
2021-07-01 07:00:00,1.512337111887408,0.7552273520796963,1.1364891732173152,1.0,0.37346748606325253
2021-07-01 08:00:00,1.5058278149352047,0.7552273520796963,1.1315981355912055,1.0,0.37494762234089424
2021-07-01 09:00:00,1.5115885947182637,0.7552273520796963,1.1359267429479702,1.0,0.37363768991546936
2021-07-01 10:00:00,1.5026303448539682,0.7552273520796963,1.1291955802015037,1.0,0.37567468879655963
2021-07-01 11:00:00,1.4986084210791815,0.7552273520796963,1.1261735363991896,1.0,0.3765892261619132
2021-07-01 12:00:00,1.5220059106586448,0.7552273520796963,1.1437542371614933,1.0,0.371268916858681
2021-07-01 13:00:00,1.5193494883138006,0.7552273520796963,1.1417582210425679,1.0,0.3718729555298636
2021-07-01 14:00:00,1.5079793497933733,0.7552273520796963,1.133214782983767,1.0,0.37445838904587486
2021-07-01 15:00:00,1.499354226229597,0.7552273520796963,1.1267339288777036,1.0,0.3764196389903203
2021-07-01 16:00:00,1.5093873395167337,0.7552273520796963,1.1342727360568408,1.0,0.37413822902192834
2021-07-01 17:00:00,1.497375808566949,0.7552273520796963,1.1252473604665183,1.0,0.37686950750550935
2021-07-01 18:00:00,1.512233151169471,0.7552273520796963,1.1364110579021283,1.0,0.37349112548717156
2021-07-01 19:00:00,1.5045459340827327,0.7552273520796963,1.1306349397917717,1.0,0.375239106715826
2021-07-01 20:00:00,1.493768371654545,0.7552273520796963,1.122536759029536,1.0,0.3776897955154988
2021-07-01 21:00:00,1.5079463535655064,0.7552273520796963,1.1331899898619906,1.0,0.3744658919934665
2021-07-01 22:00:00,1.512712274478223,0.7552273520796963,1.136771067615598,1.0,0.37338217857693606
2021-07-01 23:00:00,1.5144515824896165,0.7552273520796963,1.1380779708018538,1.0,0.3729866807367608
2021-07-02 00:00:00,1.512651706059947,0.7552273520796963,1.1367255569537065,1.0,0.37339595111087154
2021-07-02 01:00:00,1.5248218901053654,0.7552273520796963,1.1458701433076401,1.0,0.37062859681078797
2021-07-02 02:00:00,1.5012638078848743,0.7552273520796963,1.1289595360969173,1.0,0.37524396420444
2021-07-02 03:00:00,1.5012638078848743,0.7552273520796963,1.128829117483736,1.0,0.3752873162738082
2021-07-02 04:00:00,1.5012638078848743,0.7552273520796963,1.1165738434263417,1.0,0.3793610560422454
2021-07-02 05:00:00,1.5012638078848743,0.7552273520796963,1.1244920193318424,1.0,0.3767289983723267
2021-07-02 06:00:00,1.5012638078848743,0.7552273520796963,1.1147863612357842,1.0,0.3799552277638197
2021-07-02 07:00:00,1.5012638078848743,0.7552273520796963,1.1180128633848045,1.0,0.3788827156310142
2021-07-02 08:00:00,1.5012638078848743,0.7552273520796963,1.1316385517760197,1.0,0.3743534404461695
2021-07-02 09:00:00,1.5012638078848743,0.7552273520796963,1.132562350286055,1.0,0.3740463632881452
2021-07-02 10:00:00,1.5012638078848743,0.7552273520796963,1.1188004695409706,1.0,0.37862090977459567
2021-07-02 11:00:00,1.5012638078848743,0.7552273520796963,1.1195598862573084,1.0,0.37836847428733744
2021-07-02 12:00:00,1.5012638078848743,0.7552273520796963,1.1203807763303801,1.0,0.3780956046215489
2021-07-02 13:00:00,1.5012638078848743,0.7552273520796963,1.1275038741800016,1.0,0.37572783652035624
2021-07-02 14:00:00,1.5012638078848743,0.7552273520796963,1.135426125667164,1.0,0.3730944240982699
2021-07-02 15:00:00,1.5012638078848743,0.7552273520796963,1.1419912084609076,1.0,0.3709121441480456
2021-07-02 16:00:00,1.5012638078848743,0.7552273520796963,1.1434006804523216,1.0,0.37044362569003053
2021-07-02 17:00:00,1.5012638078848743,0.7552273520796963,1.1395142737058754,1.0,0.3717354947779983
2021-07-02 18:00:00,1.5012638078848743,0.7552273520796963,1.1352406867015468,1.0,0.3731560653219027
2021-07-02 19:00:00,1.5012638078848743,0.7552273520796963,1.1294373980467776,1.0,0.3750851195127708
2021-07-02 20:00:00,1.5012638078848743,0.7552273520796963,1.1302854586642619,1.0,0.374803218165864
2021-07-02 21:00:00,1.5012638078848743,0.7552273520796963,1.1239846094149333,1.0,0.37689766501721217
2021-07-02 22:00:00,1.5012638078848743,0.7552273520796963,1.1347458431614286,1.0,0.37332055481427084
2021-07-02 23:00:00,1.5012638078848743,0.7552273520796963,1.1433881140755306,1.0,0.3704478028425478
2021-07-03 00:00:00,1.5012638078848743,0.7552273520796963,1.145928899609933,1.0,0.3696032277619669
2021-07-03 01:00:00,1.5012638078848743,0.7552273520796963,1.1375471262903887,1.0,0.3723893884909677
2021-07-03 02:00:00,1.5012638078848743,0.7552273520796963,1.1422313281471557,1.0,0.37030698727797823
2021-07-03 03:00:00,1.5012638078848743,0.7552273520796963,1.1373012328634529,1.0,0.37190544515188184
2021-07-03 04:00:00,1.5012638078848743,0.7552273520796963,1.1370736795539955,1.0,0.37197922351889173
2021-07-03 05:00:00,1.5012638078848743,0.7552273520796963,1.1418862622331132,1.0,0.37041886611511554
2021-07-03 06:00:00,1.5012638078848743,0.7552273520796963,1.1432821489523208,1.0,0.3699662853861445
2021-07-03 07:00:00,1.5012638078848743,0.7552273520796963,1.142840627605613,1.0,0.3701094374415368
2021-07-03 08:00:00,1.5012638078848743,0.7552273520796963,1.1702305741645482,1.0,0.36122894462679217
2021-07-03 09:00:00,1.5012638078848743,0.7552273520796963,1.1708191560828907,1.0,0.36103811192525764
2021-07-03 10:00:00,1.5012638078848743,0.7552273520796963,1.1748814921044097,1.0,0.35972100289868275
2021-07-03 11:00:00,1.5012638078848743,0.7552273520796963,1.1739159188823398,1.0,0.3600340654321291
2021-07-03 12:00:00,1.5012638078848743,0.7552273520796963,1.174304797299248,1.0,0.35990798150641823
2021-07-03 13:00:00,1.5012638078848743,0.7552273520796963,1.1722836484267405,1.0,0.36056328756921796
2021-07-03 14:00:00,1.5012638078848743,0.7552273520796963,1.1774205794797858,1.0,0.3588977684632113
2021-07-03 15:00:00,1.5012638078848743,0.7552273520796963,1.1769532461158858,1.0,0.35904928940799574
2021-07-03 16:00:00,1.5012638078848743,0.7552273520796963,1.174173359790651,1.0,0.3599505967721389
2021-07-03 17:00:00,1.5012638078848743,0.7552273520796963,1.1718886566373394,1.0,0.36069135360031124
2021-07-03 18:00:00,1.5012638078848743,0.7552273520796963,1.17905251030358,1.0,0.3583686564430882
2021-07-03 19:00:00,1.5012638078848743,0.7552273520796963,1.175130781849397,1.0,0.359640177045869
2021-07-03 20:00:00,1.5012638078848743,0.7552273520796963,1.1784337011545782,1.0,0.3585692895545688
2021-07-03 21:00:00,1.5012638078848743,0.7552273520796963,1.1780091613981283,1.0,0.3587069357616768
2021-07-03 22:00:00,1.5012638078848743,0.7552273520796963,1.1721566261316108,1.0,0.36060447131438467
2021-07-03 23:00:00,1.5012638078848743,0.7552273520796963,1.1733052608966619,1.0,0.3602320557364333
2021-07-04 00:00:00,1.5012638078848743,0.7552273520796963,1.1762369626388032,1.0,0.3592815260886284
2021-07-04 01:00:00,1.5012638078848743,0.7552273520796963,1.1703946163264407,1.0,0.36117575813236563
2021-07-04 02:00:00,1.5012638078848743,0.7552273520796963,1.1685775861688346,1.0,0.3612464583022293
2021-07-04 03:00:00,1.5012638078848743,0.7552273520796963,1.1734013766975222,1.0,0.36273780468844175
2021-07-04 04:00:00,1.5012638078848743,0.7552273520796963,1.1752353884453863,1.0,0.36330481662152264
2021-07-04 05:00:00,1.5012638078848743,0.7552273520796963,1.1796506019124668,1.0,0.36466984534930985
2021-07-04 06:00:00,1.5012638078848743,0.7552273520796963,1.1943162428910818,1.0,0.36920394577196997
2021-07-04 07:00:00,1.5012638078848743,0.7552273520796963,1.201203636267922,1.0,0.37133328558510825
2021-07-04 08:00:00,1.5012638078848743,0.7552273520796963,1.2072341386003433,1.0,0.373197704822846
2021-07-04 09:00:00,1.5012638078848743,0.7552273520796963,1.205340012022966,1.0,0.3726121074986253
2021-07-04 10:00:00,1.5012638078848743,0.7552273520796963,1.2036347207292575,1.0,0.3720848914030699
2021-07-04 11:00:00,1.5012638078848743,0.7552273520796963,1.2070306991490525,1.0,0.3731348084991579
2021-07-04 12:00:00,1.5012638078848743,0.7552273520796963,1.2047215425057696,1.0,0.3724208984745252
2021-07-04 13:00:00,1.5012638078848743,0.7552273520796963,1.1961410845802067,1.0,0.36976812264538544
2021-07-04 14:00:00,1.5012638078848743,0.7552273520796963,1.199602951570203,1.0,0.3708384101701805
2021-07-04 15:00:00,1.5012638078848743,0.7552273520796963,1.2024837085415703,1.0,0.37172903891395676
2021-07-04 16:00:00,1.5012638078848743,0.7552273520796963,1.204529310904049,1.0,0.3723614672237615
2021-07-04 17:00:00,1.5012638078848743,0.7552273520796963,1.2034584518223794,1.0,0.3720303952561682
2021-07-04 18:00:00,1.5012638078848743,0.7552273520796963,1.2061700721547772,1.0,0.3728687328994493
2021-07-04 19:00:00,1.5012638078848743,0.7552273520796963,1.2048506025917303,1.0,0.3724607993142605
2021-07-04 20:00:00,1.5012638078848743,0.7552273520796963,1.2068177500072172,1.0,0.3730689721135947
2021-07-04 21:00:00,1.5012638078848743,0.7552273520796963,1.2058715357980414,1.0,0.3727764359570089
2021-07-04 22:00:00,1.5012638078848743,0.7552273520796963,1.2181499048181865,1.0,0.3765724758467754
2021-07-04 23:00:00,1.5012638078848743,0.7552273520796963,1.2001443246676278,1.0,0.37100578369264914
2021-07-05 00:00:00,1.5012638078848743,0.7552273520796963,1.1975267823452596,1.0,0.3701965316614909
2021-07-05 01:00:00,1.5012638078848743,0.7552273520796963,1.1824637721546074,1.0,0.36553957865333003
2021-07-05 02:00:00,1.5012638078848743,0.7546986929332404,1.173044423670299,1.0,0.36211976961628295
2021-07-05 03:00:00,1.5012638078848743,0.7518289473515825,1.1685843788049375,1.0,0.360742807368146
2021-07-05 04:00:00,1.5012638078848743,0.7500289097064318,1.1657868316258344,1.0,0.35987911272621
2021-07-05 05:00:00,1.5012638078848743,0.7468141040978595,1.1607905081401253,1.0,0.3583365836649594
2021-07-05 06:00:00,1.5012638078848743,0.7498586742656679,1.1655222584496148,1.0,0.35979743030226097
2021-07-05 07:00:00,1.5012638078848743,0.7488090711565677,1.163891006889431,1.0,0.359293809400814
2021-07-05 08:00:00,1.5012638078848743,0.7476602550948273,1.1621055624897048,1.0,0.3587425841085161
2021-07-05 09:00:00,1.5012638078848743,0.7477756393216864,1.1622848880828294,1.0,0.3587979478053647
2021-07-05 10:00:00,1.5012638078848743,0.7489224886068329,1.1640672757963093,1.0,0.35934822939828454
2021-07-05 11:00:00,1.5012638078848743,0.7522124687874499,1.1691804326229935,1.0,0.3609268287468759
2021-07-05 12:00:00,1.5012638078848743,0.7285615431808321,1.1324231012459394,1.0,0.34957863401422934
2021-07-05 13:00:00,1.5012638078848743,0.7305739926981554,1.1355507705396581,1.0,0.3505442481890004
2021-07-05 14:00:00,1.5012638078848743,0.733514760767937,1.1401211957416966,1.0,0.35195528847023544
2021-07-05 15:00:00,1.5012638078848743,0.7350300528683951,1.1424762026786761,1.0,0.3526823564133196
2021-07-05 16:00:00,1.5012638078848743,0.7331930835294204,1.1396212577245008,1.0,0.35180094119417255
2021-07-05 17:00:00,1.5012638078848743,0.7344550985106932,1.1415826313993,1.0,0.3524064816284545
2021-07-05 18:00:00,1.5012638078848743,0.7354830670772573,1.143180259410773,1.0,0.35289972183674234
2021-07-05 19:00:00,1.5012638078848743,0.7415993052237273,1.1526858743735915,1.0,0.35583441719166586
2021-07-05 20:00:00,1.5012638078848743,0.7446327303241685,1.1574003034610179,1.0,0.3572899161991581
2021-07-05 21:00:00,1.5012638078848743,0.7386932835404432,1.1481694506285738,1.0,0.35444004893277736
2021-07-05 22:00:00,1.5012638078848743,0.7453337769146314,1.1584898422919712,1.0,0.3576262925997082
2021-07-05 23:00:00,1.5012638078848743,0.7414799874436797,1.1525004354079742,1.0,0.355777166096061
2021-07-06 00:00:00,1.5012638078848743,0.7353237581731278,1.1429326678248113,1.0,0.3528232821871161
2021-07-06 01:00:00,1.5012638078848743,0.7431996057792011,1.1551729980827785,1.0,0.35660227391898136
2021-07-06 02:00:00,1.5012638078848743,0.7365517527707033,1.1456436088935984,1.0,0.35316511020068375
2021-07-06 03:00:00,1.5012638078848743,0.7365517527707033,1.150190259869276,1.0,0.35176339847070937
2021-07-06 04:00:00,1.5012638078848743,0.7365517527707033,1.1505438165784474,1.0,0.35165439855206415
2021-07-06 05:00:00,1.5012638078848743,0.7365517527707033,1.1752235013322059,1.0,0.34404576446150475
2021-07-06 06:00:00,1.5012638078848743,0.7365517527707033,1.1801889183236454,1.0,0.34251494908149244
2021-07-06 07:00:00,1.5012638078848743,0.7365517527707033,1.1765388953135905,1.0,0.3436402345048161
2021-07-06 08:00:00,1.5012638078848743,0.7365517527707033,1.183034353587276,1.0,0.3416377143856139
2021-07-06 09:00:00,1.5012638078848743,0.7365517527707033,1.1866218843451812,1.0,0.3405316950382083
2021-07-06 10:00:00,1.5012638078848743,0.7365517527707033,1.1602695129510099,1.0,0.3486560107803792
2021-07-06 11:00:00,1.5012638078848743,0.7365517527707033,1.1503135462145488,1.0,0.3517253898535449
2021-07-06 12:00:00,1.5012638078848743,0.7365517527707033,1.1553051148549858,1.0,0.35018651203958856
2021-07-06 13:00:00,1.5012638078848743,0.7365517527707033,1.1659090990756922,1.0,0.3469173521357071
2021-07-06 14:00:00,1.5012638078848743,0.7365517527707033,1.1584208970355239,1.0,0.34922593062397755
2021-07-06 15:00:00,1.5012638078848743,0.7365517527707033,1.158130851473917,1.0,0.34931535034590167
2021-07-06 16:00:00,1.5012638078848743,0.7365517527707033,1.1552147727948132,1.0,0.3502143640841223
2021-07-06 17:00:00,1.5012638078848743,0.7365517527707033,1.1556668227274813,1.0,0.35007499915451923
2021-07-06 18:00:00,1.5012638078848743,0.7365517527707033,1.1515820710068214,1.0,0.35133430945379485
2021-07-06 19:00:00,1.5012638078848743,0.7365517527707033,1.1481497519838744,1.0,0.3523924777322083
2021-07-06 20:00:00,1.5012638078848743,0.7365517527707033,1.1540274200039737,1.0,0.35058041952656577
2021-07-06 21:00:00,1.5012638078848743,0.7365517527707033,1.151508710536907,1.0,0.3513569261516117
2021-07-06 22:00:00,1.5012638078848743,0.7365517527707033,1.1453484688549143,1.0,0.35325610052662293
2021-07-06 23:00:00,1.5012638078848743,0.7365517527707033,1.1537553749280405,1.0,0.35066428978097003
2021-07-07 00:00:00,1.5012638078848743,0.7365517527707033,1.161044552730385,1.0,0.3484170695562213
2021-07-07 01:00:00,1.5012638078848743,0.7365517527707033,1.1588026431845235,1.0,0.34910824002978236
2021-07-07 02:00:00,1.5012638078848743,0.7365517527707033,1.1614602620599008,1.0,0.3477944795036504
2021-07-07 03:00:00,1.5012638078848743,0.7365517527707033,1.1631658929854145,1.0,0.34830527356238217
2021-07-07 04:00:00,1.5012638078848743,0.7365517527707033,1.1688177058550826,1.0,0.34999785100789305
2021-07-07 05:00:00,1.5012638078848743,0.7365517527707033,1.1772212156101571,1.0,0.35251449326101936
2021-07-07 06:00:00,1.5012638078848743,0.7365517527707033,1.1810845273938524,1.0,0.3536714590949648
2021-07-07 07:00:00,1.5012638078848743,0.7365517527707033,1.17851147683796,1.0,0.35290089442173656
2021-07-07 08:00:00,1.5012638078848743,0.7365517527707033,1.177810816423915,1.0,0.3526910640467538
2021-07-07 09:00:00,1.5012638078848743,0.7365517527707033,1.1807642546015866,1.0,0.35357554535593966
2021-07-07 10:00:00,1.5012638078848743,0.7365517527707033,1.1775727345284976,1.0,0.3526197644379981
2021-07-07 11:00:00,1.5012638078848743,0.7365517527707033,1.1747704325041224,1.0,0.351780544649349
2021-07-07 12:00:00,1.5012638078848743,0.7365517527707033,1.1820276849167817,1.0,0.3539539113253706
2021-07-07 13:00:00,1.5012638078848743,0.7365517527707033,1.1824743007405671,1.0,0.3540876616613388
2021-07-07 14:00:00,1.5012638078848743,0.7365517527707033,1.1812193612205009,1.0,0.3537118384739604
2021-07-07 15:00:00,1.5012638078848743,0.7365517527707033,1.174918172339367,1.0,0.35182478905706466
2021-07-07 16:00:00,1.5012638078848743,0.7365517527707033,1.1722147031702932,1.0,0.35101516725150816
2021-07-07 17:00:00,1.5012638078848743,0.7365517527707033,1.173241749749097,1.0,0.35132274216859394
2021-07-07 18:00:00,1.5012638078848743,0.7365517527707033,1.174893039585785,1.0,0.3518172624221889
2021-07-07 19:00:00,1.5012638078848743,0.7365517527707033,1.1765321026774875,1.0,0.3523081210696281
2021-07-07 20:00:00,1.5012638078848743,0.7365517527707033,1.174784697039939,1.0,0.3517848165231974
2021-07-07 21:00:00,1.5012638078848743,0.7365517527707033,1.1718169943264507,1.0,0.3508960633401631
2021-07-07 22:00:00,1.5012638078848743,0.7365517527707033,1.1616918909510199,1.0,0.34786384659804603
2021-07-07 23:00:00,1.5012638078848743,0.7365517527707033,1.159312430524069,1.0,0.3471512573556178
2021-07-08 00:00:00,1.5012638078848743,0.7365517527707033,1.1488052413678331,1.0,0.34400461542113253
2021-07-08 01:00:00,1.5012638078848743,0.7365517527707033,1.1262129336885882,1.0,0.33723878093550186
2021-07-08 02:00:00,1.5012638078848743,0.7360361665437638,1.1295586466012197,1.0,0.33776719705990044
2021-07-08 03:00:00,1.5012638078848743,0.7376007248921774,1.1319595038318957,1.0,0.3370492208081874
2021-07-08 04:00:00,1.5012638078848743,0.7361191640512833,1.1296860085281548,1.0,0.3377291094811209
2021-07-08 05:00:00,1.5012638078848743,0.7359305937141989,1.1293966422301582,1.0,0.33781564446010803
2021-07-08 06:00:00,1.5012638078848743,0.7263028828419399,1.114622658705697,1.0,0.3422338035985322
2021-07-08 07:00:00,1.5012638078848743,0.7317523885223253,1.1229850730123474,1.0,0.3397330239593074
2021-07-08 08:00:00,1.5012638078848743,0.7182131711156885,1.102208776595293,1.0,0.3459461745104528
2021-07-08 09:00:00,1.5012638078848743,0.71971177411146,1.1045084235480316,1.0,0.3452584651880098
2021-07-08 10:00:00,1.5012638078848743,0.719594692294186,1.104328758323102,1.0,0.34531219406580804
2021-07-08 11:00:00,1.5012638078848743,0.7178473181025427,1.1016473652213636,1.0,0.3461140645577129
2021-07-08 12:00:00,1.5012638078848743,0.72249606383038,1.1087809916569447,1.0,0.34398075387855287
2021-07-08 13:00:00,1.5012638078848743,0.720641567522365,1.1059352167615089,1.0,0.3448317827388024
2021-07-08 14:00:00,1.5012638078848743,0.7184375963760211,1.1025531632457253,1.0,0.34584318569743294
2021-07-08 15:00:00,1.5012638078848743,0.724062835445661,1.1111852452056725,1.0,0.3432617619580723
2021-07-08 16:00:00,1.5012638078848743,0.727094789727019,1.1158378613045596,1.0,0.3418703973135373
2021-07-08 17:00:00,1.5012638078848743,0.7271850910152002,1.115976431081065,1.0,0.34182895802782515
2021-07-08 18:00:00,1.5012638078848743,0.7262187787009869,1.1144935986197364,1.0,0.3422723990116954
2021-07-08 19:00:00,1.5012638078848743,0.7257902902354997,1.1138360714449467,1.0,0.34246903248507454
2021-07-08 20:00:00,1.5012638078848743,0.7295302685876706,1.1195751696885405,1.0,0.34075275540183103
2021-07-08 21:00:00,1.5012638078848743,0.725016089485358,1.1126480393904967,1.0,0.3428243134199299
2021-07-08 22:00:00,1.5012638078848743,0.7228906893127993,1.109386555165545,1.0,0.34379966013731583
2021-07-08 23:00:00,1.5012638078848743,0.7198204455146389,1.104675182764365,1.0,0.3452085958515278
2021-07-09 00:00:00,1.5012638078848743,0.7266532429870155,1.1151602958532656,1.0,0.34207302323264427
2021-07-09 01:00:00,1.5012638078848743,0.7160286767177759,1.0988566106783635,1.0,0.34694863958392974
2021-07-09 02:00:00,1.5002129232193548,0.7217526383789653,1.1084165667300079,1.0,0.34361685796337316
2021-07-09 03:00:00,1.5124477641827447,0.7217526383789653,1.117455527592537,1.0,0.3408145240116699
2021-07-09 04:00:00,1.5124739679076606,0.7217526383789653,1.1174748866054312,1.0,0.34080852216920926
2021-07-09 05:00:00,1.5162335128613917,0.7217526383789653,1.1202523955080297,1.0,0.3399474157193322
2021-07-09 06:00:00,1.514611640203436,0.7217526383789653,1.1190541744994253,1.0,0.34031889817900035
2021-07-09 07:00:00,1.5091111565434465,0.7217526383789653,1.1149904799506856,1.0,0.3415787586183229
2021-07-09 08:00:00,1.510425020505022,0.7217526383789653,1.115961147649833,1.0,0.3412778241314375
2021-07-09 09:00:00,1.5060595718769183,0.7217526383789653,1.1127360040280334,1.0,0.34227771002628127
2021-07-09 10:00:00,1.5110093175992005,0.7217526383789653,1.1163928196741912,1.0,0.3411439935741137
2021-07-09 11:00:00,1.5100949455139754,0.7217526383789653,1.115717292013728,1.0,0.341353426287345
2021-07-09 12:00:00,1.5045632012698755,0.7217526383789653,1.1116305025022373,1.0,0.34262044681942755
2021-07-09 13:00:00,1.5146042847718804,0.7217526383789653,1.1190487403905425,1.0,0.34032058290670864
2021-07-09 14:00:00,1.5343710876479546,0.7217526383789653,1.1336522287488136,1.0,0.3357930877817617
2021-07-09 15:00:00,1.5393355442333474,0.7217526383789653,1.1373199126127365,1.0,0.33465600187417766
2021-07-09 16:00:00,1.5407160667933932,0.7217526383789653,1.138339826923632,1.0,0.3343397995424363
2021-07-09 17:00:00,1.5397244626768367,0.7217526383789653,1.1376072411199019,1.0,0.33456692189660414
2021-07-09 18:00:00,1.5373652080054565,0.7217526383789653,1.1358642506958205,1.0,0.33510729830902397
2021-07-09 19:00:00,1.5328080584424415,0.7217526383789653,1.1324974806112693,1.0,0.33615109241976393
2021-07-09 20:00:00,1.5353351088961784,0.7217526383789653,1.134364436644234,1.0,0.3355722831564998
2021-07-09 21:00:00,1.5390523601184665,0.7217526383789653,1.137110699420758,1.0,0.3347208638909451
2021-07-09 22:00:00,1.5557266637399854,0.7217526383789653,1.1494294846257174,1.0,0.3309016914718338
2021-07-09 23:00:00,1.5598820228542891,0.7217526383789653,1.1524994165125588,1.0,0.3299499256121567
2021-07-10 00:00:00,1.553014348353948,0.7217526383789653,1.1474256569752732,1.0,0.3315229348142494
2021-07-10 01:00:00,1.5628462617710974,0.7217526383789653,1.1546893623922305,1.0,0.3292709803457337
2021-07-10 02:00:00,1.5496924761265132,0.7217526383789653,1.1457740275067798,1.0,0.3315539288160425
2021-07-10 03:00:00,1.5496924761265132,0.7217526383789653,1.144810492075541,1.0,0.3312750845234305
2021-07-10 04:00:00,1.5496924761265132,0.7217526383789653,1.146503896256069,1.0,0.3317651506647642
2021-07-10 05:00:00,1.5496924761265132,0.7217526383789653,1.141881847019646,1.0,0.33042754334077507
2021-07-10 06:00:00,1.5496924761265132,0.7217526383789653,1.1418135810268089,1.0,0.3304077873651617
2021-07-10 07:00:00,1.5496924761265132,0.7217526383789653,1.1472718037675358,1.0,0.3319873808183052
2021-07-10 08:00:00,1.5496924761265132,0.7217526383789653,1.1454887367904456,1.0,0.3314713665298973
2021-07-10 09:00:00,1.5496924761265132,0.7217526383789653,1.1456592319566359,1.0,0.33152070732471267
2021-07-10 10:00:00,1.5496924761265132,0.7217526383789653,1.1445944862474593,1.0,0.33121257307820623
2021-07-10 11:00:00,1.5496924761265132,0.7217526383789653,1.141181186605601,1.0,0.33022477429753977
2021-07-10 12:00:00,1.5496924761265132,0.7217526383789653,1.1466329563420297,1.0,0.33180250027040126
2021-07-10 13:00:00,1.5496924761265132,0.7217526383789653,1.1487509002790075,1.0,0.33241542695659393
2021-07-10 14:00:00,1.5496924761265132,0.7217526383789653,1.1437087264996018,1.0,0.3309562368374124
2021-07-10 15:00:00,1.5496924761265132,0.7217526383789653,1.1472782567718336,1.0,0.331989248298587
2021-07-10 16:00:00,1.5496924761265132,0.7217526383789653,1.1486231987202673,1.0,0.3323784705047003
2021-07-10 17:00:00,1.5496924761265132,0.7217526383789653,1.154533131761857,1.0,0.33408878757757376
2021-07-10 18:00:00,1.5496924761265132,0.7217526383789653,1.133271501495229,1.0,0.32793573491416245
2021-07-10 19:00:00,1.5496924761265132,0.7217526383789653,1.1353310287617195,1.0,0.3285317559893825
2021-07-10 20:00:00,1.5496924761265132,0.7217526383789653,1.1337748358304762,1.0,0.3280813983761473
2021-07-10 21:00:00,1.5496924761265132,0.7217526383789653,1.1308332847659852,1.0,0.32723012223292813
2021-07-10 22:00:00,1.5496924761265132,0.7217526383789653,1.1339490669465233,1.0,0.32813182034375743
2021-07-10 23:00:00,1.5496924761265132,0.7217526383789653,1.1414729303262332,1.0,0.33030920406396685
2021-07-11 00:00:00,1.5496924761265132,0.7217526383789653,1.1369979416614449,1.0,0.32901415563271696
2021-07-11 01:00:00,1.5496924761265132,0.7217526383789653,1.1440201688649334,1.0,0.33104636733312093
2021-07-11 02:00:00,1.5496924761265132,0.7212474115321,1.1407406841543084,1.0,0.3296351572705684
2021-07-11 03:00:00,1.5496924761265132,0.7193577818451916,1.1377522639007054,1.0,0.3304987837724702
2021-07-11 04:00:00,1.5496924761265132,0.7177842715922106,1.1352637816642976,1.0,0.33121793269614735
2021-07-11 05:00:00,1.5496924761265132,0.7178504161476792,1.135368388260287,1.0,0.3311877023333123
2021-07-11 06:00:00,1.5496924761265132,0.7204255439548983,1.139440913235961,1.0,0.330010779343847
2021-07-11 07:00:00,1.5496924761265132,0.718008475864643,1.135618357268885,1.0,0.3311154635441999
2021-07-11 08:00:00,1.5496924761265132,0.7189570489214762,1.1371185109522766,1.0,0.33068193265899704
2021-07-11 09:00:00,1.5496924761265132,0.7226321520959353,1.1429306300339803,1.0,0.32900228266160564
2021-07-11 10:00:00,1.5496924761265132,0.723047703118116,1.143587817576965,1.0,0.32881236138859965
2021-07-11 11:00:00,1.5496924761265132,0.7240974258036039,1.145247937840587,1.0,0.328332601604386
2021-07-11 12:00:00,1.5496924761265132,0.7251958978854924,1.1469851545239806,1.0,0.3278305616501607
2021-07-11 13:00:00,1.5496924761265132,0.7238352098872822,1.1448332474064866,1.0,0.3284524433999107
2021-07-11 14:00:00,1.5496924761265132,0.7275139638975952,1.150651140228878,1.0,0.3267711248435317
2021-07-11 15:00:00,1.5496924761265132,0.7276189791171539,1.1508172201816012,1.0,0.32672312923500463
2021-07-11 16:00:00,1.5496924761265132,0.7280768368842285,1.1515413151902023,1.0,0.32651387230784756
2021-07-11 17:00:00,1.5496924761265132,0.7293825475895817,1.1536062765655752,1.0,0.32591711709344107
2021-07-11 18:00:00,1.5496924761265132,0.7270835947769491,1.1499705180913373,1.0,0.32696781850301704
2021-07-11 19:00:00,1.5496924761265132,0.7285243864088923,1.1522491078721557,1.0,0.3263093266060675
2021-07-11 20:00:00,1.5496924761265132,0.7271516721278696,1.150078181373573,1.0,0.3269367047854238
2021-07-11 21:00:00,1.5496924761265132,0.7259402388895638,1.148162318360665,1.0,0.32749037191773755
2021-07-11 22:00:00,1.5496924761265132,0.7399384025731723,1.170300198684606,1.0,0.32109272415697315
2021-07-11 23:00:00,1.5496924761265132,0.7379549249293167,1.1671633593321482,1.0,0.3219992424399104
2021-07-12 00:00:00,1.5496924761265132,0.7351141451249722,1.1626707098134912,1.0,0.3232975776333595
2021-07-12 01:00:00,1.5496924761265132,0.7330967361831814,1.159480208635818,1.0,0.324219603699829
2021-07-12 02:00:00,1.5496924761265132,0.7315439207651656,1.15864641255415,1.0,0.32399907656312366
2021-07-12 03:00:00,1.5496924761265132,0.7339812213303181,1.1625063280197938,1.0,0.32507855123306584
2021-07-12 04:00:00,1.5496924761265132,0.7378618155869333,1.1686519655341643,1.0,0.32679725727376996
2021-07-12 05:00:00,1.5496924761265132,0.7347436149518857,1.1637137190871376,1.0,0.32541621356933015
2021-07-12 06:00:00,1.5496924761265132,0.7355311000090999,1.1649608470756851,1.0,0.3257649888432437
2021-07-12 07:00:00,1.5496924761265132,0.7363985774209822,1.1663346577275577,1.0,0.32614919254231245
2021-07-12 08:00:00,1.5496924761265132,0.734455599583738,1.1632575935728078,1.0,0.32528865224229697
2021-07-12 09:00:00,1.5496924761265132,0.7343449399188353,1.163082343561345,1.0,0.32523964133779276
2021-07-12 10:00:00,1.5496924761265132,0.7297019520406522,1.1557293149796306,1.0,0.3231832729608242
2021-07-12 11:00:00,1.5496924761265132,0.723592723602509,1.146054223746037,1.0,0.3204775100991751
2021-07-12 12:00:00,1.5496924761265132,0.7184489792949701,1.1379081548992738,1.0,0.3181993578810878
2021-07-12 13:00:00,1.5496924761265132,0.7191363130663132,1.1389966748348117,1.0,0.3185037763867776
2021-07-12 14:00:00,1.5496924761265132,0.7193303963933226,1.1393040416184814,1.0,0.31858973543440605
2021-07-12 15:00:00,1.5496924761265132,0.7159001612380553,1.1338716308949468,1.0,0.3170704923771492
2021-07-12 16:00:00,1.5496924761265132,0.7144931107314152,1.1316433066212919,1.0,0.316447313027436
2021-07-12 17:00:00,1.5496924761265132,0.7105378855380051,1.1253794772387256,1.0,0.31469555312090336
2021-07-12 18:00:00,1.5496924761265132,0.7096862779230275,1.124030799340435,1.0,0.31431837811744184
2021-07-12 19:00:00,1.5496924761265132,0.7074700822309654,1.1205210442659113,1.0,0.313336830274135
2021-07-12 20:00:00,1.5496924761265132,0.7035185028017091,1.1142629886240327,1.0,0.3115866850679446
2021-07-12 21:00:00,1.5496924761265132,0.7039062405422983,1.1148770429277621,1.0,0.31175841319845543
2021-07-12 22:00:00,1.5496924761265132,0.7041657331673608,1.1152879974120058,1.0,0.3118733418698703
2021-07-12 23:00:00,1.5496924761265132,0.7076420765163375,1.1207934289736496,1.0,0.3134130061373373
2021-07-13 00:00:00,1.5496924761265132,0.7087143600909755,1.12249158799945,1.0,0.313887918002688
2021-07-13 01:00:00,1.5496924761265132,0.7081859387453939,1.1216547352315356,1.0,0.31365388143544315
2021-07-13 02:00:00,1.5486076913932245,0.7091957602315443,1.124828594450756,1.0,0.31410112898917053
2021-07-13 03:00:00,1.5452057224648013,0.70763780468613,1.1223577730682166,1.0,0.31479114382452406
2021-07-13 04:00:00,1.5451164061671616,0.707596901660814,1.1222929033934312,1.0,0.3148092596779333
2021-07-13 05:00:00,1.5472506448186152,0.7085742912290987,1.1238429829521817,1.0,0.3143763761441115
2021-07-13 06:00:00,1.533230324212156,0.7021535870143067,1.1136601421698737,1.0,0.31722009089236836
2021-07-13 07:00:00,1.5401455567226061,0.7053204662728065,1.11868261730458,1.0,0.3158174875404498
2021-07-13 08:00:00,1.5495583721948032,0.7096311311764003,1.1255190659106462,1.0,0.3139083042248717
2021-07-13 09:00:00,1.5520830773830585,0.7107873376354644,1.1273527380267052,1.0,0.31339622311200943
2021-07-13 10:00:00,1.5539185039183248,0.7116278840981106,1.1286857928619582,1.0,0.3130239470668187
2021-07-13 11:00:00,1.545597124250793,0.7078170498808396,1.1226420448891357,1.0,0.31471175655068334
2021-07-13 12:00:00,1.5436536764340885,0.7069270343142772,1.1212305351068907,1.0,0.3151059423452853
2021-07-13 13:00:00,1.511383838384241,0.6921488355131844,1.0977932234964076,1.0,0.3216511717278384
2021-07-13 14:00:00,1.521232479978952,0.6966590900481631,1.1049462089448827,1.0,0.3196535906354151
2021-07-13 15:00:00,1.5209696749565778,0.6965387366438301,1.104755335870383,1.0,0.31970689487424236
2021-07-13 16:00:00,1.5317442132493342,0.7014730120695196,1.1125807922930753,1.0,0.3175215159297228
2021-07-13 17:00:00,1.5329319797205636,0.7020169580606332,1.1134434570781815,1.0,0.3172806035335994
2021-07-13 18:00:00,1.531120402039641,0.7011873333482024,1.1121277234649916,1.0,0.3176480423613876
2021-07-13 19:00:00,1.517553677290305,0.6949743565394657,1.1022743255336889,1.0,0.32039975513159735
2021-07-13 20:00:00,1.5096564331304132,0.6913577581544544,1.0965386236081465,1.0,0.3220015380236179
2021-07-13 21:00:00,1.518401013056395,0.6953623999000554,1.102889738364639,1.0,0.3202278916427093
2021-07-13 22:00:00,1.5219933051949721,0.6970075152952269,1.1054987898918782,1.0,0.319499273915536
2021-07-13 23:00:00,1.5220489525217737,0.6970329993790626,1.1055392060766924,1.0,0.3194879870749302
2021-07-14 00:00:00,1.528452603725324,0.6999655963878465,1.1101901240165537,1.0,0.31818914677866483
2021-07-14 01:00:00,1.5149550874160442,0.6937843140699307,1.1003869915924147,1.0,0.32092682213366736
2021-07-14 02:00:00,1.5118213961673928,0.6918645737179915,1.09888072453653,1.0,0.3209077252215908
2021-07-14 03:00:00,1.5118213961673928,0.6951644716924866,1.1041215829219544,1.0,0.31937713268558643
2021-07-14 04:00:00,1.5118213961673928,0.679725243252034,1.079601185484816,1.0,0.3265383140297575
2021-07-14 05:00:00,1.5118213961673928,0.6821410910530755,1.0834380059877087,1.0,0.3254177707156987
2021-07-14 06:00:00,1.5118213961673928,0.6795635736992689,1.079344423840115,1.0,0.3266133012604761
2021-07-14 07:00:00,1.5118213961673928,0.6798847743186515,1.0798545508114654,1.0,0.3264643186936251
2021-07-14 08:00:00,1.5118213961673928,0.6819146253700356,1.0830783359060443,1.0,0.32552281235238
2021-07-14 09:00:00,1.5118213961673928,0.6784560517233821,1.0775854707211912,1.0,0.3271270034666822
2021-07-14 10:00:00,1.5118213961673928,0.6905235290547773,1.0967508934863714,1.0,0.3215297423166127
2021-07-14 11:00:00,1.5118213961673928,0.692598929861107,1.1000470201554495,1.0,0.320567108620681
2021-07-14 12:00:00,1.5118213961673928,0.6932479604069299,1.1010778026841102,1.0,0.3202660686137616
2021-07-14 13:00:00,1.5118213961673928,0.6903535194060362,1.0964808862012692,1.0,0.3216085979362176
2021-07-14 14:00:00,1.5118213961673928,0.7000408616550563,1.1118662069750183,1.0,0.31711531546061683
2021-07-14 15:00:00,1.5118213961673928,0.7019272202859306,1.1148620991283351,1.0,0.31624036524610744
2021-07-14 16:00:00,1.5118213961673928,0.7003605653341354,1.1123739565237327,1.0,0.31696702721997616
2021-07-14 17:00:00,1.5118213961673928,0.7013891771711727,1.1140075855065523,1.0,0.31648992592400177
2021-07-14 18:00:00,1.5118213961673928,0.7013431997189975,1.113934564668443,1.0,0.3165112516576056
2021-07-14 19:00:00,1.5118213961673928,0.6994634703951809,1.1109492011010862,1.0,0.31738312699889765
2021-07-14 20:00:00,1.5118213961673928,0.6991848256501374,1.1105066608589629,1.0,0.31751237086348283
2021-07-14 21:00:00,1.5118213961673928,0.7005701369766087,1.1127067956927896,1.0,0.316869821550526
2021-07-14 22:00:00,1.5118213961673928,0.7016693188565196,1.1144525031713122,1.0,0.31635998773320617
2021-07-14 23:00:00,1.5118213961673928,0.7038651164329641,1.117939842546695,1.0,0.3153415103720701
2021-07-15 00:00:00,1.5118213961673928,0.7010029665729005,1.1133942104664334,1.0,0.31666906208627404
2021-07-15 01:00:00,1.5118213961673928,0.7037254732875202,1.1177180629779255,1.0,0.31540628108855057
2021-07-15 02:00:00,1.5118213961673928,0.6998054366132217,1.1122713877185744,1.0,0.31654771353743383
2021-07-15 03:00:00,1.5118213961673928,0.6998054366132217,1.1117075989220087,1.0,0.3163872502315579
2021-07-15 04:00:00,1.5118213961673928,0.6998054366132217,1.107185401436303,1.0,0.31510016052207723
2021-07-15 05:00:00,1.5118213961673928,0.6998054366132217,1.108571438833161,1.0,0.31549464892646256
2021-07-15 06:00:00,1.5118213961673928,0.6998054366132217,1.1054804497743997,1.0,0.3146149040187658
2021-07-15 07:00:00,1.5118213961673928,0.6998054366132217,1.1018701636855486,1.0,0.3135873588733073
2021-07-15 08:00:00,1.5118213961673928,0.6998054366132217,1.1017788027299604,1.0,0.3135613560845841
2021-07-15 09:00:00,1.5118213961673928,0.6998054366132217,1.0986823795623166,1.0,0.31268006454261377
2021-07-15 10:00:00,1.5118213961673928,0.6998054366132217,1.102953928775814,1.0,0.31389581574622905
2021-07-15 11:00:00,1.5118213961673928,0.6998054366132217,1.0811516046753715,1.0,0.30769052571165156
2021-07-15 12:00:00,1.5118213961673928,0.6998054366132217,1.0816029753444292,1.0,0.3078189930209944
2021-07-15 13:00:00,1.5118213961673928,0.6998054366132217,1.0761450922355076,1.0,0.306265592222545
2021-07-15 14:00:00,1.5118213961673928,0.6998054366132217,1.0793882363429808,1.0,0.30718864288989994
2021-07-15 15:00:00,1.5118213961673928,0.6998054366132217,1.0777423806151751,1.0,0.30672020603431277
2021-07-15 16:00:00,1.5118213961673928,0.6998054366132217,1.0750294017555568,1.0,0.3059480488732665
2021-07-15 17:00:00,1.5118213961673928,0.6998054366132217,1.0722383075807518,1.0,0.3051536588445386
2021-07-15 18:00:00,1.5118213961673928,0.6998054366132217,1.0611928020133374,1.0,0.30200993135435994
2021-07-15 19:00:00,1.5118213961673928,0.6998054366132217,1.0669122016122323,1.0,0.3036377639272217
2021-07-15 20:00:00,1.5118213961673928,0.6998054366132217,1.069615331149501,1.0,0.30440711781364727
2021-07-15 21:00:00,1.5118213961673928,0.6998054366132217,1.0767391082627324,1.0,0.30643465868156733
2021-07-15 22:00:00,1.5118213961673928,0.6998054366132217,1.0741222452039743,1.0,0.3056898576142336
2021-07-15 23:00:00,1.5118213961673928,0.6998054366132217,1.077638113650991,1.0,0.30669052998918994
2021-07-16 00:00:00,1.5118213961673928,0.6998054366132217,1.0815547476280964,1.0,0.30780526664181707
2021-07-16 01:00:00,1.5118213961673928,0.6998054366132217,1.0735553997211622,1.0,0.30552852432657884
2021-07-16 02:00:00,1.5107631211900756,0.6993155728075925,1.0789891689719175,1.0,0.3066451522071307
2021-07-16 03:00:00,1.5156571629900129,0.7015809707357411,1.0824843198788194,1.0,0.30565179052679814
2021-07-16 04:00:00,1.5158706917790683,0.7016798108552377,1.0826368145593361,1.0,0.30560844980243035
2021-07-16 05:00:00,1.5155530142042595,0.7015327614124232,1.0824099405134893,1.0,0.3056729299892404
2021-07-16 06:00:00,1.5108872437155623,0.6993730277545603,1.0790778128730643,1.0,0.30661995860120644
2021-07-16 07:00:00,1.5017877785712614,0.695160985780292,1.0725792979131323,1.0,0.3084669105389659
2021-07-16 08:00:00,1.5097463627245944,0.6988449265370277,1.0782630361724854,1.0,0.3068515274158131
2021-07-16 09:00:00,1.4950418857588905,0.6920383864594496,1.0677616207569374,1.0,0.30983614923642167
2021-07-16 10:00:00,1.4918299181836523,0.6905516021229695,1.0654677475448866,1.0,0.31048809411922856
2021-07-16 11:00:00,1.48758407179459,0.6885862466956533,1.062435514788418,1.0,0.3113498891908454
2021-07-16 12:00:00,1.4770284259106716,0.6837001547305199,1.054897047241086,1.0,0.31349240749389284
2021-07-16 13:00:00,1.5064830341043274,0.6973343677397333,1.0759324827254775,1.0,0.3075138972390025
2021-07-16 14:00:00,1.5090767668782907,0.698534978010856,1.07778483459082,1.0,0.3069874377496882
2021-07-16 15:00:00,1.5132398649170284,0.7004620301401936,1.080757971413191,1.0,0.3061424384153542
2021-07-16 16:00:00,1.5257824223391978,0.7062678415246064,1.0897154206424815,1.0,0.3035966293630667
2021-07-16 17:00:00,1.5228691097294984,0.7049193012750836,1.087634836204071,1.0,0.30418795514809416
2021-07-16 18:00:00,1.5228657807728763,0.7049177603378087,1.087632458781435,1.0,0.3041886308386745
2021-07-16 19:00:00,1.5180530606275682,0.7026900053059493,1.0841953849132155,1.0,0.30516548636340146
2021-07-16 20:00:00,1.5159006523886687,0.7016936792907127,1.0826582113630614,1.0,0.30560236858720724
2021-07-16 21:00:00,1.5119049533115068,0.6998441142929179,1.0798046249361068,1.0,0.30641339033807247
2021-07-16 22:00:00,1.506979524206274,0.6975641875276051,1.0762870583300643,1.0,0.30741312281530536
2021-07-16 23:00:00,1.5004951922713656,0.6945626618497985,1.0716561786667076,1.0,0.30872927153859114
2021-07-17 00:00:00,1.4914061895621633,0.6903554628212515,1.065165135606489,1.0,0.3105740998773839
2021-07-17 01:00:00,1.5028625559950162,0.695658488386221,1.073346865792794,1.0,0.3082487590087403
2021-07-17 02:00:00,1.490297308071614,0.6893592842975744,1.0651192853127924,1.0,0.31015782590820234
2021-07-17 03:00:00,1.490297308071614,0.688061445150944,1.0631140991351276,1.0,0.3107417521383504
2021-07-17 04:00:00,1.490297308071614,0.6875956387228089,1.0623944193399937,1.0,0.31095132864270064
2021-07-17 05:00:00,1.490297308071614,0.6890480139331386,1.0646383666766859,1.0,0.3102978732560834
2021-07-17 06:00:00,1.490297308071614,0.6913258271508528,1.068157631441754,1.0,0.3092730352484963
2021-07-17 07:00:00,1.490297308071614,0.6932393924915401,1.071114126305672,1.0,0.30841208033090844
2021-07-17 08:00:00,1.490297308071614,0.6918971489567628,1.069040334503365,1.0,0.30901598506689826
2021-07-17 09:00:00,1.490297308071614,0.6960256579359066,1.0754189594360752,1.0,0.30715847854108347
2021-07-17 10:00:00,1.490297308071614,0.6939329362767058,1.0721856646509518,1.0,0.30810003980649836
2021-07-17 11:00:00,1.490297308071614,0.6867396452206105,1.0610718930907004,1.0,0.3113364588493735
2021-07-17 12:00:00,1.490297308071614,0.6892581653938735,1.0649630546824187,1.0,0.31020332151556484
2021-07-17 13:00:00,1.490297308071614,0.6917199710515826,1.068766591268406,1.0,0.3090957012832769
2021-07-17 14:00:00,1.490297308071614,0.6943356533018799,1.072807870118005,1.0,0.3079188486050025
2021-07-17 15:00:00,1.490297308071614,0.6946321954781679,1.073266033423166,1.0,0.30778542779123735
2021-07-17 16:00:00,1.490297308071614,0.6971907235655038,1.0772190080034234,1.0,0.30663429002147224
2021-07-17 17:00:00,1.490297308071614,0.6958486998544302,1.0751455558329215,1.0,0.30723809585396783
2021-07-17 18:00:00,1.490297308071614,0.6968965994499565,1.0767645806481194,1.0,0.30676662289680046
2021-07-17 19:00:00,1.490297308071614,0.6969196809388447,1.0768002419876612,1.0,0.30675623802990254
2021-07-17 20:00:00,1.490297308071614,0.6989743730973058,1.079974780470492,1.0,0.3058317870689957
2021-07-17 21:00:00,1.490297308071614,0.6966877669314439,1.0764419304332173,1.0,0.30686058121635346
2021-07-17 22:00:00,1.490297308071614,0.6966928228766288,1.076449741964736,1.0,0.30685830643598533
2021-07-17 23:00:00,1.490297308071614,0.6948078346174222,1.0735373992354889,1.0,0.3077064038993186
2021-07-18 00:00:00,1.490297308071614,0.6918881361849112,1.0690264095993534,1.0,0.30902004011016315
2021-07-18 01:00:00,1.490297308071614,0.7020259657520355,1.0846895491897235,1.0,0.3044588087615913
2021-07-18 02:00:00,1.490297308071614,0.7066604246386654,1.0926151969949378,1.0,0.30171657978656646
2021-07-18 03:00:00,1.490297308071614,0.7066604246386654,1.0928138816009565,1.0,0.3017714481647352
2021-07-18 04:00:00,1.490297308071614,0.7066604246386654,1.091401692555101,1.0,0.30138146061528964
2021-07-18 05:00:00,1.490297308071614,0.7066604246386654,1.0885844467312986,1.0,0.3006034551504866
2021-07-18 06:00:00,1.490297308071614,0.7066604246386654,1.087791746098055,1.0,0.30038454439040824
2021-07-18 07:00:00,1.490297308071614,0.7066604246386654,1.0821297442742324,1.0,0.298820936300748
2021-07-18 08:00:00,1.490297308071614,0.7066604246386654,1.0761026382598624,1.0,0.29715650170419655
2021-07-18 09:00:00,1.490297308071614,0.7066604246386654,1.0777984198630266,1.0,0.2976248056566693
2021-07-18 10:00:00,1.490297308071614,0.7066604246386654,1.0766372187211843,1.0,0.2973041304687053
2021-07-18 11:00:00,1.490297308071614,0.7066604246386654,1.0762575103630154,1.0,0.29719927090153836
2021-07-18 12:00:00,1.490297308071614,0.7066604246386654,1.0787181427913999,1.0,0.2978787946619359
2021-07-18 13:00:00,1.490297308071614,0.7066604246386654,1.0768362429590081,1.0,0.2973590926389735
2021-07-18 14:00:00,1.490297308071614,0.7066604246386654,1.0753191076853583,1.0,0.2969401233308029
2021-07-18 15:00:00,1.490297308071614,0.7066604246386654,1.0625384232253814,1.0,0.2934106328370111
2021-07-18 16:00:00,1.490297308071614,0.7066604246386654,1.0639815187655064,1.0,0.29380915546750513
2021-07-18 17:00:00,1.490297308071614,0.7066604246386654,1.0673513455363042,1.0,0.2947397606780869
2021-07-18 18:00:00,1.490297308071614,0.7066604246386654,1.0714900987139842,1.0,0.29588271120178666
2021-07-18 19:00:00,1.490297308071614,0.7066604246386654,1.0720059994260223,1.0,0.29602518140082656
2021-07-18 20:00:00,1.490297308071614,0.7066604246386654,1.0734307548486686,1.0,0.2964186392579512
2021-07-18 21:00:00,1.490297308071614,0.7066604246386654,1.0732840339088394,1.0,0.29637812107099576
2021-07-18 22:00:00,1.490297308071614,0.7066604246386654,1.0790143017254994,1.0,0.29796058137264214
2021-07-18 23:00:00,1.490297308071614,0.7066604246386654,1.0707303423658412,1.0,0.29567289827535337
2021-07-19 00:00:00,1.490297308071614,0.7066604246386654,1.0781482406223413,1.0,0.2977214115190861
2021-07-19 01:00:00,1.490297308071614,0.7066604246386654,1.0721106060220116,1.0,0.29605406936745216
2021-07-19 02:00:00,1.490297308071614,0.7066604246386654,1.0721798909102642,1.0,0.29565869770634395
2021-07-19 03:00:00,1.490297308071614,0.7066604246386654,1.069076675106517,1.0,0.29480293048969375
2021-07-19 04:00:00,1.490297308071614,0.7066604246386654,1.0699896053987872,1.0,0.2950546873331167
2021-07-19 05:00:00,1.490297308071614,0.7066604246386654,1.0768216387913863,1.0,0.29693874263903064
2021-07-19 06:00:00,1.490297308071614,0.7066604246386654,1.07851674113094,1.0,0.2974061974029905
2021-07-19 07:00:00,1.490297308071614,0.7066604246386654,1.0788142585922602,1.0,0.2974882431599989
2021-07-19 08:00:00,1.490297308071614,0.7066604246386654,1.072397934529177,1.0,0.2957188271310008
2021-07-19 09:00:00,1.490297308071614,0.7066604246386654,1.068511867414536,1.0,0.2946471746747338
2021-07-19 10:00:00,1.490297308071614,0.7066604246386654,1.0649331670835647,1.0,0.2936602841021341
2021-07-19 11:00:00,1.490297308071614,0.7066604246386654,1.0589322127181922,1.0,0.2920054136905118
2021-07-19 12:00:00,1.490297308071614,0.7066604246386654,1.0610888746809584,1.0,0.2926001517692826
2021-07-19 13:00:00,1.490297308071614,0.7066604246386654,1.0417750328169233,1.0,0.2872740147101552
2021-07-19 14:00:00,1.490297308071614,0.7066604246386654,1.0385770597395365,1.0,0.28639211648185503
2021-07-19 15:00:00,1.490297308071614,0.7066604246386654,1.0451282176292682,1.0,0.2881987153482188
2021-07-19 16:00:00,1.490297308071614,0.7066604246386654,1.0410522963355426,1.0,0.287074707209112
2021-07-19 17:00:00,1.490297308071614,0.7066604246386654,1.04185314813211,1.0,0.28729555640434684
2021-07-19 18:00:00,1.490297308071614,0.7066604246386654,1.042954234444439,1.0,0.28759920063290983
2021-07-19 19:00:00,1.490297308071614,0.7066604246386654,1.040216462463044,1.0,0.2868442110812608
2021-07-19 20:00:00,1.490297308071614,0.7066604246386654,1.04315835315934,1.0,0.28765549001642815
2021-07-19 21:00:00,1.490297308071614,0.7066604246386654,1.0436681404988852,1.0,0.287796072985914
2021-07-19 22:00:00,1.490297308071614,0.7066604246386654,1.0420076806034577,1.0,0.28733817149503044
2021-07-19 23:00:00,1.490297308071614,0.7066604246386654,1.0464487060877303,1.0,0.2885628636395985
2021-07-20 00:00:00,1.490297308071614,0.7066604246386654,1.046168170216668,1.0,0.2884855008595883
2021-07-20 01:00:00,1.490297308071614,0.7066604246386654,1.0449590809902984,1.0,0.28815207289731676
2021-07-20 02:00:00,1.490297308071614,0.7061657623414184,1.0390403175217746,1.0,0.28611873580100716
2021-07-20 03:00:00,1.490297308071614,0.6960156591387034,1.024106027785278,1.0,0.29023127545031185
2021-07-20 04:00:00,1.490297308071614,0.6823714662384651,1.004030731414074,1.0,0.29575952311088566
2021-07-20 05:00:00,1.490297308071614,0.6836876649208512,1.0059673119670964,1.0,0.29522623599453124
2021-07-20 06:00:00,1.490297308071614,0.685275320925315,1.0083032995229873,1.0,0.294582961917666
2021-07-20 07:00:00,1.490297308071614,0.685075652061712,1.0080095180115238,1.0,0.29466386219049073
2021-07-20 08:00:00,1.490297308071614,0.6873313331427847,1.0113284000115474,1.0,0.2937499229233888
2021-07-20 09:00:00,1.490297308071614,0.6833885078720312,1.0055271491476092,1.0,0.2953474461142779
2021-07-20 10:00:00,1.490297308071614,0.6782562101687389,0.9979757755916809,1.0,0.2974269104680175
2021-07-20 11:00:00,1.490297308071614,0.6842118822494551,1.006738615796615,1.0,0.29501383770599376
2021-07-20 12:00:00,1.490297308071614,0.6844579481553519,1.0071006633009156,1.0,0.29491413864144905
2021-07-20 13:00:00,1.490297308071614,0.6847884982278136,1.0075870160459046,1.0,0.2947802089412352
2021-07-20 14:00:00,1.490297308071614,0.6808089708191262,1.0017317637249459,1.0,0.29639260281811164
2021-07-20 15:00:00,1.490297308071614,0.6856506522226772,1.0088555408381774,1.0,0.29443088811002094
2021-07-20 16:00:00,1.490297308071614,0.6887696414538944,1.0134446457894997,1.0,0.29316716038006996
2021-07-20 17:00:00,1.490297308071614,0.6836629659978392,1.0059309713639444,1.0,0.2952362433115165
2021-07-20 18:00:00,1.490297308071614,0.6835731727169818,1.0057988545917371,1.0,0.29527262505270585
2021-07-20 19:00:00,1.490297308071614,0.6862750502296666,1.009774244871135,1.0,0.29417789939558064
2021-07-20 20:00:00,1.490297308071614,0.6863403754185681,1.0098703606719956,1.0,0.2941514314450495
2021-07-20 21:00:00,1.490297308071614,0.6879206448292335,1.0121954800101212,1.0,0.29351115021064716
2021-07-20 22:00:00,1.490297308071614,0.6843766956235736,1.0069811129054993,1.0,0.2949470599085407
2021-07-20 23:00:00,1.490297308071614,0.6818193183520627,1.0032183321361312,1.0,0.2959832380849859
2021-07-21 00:00:00,1.490297308071614,0.6868253514676197,1.0105839270946366,1.0,0.2939549326320961
2021-07-21 01:00:00,1.490297308071614,0.6824753402137499,1.004183565726396,1.0,0.2957174362637514
2021-07-21 02:00:00,1.490297308071614,0.6846785143328532,1.0088375403525038,1.0,0.2940352746998452
2021-07-21 03:00:00,1.490297308071614,0.6827849317064709,1.0116276156318935,1.0,0.29322207540110906
2021-07-21 04:00:00,1.490297308071614,0.682510172060622,1.0120324567436443,1.0,0.29310407983639897
2021-07-21 05:00:00,1.490297308071614,0.6632182185712647,1.0404579406765126,1.0,0.28481914796692576
2021-07-21 06:00:00,1.490297308071614,0.6633198704201064,1.0403081630504372,1.0,0.28486280236628575
2021-07-21 07:00:00,1.490297308071614,0.6586388143060988,1.047205405749627,1.0,0.2828525222252348
2021-07-21 08:00:00,1.490297308071614,0.6599367770290641,1.0452929390547707,1.0,0.2834099324810088
2021-07-21 09:00:00,1.490297308071614,0.6596205268326677,1.0457589138914503,1.0,0.2832741187941109
2021-07-21 10:00:00,1.490297308071614,0.6485492344251484,1.0620717691250916,1.0,0.2785195508674407
2021-07-21 11:00:00,1.490297308071614,0.6469057476173449,1.0644933438958826,1.0,0.27781375524966967
2021-07-21 12:00:00,1.490297308071614,0.6437520047696075,1.069140186254082,1.0,0.27645937998426395
2021-07-21 13:00:00,1.490297308071614,0.6453337167577067,1.066809632807074,1.0,0.2771386463978887
2021-07-21 14:00:00,1.490297308071614,0.6442125498806862,1.0684616019073723,1.0,0.27665716114054817
2021-07-21 15:00:00,1.490297308071614,0.6371015305229387,1.078939243096559,1.0,0.2736033329767003
2021-07-21 16:00:00,1.490297308071614,0.6344297695707296,1.0828759153501688,1.0,0.2724559448973758
2021-07-21 17:00:00,1.490297308071614,0.6302519016336414,1.0890317418186943,1.0,0.27066175898263534
2021-07-21 18:00:00,1.490297308071614,0.6284544387826944,1.0916801906353322,1.0,0.26988983833363417
2021-07-21 19:00:00,1.490297308071614,0.6378064088761314,1.0779006490363796,1.0,0.2739060430747569
2021-07-21 20:00:00,1.490297308071614,0.6410214655374559,1.0731634646180077,1.0,0.27528674956517346
2021-07-21 21:00:00,1.490297308071614,0.6370517418622815,1.0790126035664735,1.0,0.27358195123007495
2021-07-21 22:00:00,1.490297308071614,0.63655385525571,1.0797462082656193,1.0,0.2733681337638218
2021-07-21 23:00:00,1.490297308071614,0.6303293506613303,1.0889176255321606,1.0,0.27069501947738583
2021-07-22 00:00:00,1.490297308071614,0.6294608151365332,1.0901973581740037,1.0,0.2703220267862553
2021-07-22 01:00:00,1.490297308071614,0.6314717238197419,1.0872344103057874,1.0,0.2711856117749557
2021-07-22 02:00:00,1.490297308071614,0.6326382572484416,1.0847557773917296,1.0,0.2714963990978683
2021-07-22 03:00:00,1.490297308071614,0.6326382572484416,1.0808615591137647,1.0,0.27052168703073826
2021-07-22 04:00:00,1.490297308071614,0.6326382572484416,1.083234566536418,1.0,0.27111564422706114
2021-07-22 05:00:00,1.490297308071614,0.6326382572484416,1.0874803037327234,1.0,0.27217834050747214
2021-07-22 06:00:00,1.490297308071614,0.6326382572484416,1.0821620092957225,1.0,0.270847186115427
2021-07-22 07:00:00,1.490297308071614,0.6326382572484416,1.086951157380284,1.0,0.2720458966385912
2021-07-22 08:00:00,1.490297308071614,0.6326382572484416,1.0900312782212804,1.0,0.2728168423682967
2021-07-22 09:00:00,1.490297308071614,0.6326382572484416,1.0892531817556588,1.0,0.27262208697445445
2021-07-22 10:00:00,1.490297308071614,0.6326382572484416,1.0821124230521693,1.0,0.2708347748157758
2021-07-22 11:00:00,1.490297308071614,0.6326382572484416,1.079255100675358,1.0,0.27011959492559917
2021-07-22 12:00:00,1.490297308071614,0.6326382572484416,1.0822696725779584,1.0,0.2708741339372725
2021-07-22 13:00:00,1.490297308071614,0.6326382572484416,1.092270131080895,1.0,0.2733772210484398
2021-07-22 14:00:00,1.490297308071614,0.6326382572484416,1.088264513570838,1.0,0.27237462606154533
2021-07-22 15:00:00,1.490297308071614,0.6326382572484416,1.094714800814437,1.0,0.2739891151230257
2021-07-22 16:00:00,1.490297308071614,0.6326382572484416,1.102486595411914,1.0,0.27593437382110153
2021-07-22 17:00:00,1.490297308071614,0.6326382572484416,1.097431175992107,1.0,0.27466901631898827
2021-07-22 18:00:00,1.490297308071614,0.6326382572484416,1.0991792608932656,1.0,0.2751065571361449
2021-07-22 19:00:00,1.490297308071614,0.6326382572484416,1.0951872286554147,1.0,0.27410736250531925
2021-07-22 20:00:00,1.490297308071614,0.6326382572484416,1.097944699281509,1.0,0.27479754977839
2021-07-22 21:00:00,1.490297308071614,0.6326382572484416,1.0935257498645718,1.0,0.2736914989581014
2021-07-22 22:00:00,1.490297308071614,0.6326382572484416,1.0895180945636835,1.0,0.2726883939177966
2021-07-22 23:00:00,1.490297308071614,0.6326382572484416,1.091781061281465,1.0,0.27325480822996195
2021-07-23 00:00:00,1.490297308071614,0.6326382572484416,1.0952279844720338,1.0,0.27411756357352574
2021-07-23 01:00:00,1.490297308071614,0.6326382572484416,1.097668918255719,1.0,0.27472852255019276
2021-07-23 02:00:00,1.490297308071614,0.6326382572484416,1.111298682228596,1.0,0.2777506220198204
2021-07-23 03:00:00,1.490297308071614,0.6326382572484416,1.1069140356239802,1.0,0.27665467521230197
2021-07-23 04:00:00,1.490297308071614,0.6326382572484416,1.1054804497743997,1.0,0.2762963489942899
2021-07-23 05:00:00,1.490297308071614,0.6326382572484416,1.1083897358174004,1.0,0.27702352795271
2021-07-23 06:00:00,1.490297308071614,0.6326382572484416,1.1065496106970434,1.0,0.27656358683705273
2021-07-23 07:00:00,1.490297308071614,0.6326382572484416,1.1049703228030492,1.0,0.27616884224720295
2021-07-23 08:00:00,1.490297308071614,0.6326382572484416,1.1023626298030305,1.0,0.2755170467717477
2021-07-23 09:00:00,1.490297308071614,0.6326382572484416,1.0966557965809267,1.0,0.2740906180957808
2021-07-23 10:00:00,1.490297308071614,0.6326382572484416,1.0969787864276337,1.0,0.27417134973125323
2021-07-23 11:00:00,1.490297308071614,0.6326382572484416,1.0967790829261999,1.0,0.27412143364118197
2021-07-23 12:00:00,1.490297308071614,0.6326382572484416,1.0958899268602909,1.0,0.273899188192531
2021-07-23 13:00:00,1.490297308071614,0.6326382572484416,1.1003971805465695,1.0,0.2750257807628314
2021-07-23 14:00:00,1.490297308071614,0.6326382572484416,1.1041056202271118,1.0,0.27595270897284646
2021-07-23 15:00:00,1.490297308071614,0.6326382572484416,1.1019360522557495,1.0,0.27541042328683346
2021-07-23 16:00:00,1.490297308071614,0.6326382572484416,1.0965111134319285,1.0,0.27405445439787196
2021-07-23 17:00:00,1.490297308071614,0.6326382572484416,1.0916574353043866,1.0,0.2728412726917335
2021-07-23 18:00:00,1.490297308071614,0.6326382572484416,1.0923451897098357,1.0,0.2730131775937649
2021-07-23 19:00:00,1.490297308071614,0.6326382572484416,1.0898241028201328,1.0,0.27238302940226916
2021-07-23 20:00:00,1.490297308071614,0.6326382572484416,1.093632054619587,1.0,0.2733348307660103
2021-07-23 21:00:00,1.490297308071614,0.6326382572484416,1.1016721583431401,1.0,0.2753444627392392
2021-07-23 22:00:00,1.490297308071614,0.6326382572484416,1.105861177027984,1.0,0.2763915121524021
2021-07-23 23:00:00,1.490297308071614,0.6326382572484416,1.1240678192071973,1.0,0.280942280588548
2021-07-24 00:00:00,1.490297308071614,0.6326382572484416,1.1415408566872653,1.0,0.2853096837958604
2021-07-24 01:00:00,1.490297308071614,0.6326382572484416,1.1385334170525734,1.0,0.28455797124895293
2021-07-24 02:00:00,1.490297308071614,0.6326382572484416,1.1401232335325273,1.0,0.28455641351326005
2021-07-24 03:00:00,1.490297308071614,0.6326382572484416,1.1419456977990163,1.0,0.2850113106000217
2021-07-24 04:00:00,1.490297308071614,0.6326382572484416,1.1420920791070401,1.0,0.2850478481781794
2021-07-24 05:00:00,1.490297308071614,0.6326382572484416,1.1424286542259536,1.0,0.2851318591757531
2021-07-24 06:00:00,1.490297308071614,0.6326382572484416,1.1446726015626458,1.0,0.2856919607508992
2021-07-24 07:00:00,1.490297308071614,0.6326382572484416,1.1493354066156878,1.0,0.28685582249226155
2021-07-24 08:00:00,1.490297308071614,0.6326382572484416,1.1470459486171043,1.0,0.2862843612060409
2021-07-24 09:00:00,1.490297308071614,0.6326382572484416,1.1407230233004402,1.0,0.2847061243323471
2021-07-24 10:00:00,1.490297308071614,0.6326382572484416,1.1476538895483408,1.0,0.28643610660024577
2021-07-24 11:00:00,1.490297308071614,0.6326382572484416,1.1490820412890386,1.0,0.2867925811156823
2021-07-24 12:00:00,1.490297308071614,0.6326382572484416,1.149136042746059,1.0,0.28680606017583793
2021-07-24 13:00:00,1.490297308071614,0.6326382572484416,1.1473709762546425,1.0,0.2863654898888644
2021-07-24 14:00:00,1.490297308071614,0.6326382572484416,1.145926522187297,1.0,0.28600494622319217
2021-07-24 15:00:00,1.490297308071614,0.6326382572484416,1.1482366977259952,1.0,0.2865815787211706
2021-07-24 16:00:00,1.490297308071614,0.6326382572484416,1.1483137941457666,1.0,0.2866008224108268
2021-07-24 17:00:00,1.490297308071614,0.6326382572484416,1.1677033739023523,1.0,0.29144056797236617
2021-07-24 18:00:00,1.490297308071614,0.6326382572484416,1.16362303739516,1.0,0.2904220935779655
2021-07-24 19:00:00,1.490297308071614,0.6326382572484416,1.1626347088421443,1.0,0.29017540134492853
2021-07-24 20:00:00,1.490297308071614,0.6326382572484416,1.1482078290225568,1.0,0.286574372934295
2021-07-24 21:00:00,1.490297308071614,0.6326382572484416,1.150447700777587,1.0,0.28713345722188216
2021-07-24 22:00:00,1.490297308071614,0.6326382572484416,1.156281895926626,1.0,0.28858970436246933
2021-07-24 23:00:00,1.490297308071614,0.6326382572484416,1.153730921438069,1.0,0.2879529671245517
2021-07-25 00:00:00,1.490297308071614,0.6326382572484416,1.1618596690627692,1.0,0.28998194716080816
2021-07-25 01:00:00,1.490297308071614,0.6326382572484416,1.1536368434280397,1.0,0.28792948473673335
2021-07-25 02:00:00,1.490297308071614,0.6321954104683677,1.1506164977847515,1.0,0.28677354533917604
2021-07-25 03:00:00,1.490297308071614,0.6370482120301947,1.1594479436143277,1.0,0.28897485064077827
2021-07-25 04:00:00,1.490297308071614,0.6368802498179252,1.1591422749896836,1.0,0.2888986604022888
2021-07-25 05:00:00,1.490297308071614,0.6405405196726387,1.1658034735842875,1.0,0.29055901501061576
2021-07-25 06:00:00,1.490297308071614,0.639567271964877,1.1640322937203778,1.0,0.29011753490647946
2021-07-25 07:00:00,1.490297308071614,0.6422216347927762,1.1688628768851688,1.0,0.2913215946420749
2021-07-25 08:00:00,1.490297308071614,0.6466364282299405,1.1768972068680346,1.0,0.29332421273286075
2021-07-25 09:00:00,1.490297308071614,0.6442709604071447,1.1725923737376311,1.0,0.2922512002074672
2021-07-25 10:00:00,1.490297308071614,0.6430474490031014,1.1703657476230018,1.0,0.2916961966479815
2021-07-25 11:00:00,1.490297308071614,0.6402085143663859,1.1651992686029076,1.0,0.2904084123058682
2021-07-25 12:00:00,1.490297308071614,0.6409231002672526,1.1664997187848654,1.0,0.2907325594427307
2021-07-25 13:00:00,1.490297308071614,0.6390641318267897,1.1631166463736664,1.0,0.2898893028142932
2021-07-25 14:00:00,1.490297308071614,0.6370717267399125,1.159490737221778,1.0,0.2889855172741668
2021-07-25 15:00:00,1.490297308071614,0.6358030521632366,1.1571819202103,1.0,0.28841002700610957
2021-07-25 16:00:00,1.490297308071614,0.6369321314790484,1.159236692631518,1.0,0.2889221947204
2021-07-25 17:00:00,1.490297308071614,0.6374649449413035,1.1602063414352501,1.0,0.28916388708805274
2021-07-25 18:00:00,1.490297308071614,0.6420555388273098,1.1685606045785766,1.0,0.2912462509617909
2021-07-25 19:00:00,1.490297308071614,0.6410337687026703,1.1667011204453253,1.0,0.2907827603443132
2021-07-25 20:00:00,1.490297308071614,0.6399203658600036,1.1646748770957405,1.0,0.29027770371894845
2021-07-25 21:00:00,1.490297308071614,0.6417145755364025,1.167940097270549,1.0,0.29109158477765723
2021-07-25 22:00:00,1.490297308071614,0.6435992981827469,1.17137003887086,1.0,0.29194652390932974
2021-07-25 23:00:00,1.490297308071614,0.6455903968968619,1.1749935706001124,1.0,0.2928497168587123
2021-07-26 00:00:00,1.490297308071614,0.6596611512927205,1.2006004501819576,1.0,0.2992324271044379
2021-07-26 01:00:00,1.490297308071614,0.6851490437552596,1.246984984708078,1.0,0.3107941264835759
2021-07-26 02:00:00,1.490297308071614,0.7137225117144853,1.300805757608177,1.0,0.32375549028599865
2021-07-26 03:00:00,1.490297308071614,0.7085697058547964,1.2914159570909178,1.0,0.32141809842841984
2021-07-26 04:00:00,1.490297308071614,0.7128921955823583,1.299292697916189,1.0,0.3233788461392372
2021-07-26 05:00:00,1.490297308071614,0.7127063762369642,1.2989540850064445,1.0,0.32329455563097204
2021-07-26 06:00:00,1.490297308071614,0.718098678444528,1.3087803123933344,1.0,0.32574058670933387
2021-07-26 07:00:00,1.490297308071614,0.7194819795292972,1.311301059651232,1.0,0.32636807332151424
2021-07-26 08:00:00,1.490297308071614,0.7107201407666888,1.295334628858854,1.0,0.32239356872366864
2021-07-26 09:00:00,1.490297308071614,0.7114432892723348,1.296652400262875,1.0,0.322721599989535
2021-07-26 10:00:00,1.490297308071614,0.711707760336642,1.2971343377943971,1.0,0.3228415681251701
2021-07-26 11:00:00,1.490297308071614,0.7187017992085153,1.3098793609148323,1.0,0.32601417154859763
2021-07-26 12:00:00,1.490297308071614,0.7164617162473405,1.305797326248614,1.0,0.32499803552167833
2021-07-26 13:00:00,1.490297308071614,0.7195548535153043,1.3114338556870497,1.0,0.32640113008052296
2021-07-26 14:00:00,1.490297308071614,0.713354414214833,1.300134984792986,1.0,0.32358851560814145
2021-07-26 15:00:00,1.490297308071614,0.7134759329843384,1.3003564247299502,1.0,0.32364363838786947
2021-07-26 16:00:00,1.490297308071614,0.7177454912233427,1.308136710122556,1.0,0.32558037556273167
2021-07-26 17:00:00,1.490297308071614,0.7271797835448095,1.3253285324679516,1.0,0.3298599154201767
2021-07-26 18:00:00,1.490297308071614,0.7300699546471423,1.330595202870568,1.0,0.33117094140981296
2021-07-26 19:00:00,1.490297308071614,0.7392360483346851,1.347298295048338,1.0,0.33532882224880906
2021-07-26 20:00:00,1.490297308071614,0.7330559242886251,1.3360364440210368,1.0,0.33252542308776245
2021-07-26 21:00:00,1.490297308071614,0.7030474978460894,1.2813530063358314,1.0,0.318913140083999
2021-07-26 22:00:00,1.490297308071614,0.6913367787596848,1.2600129211222113,1.0,0.31360097809220067
2021-07-26 23:00:00,1.490297308071614,0.6997187781783483,1.2752871822956733,1.0,0.31740318173132576
2021-07-27 00:00:00,1.490297308071614,0.6931651516566916,1.2633447091308312,1.0,0.314430356112342
2021-07-27 01:00:00,1.490297308071614,0.6970900960846291,1.2704970153156963,1.0,0.3162107711710736
2021-07-27 02:00:00,1.490297308071614,0.6858992811208451,1.2518566633212933,1.0,0.31113444567225124
2021-07-27 03:00:00,1.490297308071614,0.6794074926659214,1.2400099663255064,1.0,0.30818967074984055
2021-07-27 04:00:00,1.490297308071614,0.6847692063093921,1.2497944190003618,1.0,0.31062182638585245
2021-07-27 05:00:00,1.490297308071614,0.6870749534831557,1.2540021174344893,1.0,0.3116677487078543
2021-07-27 06:00:00,1.490297308071614,0.6896794111431482,1.2587549249158987,1.0,0.31284917069300994
2021-07-27 07:00:00,1.490297308071614,0.6875942072255724,1.2549496901708859,1.0,0.3119032901783834
2021-07-27 08:00:00,1.490297308071614,0.690065036144685,1.2594586420161902,1.0,0.31302409611485094
2021-07-27 09:00:00,1.490297308071614,0.6923849278648371,1.26369215246751,1.0,0.3140764346202794
2021-07-27 10:00:00,1.490297308071614,0.6945192654698674,1.2675870500090851,1.0,0.3150446029299668
2021-07-27 11:00:00,1.490297308071614,0.6989372028668165,1.2756492297999737,1.0,0.3170486471691854
2021-07-27 12:00:00,1.490297308071614,0.7072553128179176,1.2908287336997961,1.0,0.3208218695648228
2021-07-27 13:00:00,1.490297308071614,0.712650340590382,1.3006739804677747,1.0,0.3232691370012736
2021-07-27 14:00:00,1.490297308071614,0.7149078846389536,1.304793714264366,1.0,0.3242931936455453
2021-07-27 15:00:00,1.490297308071614,0.7108415136647376,1.2973730989534247,1.0,0.32244862533386415
2021-07-27 16:00:00,1.490297308071614,0.7105318225438124,1.2968079516296385,1.0,0.3223081446862081
2021-07-27 17:00:00,1.490297308071614,0.699729855801925,1.2770957216581504,1.0,0.31740820671147346
2021-07-27 18:00:00,1.490297308071614,0.702614971040256,1.2823606939017411,1.0,0.3187169392835674
2021-07-27 19:00:00,1.490297308071614,0.7046582996560242,1.286089511490593,1.0,0.31964382451831264
2021-07-27 20:00:00,1.490297308071614,0.7026629880529958,1.2824483189074725,1.0,0.3187387205378314
2021-07-27 21:00:00,1.490297308071614,0.7070740392892031,1.2904979323215702,1.0,0.32073964110880293
2021-07-27 22:00:00,1.490297308071614,0.7124173277998782,1.3002487614477145,1.0,0.323163438821667
2021-07-27 23:00:00,1.490297308071614,0.7280945102344557,1.3288576465553692,1.0,0.3302748494919249
2021-07-28 00:00:00,1.490297308071614,0.7336970533914342,1.3390815827861016,1.0,0.3328162490931213
2021-07-28 01:00:00,1.490297308071614,0.7264107508768772,1.3257849976140865,1.0,0.3295110703937612
2021-07-28 02:00:00,1.490297308071614,0.7407520456535914,1.352903578360699,1.0,0.3357812903589635
2021-07-28 03:00:00,1.490297308071614,0.7407520456535914,1.3523326572962253,1.0,0.3356395657787258
2021-07-28 04:00:00,1.490297308071614,0.7407520456535914,1.3515440322446437,1.0,0.33544379869049734
2021-07-28 05:00:00,1.490297308071614,0.7407520456535914,1.3466224277560694,1.0,0.33422206704729385
2021-07-28 06:00:00,1.490297308071614,0.7407520456535914,1.3615916995684978,1.0,0.33793801640718557
2021-07-28 07:00:00,1.490297308071614,0.7407520456535914,1.3416278024293862,1.0,0.3329822088218471
2021-07-28 08:00:00,1.490297308071614,0.7407520456535914,1.3540230047905066,1.0,0.33605917508023864
2021-07-28 09:00:00,1.490297308071614,0.7407520456535914,1.341472251062623,1.0,0.3329435949861844
2021-07-28 10:00:00,1.490297308071614,0.7407520456535914,1.3555703672948158,1.0,0.3364432900044285
2021-07-28 11:00:00,1.490297308071614,0.7407520456535914,1.3632976701258166,1.0,0.3383615039542017
2021-07-28 12:00:00,1.490297308071614,0.7407520456535914,1.3826166064669292,1.0,0.3431572074480046
2021-07-28 13:00:00,1.490297308071614,0.7407520456535914,1.34665537204117,1.0,0.3342302450867246
2021-07-28 14:00:00,1.490297308071614,0.7407520456535914,1.3458501050311358,1.0,0.3340303468239384
2021-07-28 15:00:00,1.490297308071614,0.7407520456535914,1.3414005887517342,1.0,0.3329258056426805
2021-07-28 16:00:00,1.490297308071614,0.7407520456535914,1.3466193710698233,1.0,0.33422130826013025
2021-07-28 17:00:00,1.490297308071614,0.7407520456535914,1.3614436201014481,1.0,0.33790125738458976
2021-07-28 18:00:00,1.490297308071614,0.7407520456535914,1.3224386054378447,1.0,0.32821871162765803
2021-07-28 19:00:00,1.490297308071614,0.7407520456535914,1.3730556315198692,1.0,0.3407838055097105
2021-07-28 20:00:00,1.490297308071614,0.7407520456535914,1.37057360228776,1.0,0.34016767033280554
2021-07-28 21:00:00,1.490297308071614,0.7407520456535914,1.35519813083636,1.0,0.3363508865898297
2021-07-28 22:00:00,1.490297308071614,0.7407520456535914,1.3600351670054496,1.0,0.3375516251215048
2021-07-28 23:00:00,1.490297308071614,0.7407520456535914,1.3485528949365992,1.0,0.3347012832959978
2021-07-29 00:00:00,1.490297308071614,0.7407520456535914,1.3579318272360934,1.0,0.33702949524321074
2021-07-29 01:00:00,1.490297308071614,0.7407520456535914,1.336949713945112,1.0,0.3318209272226832
2021-07-29 02:00:00,1.490297308071614,0.7407520456535914,1.345702025564086,1.0,0.3335259959024464
2021-07-29 03:00:00,1.490297308071614,0.7407520456535914,1.3470778740067892,1.0,0.33386705500307856
2021-07-29 04:00:00,1.490297308071614,0.7407520456535914,1.3440728117947331,1.0,0.3331221300654352
2021-07-29 05:00:00,1.490297308071614,0.7407520456535914,1.35616302479482,1.0,0.33611917323114815
2021-07-29 06:00:00,1.490297308071614,0.7407520456535914,1.3608988506859714,1.0,0.33729313721515575
2021-07-29 07:00:00,1.490297308071614,0.7407520456535914,1.3572002603277786,1.0,0.3363762935701584
2021-07-29 08:00:00,1.490297308071614,0.7407520456535914,1.355280321733209,1.0,0.335900359949849
2021-07-29 09:00:00,1.490297308071614,0.7407520456535914,1.3553489273578514,1.0,0.335917366599646
2021-07-29 10:00:00,1.490297308071614,0.7407520456535914,1.370633377485468,1.0,0.3397062292769475
2021-07-29 11:00:00,1.490297308071614,0.7407520456535914,1.3635184307991706,1.0,0.3379425049868604
2021-07-29 12:00:00,1.490297308071614,0.7407520456535914,1.3492922733764325,1.0,0.3344159825113781
2021-07-29 13:00:00,1.490297308071614,0.7407520456535914,1.347873291694474,1.0,0.33406423111112116
2021-07-29 14:00:00,1.490297308071614,0.7407520456535914,1.3528353123678618,1.0,0.33529426652465744
2021-07-29 15:00:00,1.490297308071614,0.7407520456535914,1.3556763324180257,1.0,0.33599852704719213
2021-07-29 16:00:00,1.490297308071614,0.7407520456535914,1.3553309268721778,1.0,0.3359129044588577
2021-07-29 17:00:00,1.490297308071614,0.7407520456535914,1.3488296948578047,1.0,0.33430131391225176
2021-07-29 18:00:00,1.490297308071614,0.7407520456535914,1.3442307405841327,1.0,0.3331612790365026
2021-07-29 19:00:00,1.490297308071614,0.7407520456535914,1.3419463770626265,1.0,0.33259500811306353
2021-07-29 20:00:00,1.490297308071614,0.7407520456535914,1.3458670866213938,1.0,0.333566912891562
2021-07-29 21:00:00,1.490297308071614,0.7407520456535914,1.3481643561514962,1.0,0.334136383085755
2021-07-29 22:00:00,1.490297308071614,0.7407520456535914,1.3416135378935696,1.0,0.33251250060414733
2021-07-29 23:00:00,1.490297308071614,0.7407520456535914,1.35014644736641,1.0,0.3346277237204845
2021-07-30 00:00:00,1.490297308071614,0.7407520456535914,1.3582650060369554,1.0,0.3366402334073546
2021-07-30 01:00:00,1.490297308071614,0.7407520456535914,1.3544828662546933,1.0,0.3357026786937926
2021-07-30 02:00:00,1.490297308071614,0.7402335192216339,1.3605442750813843,1.0,0.3367331559255446
2021-07-30 03:00:00,1.490297308071614,0.7382683454438309,1.3569329700971178,1.0,0.33762711594080785
2021-07-30 04:00:00,1.490297308071614,0.7378532433743353,1.3561701570627283,1.0,0.3378159463926353
2021-07-30 05:00:00,1.490297308071614,0.7351051789614552,1.3511201717518038,1.0,0.339066044339306
2021-07-30 06:00:00,1.490297308071614,0.7334604802453197,1.3480977883176848,1.0,0.33981421984723675
2021-07-30 07:00:00,1.490297308071614,0.7357387363498038,1.3522844295798926,1.0,0.3387778382890546
2021-07-30 08:00:00,1.490297308071614,0.7337648761083915,1.3486571619007834,1.0,0.339675749787504
2021-07-30 09:00:00,1.490297308071614,0.7151725172539354,1.314490881565295,1.0,0.34813343713965794
2021-07-30 10:00:00,1.490297308071614,0.7161149061463475,1.316222664139806,1.0,0.3477047432510256
2021-07-30 11:00:00,1.490297308071614,0.7171800144395365,1.3181799622329433,1.0,0.3472202241531264
2021-07-30 12:00:00,1.490297308071614,0.7135703267639726,1.311546613446363,1.0,0.3488622756022101
2021-07-30 13:00:00,1.490297308071614,0.7146805307405797,1.3135867816999591,1.0,0.34835724242138755
2021-07-30 14:00:00,1.490297308071614,0.7167795130216396,1.3174439801111615,1.0,0.34740241275023687
2021-07-30 15:00:00,1.490297308071614,0.7200605936270508,1.3234734635481675,1.0,0.34590984506934075
2021-07-30 16:00:00,1.490297308071614,0.7212973981903027,1.3257462795882984,1.0,0.34534722112293414
2021-07-30 17:00:00,1.490297308071614,0.7184249510112737,1.3204677220725012,1.0,0.3466539009458648
2021-07-30 18:00:00,1.490297308071614,0.7205259662944549,1.3243286564335603,1.0,0.34569814645950037
2021-07-30 19:00:00,1.490297308071614,0.7216594573862697,1.3264116182946069,1.0,0.3451825199407747
2021-07-30 20:00:00,1.490297308071614,0.7361274093917224,1.352998675266144,1.0,0.33860103043500606
2021-07-30 21:00:00,1.490297308071614,0.7514983839757837,1.3812451732376931,1.0,0.33160875482610785
2021-07-30 22:00:00,1.490297308071614,0.760699197121685,1.3981530633939745,1.0,0.3274232933909672
2021-07-30 23:00:00,1.490297308071614,0.7635622185636062,1.4034142996877086,1.0,0.32612090134766397
2021-07-31 00:00:00,1.490297308071614,0.7794630674278293,1.4326345220446512,1.0,0.31888758526441613
2021-07-31 01:00:00,1.490297308071614,0.7738286944578205,1.4222805068325428,1.0,0.3214506685922931
2021-07-31 02:00:00,1.490297308071614,0.7740996499689105,1.4247727250188071,1.0,0.32036231414302724
2021-07-31 03:00:00,1.490297308071614,0.7740164109472728,1.42461955107468,1.0,0.3203278655476818
2021-07-31 04:00:00,1.490297308071614,0.7713970579648308,1.419799496495849,1.0,0.31924384234337433
2021-07-31 05:00:00,1.490297308071614,0.7714939548303735,1.419977803193558,1.0,0.3192839432581335
2021-07-31 06:00:00,1.490297308071614,0.7690145024652293,1.415415189523038,1.0,0.3182578181364687
2021-07-31 07:00:00,1.490297308071614,0.7658270570025197,1.4095497482479244,1.0,0.31693868899763067
2021-07-31 08:00:00,1.490297308071614,0.7660983682260393,1.4100490070015097,1.0,0.3170509715589562
2021-07-31 09:00:00,1.490297308071614,0.7690438483730794,1.4154691909800585,1.0,0.3182699629849386
2021-07-31 10:00:00,1.490297308071614,0.7680562386063765,1.4136518211906473,1.0,0.3178612391851747
2021-07-31 11:00:00,1.490297308071614,0.7705960438763444,1.4183254944614543,1.0,0.31891234144803227
2021-07-31 12:00:00,1.490297308071614,0.7672439660249414,1.4121571016161378,1.0,0.3175250789454511
2021-07-31 13:00:00,1.490297308071614,0.7683133382896165,1.414124928295235,1.0,0.31796764027900226
2021-07-31 14:00:00,1.490297308071614,0.7635858786438816,1.4054255992378664,1.0,0.31601117393492595
2021-07-31 15:00:00,1.490297308071614,0.7638023739263227,1.4058239873453189,1.0,0.316100770835902
2021-07-31 16:00:00,1.490297308071614,0.7659521923831635,1.409780018611823,1.0,0.31699047646469103
2021-07-31 17:00:00,1.490297308071614,0.7614192647303467,1.4014386614770928,1.0,0.31511451748091207
2021-07-31 18:00:00,1.490297308071614,0.7592253351290017,1.3974014582091554,1.0,0.3142065563880708
2021-07-31 19:00:00,1.490297308071614,0.7630519307733767,1.4044430444255382,1.0,0.3157901987989295
2021-07-31 20:00:00,1.490297308071614,0.7616507098149001,1.4018645597607635,1.0,0.3152103013801653
2021-07-31 21:00:00,1.490297308071614,0.7654747215428607,1.408901391131874,1.0,0.316792874433297
2021-07-31 22:00:00,1.490297308071614,0.7737096631557833,1.424055083014504,1.0,0.3202009175089586
2021-07-31 23:00:00,1.490297308071614,0.7717460712462426,1.4204417402394065,1.0,0.31938828201920194
2021-08-01 00:00:00,1.490297308071614,0.7644465073753589,1.4070093023453274,1.0,0.3163673464406817
2021-08-01 01:00:00,1.490297308071614,0.7693886166489533,1.4161036231920976,1.0,0.3184126458587863
2021-08-01 02:00:00,1.4892540999559638,0.7679670002008573,1.4154688513482534,1.0,0.3178243077357112
2021-08-01 03:00:00,1.4931838186808863,0.7699934470650299,1.4192031030459877,1.0,0.3169856596276539
2021-08-01 04:00:00,1.5151423506519466,0.7813168524712183,1.4400694018914095,1.0,0.31229945112716967
2021-08-01 05:00:00,1.502307056531944,0.7746980475793429,1.4278725445045026,1.0,0.31503865356978483
2021-08-01 06:00:00,1.4939654735104824,0.7703965247632515,1.419945877803873,1.0,0.3168188453109353
2021-08-01 07:00:00,1.4893870563330145,0.7680355621138607,1.4155951943797729,1.0,0.3177959332840334
2021-08-01 08:00:00,1.4895335942754626,0.7681111276631386,1.4157344434198884,1.0,0.31776466036686163
2021-08-01 09:00:00,1.4916287294428567,0.7691915307115952,1.4177253650617367,1.0,0.3173175339267132
2021-08-01 10:00:00,1.4972904551655943,0.7721111255069893,1.4231054724872765,1.0,0.3161092551927673
2021-08-01 11:00:00,1.4823275016031667,0.7643951457008421,1.408886786964252,1.0,0.31930252513763485
2021-08-01 12:00:00,1.485637829464034,0.7661021898896523,1.4120324567436442,1.0,0.31859606231118404
2021-08-01 13:00:00,1.4849383788460555,0.7657415026215135,1.411367797300946,1.0,0.31874533328412336
2021-08-01 14:00:00,1.479639423883281,0.7630089786371366,1.4063324161576434,1.0,0.3198761924792173
2021-08-01 15:00:00,1.4766153811246114,0.7614495637287451,1.4034587914541845,1.0,0.32052155870407156
2021-08-01 16:00:00,1.4751914612155537,0.760715287757225,1.402105698342427,1.0,0.3208254399284917
2021-08-01 17:00:00,1.4737074964910533,0.7599500483411226,1.4006955470874025,1.0,0.3211421354214116
2021-08-01 18:00:00,1.4679099551143393,0.756960417182983,1.3951863795759016,1.0,0.3223793988102972
2021-08-01 19:00:00,1.4673988593638492,0.756696859291599,1.3947007060945231,1.0,0.32248847264335967
2021-08-01 20:00:00,1.4738819123835285,0.7600399897753851,1.4008612874083206,1.0,0.32110491302243643
2021-08-01 21:00:00,1.4738479584700341,0.7600224806846987,1.4008290223868303,1.0,0.32111215918617136
2021-08-01 22:00:00,1.4670871981789348,0.7565361442697202,1.3944045471604234,1.0,0.3225549847989055
2021-08-01 23:00:00,1.4381313007511638,0.7416043917324019,1.3668889368335786,1.0,0.32873451323204506
2021-08-02 00:00:00,1.423119024661766,0.7338629776682051,1.3526233821214422,1.0,0.3319383091831801
2021-08-02 01:00:00,1.4117473229181674,0.7279989067380203,1.3418173169766656,1.0,0.33436516383111636
2021-08-02 02:00:00,1.4129558983286041,0.7286221355291963,1.3448481912059136,1.0,0.3332395202901649
2021-08-02 03:00:00,1.4185067035475907,0.7314845316997695,1.3501304846715674,1.0,0.3319303869544484
2021-08-02 04:00:00,1.4188739496461142,0.7316739103186546,1.3504799657990771,1.0,0.33184377355494654
2021-08-02 05:00:00,1.414626885921692,0.7294838174471944,1.3464383473176729,1.0,0.3328454251138115
2021-08-02 06:00:00,1.4165048732593315,0.7304522433874989,1.348225489876425,1.0,0.33240250994551335
2021-08-02 07:00:00,1.435647709980915,0.7403236729124161,1.3664423210097933,1.0,0.32788775493182937
2021-08-02 08:00:00,1.430073349618583,0.7374491300082701,1.361137611844999,1.0,0.32920244364593965
2021-08-02 09:00:00,1.410145341452148,0.7271728093642593,1.3421735907402785,1.0,0.33390237793941374
2021-08-02 10:00:00,1.4131332756959183,0.7287136041138279,1.3450169882130782,1.0,0.3331976866074123
2021-08-02 11:00:00,1.4159102843379123,0.7301456303854944,1.3476596632890283,1.0,0.3325427411637545
2021-08-02 12:00:00,1.4100165019559703,0.7271063704124445,1.3420509836586156,1.0,0.33393276417577933
2021-08-02 13:00:00,1.4000441108141377,0.7219638851171216,1.3325609917588344,1.0,0.33628470937391414
2021-08-02 14:00:00,1.4107991751280424,0.7275099732416136,1.3427957962073316,1.0,0.3337481741027885
2021-08-02 15:00:00,1.4125654539828465,0.7284207942181563,1.3444766340110688,1.0,0.3333316048956605
2021-08-02 16:00:00,1.415102985334161,0.7297293286984993,1.3468914161457564,1.0,0.3327331391323387
2021-08-02 17:00:00,1.4194564040997495,0.7319742659124548,1.3510342449050983,1.0,0.3317064041983022
2021-08-02 18:00:00,1.4151772197253103,0.7297676093133953,1.3469620595612295,1.0,0.33271563127315856
2021-08-02 19:00:00,1.4133891702077175,0.7288455618103687,1.345260504217378,1.0,0.3331373349966807
2021-08-02 20:00:00,1.397125414415959,0.7204587944026004,1.3297834828562356,1.0,0.3369730712603341
2021-08-02 21:00:00,1.385253622169809,0.7143368406819068,1.3184859704893925,1.0,0.3397729819707613
2021-08-02 22:00:00,1.3976857413106936,0.7207477394284989,1.3303167047903368,1.0,0.3368409205924839
2021-08-02 23:00:00,1.4055381695514282,0.7247970187022694,1.3377892837674679,1.0,0.33498895944978246
2021-08-03 00:00:00,1.3961682190454632,0.7199651953201419,1.3288725903547964,1.0,0.33719882163687825
2021-08-03 01:00:00,1.4019692084384683,0.7229566045245718,1.3343929657158675,1.0,0.3358306834488286
2021-08-03 02:00:00,1.3825872043961527,0.7129618430512288,1.317793121606866,1.0,0.3394781550526255
2021-08-03 03:00:00,1.385088358752633,0.714251618925099,1.320176657615479,1.0,0.33886402578559627
2021-08-03 04:00:00,1.3765563503037672,0.7098518990019793,1.312045872199948,1.0,0.3409589609028206
2021-08-03 05:00:00,1.3651860412998984,0.7039885462690132,1.3012102590881225,1.0,0.34375080760206544
2021-08-03 06:00:00,1.362438620534138,0.7025717776438115,1.298592037502144,1.0,0.34442540471228605
2021-08-03 07:00:00,1.365832535173175,0.7043219252138978,1.3018263511826829,1.0,0.34359206857522145
2021-08-03 08:00:00,1.3736325158294773,0.7083441587242318,1.309259532870415,1.0,0.34167687434065297
2021-08-03 09:00:00,1.371201214173748,0.7070904039491474,1.3069425646956134,1.0,0.3422738520921026
2021-08-03 10:00:00,1.3757120592421395,0.7094165215375736,1.3112412844535237,1.0,0.3411662667212293
2021-08-03 11:00:00,1.3779423561875448,0.710566623763091,1.3133667002902154,1.0,0.3406186433309373
2021-08-03 12:00:00,1.3705557894744627,0.7067575763476116,1.3063274914964689,1.0,0.34243232859574885
2021-08-03 13:00:00,1.3665046892222377,0.7046685363991527,1.3024668967672146,1.0,0.34342702899163396
2021-08-03 14:00:00,1.3695119192678322,0.7062192814581038,1.305332709939155,1.0,0.34268863874438504
2021-08-03 15:00:00,1.3622989151326361,0.7024997354462399,1.2984589018345214,1.0,0.34445970774344525
2021-08-03 16:00:00,1.359390405485552,0.7009998977564914,1.2956871666726104,1.0,0.34517385834877806
2021-08-03 17:00:00,1.3672292327968636,0.7050421634084971,1.303157368227105,1.0,0.34324912577136174
2021-08-03 18:00:00,1.3533934085695507,0.6979074129132861,1.2899721822871824,1.0,0.34664635096438096
2021-08-03 19:00:00,1.3599235669157734,0.7012748343064074,1.2961952558531298,1.0,0.3450429467808847
2021-08-03 20:00:00,1.3538627759516373,0.6981494526433925,1.290419477374578,1.0,0.3465311032806139
2021-08-03 21:00:00,1.3562424008644645,0.6993765591566202,1.2926871989376318,1.0,0.34594681415038386
2021-08-03 22:00:00,1.3650987254239597,0.703943519895531,1.3011270492958584,1.0,0.34377224699653997
2021-08-03 23:00:00,1.3656197695489491,0.7042122078874943,1.3016235909950025,1.0,0.3436443106915532
2021-08-04 00:00:00,1.3604937930443526,0.7015688840924137,1.2967386667413858,1.0,0.3449029344088062
2021-08-04 01:00:00,1.3675735068219934,0.7052196959667985,1.3034854525508897,1.0,0.34316459330171933
2021-08-04 02:00:00,1.3649092517907686,0.7033531215328366,1.3018582765723679,1.0,0.3431085714195012
2021-08-04 03:00:00,1.3649092517907686,0.6986336633803567,1.2931243050708727,1.0,0.3454108097902395
2021-08-04 04:00:00,1.3649092517907686,0.696530865452564,1.289232803847349,1.0,0.3464365932422508
2021-08-04 05:00:00,1.3649092517907686,0.6962820092830678,1.288772263119552,1.0,0.3465579898525604
2021-08-04 06:00:00,1.3649092517907686,0.6968920372383814,1.289901199239904,1.0,0.346260407011359
2021-08-04 07:00:00,1.3649092517907686,0.6935756066786729,1.2837637128888573,1.0,0.347878222752439
2021-08-04 08:00:00,1.3649092517907686,0.6937345369462123,1.2840578340321258,1.0,0.3478006936488047
2021-08-04 09:00:00,1.3649092517907686,0.692188545521555,1.2811967757054579,1.0,0.3485548566615244
2021-08-04 10:00:00,1.3649092517907686,0.6935557862757926,1.2837270326538999,1.0,0.34788789150901234
2021-08-04 11:00:00,1.3649092517907686,0.6983525072950556,1.2926039891453673,1.0,0.34554796289274275
2021-08-04 12:00:00,1.3649092517907686,0.6996973583349286,1.2950928110135802,1.0,0.34489191985413753
2021-08-04 13:00:00,1.3649092517907686,0.7118021188272786,1.3174942456183252,1.0,0.3389869953535479
2021-08-04 14:00:00,1.3649092517907686,0.7149689787541411,1.3233549320481666,1.0,0.337442142914387
2021-08-04 15:00:00,1.3649092517907686,0.7170376415436401,1.3271832617559305,1.0,0.3364330112098076
2021-08-04 16:00:00,1.3649092517907686,0.720565306211822,1.3337116643147164,1.0,0.33471215159080264
2021-08-04 17:00:00,1.3649092517907686,0.7238439311882591,1.3397791865139002,1.0,0.333112778107631
2021-08-04 18:00:00,1.3649092517907686,0.7223095016652817,1.3369395249909573,1.0,0.3338613010123496
2021-08-04 19:00:00,1.3649092517907686,0.7257048467920135,1.343223053018223,1.0,0.33220498929602393
2021-08-04 20:00:00,1.3649092517907686,0.7289196060258364,1.349172383349211,1.0,0.3306367706951442
2021-08-04 21:00:00,1.3649092517907686,0.7289998052486019,1.349320802448066,1.0,0.3305976480412317
2021-08-04 22:00:00,1.3649092517907686,0.7304920246543342,1.3520823486558222,1.0,0.32986971600699333
2021-08-04 23:00:00,1.3649092517907686,0.7285219133124897,1.3484364012274292,1.0,0.33083077250527754
2021-08-05 00:00:00,1.3649092517907686,0.7286652441888736,1.3487016536672594,1.0,0.33076085307116854
2021-08-05 01:00:00,1.3649092517907686,0.7258043158509123,1.3434071334566196,1.0,0.3321564664621096
2021-08-05 02:00:00,1.3649092517907686,0.7241649184836537,1.3413126241141977,1.0,0.3322282234635648
2021-08-05 03:00:00,1.3649092517907686,0.7241649184836537,1.3376357701915353,1.0,0.3313173450471253
2021-08-05 04:00:00,1.3649092517907686,0.7241649184836537,1.3391474713563027,1.0,0.33169184346127384
2021-08-05 05:00:00,1.3649092517907686,0.7241649184836537,1.3368260879680338,1.0,0.33111675996077844
2021-08-05 06:00:00,1.3649092517907686,0.7241649184836537,1.3375450884995577,1.0,0.3312948801905588
2021-08-05 07:00:00,1.3649092517907686,0.7241649184836537,1.327645500642753,1.0,0.32884242461302526
2021-08-05 08:00:00,1.3649092517907686,0.7241649184836537,1.3200965045094613,1.0,0.32697228840739073
2021-08-05 09:00:00,1.3649092517907686,0.7241649184836537,1.3069941887299978,1.0,0.32372641111666456
2021-08-05 10:00:00,1.3649092517907686,0.7241649184836537,1.2914295423631241,1.0,0.3198705330390193
2021-08-05 11:00:00,1.3649092517907686,0.7241649184836537,1.2909194153917738,1.0,0.31974415770357756
2021-08-05 12:00:00,1.3649092517907686,0.7241649184836537,1.2900367123301628,1.0,0.319525482938722
2021-08-05 13:00:00,1.3649092517907686,0.7241649184836537,1.290550914883175,1.0,0.31965286793063863
2021-08-05 14:00:00,1.3649092517907686,0.7241649184836537,1.2911965549447844,1.0,0.3198128143438708
2021-08-05 15:00:00,1.3649092517907686,0.7241649184836537,1.3235420691728097,1.0,0.32782586881887954
2021-08-05 16:00:00,1.3649092517907686,0.7241649184836537,1.3144151436727445,1.0,0.32556482728137937
2021-08-05 17:00:00,1.3649092517907686,0.7241649184836537,1.3485641027861697,1.0,0.33402465474653165
2021-08-05 18:00:00,1.3649092517907686,0.7241649184836537,1.3810746780715026,1.0,0.34207860030877385
2021-08-05 19:00:00,1.3649092517907686,0.7241649184836537,1.3857500495013357,1.0,0.343236844561564
2021-08-05 20:00:00,1.3649092517907686,0.7241649184836537,1.381404120922508,1.0,0.3421602142071617
2021-08-05 21:00:00,1.3649092517907686,0.7241649184836537,1.3879291271632423,1.0,0.34377667422347746
2021-08-05 22:00:00,1.3649092517907686,0.7241649184836537,1.3888739828451975,1.0,0.3440107462495752
2021-08-05 23:00:00,1.3649092517907686,0.7241649184836537,1.3897149111947737,1.0,0.34421907203556307
2021-08-06 00:00:00,1.3649092517907686,0.7241649184836537,1.3877959914956195,1.0,0.34374369211196404
2021-08-06 01:00:00,1.3649092517907686,0.7241649184836537,1.3604512159667705,1.0,0.3369694861316583
2021-08-06 02:00:00,1.3649092517907686,0.7241649184836537,1.3782322994941185,1.0,0.3408965293085431
2021-08-06 03:00:00,1.3649092517907686,0.7241649184836537,1.3698505261745741,1.0,0.33882295473319757
2021-08-06 04:00:00,1.3649092517907686,0.7241649184836537,1.365514107286291,1.0,0.3377501640942733
2021-08-06 05:00:00,1.3649092517907686,0.7241649184836537,1.3639236115427265,1.0,0.3373566898961152
2021-08-06 06:00:00,1.3649092517907686,0.7241649184836537,1.3763884384239047,1.0,0.3404403748302599
2021-08-06 07:00:00,1.3649092517907686,0.7241649184836537,1.3927838241861998,1.0,0.3444964443245761
2021-08-06 08:00:00,1.3649092517907686,0.7241649184836537,1.3824641117864125,1.0,0.3419434412259143
2021-08-06 09:00:00,1.3649092517907686,0.7241649184836537,1.3895722658366065,1.0,0.3437019339641698
2021-08-06 10:00:00,1.3649092517907686,0.7241649184836537,1.3782051289497057,1.0,0.34088980756268517
2021-08-06 11:00:00,1.3649092517907686,0.7241649184836537,1.380914032227662,1.0,0.3415599656247199
2021-08-06 12:00:00,1.3649092517907686,0.7241649184836537,1.3748088108981054,1.0,0.340049589330445
2021-08-06 13:00:00,1.3649092517907686,0.7241649184836537,1.3834510818122074,1.0,0.3421876086442033
2021-08-06 14:00:00,1.3649092517907686,0.7241649184836537,1.3885122749727021,1.0,0.3434397018538876
2021-08-06 15:00:00,1.3649092517907686,0.7241649184836537,1.383131488283552,1.0,0.3421085441085495
2021-08-06 16:00:00,1.3649092517907686,0.7241649184836537,1.4329378132466593,1.0,0.3544301764407052
2021-08-06 17:00:00,1.3649092517907686,0.7241649184836537,1.4429684989802556,1.0,0.35691167696780335
2021-08-06 18:00:00,1.3649092517907686,0.7241649184836537,1.4559716422726123,1.0,0.3601285364917581
2021-08-06 19:00:00,1.3649092517907686,0.7241649184836537,1.45250739785998,1.0,0.3592715138948731
2021-08-06 20:00:00,1.3649092517907686,0.7241649184836537,1.4567527954244803,1.0,0.3603217866851733
2021-08-06 21:00:00,1.3649092517907686,0.7241649184836537,1.4500158589373262,1.0,0.3586551297997017
2021-08-06 22:00:00,1.3649092517907686,0.7241649184836537,1.4405007342839626,1.0,0.3563011744002576
2021-08-06 23:00:00,1.3649092517907686,0.7241649184836537,1.4520505930820398,1.0,0.35915850454263676
2021-08-07 00:00:00,1.3649092517907686,0.7241649184836537,1.4537878097654333,1.0,0.3595882761684276
2021-08-07 01:00:00,1.3649092517907686,0.7241649184836537,1.4684092986093777,1.0,0.3632054996800448
2021-08-07 02:00:00,1.3649092517907686,0.7241649184836537,1.4648112392655122,1.0,0.36180814145856394
2021-08-07 03:00:00,1.3649092517907686,0.7241649184836537,1.4692159241466327,1.0,0.3628963399962834
2021-08-07 04:00:00,1.3649092517907686,0.7241649184836537,1.4824819424561833,1.0,0.3661737734825445
2021-08-07 05:00:00,1.3649092517907686,0.7241649184836537,1.4694886484861762,1.0,0.36296371785315656
2021-08-07 06:00:00,1.3649092517907686,0.7241649184836537,1.474051601788501,1.0,0.36409101736385596
2021-08-07 07:00:00,1.3649092517907686,0.7241649184836537,1.4683770335878874,1.0,0.362689088057956
2021-08-07 08:00:00,1.3649092517907686,0.7241649184836537,1.4667559709818587,1.0,0.362288596761747
2021-08-07 09:00:00,1.3649092517907686,0.7241649184836537,1.4746680335148665,1.0,0.36424330978007624
2021-08-07 10:00:00,1.3649092517907686,0.7241649184836537,1.4811135659131935,1.0,0.36583570949083566
2021-08-07 11:00:00,1.3649092517907686,0.7241649184836537,1.4819901556023114,1.0,0.3660522751802376
2021-08-07 12:00:00,1.3649092517907686,0.7241649184836537,1.4869409684261292,1.0,0.36727539724703817
2021-08-07 13:00:00,1.3649092517907686,0.7241649184836537,1.478262356908875,1.0,0.36513130462352483
2021-08-07 14:00:00,1.3649092517907686,0.7241649184836537,1.4654507659546288,1.0,0.3619661395961633
2021-08-07 15:00:00,1.3649092517907686,0.7241649184836537,1.4759851256552772,1.0,0.36456870371401684
2021-08-07 16:00:00,1.3649092517907686,0.7241649184836537,1.4720260377025267,1.0,0.3635905920358462
2021-08-07 17:00:00,1.3649092517907686,0.7241649184836537,1.4837144662771091,1.0,0.36647827440731773
2021-08-07 18:00:00,1.3649092517907686,0.7241649184836537,1.4741096788271835,1.0,0.3641053655749709
2021-08-07 19:00:00,1.3649092517907686,0.7241649184836537,1.4777974009676111,1.0,0.36501643502693776
2021-08-07 20:00:00,1.3649092517907686,0.7241649184836537,1.491817401884617,1.0,0.36848014353469144
2021-08-07 21:00:00,1.3649092517907686,0.7241649184836537,1.4912763684189971,1.0,0.3683464786206204
2021-08-07 22:00:00,1.3649092517907686,0.7241649184836537,1.4779981233644606,1.0,0.365066024458335
2021-08-07 23:00:00,1.3649092517907686,0.7241649184836537,1.4941815788803356,1.0,0.36906422480703815
2021-08-08 00:00:00,1.3649092517907686,0.7241649184836537,1.514095550144089,1.0,0.3739840669737928
2021-08-08 01:00:00,1.3649092517907686,0.7241649184836537,1.5136326319936557,1.0,0.37386970082320975
2021-08-08 02:00:00,1.3649092517907686,0.7241649184836537,1.4977850723330839,1.0,0.36943655286999283
2021-08-08 03:00:00,1.3649092517907686,0.7241649184836537,1.4913551629977941,1.0,0.36785021239904264
2021-08-08 04:00:00,1.3649092517907686,0.7241649184836537,1.505008021933422,1.0,0.3712185464679063
2021-08-08 05:00:00,1.3649092517907686,0.7241649184836537,1.5047794497285492,1.0,0.37116215479576653
2021-08-08 06:00:00,1.3649092517907686,0.7241649184836537,1.5187355998661851,1.0,0.374605314664364
2021-08-08 07:00:00,1.3649092517907686,0.7241649184836537,1.5289381392931922,1.0,0.37712241099583155
2021-08-08 08:00:00,1.3649092517907686,0.7241649184836537,1.5207302574578898,1.0,0.3750974220796339
2021-08-08 09:00:00,1.3649092517907686,0.7241649184836537,1.509993816833171,1.0,0.3724486055273585
2021-08-08 10:00:00,1.3649092517907686,0.7241649184836537,1.5185372548919716,1.0,0.37455638043475087
2021-08-08 11:00:00,1.3649092517907686,0.7241649184836537,1.5068814309706846,1.0,0.37168074032158055
2021-08-08 12:00:00,1.3649092517907686,0.7241649184836537,1.509246966493624,1.0,0.37226434804290787
2021-08-08 13:00:00,1.3649092517907686,0.7241649184836537,1.5277463712888857,1.0,0.3768283866607077
2021-08-08 14:00:00,1.3649092517907686,0.7241649184836537,1.5194226750080237,1.0,0.3747748248467394
2021-08-08 15:00:00,1.3649092517907686,0.7241649184836537,1.4915402623316063,1.0,0.3678958787605822
2021-08-08 16:00:00,1.3649092517907686,0.7241649184836537,1.4936422435737418,1.0,0.3684144642863962
2021-08-08 17:00:00,1.3649092517907686,0.7241649184836537,1.4845988674977457,1.0,0.36618334830710236
2021-08-08 18:00:00,1.3649092517907686,0.7241649184836537,1.4831533945349846,1.0,0.3658267317296481
2021-08-08 19:00:00,1.3649092517907686,0.7241649184836537,1.4809699016596107,1.0,0.36528803624645884
2021-08-08 20:00:00,1.3649092517907686,0.7241649184836537,1.4842395370478865,1.0,0.3660946969116732
2021-08-08 21:00:00,1.3649092517907686,0.7241649184836537,1.4881605862384588,1.0,0.36706206965291127
2021-08-08 22:00:00,1.3649092517907686,0.7241649184836537,1.5008723254419882,1.0,0.37019821750558
2021-08-08 23:00:00,1.3649092517907686,0.7241649184836537,1.4999233941783714,1.0,0.36996410408513664
2021-08-09 00:00:00,1.3649092517907686,0.7241649184836537,1.4864698991123722,1.0,0.36664495562035315
2021-08-09 01:00:00,1.3649092517907686,0.7241649184836537,1.4663905271595064,1.0,0.3616911189954299
2021-08-09 02:00:00,1.363953815314515,0.7236580030407151,1.462444345215352,1.0,0.36021253684772997
2021-08-09 03:00:00,1.3757981515017306,0.7299421224708198,1.4751411406194546,1.0,0.35708451422895054
2021-08-09 04:00:00,1.3768123212036159,0.7304801993565401,1.4762283020277718,1.0,0.35681667771058134
2021-08-09 05:00:00,1.3795791890594618,0.7319481860616305,1.4791943065822342,1.0,0.35608596346037275
2021-08-09 06:00:00,1.3785482274193699,0.7314012000615887,1.4780891446882434,1.0,0.35635823463524724
2021-08-09 07:00:00,1.3762949394094333,0.7302056977775394,1.4756736832899455,1.0,0.3569533153346041
2021-08-09 08:00:00,1.3864391710604675,0.7355878114067147,1.4865480144275591,1.0,0.35427428076879847
2021-08-09 09:00:00,1.3840312704874191,0.7343102780323086,1.483966812708343,1.0,0.35491019377711014
2021-08-09 10:00:00,1.420393737430676,0.7536027129508059,1.522946354986559,1.0,0.34530707062396143
2021-08-09 11:00:00,1.445308854952248,0.7668216533494789,1.5496546605125383,1.0,0.338727128115985
2021-08-09 12:00:00,1.4542662450839876,0.7715740775022695,1.5592567309080225,1.0,0.33636153172506555
2021-08-09 13:00:00,1.446665516827747,0.7675414425480588,1.5511089639022335,1.0,0.3383688413394599
2021-08-09 14:00:00,1.438113984674175,0.7630043500074545,1.5419419618491594,1.0,0.34062725291937307
2021-08-09 15:00:00,1.444914085989877,0.7666122051146751,1.5492314792833088,1.0,0.3388313843802424
2021-08-09 16:00:00,1.4523960033625791,0.7705818038826485,1.557251884362163,1.0,0.3368554520524424
2021-08-09 17:00:00,1.4532260954022351,0.7710222167038253,1.5581417196916822,1.0,0.33663622941010335
2021-08-09 18:00:00,1.451388803899195,0.7700474251198542,1.5561721948535592,1.0,0.33712144776999803
2021-08-09 19:00:00,1.4632293381381372,0.7763295273919992,1.5688649146759999,1.0,0.3339944292243896
2021-08-09 20:00:00,1.4560385866373602,0.7725144093044309,1.5611566312260878,1.0,0.33589346628184247
2021-08-09 21:00:00,1.440127749942898,0.7640727713400498,1.5441006616027564,1.0,0.3400954288297903
2021-08-09 22:00:00,1.4483320374875144,0.768425630120345,1.5528954271973752,1.0,0.33792872259949686
2021-08-09 23:00:00,1.4646417619216436,0.7770789015739864,1.5703789932634031,1.0,0.33362141604135626
2021-08-10 00:00:00,1.4646861179848312,0.7771024350835148,1.5704265417161254,1.0,0.3336097018543611
2021-08-10 01:00:00,1.4558589445814498,0.7724190985908403,1.560964059992562,1.0,0.33594090873917315
2021-08-10 02:00:00,1.456167975111287,0.7725830575266852,1.5623894946788186,1.0,0.3350854486611959
2021-08-10 03:00:00,1.456167975111287,0.7725830575266852,1.564629026802044,1.0,0.3355658819959906
2021-08-10 04:00:00,1.456167975111287,0.7725830575266852,1.5523815642761682,1.0,0.33293850764263444
2021-08-10 05:00:00,1.456167975111287,0.7725830575266852,1.5438255598405768,1.0,0.33110303955495674
2021-08-10 06:00:00,1.456167975111287,0.7725830575266852,1.5472762189810028,1.0,0.33184328867256574
2021-08-10 07:00:00,1.456167975111287,0.7725830575266852,1.5471332339910304,1.0,0.3318126149640506
2021-08-10 08:00:00,1.456167975111287,0.7725830575266852,1.5606699388492935,1.0,0.33471656270819844
2021-08-10 09:00:00,1.456167975111287,0.7725830575266852,1.5667445933163857,1.0,0.3360197217355168
2021-08-10 10:00:00,1.456167975111287,0.7725830575266852,1.5611138376186375,1.0,0.33481178963700897
2021-08-10 11:00:00,1.456167975111287,0.7725830575266852,1.5404105620396926,1.0,0.33037044064968524
2021-08-10 12:00:00,1.456167975111287,0.7725830575266852,1.5398905857459928,1.0,0.33025889326788804
2021-08-10 13:00:00,1.456167975111287,0.7725830575266852,1.5591925404968474,1.0,0.3343996253399308
2021-08-10 14:00:00,1.456167975111287,0.7725830575266852,1.5461384524337165,1.0,0.3315992104694171
2021-08-10 15:00:00,1.456167975111287,0.7725830575266852,1.540073647288974,1.0,0.33029816435788717
2021-08-10 16:00:00,1.456167975111287,0.7725830575266852,1.5336909467746016,1.0,0.3289289220678059
2021-08-10 17:00:00,1.456167975111287,0.7725830575266852,1.5216757924034554,1.0,0.3263513833833912
2021-08-10 18:00:00,1.456167975111287,0.7725830575266852,1.5318399534364795,1.0,0.3285318396179074
2021-08-10 19:00:00,1.456167975111287,0.7725830575266852,1.5385110013534327,1.0,0.3299629393391747
2021-08-10 20:00:00,1.456167975111287,0.7725830575266852,1.5451952949107872,1.0,0.33139688056788164
2021-08-10 21:00:00,1.456167975111287,0.7725830575266852,1.549414201194485,1.0,0.3323019371169898
2021-08-10 22:00:00,1.456167975111287,0.7725830575266852,1.5511052279523767,1.0,0.33266470290011724
2021-08-10 23:00:00,1.456167975111287,0.7725830575266852,1.543379962912207,1.0,0.3310074483303206
2021-08-11 00:00:00,1.456167975111287,0.7725830575266852,1.5476810600927533,1.0,0.33193013679738753
2021-08-11 01:00:00,1.456167975111287,0.7725830575266852,1.5528030473463719,1.0,0.33302892586654714
2021-08-11 02:00:00,1.4551486575287091,0.7720422493864165,1.554051194230335,1.0,0.33283006706524676
2021-08-11 03:00:00,1.4448741396490727,0.7665910112231439,1.5430810869236662,1.0,0.3351801145722486
2021-08-11 04:00:00,1.4491318616868105,0.768849984065726,1.547627058635733,1.0,0.3342062636161737
2021-08-11 05:00:00,1.4503826172379788,0.7695135837083882,1.5489624908936224,1.0,0.3339201835295628
2021-08-11 06:00:00,1.4559092263290252,0.7724457760256853,1.5548632538764724,1.0,0.33265610534421763
2021-08-11 07:00:00,1.4650198290098508,0.7772794884787594,1.564590648408061,1.0,0.3305722752931947
2021-08-11 08:00:00,1.4739106269892883,0.7819965815643157,1.5740833573622837,1.0,0.3285387202523061
2021-08-11 09:00:00,1.4691277275825325,0.7794589711301682,1.5689766535398975,1.0,0.3296326928317265
2021-08-11 10:00:00,1.4663596515890776,0.7779903434367688,1.5660211775713948,1.0,0.3302658232777306
2021-08-11 11:00:00,1.4642646678505238,0.776878830912208,1.5637843625026109,1.0,0.33074500014711494
2021-08-11 12:00:00,1.4605133554866057,0.7748885382911717,1.5597790846243587,1.0,0.3316030221362813
2021-08-11 13:00:00,1.4617504328870363,0.7755448808675482,1.561099912714626,1.0,0.33132007059588714
2021-08-11 14:00:00,1.4713547213805305,0.7806405227828328,1.5713544158078225,1.0,0.3291233218535061
2021-08-11 15:00:00,1.4775191140117834,0.7839110969118129,1.5779361405600187,1.0,0.3277133661061938
2021-08-11 16:00:00,1.476475439300852,0.7833573658773332,1.576821808607289,1.0,0.3279520814582208
2021-08-11 17:00:00,1.4731277914319576,0.78158124109621,1.5732475234897847,1.0,0.32871777495554855
2021-08-11 18:00:00,1.4787202465044618,0.7845483685930674,1.5792185902563032,1.0,0.32743863609422974
2021-08-11 19:00:00,1.47181691563685,0.7808857441156885,1.5718479008207205,1.0,0.3290176060941354
2021-08-11 20:00:00,1.4764891174515895,0.7833646229436187,1.5768364127749108,1.0,0.32794895291200404
2021-08-11 21:00:00,1.4725024136563734,0.7812494412748788,1.5725798073608401,1.0,0.32886081499885406
2021-08-11 22:00:00,1.472933752549401,0.7814782920163463,1.5730403480886372,1.0,0.3287621566576932
2021-08-11 23:00:00,1.4547504006746748,0.7718309506192209,1.5536259752102746,1.0,0.3329211586899764
2021-08-12 00:00:00,1.4470238359905767,0.7677315520128465,1.5453763186629375,1.0,0.3346884235179973
2021-08-12 01:00:00,1.4544195802847422,0.7716554308765025,1.553272758132908,1.0,0.3329968258542885
2021-08-12 02:00:00,1.4607872079691988,0.7744913095134183,1.5611647823894117,1.0,0.33084021268294994
2021-08-12 03:00:00,1.4607872079691988,0.7783065651108492,1.5688533671946243,1.0,0.33246997916036447
2021-08-12 04:00:00,1.4607872079691988,0.7736745974087645,1.559518926661606,1.0,0.33049133697177624
2021-08-12 05:00:00,1.4607872079691988,0.76785632419602,1.5477938178520665,1.0,0.3280059394940934
2021-08-12 06:00:00,1.4607872079691988,0.7603678865265859,1.5327029578533913,1.0,0.32480709622653614
2021-08-12 07:00:00,1.4607872079691988,0.7615648096316726,1.5351150229336377,1.0,0.3253183870438609
2021-08-12 08:00:00,1.4607872079691988,0.7617333428765455,1.5354546547387977,1.0,0.3253903795554527
2021-08-12 09:00:00,1.4607872079691988,0.7617672180587649,1.535522920731635,1.0,0.32540485005028263
2021-08-12 10:00:00,1.4607872079691988,0.763789448463994,1.5395981627617499,1.0,0.3262686881968723
2021-08-12 11:00:00,1.4607872079691988,0.76393388145485,1.539889227218772,1.0,0.32633038577930645
2021-08-12 12:00:00,1.4607872079691988,0.7538850867293078,1.5196386808361055,1.0,0.322037832275647
2021-08-12 13:00:00,1.4607872079691988,0.7515347220963114,1.5149021756813439,1.0,0.32103382470898806
2021-08-12 14:00:00,1.4607872079691988,0.7489873421000587,1.50976864094635,1.0,0.31994565789627843
2021-08-12 15:00:00,1.4607872079691988,0.7433873194394245,1.4984833553244927,1.0,0.31755349072110695
2021-08-12 16:00:00,1.4607872079691988,0.7444312143581668,1.500587034725654,1.0,0.3179994123379064
2021-08-12 17:00:00,1.4607872079691988,0.7416190686342189,1.4949199384247538,1.0,0.3167981452894861
2021-08-12 18:00:00,1.4607872079691988,0.7432572117743826,1.4982211595709092,1.0,0.3174979125021581
2021-08-12 19:00:00,1.4607872079691988,0.7480368145989759,1.5078531175652474,1.0,0.3195396201309008
2021-08-12 20:00:00,1.4607872079691988,0.7472440342150941,1.5062554895537748,1.0,0.3192009673563731
2021-08-12 21:00:00,1.4607872079691988,0.749095540443267,1.5099866845652627,1.0,0.3199918770887203
2021-08-12 22:00:00,1.4607872079691988,0.745233938203496,1.502204701013631,1.0,0.318342312670618
2021-08-12 23:00:00,1.4607872079691988,0.7404981540225697,1.4926610472886344,1.0,0.3163193230948892
2021-08-13 00:00:00,1.4607872079691988,0.7474938004839956,1.5067588238890217,1.0,0.3193076602585521
2021-08-13 01:00:00,1.4607872079691988,0.7493124427294183,1.5104237906985039,1.0,0.32008453145113896
2021-08-13 02:00:00,1.4597646569236205,0.754067633044821,1.5221370123948625,1.0,0.322115810764375
2021-08-13 03:00:00,1.4741487482363784,0.7614979935746962,1.537132096224483,1.0,0.3189417763655135
2021-08-13 04:00:00,1.4703363173391872,0.7595286139701437,1.5331577248405006,1.0,0.3197830381837164
2021-08-13 05:00:00,1.4724487598223002,0.7606198340484139,1.5353598974651579,1.0,0.31931690063208185
2021-08-13 06:00:00,1.473662013339745,0.7612465619280373,1.5366246863075739,1.0,0.3190491806687433
2021-08-13 07:00:00,1.491746788515193,0.7705885771261839,1.5554776478120071,1.0,0.3150585428693548
2021-08-13 08:00:00,1.5011719829995325,0.7754573304982317,1.5653031959352866,1.0,0.3129787527137737
2021-08-13 09:00:00,1.502675192379095,0.7762338402824913,1.566870257084295,1.0,0.3126470502672527
2021-08-13 10:00:00,1.5050867129312238,0.7774795545050941,1.5693842117060894,1.0,0.31211491730038055
2021-08-13 11:00:00,1.5070994627246648,0.7785192765352535,1.571482456998368,1.0,0.31167077822049183
2021-08-13 12:00:00,1.5026474999652972,0.7762195352691272,1.5668413883808563,1.0,0.31265316095384876
2021-08-13 13:00:00,1.5148810310018324,0.782538985290572,1.5795945626646153,1.0,0.3099536752869953
2021-08-13 14:00:00,1.5145021336224584,0.7823432590488959,1.5791995708752142,1.0,0.3100372838577157
2021-08-13 15:00:00,1.5117723132082075,0.7809331213197431,1.5763537959797784,1.0,0.3106396537752274
2021-08-13 16:00:00,1.5097191650699318,0.7798725307994995,1.5742134363436597,1.0,0.31109270726850335
2021-08-13 17:00:00,1.5152182268639578,0.7827131698650646,1.5799460815829558,1.0,0.30987926869138427
2021-08-13 18:00:00,1.5137857145878555,0.7819731799384522,1.578452720535667,1.0,0.31019537091447763
2021-08-13 19:00:00,1.5142014265879251,0.7821879234331889,1.5788860907190514,1.0,0.310103638725106
2021-08-13 20:00:00,1.5128125705876923,0.7814704849394095,1.5774382403336544,1.0,0.3104101076305067
2021-08-13 21:00:00,1.5499604776284068,0.8006599030431432,1.6161640776534159,1.0,0.30221294506881197
2021-08-13 22:00:00,1.5486002914212822,0.7999572744455524,1.6147461148668727,1.0,0.302513087616325
2021-08-13 23:00:00,1.548123981903961,0.7997112282156895,1.6142495731677289,1.0,0.3026181914257774
2021-08-14 00:00:00,1.5560247904570104,0.8037925326756111,1.6224859840746646,1.0,0.3008747765947025
2021-08-14 01:00:00,1.5509381827320192,0.8011649541620341,1.6171833127007011,1.0,0.30199720188675533
2021-08-14 02:00:00,1.5480406918545124,0.7996682032457768,1.615293940968596,1.0,0.3019461758789449
2021-08-14 03:00:00,1.5480406918545124,0.7996682032457768,1.614631998580339,1.0,0.30182240624379836
2021-08-14 04:00:00,1.5480406918545124,0.7996682032457768,1.6147243784313425,1.0,0.3018396793791292
2021-08-14 05:00:00,1.5480406918545124,0.7996682032457768,1.6121180439585445,1.0,0.3013523483477724
2021-08-14 06:00:00,1.5480406918545124,0.7996682032457768,1.6141999869241757,1.0,0.301741628934457
2021-08-14 07:00:00,1.5480406918545124,0.7996682032457768,1.6141707785889319,1.0,0.3017361675754921
2021-08-14 08:00:00,1.5480406918545124,0.7996682032457768,1.617299127146261,1.0,0.3023211045223031
2021-08-14 09:00:00,1.5480406918545124,0.7996682032457768,1.616826359673478,1.0,0.30223270671208036
2021-08-14 10:00:00,1.5480406918545124,0.7996682032457768,1.596789441696257,1.0,0.2984862144621552
2021-08-14 11:00:00,1.5480406918545124,0.7996682032457768,1.5737148568536847,1.0,0.29417174087987974
2021-08-14 12:00:00,1.5480406918545124,0.7996682032457768,1.581304608803596,1.0,0.2955908686564931
2021-08-14 13:00:00,1.5480406918545124,0.7996682032457768,1.5711159942806003,1.0,0.2936858069403512
2021-08-14 14:00:00,1.5480406918545124,0.7996682032457768,1.5788983174640372,1.0,0.29514094158362847
2021-08-14 15:00:00,1.5480406918545124,0.7996682032457768,1.5918963662793166,1.0,0.29757130982718544
2021-08-14 16:00:00,1.5480406918545124,0.7996682032457768,1.5935890911962343,1.0,0.29788781463045394
2021-08-14 17:00:00,1.5480406918545124,0.7996682032457768,1.5909830963552412,1.0,0.29740054710327113
2021-08-14 18:00:00,1.5480406918545124,0.7996682032457768,1.588603296296485,1.0,0.2969555733559794
2021-08-14 19:00:00,1.5480406918545124,0.7996682032457768,1.5869740825271323,1.0,0.29665094383325086
2021-08-14 20:00:00,1.5480406918545124,0.7996682032457768,1.597086619525772,1.0,0.2985417806144144
2021-08-14 21:00:00,1.5480406918545124,0.7996682032457768,1.5831162048523197,1.0,0.29592959992066525
2021-08-14 22:00:00,1.5480406918545124,0.7996682032457768,1.5965584920687483,1.0,0.298443031623828
2021-08-14 23:00:00,1.5480406918545124,0.7996682032457768,1.591052381243494,1.0,0.2974135019547693
2021-08-15 00:00:00,1.5480406918545124,0.7996682032457768,1.5984139006203375,1.0,0.29878995492644755
2021-08-15 01:00:00,1.5480406918545124,0.7996682032457768,1.6023495539785317,1.0,0.2995258412948815
2021-08-15 02:00:00,1.5480406918545124,0.7996682032457768,1.6007947195745091,1.0,0.2988161886909828
2021-08-15 03:00:00,1.5480406918545124,0.7996682032457768,1.601689649381106,1.0,0.2986490905198372
2021-08-15 04:00:00,1.5480406918545124,0.7996682032457768,1.5921735058323272,1.0,0.30042591164216337
2021-08-15 05:00:00,1.5480406918545124,0.7996682032457768,1.5866487152577888,1.0,0.30145748126266664
2021-08-15 06:00:00,1.5480406918545124,0.7996682032457768,1.5834972717377092,1.0,0.30204590780158896
2021-08-15 07:00:00,1.5480406918545124,0.7996682032457768,1.5763622867749074,1.0,0.3033781273004229
2021-08-15 08:00:00,1.5480406918545124,0.7996682032457768,1.5544146002618562,1.0,0.3074761227523293
2021-08-15 09:00:00,1.5480406918545124,0.7996682032457768,1.553270041078467,1.0,0.3076898308497717
2021-08-15 10:00:00,1.5480406918545124,0.7996682032457768,1.5627478062332625,1.0,0.3059201756072707
2021-08-15 11:00:00,1.5480406918545124,0.7996682032457768,1.5595321723020075,1.0,0.30652058755581224
2021-08-15 12:00:00,1.5480406918545124,0.7996682032457768,1.5597651597203472,1.0,0.30647708495793524
2021-08-15 13:00:00,1.5480406918545124,0.7996682032457768,1.55549496903407,1.0,0.30727440006450607
2021-08-15 14:00:00,1.5480406918545124,0.7996682032457768,1.5635686963063342,1.0,0.30576690187684985
2021-08-15 15:00:00,1.5480406918545124,0.7996682032457768,1.55710754084497,1.0,0.30697330628211533
2021-08-15 16:00:00,1.5480406918545124,0.7996682032457768,1.5671005274481933,1.0,0.30510745068833245
2021-08-15 17:00:00,1.5480406918545124,0.7996682032457768,1.5581627768636022,1.0,0.3067762762943546
2021-08-15 18:00:00,1.5480406918545124,0.7996682032457768,1.5612323691186385,1.0,0.3062031327380684
2021-08-15 19:00:00,1.5480406918545124,0.7996682032457768,1.5714712491487977,1.0,0.3042913647815115
2021-08-15 20:00:00,1.5480406918545124,0.7996682032457768,1.572993478899525,1.0,0.3040071393533996
2021-08-15 21:00:00,1.5480406918545124,0.7996682032457768,1.5848557989583494,1.0,0.30179224833874924
2021-08-15 22:00:00,1.5480406918545124,0.7996682032457768,1.590647200499938,1.0,0.30071089804866374
2021-08-15 23:00:00,1.5480406918545124,0.7996682032457768,1.603266220220659,1.0,0.29835471871321173
2021-08-16 00:00:00,1.5480406918545124,0.7996682032457768,1.5957739425988284,1.0,0.29975365065077253
2021-08-16 01:00:00,1.5480406918545124,0.7996682032457768,1.6148914772794813,1.0,0.2961840912748269
2021-08-16 02:00:00,1.5480406918545124,0.7996682032457768,1.6183808544456955,1.0,0.29511422588933045
2021-08-16 03:00:00,1.5480406918545124,0.7996682032457768,1.629728292687897,1.0,0.29304444892986214
2021-08-16 04:00:00,1.5480406918545124,0.7996682032457768,1.6088793150645384,1.0,0.29684731020940724
2021-08-16 05:00:00,1.5480406918545124,0.7996682032457768,1.6101702555559518,1.0,0.29661184218322006
2021-08-16 06:00:00,1.5480406918545124,0.7996682032457768,1.617159198842535,1.0,0.295337056326109
2021-08-16 07:00:00,1.5480406918545124,0.7996682032457768,1.6077289821404614,1.0,0.297057131362971
2021-08-16 08:00:00,1.5480406918545124,0.7996682032457768,1.6069502064112295,1.0,0.29719918034588266
2021-08-16 09:00:00,1.5480406918545124,0.7996682032457768,1.6011472573882655,1.0,0.29825764040782254
2021-08-16 10:00:00,1.5480406918545124,0.7996682032457768,1.602362799618933,1.0,0.2980359250524625
2021-08-16 11:00:00,1.5480406918545124,0.7996682032457768,1.611000655319568,1.0,0.29646037695721966
2021-08-16 12:00:00,1.5480406918545124,0.7996682032457768,1.6139744714055493,1.0,0.29591795179613184
2021-08-16 13:00:00,1.5480406918545124,0.7996682032457768,1.6069950378095108,1.0,0.29719100308214763
2021-08-16 14:00:00,1.5480406918545124,0.7996682032457768,1.5773988430442556,1.0,0.3025893600245315
2021-08-16 15:00:00,1.5480406918545124,0.7996682032457768,1.5663190346645202,1.0,0.3046103211974606
2021-08-16 16:00:00,1.5480406918545124,0.7996682032457768,1.5735205874611335,1.0,0.30329675528657596
2021-08-16 17:00:00,1.5480406918545124,0.7996682032457768,1.5769967189869463,1.0,0.30266270760227565
2021-08-16 18:00:00,1.5480406918545124,0.7996682032457768,1.5780061047118819,1.0,0.30247859527030296
2021-08-16 19:00:00,1.5480406918545124,0.7996682032457768,1.5782591304067262,1.0,0.3024324432893744
2021-08-16 20:00:00,1.5480406918545124,0.7996682032457768,1.5658595128321389,1.0,0.30469413815074425
2021-08-16 21:00:00,1.5480406918545124,0.7996682032457768,1.5647652191559132,1.0,0.3048937377246393
2021-08-16 22:00:00,1.5480406918545124,0.7996682032457768,1.5640418034109222,1.0,0.3050256890258176
2021-08-16 23:00:00,1.5480406918545124,0.7996682032457768,1.566407678565667,1.0,0.3045941525168937
2021-08-17 00:00:00,1.5480406918545124,0.7996682032457768,1.5591008399094544,1.0,0.305926922607762
2021-08-17 01:00:00,1.5480406918545124,0.7996682032457768,1.5544298836930883,1.0,0.30677890676039343
2021-08-17 02:00:00,1.5469570633702143,0.7991084355035047,1.571883562160262,1.0,0.30318218523884305
2021-08-17 03:00:00,1.5519275663151464,0.801676038009121,1.576932868207576,1.0,0.30220803541900415
2021-08-17 04:00:00,1.5511094577050537,0.8012534293233579,1.5761017891803497,1.0,0.30236837338961997
2021-08-17 05:00:00,1.5495558203077915,0.8004508700414853,1.574523520181771,1.0,0.3026728648278921
2021-08-17 06:00:00,1.5389678834164848,0.794981481210493,1.563767720544158,1.0,0.3047479539948039
2021-08-17 07:00:00,1.5292174463487511,0.7899447179446158,1.5538626985784711,1.0,0.30665890478149804
2021-08-17 08:00:00,1.5355025398351154,0.7931913957883692,1.5602474368836743,1.0,0.3054271134003753
2021-08-17 09:00:00,1.5442967894795285,0.7977342232793042,1.5691811118866037,1.0,0.30370356212163435
2021-08-17 10:00:00,1.565417498603104,0.8086445046465808,1.5906366719139782,1.0,0.2995641952978849
2021-08-17 11:00:00,1.5581367666039254,0.8048835118595485,1.583240510093008,1.0,0.3009911180547714
2021-08-17 12:00:00,1.5657528328637997,0.8088177275774433,1.5909773226145536,1.0,0.29949847442149435
2021-08-17 13:00:00,1.5591434380485472,0.805403526061769,1.584263141458345,1.0,0.3007938243769928
2021-08-17 14:00:00,1.5501034549229658,0.8007337605307702,1.575079837078623,1.0,0.30256553601879166
2021-08-17 15:00:00,1.5353179889757893,0.7930960627297091,1.560059960127226,1.0,0.30546328281589635
2021-08-17 16:00:00,1.5286313636378837,0.7896419664014434,1.5532673240240256,1.0,0.3067737688854987
2021-08-17 17:00:00,1.5261723571698689,0.7883717224767236,1.5507693320970735,1.0,0.30725570013759496
2021-08-17 18:00:00,1.5306691127096104,0.7906946022574823,1.5553373798764758,1.0,0.3063743982557874
2021-08-17 19:00:00,1.5294845770310004,0.7900827090929301,1.554134064390794,1.0,0.3066065508630174
2021-08-17 20:00:00,1.5191861710168253,0.7847628826329517,1.5436723858964496,1.0,0.3086248959831155
2021-08-17 21:00:00,1.5036925914463646,0.7767593960307272,1.5279331687817237,1.0,0.311661423254991
2021-08-17 22:00:00,1.4973229121494755,0.7734690238684212,1.5214625036298148,1.0,0.31290979228489424
2021-08-17 23:00:00,1.5013084751821344,0.7755278379848841,1.5255112543791276,1.0,0.3121286770631077
2021-08-18 00:00:00,1.493539285202022,0.7715145234610722,1.5176188904908188,1.0,0.3136513308273787
2021-08-18 01:00:00,1.4981072533016122,0.7738741893677269,1.5222592798447205,1.0,0.3127560722689298
2021-08-18 02:00:00,1.505942982103899,0.7779218757143561,1.5323640053118415,1.0,0.31038213439649515
2021-08-18 03:00:00,1.5004510316539101,0.7750849101411862,1.526777062116959,1.0,0.3115140519544135
2021-08-18 04:00:00,1.5040860685231794,0.7769626536767894,1.5304749732115412,1.0,0.3107648532692697
2021-08-18 05:00:00,1.5042105972476685,0.7770269812244365,1.530601655874866,1.0,0.3107391872966798
2021-08-18 06:00:00,1.5159793963548147,0.7831063656268566,1.5425740166385622,1.0,0.3083135808629911
2021-08-18 07:00:00,1.5144085983689668,0.7822949417349561,1.5409760489952842,1.0,0.30863732992742915
2021-08-18 08:00:00,1.4998921547509751,0.7747962122463846,1.5262085184751213,1.0,0.311629239187967
2021-08-18 09:00:00,1.5101455761625286,0.7800928011025058,1.5366392904751958,1.0,0.3095159594287702
2021-08-18 10:00:00,1.514045027910606,0.7821071328894131,1.540606189959465,1.0,0.30871226355785913
2021-08-18 11:00:00,1.508354766301511,0.7791677261277652,1.5348175054723174,1.0,0.3098850540051029
2021-08-18 12:00:00,1.4940970619904337,0.7718026530719723,1.5203131896011535,1.0,0.31282363584269934
2021-08-18 13:00:00,1.5019700817783752,0.775869602746531,1.5283223868304372,1.0,0.31120096837456374
2021-08-18 14:00:00,1.5104610711883792,0.7802557757205391,1.5369602425310722,1.0,0.3094509343775706
2021-08-18 15:00:00,1.5153240347296884,0.7827678268171221,1.541907319405033,1.0,0.30844865406458344
2021-08-18 16:00:00,1.5289367269879162,0.7897997073204919,1.555755466628628,1.0,0.3056430123316617
2021-08-18 17:00:00,1.5310119831579543,0.7908717181413322,1.5578666179295027,1.0,0.30521529199488234
2021-08-18 18:00:00,1.529190124580107,0.7899306043946581,1.5560132471687445,1.0,0.3055907858619681
2021-08-18 19:00:00,1.5154074990222413,0.7828109417954378,1.541992227356323,1.0,0.30843145167008623
2021-08-18 20:00:00,1.4987226530837223,0.7741920851702258,1.5250187882616457,1.0,0.3118702791396623
2021-08-18 21:00:00,1.4863485709269812,0.7678000309450603,1.5124306750351941,1.0,0.31442063733824505
2021-08-18 22:00:00,1.487579168456383,0.7684357181853463,1.513682557869014,1.0,0.3141670052337778
2021-08-18 23:00:00,1.4971381669538955,0.7733735904218813,1.523406895714356,1.0,0.3121968493967979
2021-08-19 00:00:00,1.4917570570844172,0.7705938815399146,1.5179327102787867,1.0,0.31330592217482395
2021-08-19 01:00:00,1.5032607735984151,0.7765363327712044,1.529635403389186,1.0,0.3109349505460584
2021-08-19 02:00:00,1.4992775376892302,0.7744787207721385,1.5266524172444653,1.0,0.31110476951436666
2021-08-19 03:00:00,1.4992775376892302,0.7744787207721385,1.5140524169048333,1.0,0.30853649121559223
2021-08-19 04:00:00,1.4992775376892302,0.7744787207721385,1.4956705247141575,1.0,0.304789680617879
2021-08-19 05:00:00,1.4992775376892302,0.7744787207721385,1.4988144963345238,1.0,0.30543052140096627
2021-08-19 06:00:00,1.4992775376892302,0.7744787207721385,1.507423143699915,1.0,0.30718523581480583
2021-08-19 07:00:00,1.4992775376892302,0.7744787207721385,1.5071636650007727,1.0,0.3071323458549615
2021-08-19 08:00:00,1.4992775376892302,0.7744787207721385,1.5169195886039946,1.0,0.3091209114263326
2021-08-19 09:00:00,1.4992775376892302,0.7744787207721385,1.517905539734374,1.0,0.30932187942820166
2021-08-19 10:00:00,1.4992775376892302,0.7744787207721385,1.5196526057401172,1.0,0.309677986697101
2021-08-19 11:00:00,1.4992775376892302,0.7744787207721385,1.5068236935638075,1.0,0.3070630489311341
2021-08-19 12:00:00,1.4992775376892302,0.7744787207721385,1.5016616297571803,1.0,0.30601085717763477
2021-08-19 13:00:00,1.4992775376892302,0.7744787207721385,1.5135721775323372,1.0,0.3084386032532626
2021-08-19 14:00:00,1.4992775376892302,0.7744787207721385,1.5272321687358734,1.0,0.31122294119166277
2021-08-19 15:00:00,1.4992775376892302,0.7744787207721385,1.5437355574122094,1.0,0.31458685340207393
2021-08-19 16:00:00,1.4992775376892302,0.7744787207721385,1.5544740358277591,1.0,0.31677569469835276
2021-08-19 17:00:00,1.4992775376892302,0.7744787207721385,1.548786221986744,1.0,0.3156163384712422
2021-08-19 18:00:00,1.4992775376892302,0.7744787207721385,1.5526481752432189,1.0,0.316403526603951
2021-08-19 19:00:00,1.4992775376892302,0.7744787207721385,1.5812509469783809,1.0,0.3222336754890391
2021-08-19 20:00:00,1.4992775376892302,0.7744787207721385,1.5860536803351486,1.0,0.3232126243400315
2021-08-19 21:00:00,1.4992775376892302,0.7744787207721385,1.5824291297104809,1.0,0.32247382636691846
2021-08-19 22:00:00,1.4992775376892302,0.7744787207721385,1.5825286418293927,1.0,0.32249411008188494
2021-08-19 23:00:00,1.4992775376892302,0.7744787207721385,1.589868424770706,1.0,0.323990189822978
2021-08-20 00:00:00,1.4992775376892302,0.7744787207721385,1.5878258790944737,1.0,0.3235738544584445
2021-08-20 01:00:00,1.4992775376892302,0.7744787207721385,1.6010949540902708,1.0,0.32627851131859753
2021-08-20 02:00:00,1.4992775376892302,0.7744787207721385,1.602763565149022,1.0,0.3261613685136951
2021-08-20 03:00:00,1.4992775376892302,0.7744787207721385,1.601683196376808,1.0,0.3259414561939621
2021-08-20 04:00:00,1.4992775376892302,0.7744787207721385,1.5987073424999958,1.0,0.32533571216834084
2021-08-20 05:00:00,1.4992775376892302,0.7744787207721385,1.6004910887406962,1.0,0.3256987990917103
2021-08-20 06:00:00,1.4992775376892302,0.7744787207721385,1.601742631942711,1.0,0.3259535544825359
2021-08-20 07:00:00,1.4992775376892302,0.7744787207721385,1.6023940457450079,1.0,0.3260861517253048
2021-08-20 08:00:00,1.4992775376892302,0.7744787207721385,1.5911980832879076,1.0,0.3238071798233872
2021-08-20 09:00:00,1.4992775376892302,0.7744787207721385,1.5933092345887823,1.0,0.3242369110335288
2021-08-20 10:00:00,1.4992775376892302,0.7744787207721385,1.603036968752176,1.0,0.3262170206411346
2021-08-20 11:00:00,1.4992775376892302,0.7744787207721385,1.60393699303585,1.0,0.3264002232966809
2021-08-20 12:00:00,1.4992775376892302,0.7744787207721385,1.594261562170451,1.0,0.32443076018302003
2021-08-20 13:00:00,1.4992775376892302,0.7744787207721385,1.6022473248051787,1.0,0.3260562862357969
2021-08-20 14:00:00,1.4992775376892302,0.7744787207721385,1.6239416459915805,1.0,0.3304722306983144
2021-08-20 15:00:00,1.4992775376892302,0.7744787207721385,1.6499109127095317,1.0,0.3357583532081378
2021-08-20 16:00:00,1.4992775376892302,0.7744787207721385,1.6550386737038376,1.0,0.33680212441320834
2021-08-20 17:00:00,1.4992775376892302,0.7744787207721385,1.6559427735691736,1.0,0.3369861566656854
2021-08-20 18:00:00,1.4992775376892302,0.7744787207721385,1.6528310669702975,1.0,0.3363527594090383
2021-08-20 19:00:00,1.4992775376892302,0.7744787207721385,1.6459314468484714,1.0,0.3349483209383131
2021-08-20 20:00:00,1.4992775376892302,0.7744787207721385,1.6530745829745974,1.0,0.3364023278256522
2021-08-20 21:00:00,1.4992775376892302,0.7744787207721385,1.6517914540147025,1.0,0.33614114305861303
2021-08-20 22:00:00,1.4992775376892302,0.7744787207721385,1.6763600791681736,1.0,0.3411421607565599
2021-08-20 23:00:00,1.4992775376892302,0.7744787207721385,1.6707694000234348,1.0,0.3400041611667688
2021-08-21 00:00:00,1.4992775376892302,0.7744787207721385,1.674805244764151,1.0,0.3408256695274691
2021-08-21 01:00:00,1.4992775376892302,0.7744787207721385,1.6598234065749322,1.0,0.3377760712099387
2021-08-21 02:00:00,1.4992775376892302,0.773936585667598,1.6657713783786996,1.0,0.3385122235634724
2021-08-21 03:00:00,1.4992775376892302,0.7769234120138535,1.6593445257296564,1.0,0.33720581520057435
2021-08-21 04:00:00,1.4992775376892302,0.777010382436978,1.6591573886050133,1.0,0.3371677751959263
2021-08-21 05:00:00,1.4992775376892302,0.7801116435505026,1.6524843028972291,1.0,0.33581131419533333
2021-08-21 06:00:00,1.4992775376892302,0.7770043844767626,1.6591702946136093,1.0,0.3371703986445227
2021-08-21 07:00:00,1.4992775376892302,0.77950474468133,1.6537901871880696,1.0,0.33607676577041884
2021-08-21 08:00:00,1.4992775376892302,0.7752229902927622,1.6630033791666454,1.0,0.3379495628776605
2021-08-21 09:00:00,1.4992775376892302,0.7767231117108677,1.6597755184904046,1.0,0.33729342457607076
2021-08-21 10:00:00,1.4992775376892302,0.7775814513859158,1.6579286007339444,1.0,0.33691799527429833
2021-08-21 11:00:00,1.4992775376892302,0.7700847903218458,1.6740594133200197,1.0,0.340196960829223
2021-08-21 12:00:00,1.4992775376892302,0.7822273450959872,1.647931878180864,1.0,0.3348859272220054
2021-08-21 13:00:00,1.4992775376892302,0.7711233844854752,1.671824636042067,1.0,0.339742689993316
2021-08-21 14:00:00,1.4992775376892302,0.7723236078928063,1.66924207579563,1.0,0.3392177241215475
2021-08-21 15:00:00,1.4992775376892302,0.7746733877277534,1.6641859771122127,1.0,0.338189953614838
2021-08-21 16:00:00,1.4992775376892302,0.77185466210859,1.6702511218887603,1.0,0.3394228363789152
2021-08-21 17:00:00,1.4992775376892302,0.7668735139906845,1.6809692223960007,1.0,0.34160154140012405
2021-08-21 18:00:00,1.4992775376892302,0.7643477413757304,1.6864040105421712,1.0,0.34270628941170217
2021-08-21 19:00:00,1.4992775376892302,0.76746526011826,1.6796959427584555,1.0,0.34134271748465056
2021-08-21 20:00:00,1.4992775376892302,0.7749950678045736,1.6634938074932966,1.0,0.3380492539243246
2021-08-21 21:00:00,1.4992775376892302,0.7747581483760618,1.6640035948328415,1.0,0.3381528801438833
2021-08-21 22:00:00,1.4992775376892302,0.7724296770839855,1.6690138432225625,1.0,0.33917133050426335
2021-08-21 23:00:00,1.4992775376892302,0.7693184719837879,1.6757083257340717,1.0,0.34053214090647665
2021-08-22 00:00:00,1.4992775376892302,0.7774231368044386,1.6582692514345199,1.0,0.33698724050961976
2021-08-22 01:00:00,1.4992775376892302,0.7752266206371032,1.6629955676351267,1.0,0.3379479750008784
2021-08-22 02:00:00,1.4992775376892302,0.7734563675694984,1.665638242711077,1.0,0.33801128138192776
2021-08-22 03:00:00,1.4992775376892302,0.7734563675694984,1.6587413396436923,1.0,0.33941127568585244
2021-08-22 04:00:00,1.4992775376892302,0.7734563675694984,1.6570153308098692,1.0,0.3397616362045182
2021-08-22 05:00:00,1.4992775376892302,0.7734563675694984,1.6684001285506382,1.0,0.3374506493988916
2021-08-22 06:00:00,1.4992775376892302,0.7734563675694984,1.6687597986323026,1.0,0.33737764038880363
2021-08-22 07:00:00,1.4992775376892302,0.7734563675694984,1.6697708825162643,1.0,0.33717240165128537
2021-08-22 08:00:00,1.4992775376892302,0.7734563675694984,1.6707096248257265,1.0,0.3369818474455411
2021-08-22 09:00:00,1.4992775376892302,0.7734563675694984,1.6647711627125035,1.0,0.3381872889388254
2021-08-22 10:00:00,1.4992775376892302,0.7734563675694984,1.6713070371710028,1.0,0.3368605794108436
2021-08-22 11:00:00,1.4992775376892302,0.7734563675694984,1.6688301024159709,1.0,0.33736336950581197
2021-08-22 12:00:00,1.4992775376892302,0.7734563675694984,1.6693191722154013,1.0,0.3372640937980436
2021-08-22 13:00:00,1.4992775376892302,0.7734563675694984,1.660011562594991,1.0,0.3391534346115097
2021-08-22 14:00:00,1.4992775376892302,0.7734563675694984,1.6602693431351072,1.0,0.33910110804054017
2021-08-22 15:00:00,1.4992775376892302,0.7734563675694984,1.6393823267495709,1.0,0.34334093911834895
2021-08-22 16:00:00,1.4992775376892302,0.7734563675694984,1.6482124140519263,1.0,0.3415485300028845
2021-08-22 17:00:00,1.4992775376892302,0.7734563675694984,1.6517096027496592,1.0,0.34083863975087714
2021-08-22 18:00:00,1.4992775376892302,0.7734563675694984,1.653937927023314,1.0,0.3403863148073577
2021-08-22 19:00:00,1.4992775376892302,0.7734563675694984,1.6432870736134957,1.0,0.34254831910986805
2021-08-22 20:00:00,1.4992775376892302,0.7734563675694984,1.6526354390505253,1.0,0.3406507053207546
2021-08-22 21:00:00,1.4992775376892302,0.7734563675694984,1.643313225262493,1.0,0.342543010617161
2021-08-22 22:00:00,1.4992775376892302,0.7734563675694984,1.6533204764015332,1.0,0.3405116503884152
2021-08-22 23:00:00,1.4992775376892302,0.7734563675694984,1.6731101424245975,1.0,0.33649456917991155
2021-08-23 00:00:00,1.4992775376892302,0.7734563675694984,1.6727773032555406,1.0,0.336562131814365
2021-08-23 01:00:00,1.4992775376892302,0.7734563675694984,1.6789090158658997,1.0,0.33531746262821954
2021-08-23 02:00:00,1.4992775376892302,0.7734563675694984,1.6927177658000963,1.0,0.3320412274954834
2021-08-23 03:00:00,1.4992775376892302,0.7734563675694984,1.7006162430608975,1.0,0.33359102652208406
2021-08-23 04:00:00,1.4992775376892302,0.7734563675694984,1.70787960884605,1.0,0.3350162072059025
2021-08-23 05:00:00,1.4992775376892302,0.7734563675694984,1.708386679131154,1.0,0.3351157019576532
2021-08-23 06:00:00,1.4992775376892302,0.7734563675694984,1.70651055303945,1.0,0.3347475780402581
2021-08-23 07:00:00,1.4992775376892302,0.7734563675694984,1.7037486671998887,1.0,0.334205654851218
2021-08-23 08:00:00,1.4992775376892302,0.7734563675694984,1.7035812287199448,1.0,0.3341728009244845
2021-08-23 09:00:00,1.4992775376892302,0.7734563675694984,1.706846109262948,1.0,0.3348134191753751
2021-08-23 10:00:00,1.4992775376892302,0.7734563675694984,1.7086665357386057,1.0,0.33517061399746745
2021-08-23 11:00:00,1.4992775376892302,0.7734563675694984,1.7059498209291306,1.0,0.33463755403815465
2021-08-23 12:00:00,1.4992775376892302,0.7734563675694984,1.711657333414845,1.0,0.33575745310256916
2021-08-23 13:00:00,1.4992775376892302,0.7734563675694984,1.7077176044749887,1.0,0.33498441953236935
2021-08-23 14:00:00,1.4992775376892302,0.7734563675694984,1.7045912937084906,1.0,0.33437099073808574
2021-08-23 15:00:00,1.4992775376892302,0.7734563675694984,1.6896223615278676,1.0,0.3314338630162764
2021-08-23 16:00:00,1.4992775376892302,0.7734563675694984,1.682910557794295,1.0,0.3301169070322859
2021-08-23 17:00:00,1.4992775376892302,0.7734563675694984,1.6892032558803,1.0,0.33135162823820513
2021-08-23 18:00:00,1.4992775376892302,0.7734563675694984,1.6793291404088828,1.0,0.32941417953247926
2021-08-23 19:00:00,1.4992775376892302,0.7734563675694984,1.6808870314991518,1.0,0.32971986099683326
2021-08-23 20:00:00,1.4992775376892302,0.7734563675694984,1.6732531274145699,1.0,0.32822197517292107
2021-08-23 21:00:00,1.4992775376892302,0.7734563675694984,1.6825148867412838,1.0,0.33003927047114084
2021-08-23 22:00:00,1.4992775376892302,0.7734563675694984,1.6839277550507494,1.0,0.3303164963032125
2021-08-23 23:00:00,1.4992775376892302,0.7734563675694984,1.6867001694762709,1.0,0.3308604853578282
2021-08-24 00:00:00,1.4992775376892302,0.7734563675694984,1.6812664002255155,1.0,0.32979429879837757
2021-08-24 01:00:00,1.4992775376892302,0.7734563675694984,1.6727640576151395,1.0,0.32812601238489625
2021-08-24 02:00:00,1.4992775376892302,0.7729149481121997,1.6632822168786818,1.0,0.32580875925461045
2021-08-24 03:00:00,1.4992775376892302,0.7766461701910146,1.671309414593639,1.0,0.3273815905719129
2021-08-24 04:00:00,1.4992775376892302,0.778709827267988,1.6757490815506908,1.0,0.32825148906904755
2021-08-24 05:00:00,1.4992775376892302,0.781084801033746,1.6808585024275184,1.0,0.3292526176638222
2021-08-24 06:00:00,1.4992775376892302,0.7822238222860689,1.683308945901748,1.0,0.32973275212349373
2021-08-24 07:00:00,1.4992775376892302,0.7857813890110992,1.6909625486310291,1.0,0.3312323820678733
2021-08-24 08:00:00,1.4992775376892302,0.7856437276760991,1.6906663896969296,1.0,0.33117435334315626
2021-08-24 09:00:00,1.4992775376892302,0.7843229997763163,1.6878250300149606,1.0,0.33061762362872626
2021-08-24 10:00:00,1.4992775376892302,0.7831451428721473,1.6852910371166618,1.0,0.33012111868020105
2021-08-24 11:00:00,1.4992775376892302,0.7782360638891632,1.6747298465034055,1.0,0.3280517824143733
2021-08-24 12:00:00,1.4992775376892302,0.7802681472654486,1.6791015870994255,1.0,0.3289083715709766
2021-08-24 13:00:00,1.4992775376892302,0.7790405617826958,1.6764606101825013,1.0,0.3283909044111144
2021-08-24 14:00:00,1.4992775376892302,0.7676123029501387,1.6518743241751617,1.0,0.3235735220590584
2021-08-24 15:00:00,1.4992775376892302,0.766304836004645,1.6490614935648265,1.0,0.3230223822676517
2021-08-24 16:00:00,1.4992775376892302,0.7630726362652055,1.64210787198598,1.0,0.32165990507744857
2021-08-24 17:00:00,1.4992775376892302,0.7572438153811775,1.6295679864758617,1.0,0.3192028677219402
2021-08-24 18:00:00,1.4992775376892302,0.7579851658733338,1.6311628974328929,1.0,0.3195153710376183
2021-08-24 19:00:00,1.4992775376892302,0.7606059408989486,1.6368011250303547,1.0,0.3206201128484301
2021-08-24 20:00:00,1.4992775376892302,0.7614446962577276,1.6386055888111697,1.0,0.3209736754796477
2021-08-24 21:00:00,1.4992775376892302,0.7630038055977054,1.6419597925189302,1.0,0.32163089071509005
2021-08-24 22:00:00,1.4992775376892302,0.7609371490191665,1.6375136725575803,1.0,0.32075972783060486
2021-08-24 23:00:00,1.4992775376892302,0.7629375008262603,1.641817147160763,1.0,0.321602941099974
2021-08-25 00:00:00,1.4992775376892302,0.7527971332447706,1.6200015774199192,1.0,0.3173284467481954
2021-08-25 01:00:00,1.4992775376892302,0.7579265966585574,1.6310368940331788,1.0,0.31949068221093246
2021-08-25 02:00:00,1.4982280434128477,0.7595621595993135,1.6357010576134414,1.0,0.3199559990351599
2021-08-25 03:00:00,1.4993339490193731,0.7595621595993135,1.63690810904898,1.0,0.31971982595407916
2021-08-25 04:00:00,1.4927327443100793,0.7595621595993135,1.629703159934315,1.0,0.3211295546378291
2021-08-25 05:00:00,1.493768636196439,0.7595621595993135,1.6308337942136928,1.0,0.3209083334259783
2021-08-25 06:00:00,1.5092472694506294,0.7595621595993135,1.647728099097768,1.0,0.31760277417662536
2021-08-25 07:00:00,1.502689940005973,0.7595621595993135,1.640571038067631,1.0,0.3190031330223245
2021-08-25 08:00:00,1.4975366190297021,0.7595621595993135,1.6349463957423758,1.0,0.3201036570503995
2021-08-25 09:00:00,1.4707941784752852,0.7595621595993135,1.6057580987751179,1.0,0.32581467302146355
2021-08-25 10:00:00,1.4697377492310102,0.7595621595993135,1.6046050487965997,1.0,0.32604028011495517
2021-08-25 11:00:00,1.4764186139952475,0.7595621595993135,1.6118969436533852,1.0,0.3246135395266592
2021-08-25 12:00:00,1.4798962732688907,0.7595621595993135,1.6156926687078539,1.0,0.32387086356882056
2021-08-25 13:00:00,1.4855070172169094,0.7595621595993135,1.6218165697866942,1.0,0.32267265399511
2021-08-25 14:00:00,1.4825773319930953,0.7595621595993135,1.6186189363411128,1.0,0.3232983066564424
2021-08-25 15:00:00,1.5063004697618856,0.7595621595993135,1.6445117859029026,1.0,0.3182320817393251
2021-08-25 16:00:00,1.5178433984265054,0.7595621595993135,1.6571104277153137,1.0,0.31576701689895065
2021-08-25 17:00:00,1.5153241491889058,0.7595621595993135,1.6543607686207382,1.0,0.31630501838021957
2021-08-25 18:00:00,1.5188217234762849,0.7595621595993135,1.658178230110737,1.0,0.3155580894462444
2021-08-25 19:00:00,1.5215961338273765,0.7595621595993135,1.6612063872855436,1.0,0.3149655967082264
2021-08-25 20:00:00,1.5133662544009885,0.7595621595993135,1.6522238053026714,1.0,0.31672313909664057
2021-08-25 21:00:00,1.5144183272360088,0.7595621595993135,1.6533721004359174,1.0,0.31649846234167883
2021-08-25 22:00:00,1.5265736425730099,0.7595621595993135,1.6666391376408836,1.0,0.31390261848510653
2021-08-25 23:00:00,1.5214305902756964,0.7595621595993135,1.6610257031651985,1.0,0.3150009495723612
2021-08-26 00:00:00,1.5234650333976612,0.7595621595993135,1.663246215907335,1.0,0.3145664814789154
2021-08-26 01:00:00,1.5332324141188838,0.7595621595993135,1.673906918639503,1.0,0.312480596042212
2021-08-26 02:00:00,1.515243437403416,0.7595621595993135,1.655431967334213,1.0,0.3156474898930234
2021-08-26 03:00:00,1.515243437403416,0.7595621595993135,1.6542809551465256,1.0,0.3154279611277589
2021-08-26 04:00:00,1.515243437403416,0.7595621595993135,1.627679633639172,1.0,0.31035437865193266
2021-08-26 05:00:00,1.515243437403416,0.7595621595993135,1.6269174998683926,1.0,0.31020901938688294
2021-08-26 06:00:00,1.515243437403416,0.7595621595993135,1.5979513221017094,1.0,0.3046843956621524
2021-08-26 07:00:00,1.515243437403416,0.7595621595993135,1.5919153856604056,1.0,0.30353318137584956
2021-08-26 08:00:00,1.515243437403416,0.7595621595993135,1.5928561657606988,1.0,0.3037126132671988
2021-08-26 09:00:00,1.515243437403416,0.7595621595993135,1.59286873213749,1.0,0.30371501001087386
2021-08-26 10:00:00,1.515243437403416,0.7595621595993135,1.5889463244196966,1.0,0.302966902099974
2021-08-26 11:00:00,1.515243437403416,0.7595621595993135,1.5948817298466733,1.0,0.3040989424368764
2021-08-26 12:00:00,1.515243437403416,0.7595621595993135,1.590523914154665,1.0,0.30326779059647846
2021-08-26 13:00:00,1.515243437403416,0.7595621595993135,1.594108727858129,1.0,0.303951510312432
2021-08-26 14:00:00,1.515243437403416,0.7595621595993135,1.602184153289419,1.0,0.3054917096195119
2021-08-26 15:00:00,1.515243437403416,0.7595621595993135,1.5903187765443483,1.0,0.3032286653754045
2021-08-26 16:00:00,1.515243437403416,0.7595621595993135,1.589528113701936,1.0,0.3030778648544438
2021-08-26 17:00:00,1.515243437403416,0.7595621595993135,1.59255083676786,1.0,0.3036543788735804
2021-08-26 18:00:00,1.515243437403416,0.7595621595993135,1.594181409064433,1.0,0.3039653725596337
2021-08-26 19:00:00,1.515243437403416,0.7595621595993135,1.5959855332134434,1.0,0.30430946721914537
2021-08-26 20:00:00,1.515243437403416,0.7595621595993135,1.5937405669813356,1.0,0.3038812922004383
2021-08-26 21:00:00,1.515243437403416,0.7595621595993135,1.596588040035797,1.0,0.3044243813618362
2021-08-26 22:00:00,1.515243437403416,0.7595621595993135,1.6042888515859957,1.0,0.3058931317966567
2021-08-26 23:00:00,1.515243437403416,0.7595621595993135,1.601683196376808,1.0,0.3053961637567898
2021-08-27 00:00:00,1.515243437403416,0.7595621595993135,1.5906183317964995,1.0,0.30328579856246946
2021-08-27 01:00:00,1.515243437403416,0.7595621595993135,1.6050248337077775,1.0,0.3060335032437881
2021-08-27 02:00:00,1.5141827669972336,0.759030466087594,1.604644446085998,1.0,0.3055326030841414
2021-08-27 03:00:00,1.513409873335756,0.7586430294789532,1.6038255938037573,1.0,0.3056885579777285
2021-08-27 04:00:00,1.5006710727053958,0.7522573156862689,1.5903293051303082,1.0,0.3082589999359885
2021-08-27 05:00:00,1.5038536891596264,0.753852699614342,1.593701169691937,1.0,0.30761680989719425
2021-08-27 06:00:00,1.5098060282331713,0.756836491795694,1.6000074530501482,1.0,0.30641574375695135
2021-08-27 07:00:00,1.5114402928064659,0.7576557169432884,1.6017388959928542,1.0,0.30608598098320305
2021-08-27 08:00:00,1.521070208024545,0.7624830067498273,1.6119414354198613,1.0,0.3041428515749256
2021-08-27 09:00:00,1.5120147537941755,0.757943683099524,1.602347516187701,1.0,0.30597006593993964
2021-08-27 10:00:00,1.512556837237377,0.7582154190203915,1.6029218335702267,1.0,0.30586068405480654
2021-08-27 11:00:00,1.5192823905421473,0.7615868085057838,1.6100473088424838,1.0,0.30450359833624263
2021-08-27 12:00:00,1.520256281435374,0.762075001130027,1.61107911026656,1.0,0.30430708611446006
2021-08-27 13:00:00,1.5170887317592805,0.760487169885739,1.6077232083997737,1.0,0.30494623597075804
2021-08-27 14:00:00,1.5148864175932286,0.7593831924899027,1.6053899378983245,1.0,0.3053906200930904
2021-08-27 15:00:00,1.5424826643158762,0.7732166559717901,1.6346271418455252,1.0,0.29982223476980263
2021-08-27 16:00:00,1.5440714079850106,0.7740130623726291,1.6363103570718982,1.0,0.29950165722827726
2021-08-27 17:00:00,1.5435088080779624,0.7737310419461819,1.6357143032538426,1.0,0.29961517893638395
2021-08-27 18:00:00,1.5435735631669787,0.7737635024169183,1.6357829088784848,1.0,0.29960211262012326
2021-08-27 19:00:00,1.5481888058232598,0.776077034086184,1.6406725879773738,1.0,0.29867084650524406
2021-08-27 20:00:00,1.5470507832192593,0.775506565417302,1.6394668950690556,1.0,0.29890047731081615
2021-08-27 21:00:00,1.5673508624863983,0.7856826016023577,1.6609740791308143,1.0,0.2948043165325481
2021-08-27 22:00:00,1.5691947796746268,0.7866069215413461,1.6629276412740945,1.0,0.29443224994278744
2021-08-27 23:00:00,1.5700212084839549,0.7870211942817342,1.6638032120677975,1.0,0.2942654926986283
2021-08-28 00:00:00,1.572363932199458,0.7881955562626325,1.6662852412999067,1.0,0.29379277666281967
2021-08-28 01:00:00,1.5779899312699404,0.7910157605271051,1.672245779480465,1.0,0.2926575595817521
2021-08-28 02:00:00,1.574077729902735,0.789054649826402,1.6692699256036532,1.0,0.2927965876074818
2021-08-28 03:00:00,1.574077729902735,0.789054649826402,1.6627462778901394,1.0,0.2916519922660793
2021-08-28 04:00:00,1.574077729902735,0.789054649826402,1.6598580490190584,1.0,0.2911452430582864
2021-08-28 05:00:00,1.574077729902735,0.789054649826402,1.6633192367454444,1.0,0.291752519772376
2021-08-28 06:00:00,1.574077729902735,0.789054649826402,1.6603372694961391,1.0,0.2912293238593442
2021-08-28 07:00:00,1.574077729902735,0.789054649826402,1.664831617173822,1.0,0.2920178718681311
2021-08-28 08:00:00,1.574077729902735,0.789054649826402,1.6627534101580477,1.0,0.29165324364582573
2021-08-28 09:00:00,1.574077729902735,0.789054649826402,1.6619148592311075,1.0,0.29150611714135244
2021-08-28 10:00:00,1.574077729902735,0.789054649826402,1.6621960743657802,1.0,0.2915554572570689
2021-08-28 11:00:00,1.574077729902735,0.789054649826402,1.659248070296991,1.0,0.29103822029521065
2021-08-28 12:00:00,1.574077729902735,0.789054649826402,1.6537606392210205,1.0,0.2900754325541111
2021-08-28 13:00:00,1.574077729902735,0.789054649826402,1.6602357195863964,1.0,0.2912115065953355
2021-08-28 14:00:00,1.574077729902735,0.789054649826402,1.6555871790691712,1.0,0.290395904948221
2021-08-28 15:00:00,1.574077729902735,0.789054649826402,1.6526269482553964,1.0,0.28987652276394027
2021-08-28 16:00:00,1.574077729902735,0.789054649826402,1.6580613967697617,1.0,0.29083001454120916
2021-08-28 17:00:00,1.574077729902735,0.789054649826402,1.6630037187984508,1.0,0.2916971611159743
2021-08-28 18:00:00,1.574077729902735,0.789054649826402,1.6646842169703824,1.0,0.29199201002003816
2021-08-28 19:00:00,1.574077729902735,0.789054649826402,1.6572411859603002,1.0,0.2906861058703695
2021-08-28 20:00:00,1.574077729902735,0.789054649826402,1.6522373905748777,1.0,0.2898081735939804
2021-08-28 21:00:00,1.574077729902735,0.789054649826402,1.6548617255333493,1.0,0.29026862175115536
2021-08-28 22:00:00,1.574077729902735,0.789054649826402,1.6621098078872696,1.0,0.2915403215210883
2021-08-28 23:00:00,1.574077729902735,0.789054649826402,1.6541559706422269,1.0,0.29014479474577043
2021-08-29 00:00:00,1.574077729902735,0.789054649826402,1.6611860093772342,1.0,0.2913782380491695
2021-08-29 01:00:00,1.574077729902735,0.789054649826402,1.684580867012072,1.0,0.2954829423859993
2021-08-29 02:00:00,1.574077729902735,0.789054649826402,1.676944245873049,1.0,0.29373127257331877
2021-08-29 03:00:00,1.574077729902735,0.789054649826402,1.6505113817410546,1.0,0.29836252711768213
2021-08-29 04:00:00,1.574077729902735,0.789054649826402,1.6377816420518514,1.0,0.3005928818945913
2021-08-29 05:00:00,1.574077729902735,0.789054649826402,1.6349103947710286,1.0,0.3010959479623054
2021-08-29 06:00:00,1.574077729902735,0.789054649826402,1.6403974862151942,1.0,0.30013456454735526
2021-08-29 07:00:00,1.574077729902735,0.789054649826402,1.6439527519516093,1.0,0.2995116528372972
2021-08-29 08:00:00,1.574077729902735,0.789054649826402,1.6464127051163835,1.0,0.29908064887131036
2021-08-29 09:00:00,1.574077729902735,0.789054649826402,1.6471493665017753,1.0,0.29895157975599557
2021-08-29 10:00:00,1.574077729902735,0.789054649826402,1.6498324577625396,1.0,0.2984814801658677
2021-08-29 11:00:00,1.574077729902735,0.789054649826402,1.6481190153055072,1.0,0.29878168933449994
2021-08-29 12:00:00,1.574077729902735,0.789054649826402,1.6358348725446743,1.0,0.30093397187568155
2021-08-29 13:00:00,1.574077729902735,0.789054649826402,1.6426414335518864,1.0,0.2997414065736876
2021-08-29 14:00:00,1.574077729902735,0.789054649826402,1.6409459915805276,1.0,0.3000384619096266
2021-08-29 15:00:00,1.574077729902735,0.789054649826402,1.6380207428426843,1.0,0.3005509894754204
2021-08-29 16:00:00,1.574077729902735,0.789054649826402,1.6461732646937455,1.0,0.2991226007967585
2021-08-29 17:00:00,1.574077729902735,0.789054649826402,1.6528249535978046,1.0,0.29795717035718206
2021-08-29 18:00:00,1.574077729902735,0.789054649826402,1.6563632377439617,1.0,0.2973372339609856
2021-08-29 19:00:00,1.574077729902735,0.789054649826402,1.6557023142511202,1.0,0.29745303317647787
2021-08-29 20:00:00,1.574077729902735,0.789054649826402,1.657007179646545,1.0,0.2972244100593549
2021-08-29 21:00:00,1.574077729902735,0.789054649826402,1.6601939448743617,1.0,0.29666606266009293
2021-08-29 22:00:00,1.574077729902735,0.789054649826402,1.6608467172038792,1.0,0.29655169159525424
2021-08-29 23:00:00,1.574077729902735,0.789054649826402,1.668760477895913,1.0,0.29516513582948595
2021-08-30 00:00:00,1.574077729902735,0.789054649826402,1.6565476578141636,1.0,0.29730492205244896
2021-08-30 01:00:00,1.574077729902735,0.789054649826402,1.644311063506053,1.0,0.29944887371481815
2021-08-30 02:00:00,1.574077729902735,0.7885023115715236,1.6469754750175336,1.0,0.29857082061545587
2021-08-30 03:00:00,1.574077729902735,0.7870183281951131,1.6438766744272533,1.0,0.299132739240135
2021-08-30 04:00:00,1.574077729902735,0.7799708709724184,1.6291604283096695,1.0,0.30180129842550835
2021-08-30 05:00:00,1.574077729902735,0.7784506175069088,1.6259858898268387,1.0,0.3023769509227547
2021-08-30 06:00:00,1.574077729902735,0.7805336266149414,1.6303355543555231,1.0,0.30158820784666246
2021-08-30 07:00:00,1.574077729902735,0.7795131847359849,1.6282047044099492,1.0,0.30197460388471997
2021-08-30 08:00:00,1.574077729902735,0.779840266122434,1.628887703970126,1.0,0.30185075268412487
2021-08-30 09:00:00,1.574077729902735,0.7819044082782894,1.6331979712094118,1.0,0.3010691536852425
2021-08-30 10:00:00,1.574077729902735,0.7794271449282119,1.6280250391850195,1.0,0.3020071833402718
2021-08-30 11:00:00,1.574077729902735,0.7806518703583271,1.6305824666778745,1.0,0.3015434341903558
2021-08-30 12:00:00,1.574077729902735,0.7790828230509803,1.6273060386534959,1.0,0.30213756274935183
2021-08-30 13:00:00,1.574077729902735,0.7742096194205537,1.6171299905072911,1.0,0.3039828286231611
2021-08-30 14:00:00,1.574077729902735,0.7770538124612476,1.6230691318841246,1.0,0.3029058589837744
2021-08-30 15:00:00,1.574077729902735,0.7758310387848059,1.6205157799729315,1.0,0.30336886909122046
2021-08-30 16:00:00,1.574077729902735,0.7807995530529545,1.6308908523569599,1.0,0.3014875133101269
2021-08-30 17:00:00,1.574077729902735,0.7834106741758056,1.6363433013569988,1.0,0.30049879765903104
2021-08-30 18:00:00,1.574077729902735,0.7858905398641146,1.6415216674902737,1.0,0.29955978261404176
2021-08-30 19:00:00,1.574077729902735,0.7887368473046213,1.6474652240805743,1.0,0.2984820123453126
2021-08-30 20:00:00,1.574077729902735,0.7909914480897816,1.6521732001637026,1.0,0.2976282951187341
2021-08-30 21:00:00,1.574077729902735,0.7910763493745784,1.652350487965996,1.0,0.29759614677128976
2021-08-30 22:00:00,1.574077729902735,0.7873870469932633,1.6446466197295513,1.0,0.2989931218001802
2021-08-30 23:00:00,1.574077729902735,0.7746294091064936,1.618006580196409,1.0,0.3038238729052417
2021-08-31 00:00:00,1.574077729902735,0.7642860905138315,1.5964080351790624,1.0,0.3077404284749308
2021-08-31 01:00:00,1.574077729902735,0.7620919940925494,1.5918264021274537,1.0,0.30857123538493975
2021-08-31 02:00:00,1.574077729902735,0.7620790590402536,1.5929149220629915,1.0,0.30795584550623534
2021-08-31 03:00:00,1.574077729902735,0.7620790590402536,1.597535952403999,1.0,0.30706223555368806
2021-08-31 04:00:00,1.574077729902735,0.7620790590402536,1.6015884391031683,1.0,0.3062785699683732
2021-08-31 05:00:00,1.574077729902735,0.7620790590402536,1.598512393843834,1.0,0.3068734123423421
2021-08-31 06:00:00,1.574077729902735,0.7620790590402536,1.6015700989856896,1.0,0.30628211656086457
2021-08-31 07:00:00,1.574077729902735,0.7620790590402536,1.5973549286518485,1.0,0.30709724173513064
2021-08-31 08:00:00,1.574077729902735,0.7620790590402536,1.6223511502480161,1.0,0.30226349887995113
2021-08-31 09:00:00,1.574077729902735,0.7620790590402536,1.6215176937981535,1.0,0.3024246718053922
2021-08-31 10:00:00,1.574077729902735,0.7620790590402536,1.6101468209613956,1.0,0.3046235591500403
2021-08-31 11:00:00,1.574077729902735,0.7620790590402536,1.611013221696359,1.0,0.3044560154936425
2021-08-31 12:00:00,1.574077729902735,0.7620790590402536,1.6294385867580956,1.0,0.30089293791495364
2021-08-31 13:00:00,1.574077729902735,0.7620790590402536,1.6240985558855645,1.0,0.30192558742869025
2021-08-31 14:00:00,1.574077729902735,0.7620790590402536,1.6263737493483315,1.0,0.30148561292684445
2021-08-31 15:00:00,1.574077729902735,0.7620790590402536,1.605673530455633,1.0,0.3054885993297404
2021-08-31 16:00:00,1.574077729902735,0.7620790590402536,1.6104983398797363,1.0,0.3045555827939557
2021-08-31 17:00:00,1.574077729902735,0.7620790590402536,1.6095348044484974,1.0,0.30474191025503
2021-08-31 18:00:00,1.574077729902735,0.7620790590402536,1.6004995795358252,1.0,0.30648913247813847
2021-08-31 19:00:00,1.574077729902735,0.7620790590402536,1.6072765925759882,1.0,0.30517860087493937
2021-08-31 20:00:00,1.574077729902735,0.7620790590402536,1.6072470446089395,1.0,0.30518431482950875
2021-08-31 21:00:00,1.574077729902735,0.7620790590402536,1.5972194155615898,1.0,0.3071234471129835
2021-08-31 22:00:00,1.574077729902735,0.7620790590402536,1.5939402704827696,1.0,0.3077575647149124
2021-08-31 23:00:00,1.574077729902735,0.7620790590402536,1.5999405455845317,1.0,0.3065972378714865
2021-09-01 00:00:00,1.574077729902735,0.7620790590402536,1.6006748295472877,1.0,0.30645524281655434
2021-09-01 01:00:00,1.574077729902735,0.7620790590402536,1.5886172212004965,1.0,0.3087869303467125
2021-09-01 02:00:00,1.574077729902735,0.7620790590402536,1.5918736109483709,1.0,0.3077260748641996
2021-09-01 03:00:00,1.574077729902735,0.7620790590402536,1.5928065795171455,1.0,0.3079064746043256
2021-09-01 04:00:00,1.574077729902735,0.7620790590402536,1.598510695684808,1.0,0.3090094282393513
2021-09-01 05:00:00,1.574077729902735,0.7620790590402536,1.602082263747871,1.0,0.3097000302295823
2021-09-01 06:00:00,1.574077729902735,0.7620790590402536,1.6111147716061018,1.0,0.3114465650270523
2021-09-01 07:00:00,1.574077729902735,0.7620790590402536,1.6071203619456147,1.0,0.31067420196057194
2021-09-01 08:00:00,1.574077729902735,0.7620790590402536,1.6028376048825468,1.0,0.30984608375052886
2021-09-01 09:00:00,1.574077729902735,0.7620790590402536,1.6085970810344505,1.0,0.3109597418477463
2021-09-01 10:00:00,1.574077729902735,0.7620790590402536,1.618937850606158,1.0,0.31295924344498516
2021-09-01 11:00:00,1.574077729902735,0.7620790590402536,1.6143446700731736,1.0,0.312071101440812
2021-09-01 12:00:00,1.574077729902735,0.7620790590402536,1.620871714104739,1.0,0.3133331772346747
2021-09-01 13:00:00,1.574077729902735,0.7620790590402536,1.6207137853153395,1.0,0.31330263996523217
2021-09-01 14:00:00,1.574077729902735,0.7620790590402536,1.6130863342350559,1.0,0.3118277883584798
2021-09-01 15:00:00,1.574077729902735,0.7620790590402536,1.6064641932980455,1.0,0.3105473245314044
2021-09-01 16:00:00,1.574077729902735,0.7620790590402536,1.6134915149786118,1.0,0.3119061345142753
2021-09-01 17:00:00,1.574077729902735,0.7620790590402536,1.6471344227023486,1.0,0.3184113609640961
2021-09-01 18:00:00,1.574077729902735,0.7620790590402536,1.6555729145333544,1.0,0.320043036225534
2021-09-01 19:00:00,1.574077729902735,0.7620790590402536,1.6540075515433716,1.0,0.3197403560645436
2021-09-01 20:00:00,1.574077729902735,0.7620790590402536,1.6363399050389473,1.0,0.31632412217981376
2021-09-01 21:00:00,1.574077729902735,0.7620790590402536,1.6396085215318073,1.0,0.31695614514995296
2021-09-01 22:00:00,1.574077729902735,0.7620790590402536,1.6452576173470341,1.0,0.3180484599943342
2021-09-01 23:00:00,1.574077729902735,0.7620790590402536,1.6447658304931623,1.0,0.31795336759400566
2021-09-02 00:00:00,1.574077729902735,0.7620790590402536,1.6581612485204789,1.0,0.3205435190866552
2021-09-02 01:00:00,1.574077729902735,0.7620790590402536,1.6578576176866657,1.0,0.3204848087234689
2021-09-02 02:00:00,1.574077729902735,0.7620790590402536,1.6892090296209878,1.0,0.32608979273769734
2021-09-02 03:00:00,1.574077729902735,0.7620790590402536,1.6847550981281192,1.0,0.325229747048145
2021-09-02 04:00:00,1.574077729902735,0.7620790590402536,1.6844477313444495,1.0,0.3251703951075438
2021-09-02 05:00:00,1.574077729902735,0.7620790590402536,1.6786468201123161,1.0,0.32405025019542283
2021-09-02 06:00:00,1.574077729902735,0.7620790590402536,1.6803269786524428,1.0,0.32437468560995814
2021-09-02 07:00:00,1.574077729902735,0.7620790590402536,1.6973075500150288,1.0,0.3276536016035945
2021-09-02 08:00:00,1.574077729902735,0.7620790590402536,1.693759756178327,1.0,0.32696852936987
2021-09-02 09:00:00,1.574077729902735,0.7620790590402536,1.702261759156898,1.0,0.3286102499544791
2021-09-02 10:00:00,1.574077729902735,0.7620790590402536,1.6934962018975228,1.0,0.326917637540139
2021-09-02 11:00:00,1.574077729902735,0.7620790590402536,1.7000167929247902,1.0,0.328176751250198
2021-09-02 12:00:00,1.574077729902735,0.7620790590402536,1.7014126796439981,1.0,0.32844629431745903
2021-09-02 13:00:00,1.574077729902735,0.7620790590402536,1.6993626620680522,1.0,0.3280504398274378
2021-09-02 14:00:00,1.574077729902735,0.7620790590402536,1.703257219977822,1.0,0.3288024715433213
2021-09-02 15:00:00,1.574077729902735,0.7620790590402536,1.6835687642326953,1.0,0.3250006682321006
2021-09-02 16:00:00,1.574077729902735,0.7620790590402536,1.6840255690106356,1.0,0.3250888763648174
2021-09-02 17:00:00,1.574077729902735,0.7620790590402536,1.6857464833673814,1.0,0.3254211816499296
2021-09-02 18:00:00,1.574077729902735,0.7620790590402536,1.6831004119733797,1.0,0.3249102303027204
2021-09-02 19:00:00,1.574077729902735,0.7620790590402536,1.6783785109862397,1.0,0.3239984402141245
2021-09-02 20:00:00,1.574077729902735,0.7620790590402536,1.677194894145257,1.0,0.32376988605611856
2021-09-02 21:00:00,1.574077729902735,0.7620790590402536,1.6835456692699444,1.0,0.32499620863877365
2021-09-02 22:00:00,1.574077729902735,0.7620790590402536,1.6925187415622724,1.0,0.3267288918108015
2021-09-02 23:00:00,1.574077729902735,0.7620790590402536,1.6885199166883182,1.0,0.3259567263426919
2021-09-03 00:00:00,1.574077729902735,0.7620790590402536,1.6736555911036846,1.0,0.32308645337876424
2021-09-03 01:00:00,1.574077729902735,0.7620790590402536,1.6500107644602486,1.0,0.31852068238128495
2021-09-03 02:00:00,1.574077729902735,0.7620790590402536,1.6495047130705602,1.0,0.31797716891412514
2021-09-03 03:00:00,1.574077729902735,0.7620790590402536,1.6637906456910063,1.0,0.32073184681660755
2021-09-03 04:00:00,1.574077729902735,0.7620790590402536,1.6808129917656267,1.0,0.3240141722920234
2021-09-03 05:00:00,1.574077729902735,0.7620790590402536,1.6885481061281464,1.0,0.3255056918990185
2021-09-03 06:00:00,1.574077729902735,0.7620790590402536,1.680520568781384,1.0,0.32395778597449876
2021-09-03 07:00:00,1.574077729902735,0.7620790590402536,1.6787008215693369,1.0,0.3236068941170112
2021-09-03 08:00:00,1.574077729902735,0.7620790590402536,1.6755086222326374,1.0,0.32299135985636807
2021-09-03 09:00:00,1.574077729902735,0.7620790590402536,1.6990074071998544,1.0,0.3275225014628834
2021-09-03 10:00:00,1.574077729902735,0.7620790590402536,1.702141189866066,1.0,0.32812677155788866
2021-09-03 11:00:00,1.574077729902735,0.7620790590402536,1.6941741069806222,1.0,0.32659052273501743
2021-09-03 12:00:00,1.574077729902735,0.7620790590402536,1.7043797030938759,1.0,0.32855841176555955
2021-09-03 13:00:00,1.574077729902735,0.7620790590402536,1.7206721804192076,1.0,0.33170000065983685
2021-09-03 14:00:00,1.574077729902735,0.7620790590402536,1.7236096559020366,1.0,0.3322664179191519
2021-09-03 15:00:00,1.574077729902735,0.7620790590402536,1.722205618019505,1.0,0.33199568500783166
2021-09-03 16:00:00,1.574077729902735,0.7620790590402536,1.7174969626727663,1.0,0.3310877408659489
2021-09-03 17:00:00,1.574077729902735,0.7620790590402536,1.7154048307529806,1.0,0.3306843265617078
2021-09-03 18:00:00,1.574077729902735,0.7620790590402536,1.7129581232286077,1.0,0.3302125413916181
2021-09-03 19:00:00,1.574077729902735,0.7620790590402536,1.7146049978518287,1.0,0.33053009917753773
2021-09-03 20:00:00,1.574077729902735,0.7620790590402536,1.7170116288231927,1.0,0.33099415660608517
2021-09-03 21:00:00,1.574077729902735,0.7620790590402536,1.7037466294090575,1.0,0.3284363396449256
2021-09-03 22:00:00,1.574077729902735,0.7620790590402536,1.707111361702778,1.0,0.3290851424878016
2021-09-03 23:00:00,1.574077729902735,0.7620790590402536,1.6884930857757106,1.0,0.3254950826267317
2021-09-04 00:00:00,1.574077729902735,0.7620790590402536,1.6983790883603085,1.0,0.32740134619294087
2021-09-04 01:00:00,1.574077729902735,0.7620790590402536,1.6959164181410933,1.0,0.3269264830241013
2021-09-04 02:00:00,1.574077729902735,0.7620790590402536,1.687957486418973,1.0,0.3249362610501213
2021-09-04 03:00:00,1.574077729902735,0.7620790590402536,1.7027752824462998,1.0,0.32778954066736987
2021-09-04 04:00:00,1.574077729902735,0.7620790590402536,1.7077410390695447,1.0,0.32874573497124554
2021-09-04 05:00:00,1.574077729902735,0.7620790590402536,1.7095920324076668,1.0,0.3291021578531361
2021-09-04 06:00:00,1.574077729902735,0.7620790590402536,1.7083768298088042,1.0,0.32886816132627295
2021-09-04 07:00:00,1.574077729902735,0.7620790590402536,1.7096623361913348,1.0,0.3291156953827786
2021-09-04 08:00:00,1.574077729902735,0.7620790590402536,1.7052729347414468,1.0,0.3282704826624934
2021-09-04 09:00:00,1.574077729902735,0.7620790590402536,1.7017608022442872,1.0,0.3275941947686163
2021-09-04 10:00:00,1.574077729902735,0.7620790590402536,1.7126045665194363,1.0,0.3296822442682498
2021-09-04 11:00:00,1.574077729902735,0.7620790590402536,1.6912196499075354,1.0,0.32556441550526977
2021-09-04 12:00:00,1.574077729902735,0.7620790590402536,1.695232739317306,1.0,0.3263371664726861
2021-09-04 13:00:00,1.574077729902735,0.7620790590402536,1.7067129735953253,1.0,0.32854777312473493
2021-09-04 14:00:00,1.574077729902735,0.7620790590402536,1.7049856062342814,1.0,0.328215155367433
2021-09-04 15:00:00,1.574077729902735,0.7620790590402536,1.697896471565176,1.0,0.326850088429139
2021-09-04 16:00:00,1.574077729902735,0.7620790590402536,1.694657403039365,1.0,0.32622638108517743
2021-09-04 17:00:00,1.574077729902735,0.7620790590402536,1.6923645487227297,1.0,0.32578487450249055
2021-09-04 18:00:00,1.574077729902735,0.7620790590402536,1.6967801018216153,1.0,0.3266351229222079
2021-09-04 19:00:00,1.574077729902735,0.7620790590402536,1.6942410144462388,1.0,0.3261462022864255
2021-09-04 20:00:00,1.574077729902735,0.7620790590402536,1.69745902580013,1.0,0.32676585491136373
2021-09-04 21:00:00,1.574077729902735,0.7620790590402536,1.7038593871683707,1.0,0.3279982932983781
2021-09-04 22:00:00,1.574077729902735,0.7620790590402536,1.7055969434835694,1.0,0.3283328730164978
2021-09-04 23:00:00,1.574077729902735,0.7620790590402536,1.6937159436754614,1.0,0.32604509590561764
2021-09-05 00:00:00,1.574077729902735,0.7620790590402536,1.695495953966305,1.0,0.3263878504604779
2021-09-05 01:00:00,1.574077729902735,0.7620790590402536,1.7038549719549037,1.0,0.32799744311535706
2021-09-05 02:00:00,1.574077729902735,0.7620790590402536,1.7019764684405636,1.0,0.32717703424987993
2021-09-05 03:00:00,1.574077729902735,0.7620790590402536,1.7016028734548876,1.0,0.327105195985937
2021-09-05 04:00:00,1.574077729902735,0.7620790590402536,1.6870781796754137,1.0,0.3243122548988625
2021-09-05 05:00:00,1.574077729902735,0.7620790590402536,1.6928230516596958,1.0,0.3254169314757662
2021-09-05 06:00:00,1.574077729902735,0.7620790590402536,1.6881395290665389,1.0,0.32451634087597303
2021-09-05 07:00:00,1.574077729902735,0.7620790590402536,1.693188495482048,1.0,0.3254872023594049
2021-09-05 08:00:00,1.574077729902735,0.7620790590402536,1.6937556805966651,1.0,0.3255962659055728
2021-09-05 09:00:00,1.574077729902735,0.7620790590402536,1.7034637161153594,1.0,0.32746301584788534
2021-09-05 10:00:00,1.574077729902735,0.7620790590402536,1.7029379660809716,1.0,0.32736191981826385
2021-09-05 11:00:00,1.574077729902735,0.7620790590402536,1.6987924202671885,1.0,0.3265647763185484
2021-09-05 12:00:00,1.574077729902735,0.7620790590402536,1.7052705573188107,1.0,0.32781045181531826
2021-09-05 13:00:00,1.574077729902735,0.7620790590402536,1.7025283701239486,1.0,0.3272831589579774
2021-09-05 14:00:00,1.574077729902735,0.7620790590402536,1.7045023101755385,1.0,0.32766272622164655
2021-09-05 15:00:00,1.574077729902735,0.7620790590402536,1.7067194265996235,1.0,0.32808905366439134
2021-09-05 16:00:00,1.574077729902735,0.7620790590402536,1.7059729158918817,1.0,0.3279455077515309
2021-09-05 17:00:00,1.574077729902735,0.7620790590402536,1.710500887118275,1.0,0.32881618751051883
2021-09-05 18:00:00,1.574077729902735,0.7620790590402536,1.7084607188646788,1.0,0.32842388528187794
2021-09-05 19:00:00,1.574077729902735,0.7620790590402536,1.710299485457815,1.0,0.3287774601555023
2021-09-05 20:00:00,1.574077729902735,0.7620790590402536,1.7220144053132,1.0,0.33103011219021355
2021-09-05 21:00:00,1.574077729902735,0.7620790590402536,1.7556630867776244,1.0,0.3375003887010123
2021-09-05 22:00:00,1.574077729902735,0.7620790590402536,1.7572366009309308,1.0,0.3378029584072373
2021-09-05 23:00:00,1.574077729902735,0.7620790590402536,1.760484160251871,1.0,0.33842742884343907
2021-09-06 00:00:00,1.574077729902735,0.7620790590402536,1.7585778069295077,1.0,0.3380608577747923
2021-09-06 01:00:00,1.574077729902735,0.7620790590402536,1.7577307652074388,1.0,0.33789798083817996
2021-09-06 02:00:00,1.574077729902735,0.7620790590402536,1.7597845187332413,1.0,0.3378192907605855
2021-09-06 03:00:00,1.574077729902735,0.7620790590402536,1.7548982359524041,1.0,0.33688100538987675
2021-09-06 04:00:00,1.574077729902735,0.7620790590402536,1.7524209615655668,1.0,0.33640530833740234
2021-09-06 05:00:00,1.574077729902735,0.7620790590402536,1.7553428139853584,1.0,0.33696637520639566
2021-09-06 06:00:00,1.574077729902735,0.7620790590402536,1.7579708848936868,1.0,0.3374710288658483
2021-09-06 07:00:00,1.574077729902735,0.7620790590402536,1.7606302019280897,1.0,0.33798168254296296
2021-09-06 08:00:00,1.574077729902735,0.7620790590402536,1.7594346979739264,1.0,0.33775211664980287
2021-09-06 09:00:00,1.574077729902735,0.7620790590402536,1.7549094438019743,1.0,0.33688315757012516
2021-09-06 10:00:00,1.574077729902735,0.7620790590402536,1.7600606393908365,1.0,0.3378723126557955
2021-09-06 11:00:00,1.574077729902735,0.7620790590402536,1.7592183525140395,1.0,0.33771057304925084
2021-09-06 12:00:00,1.574077729902735,0.7620790590402536,1.7465154437374444,1.0,0.33527130499925795
2021-09-06 13:00:00,1.574077729902735,0.7620790590402536,1.7448346059337074,1.0,0.3349485431795848
2021-09-06 14:00:00,1.574077729902735,0.7620790590402536,1.7484041362059393,1.0,0.33563397997990096
2021-09-06 15:00:00,1.574077729902735,0.7620790590402536,1.756050606667312,1.0,0.33710228864995984
2021-09-06 16:00:00,1.574077729902735,0.7620790590402536,1.7528815022933637,1.0,0.3364937433803356
2021-09-06 17:00:00,1.574077729902735,0.7620790590402536,1.7517046780884844,1.0,0.3362677644542561
2021-09-06 18:00:00,1.574077729902735,0.7620790590402536,1.7554813837618637,1.0,0.3369929839803756
2021-09-06 19:00:00,1.574077729902735,0.7620790590402536,1.7605154063779456,1.0,0.33795963899981296
2021-09-06 20:00:00,1.574077729902735,0.7620790590402536,1.7571129749538525,1.0,0.33730628925047257
2021-09-06 21:00:00,1.574077729902735,0.7620790590402536,1.7635496769252452,1.0,0.33854229288887333
2021-09-06 22:00:00,1.574077729902735,0.7620790590402536,1.769992492269131,1.0,0.33977947044377327
2021-09-06 23:00:00,1.574077729902735,0.7620790590402536,1.7864296527434609,1.0,0.34293580582197514
2021-09-07 00:00:00,1.574077729902735,0.7620790590402536,1.7886155230414709,1.0,0.3433555461879918
2021-09-07 01:00:00,1.574077729902735,0.7620790590402536,1.7830866568852708,1.0,0.3422938691497095
2021-09-07 02:00:00,1.574077729902735,0.7620790590402536,1.7833855328738115,1.0,0.3418719710787925
2021-09-07 03:00:00,1.574077729902735,0.7620790590402536,1.789501282789328,1.0,0.3430447108535042
2021-09-07 04:00:00,1.574077729902735,0.7620790590402536,1.7885109164454815,1.0,0.34285480086388576
2021-09-07 05:00:00,1.574077729902735,0.7620790590402536,1.7840858536560515,1.0,0.34200626271068324
2021-09-07 06:00:00,1.574077729902735,0.7620790590402536,1.7887038273108125,1.0,0.34289179293319416
2021-09-07 07:00:00,1.574077729902735,0.7620790590402536,1.7783223019224859,1.0,0.3409010595132124
2021-09-07 08:00:00,1.574077729902735,0.7620790590402536,1.7782747534697634,1.0,0.3408919417496505
2021-09-07 09:00:00,1.574077729902735,0.7620790590402536,1.7399130014451334,1.0,0.3335357952347699
2021-09-07 10:00:00,1.574077729902735,0.7620790590402536,1.7292309019092402,1.0,0.3314874245237003
2021-09-07 11:00:00,1.574077729902735,0.7620790590402536,1.7375172386915345,1.0,0.3330763902050139
2021-09-07 12:00:00,1.574077729902735,0.7620790590402536,1.7310611777072475,1.0,0.3318383932939519
2021-09-07 13:00:00,1.574077729902735,0.7620790590402536,1.7325752562946508,1.0,0.3321287289365167
2021-09-07 14:00:00,1.574077729902735,0.7620790590402536,1.7194831294693422,1.0,0.32961821786662254
2021-09-07 15:00:00,1.574077729902735,0.7620790590402536,1.6080458586146757,1.0,0.30824930616782836
2021-09-07 16:00:00,1.574077729902735,0.7620790590402536,1.5833614190156453,1.0,0.30351588434153626
2021-09-07 17:00:00,1.574077729902735,0.7620790590402536,1.6102120302679863,1.0,0.30866468542495673
2021-09-07 18:00:00,1.574077729902735,0.7620790590402536,1.582940615209052,1.0,0.3034351921340132
2021-09-07 19:00:00,1.574077729902735,0.7620790590402536,1.593255233131762,1.0,0.3054130955581256
2021-09-07 20:00:00,1.574077729902735,0.7620790590402536,1.5858264666574966,1.0,0.30398857525533957
2021-09-07 21:00:00,1.574077729902735,0.7620790590402536,1.5889918350815881,1.0,0.30459555780103365
2021-09-07 22:00:00,1.574077729902735,0.7620790590402536,1.5808406717577475,1.0,0.3030325126189889
2021-09-07 23:00:00,1.574077729902735,0.7620790590402536,1.5883020428853079,1.0,0.3044632851025031
2021-09-08 00:00:00,1.574077729902735,0.7620790590402536,1.590963397710542,1.0,0.3049736193544407
2021-09-08 01:00:00,1.574077729902735,0.7620790590402536,1.5969365022678914,1.0,0.3061190058384666
2021-09-08 02:00:00,1.572975875491803,0.7615456036989254,1.6020900752793896,1.0,0.3066772739824799
2021-09-08 03:00:00,1.5685780497445168,0.7594164261852318,1.5976120299283547,1.0,0.3075347017616606
2021-09-08 04:00:00,1.5486115539494236,0.7497497826397469,1.5772813304396702,1.0,0.31142749541274395
2021-09-08 05:00:00,1.5480311810407943,0.7494687990315688,1.576690371098692,1.0,0.3115406485667655
2021-09-08 06:00:00,1.536617180504417,0.7439427880707348,1.5650681707261158,1.0,0.3137659939291897
2021-09-08 07:00:00,1.5060548765550545,0.7291462558580138,1.533948387682913,1.0,0.31972461300774613
2021-09-08 08:00:00,1.5035702801203534,0.7279433553423139,1.531418470366276,1.0,0.3202090255619453
2021-09-08 09:00:00,1.532817405691138,0.7421031528613303,1.5611990852017328,1.0,0.3145068219352895
2021-09-08 10:00:00,1.542156406305341,0.7466245666805119,1.5707084361144084,1.0,0.31268603161376657
2021-09-08 11:00:00,1.5488723882106583,0.7498760637785947,1.5775469225113055,1.0,0.31137664152398253
2021-09-08 12:00:00,1.546778042524863,0.7488621005166696,1.5754143744067055,1.0,0.3117849683366845
2021-09-08 13:00:00,1.5419896324810223,0.7465438242643687,1.5705386202118283,1.0,0.31271854688791073
2021-09-08 14:00:00,1.544664351075447,0.747838771134472,1.5732621276574066,1.0,0.31219706692118715
2021-09-08 15:00:00,1.528214114592291,0.7398745006909483,1.5565118266587192,1.0,0.31540430853221574
2021-09-08 16:00:00,1.5365341271399064,0.7439025783474955,1.564983602406631,1.0,0.31378218653571344
2021-09-08 17:00:00,1.5476892947009409,0.7493032770784755,1.5763422484984029,1.0,0.311607304878761
2021-09-08 18:00:00,1.5405096815640174,0.7458273160635148,1.5690316738923333,1.0,0.31300708743066574
2021-09-08 19:00:00,1.5501805620886149,0.7505094072908213,1.5788789584511431,1.0,0.311121591713596
2021-09-08 20:00:00,1.5483643951417834,0.7496301223790228,1.5770296632720469,1.0,0.3114756830490255
2021-09-08 21:00:00,1.5349421042129592,0.7431318112429934,1.5633625398006021,1.0,0.3140925773426933
2021-09-08 22:00:00,1.5350578452470365,0.7431878464797967,1.5634803920369926,1.0,0.31407001174243726
2021-09-08 23:00:00,1.553364607942509,0.7520509414998254,1.5821210836632007,1.0,0.31050081009963626
2021-09-09 00:00:00,1.535219282308977,0.7432660051386232,1.56364477383069,1.0,0.3140385369570658
2021-09-09 01:00:00,1.5449585401015453,0.7479812007565484,1.5735616829095578,1.0,0.31213970997759694
2021-09-09 02:00:00,1.5358130948530129,0.7435534954551485,1.5653456499109315,1.0,0.3132835123402236
2021-09-09 03:00:00,1.5358130948530129,0.7435534954551485,1.5532883811959453,1.0,0.3156972283676684
2021-09-09 04:00:00,1.5358130948530129,0.7435534954551485,1.5620665048321116,1.0,0.31393995661629975
2021-09-09 05:00:00,1.5358130948530129,0.7435534954551485,1.5675739741845864,1.0,0.31283742938886827
2021-09-09 06:00:00,1.5358130948530129,0.7435534954551485,1.5722360999740184,1.0,0.31190412948439417
2021-09-09 07:00:00,1.5358130948530129,0.7435534954551485,1.5668716156115154,1.0,0.31297803288580517
2021-09-09 08:00:00,1.5358130948530129,0.7435534954551485,1.5708320620914866,1.0,0.31218520049809684
2021-09-09 09:00:00,1.5358130948530129,0.7435534954551485,1.571070823250514,1.0,0.31213740346794855
2021-09-09 10:00:00,1.5358130948530129,0.7435534954551485,1.5672411350155298,1.0,0.3129040596727165
2021-09-09 11:00:00,1.5358130948530129,0.7435534954551485,1.567065885004067,1.0,0.31293914255686517
2021-09-09 12:00:00,1.5358130948530129,0.7435534954551485,1.5714420408135539,1.0,0.31206309030443213
2021-09-09 13:00:00,1.5358130948530129,0.7435534954551485,1.5847674946890076,1.0,0.30939549929750854
2021-09-09 14:00:00,1.5358130948530129,0.7435534954551485,1.5913658613996566,1.0,0.30807458791526016
2021-09-09 15:00:00,1.5358130948530129,0.7435534954551485,1.592998811118866,1.0,0.30774769158389054
2021-09-09 16:00:00,1.5358130948530129,0.7435534954551485,1.5952009837435237,1.0,0.30730684386912327
2021-09-09 17:00:00,1.5358130948530129,0.7435534954551485,1.602169549121797,1.0,0.3059118232936152
2021-09-09 18:00:00,1.5358130948530129,0.7435534954551485,1.588136642196195,1.0,0.3087210376487591
2021-09-09 19:00:00,1.5358130948530129,0.7435534954551485,1.583484026097308,1.0,0.3096524338308375
2021-09-09 20:00:00,1.5358130948530129,0.7435534954551485,1.5817532624182122,1.0,0.3099989113068483
2021-09-09 21:00:00,1.5358130948530129,0.7435534954551485,1.570816099396644,1.0,0.3121883960321181
2021-09-09 22:00:00,1.5358130948530129,0.7435534954551485,1.578484306293547,1.0,0.31065331588035766
2021-09-09 23:00:00,1.5358130948530129,0.7435534954551485,1.57955142942536,1.0,0.31043969103152996
2021-09-10 00:00:00,1.5358130948530129,0.7435534954551485,1.5756629848880828,1.0,0.31121810952109974
2021-09-10 01:00:00,1.5358130948530129,0.7435534954551485,1.5812950991130514,1.0,0.31009062993226794
2021-09-10 02:00:00,1.5358130948530129,0.7435534954551485,1.5921823362592613,1.0,0.30747254546476166
2021-09-10 03:00:00,1.5358130948530129,0.7435534954551485,1.584776664747747,1.0,0.30604203445735534
2021-09-10 04:00:00,1.5358130948530129,0.7435534954551485,1.5864727859827163,1.0,0.30636966444914565
2021-09-10 05:00:00,1.5358130948530129,0.7435534954551485,1.5810658476445685,1.0,0.3053252372426375
2021-09-10 06:00:00,1.5358130948530129,0.7435534954551485,1.5854966841746863,1.0,0.3061811164722923
2021-09-10 07:00:00,1.5358130948530129,0.7435534954551485,1.575633436921034,1.0,0.30427588968182734
2021-09-10 08:00:00,1.5358130948530129,0.7435534954551485,1.5673494775613757,1.0,0.3026757248580874
2021-09-10 09:00:00,1.5358130948530129,0.7435534954551485,1.5621157514438597,1.0,0.30166475606083304
2021-09-10 10:00:00,1.5358130948530129,0.7435534954551485,1.5696966729668367,1.0,0.3031291191058373
2021-09-10 11:00:00,1.5358130948530129,0.7435534954551485,1.570529110521284,1.0,0.3032899162844272
2021-09-10 12:00:00,1.5358130948530129,0.7435534954551485,1.5734930772849154,1.0,0.30386244871100987
2021-09-10 13:00:00,1.5358130948530129,0.7435534954551485,1.5595443990469933,1.0,0.30116806269522545
2021-09-10 14:00:00,1.5358130948530129,0.7435534954551485,1.557496419261878,1.0,0.3007724662093433
2021-09-10 15:00:00,1.5358130948530129,0.7435534954551485,1.5341249962215961,1.0,0.2962579427301567
2021-09-10 16:00:00,1.5358130948530129,0.7435534954551485,1.5426378674179322,1.0,0.2979023251378908
2021-09-10 17:00:00,1.5358130948530129,0.7435534954551485,1.5445615419623586,1.0,0.2982739102947791
2021-09-10 18:00:00,1.5358130948530129,0.7435534954551485,1.5523459029366262,1.0,0.29977757056947546
2021-09-10 19:00:00,1.5358130948530129,0.7435534954551485,1.5522935996386318,1.0,0.29976746744197535
2021-09-10 20:00:00,1.5358130948530129,0.7435534954551485,1.5503981145340335,1.0,0.29940132747718123
2021-09-10 21:00:00,1.5358130948530129,0.7435534954551485,1.5305850139164132,1.0,0.29557414469162446
2021-09-10 22:00:00,1.5358130948530129,0.7435534954551485,1.5142273272844908,1.0,0.29241442436831727
2021-09-10 23:00:00,1.5358130948530129,0.7435534954551485,1.5101578589950635,1.0,0.29162834856502706
2021-09-11 00:00:00,1.5358130948530129,0.7435534954551485,1.5229164673877051,1.0,0.2940928556278213
2021-09-11 01:00:00,1.5358130948530129,0.7435534954551485,1.5358859871313508,1.0,0.2965981032242362
2021-09-11 02:00:00,1.5347380256866157,0.7430330080083298,1.5398695285740729,1.0,0.2969512614674697
2021-09-11 03:00:00,1.5330796451317281,0.7422301143082345,1.538206011992399,1.0,0.2972721359030573
2021-09-11 04:00:00,1.5301177192243867,0.7407961179651484,1.5352349129608591,1.0,0.29784522891296344
2021-09-11 05:00:00,1.5332519839848187,0.7423135509953207,1.5383788845812254,1.0,0.29723879064219283
2021-09-11 06:00:00,1.5346408523057966,0.7429859621749434,1.539772054245992,1.0,0.29697006321573705
2021-09-11 07:00:00,1.532073714419484,0.7417430997751631,1.5371969658992688,1.0,0.2974667700288496
2021-09-11 08:00:00,1.5248720495761885,0.7382564625760959,1.5299729974035148,1.0,0.2988601957628121
2021-09-11 09:00:00,1.527386368481986,0.7394737530246278,1.5324951031886331,1.0,0.29837370871530833
2021-09-11 10:00:00,1.5388775439928748,0.7450371277260447,1.5440218670239594,1.0,0.29615032009354275
2021-09-11 11:00:00,1.5453952707551428,0.7481926409409972,1.55055977927329,1.0,0.29488922722195
2021-09-11 12:00:00,1.5420185804174753,0.7465578392115051,1.5471726312804288,1.0,0.29554257159641206
2021-09-11 13:00:00,1.5421871948552732,0.7466394727481829,1.5473417679193986,1.0,0.2955099469600457
2021-09-11 14:00:00,1.5439227723816829,0.7474797408385646,1.549082720552649,1.0,0.2951741359439529
2021-09-11 15:00:00,1.5455053102978824,0.7482459158394315,1.5506701596099668,1.0,0.29486793604359846
2021-09-11 16:00:00,1.542503092988738,0.7467924126873804,1.547658644393613,1.0,0.29544882490034713
2021-09-11 17:00:00,1.5515432646538057,0.7511691504972107,1.5567268135913856,1.0,0.2936996727096185
2021-09-11 18:00:00,1.5441171191433214,0.7475738325053377,1.5492776692088108,1.0,0.2951365324474182
2021-09-11 19:00:00,1.5443514187235545,0.7476872670583116,1.5495126944179813,1.0,0.2950911986153589
2021-09-11 20:00:00,1.5352743414887682,0.7432926616671602,1.5404075053534463,1.0,0.29684749153975004
2021-09-11 21:00:00,1.5331531176879571,0.742265685548112,1.5382797120941187,1.0,0.29725791994705025
2021-09-11 22:00:00,1.5359234054993274,0.7436069016065402,1.5410585795239382,1.0,0.29672190634313483
2021-09-11 23:00:00,1.5262917289691333,0.7389437907272801,1.5313970735625508,1.0,0.2985855068064179
2021-09-12 00:00:00,1.5291243160908548,0.7403151685743604,1.5342384332445198,1.0,0.2980374391199896
2021-09-12 01:00:00,1.5215989657003004,0.7366718212125143,1.526689776743033,1.0,0.29949349367396466
2021-09-12 02:00:00,1.5203825298168123,0.7355676340038103,1.5265386405897368,1.0,0.2991069131844438
2021-09-12 03:00:00,1.5203825298168123,0.729936128806177,1.538222993582657,1.0,0.30139687546442845
2021-09-12 04:00:00,1.5203825298168123,0.7296670187127285,1.53878134827034,1.0,0.3015063048161795
2021-09-12 05:00:00,1.5203825298168123,0.7295157670543669,1.539095168058308,1.0,0.30156780890439006
2021-09-12 06:00:00,1.5203825298168123,0.7290220711651695,1.5401194975826706,1.0,0.30176856250833256
2021-09-12 07:00:00,1.5203825298168123,0.7324257245551177,1.5330575334579781,1.0,0.3003845208349982
2021-09-12 08:00:00,1.5203825298168123,0.7290690508469332,1.5400220232545898,1.0,0.3017494589657823
2021-09-12 09:00:00,1.5203825298168123,0.7165028862826012,1.5660945380413094,1.0,0.30685929050220584
2021-09-12 10:00:00,1.5203825298168123,0.7206685271938408,1.557451587863597,1.0,0.305165398687508
2021-09-12 11:00:00,1.5203825298168123,0.7194845409980298,1.5599081447103196,1.0,0.30564684789749347
2021-09-12 12:00:00,1.5203825298168123,0.7170949612266421,1.5648660898020457,1.0,0.30661853261578015
2021-09-12 13:00:00,1.5203825298168123,0.7186466002630159,1.5616467199209338,1.0,0.3059875832086943
2021-09-12 14:00:00,1.5203825298168123,0.7196889926444514,1.5594839445856747,1.0,0.3055637108778237
2021-09-12 15:00:00,1.5203825298168123,0.720610416437652,1.557572157154429,1.0,0.3051890285049482
2021-09-12 16:00:00,1.5203825298168123,0.7201984029916606,1.5584270104080167,1.0,0.3053565672387424
2021-09-12 17:00:00,1.5203825298168123,0.7203837026423806,1.5580425472045756,1.0,0.30528121807439795
2021-09-12 18:00:00,1.5203825298168123,0.7193917274803989,1.5601007159438451,1.0,0.3056845890425317
2021-09-12 19:00:00,1.5203825298168123,0.7200319279521004,1.5587724159538643,1.0,0.30542426167349357
2021-09-12 20:00:00,1.5203825298168123,0.7198859144464091,1.5590753675240672,1.0,0.30548363574999116
2021-09-12 21:00:00,1.5203825298168123,0.7331394228564775,1.5315767387874806,1.0,0.3000943067391132
2021-09-12 22:00:00,1.5203825298168123,0.7302124413595475,1.5376496950955467,1.0,0.30128451734657197
2021-09-12 23:00:00,1.5203825298168123,0.7220951053352056,1.5544916966816273,1.0,0.3045853033100681
2021-09-13 00:00:00,1.5203825298168123,0.717880029358138,1.563237215664498,1.0,0.30629929711030657
2021-09-13 01:00:00,1.5203825298168123,0.7176444761802349,1.5637259458321235,1.0,0.30639508107452185
2021-09-13 02:00:00,1.5203825298168123,0.7308791551608665,1.5341297510668683,1.0,0.3001738280083224
2021-09-13 03:00:00,1.5203825298168123,0.7342312775779314,1.527095297118394,1.0,0.2987971032641868
2021-09-13 04:00:00,1.5203825298168123,0.7399537739289639,1.5150865957515458,1.0,0.29644686024066674
2021-09-13 05:00:00,1.5203825298168123,0.7381997036916064,1.51876752525587,1.0,0.29716726110861486
2021-09-13 06:00:00,1.5203825298168123,0.7375955383293572,1.5200353707845324,1.0,0.29741539327691624
2021-09-13 07:00:00,1.5203825298168123,0.7366756144292704,1.521965837965062,1.0,0.29779320823663363
2021-09-13 08:00:00,1.5203825298168123,0.7422488901898946,1.5102702771225716,1.0,0.29550425046871875
2021-09-13 09:00:00,1.5203825298168123,0.7434646657594675,1.5077189630022094,1.0,0.29500492851632654
2021-09-13 10:00:00,1.5203825298168123,0.7416249798037521,1.5115795577314632,1.0,0.29576049196585286
2021-09-13 11:00:00,1.5203825298168123,0.7388828491494294,1.5173339394062897,1.0,0.2968866916249824
2021-09-13 12:00:00,1.5203825298168123,0.7361690412752817,1.523028885515213,1.0,0.29800125905013036
2021-09-13 13:00:00,1.5203825298168123,0.7398744701444736,1.5152530153360741,1.0,0.2964794304958148
2021-09-13 14:00:00,1.5203825298168123,0.7150506053099892,1.5673460812433242,1.0,0.30667465152614815
2021-09-13 15:00:00,1.5203825298168123,0.7509640524164557,1.4919814440465091,1.0,0.29192491236776474
2021-09-13 16:00:00,1.5203825298168123,0.7442999450079453,1.5059661232557784,1.0,0.29466187731873655
2021-09-13 17:00:00,1.5203825298168123,0.7430212119441546,1.5086495541483478,1.0,0.29518705606552176
2021-09-13 18:00:00,1.5203825298168123,0.7423144371954427,1.5101327262414816,1.0,0.29547733015579025
2021-09-13 19:00:00,1.5203825298168123,0.7383950499525853,1.5183575896670418,1.0,0.2970870319290971
2021-09-13 20:00:00,1.5203825298168123,0.7378035084580714,1.5195989439149018,1.0,0.2973299794445382
2021-09-13 21:00:00,1.5203825298168123,0.7307331714596211,1.534436098955123,1.0,0.3002337838657582
2021-09-13 22:00:00,1.5203825298168123,0.7319359994725425,1.5319119553791736,1.0,0.29973977950604325
2021-09-13 23:00:00,1.5203825298168123,0.7324856232523973,1.53075856576885,1.0,0.2995140476968947
2021-09-14 00:00:00,1.5203825298168123,0.7343592965443229,1.5268266483605124,1.0,0.29874452556659065
2021-09-14 01:00:00,1.5203825298168123,0.7306862365667596,1.5345345921786193,1.0,0.30025306013921316
2021-09-14 02:00:00,1.5203825298168123,0.7308433371534371,1.5331312335596978,1.0,0.2995584366126091
2021-09-14 03:00:00,1.5203825298168123,0.7308433371534371,1.5294842672358895,1.0,0.30027119090902726
2021-09-14 04:00:00,1.5203825298168123,0.7308433371534371,1.5345736498362126,1.0,0.29927653425678047
2021-09-14 05:00:00,1.5203825298168123,0.7308433371534371,1.5309993647187083,1.0,0.2999750839136537
2021-09-14 06:00:00,1.5203825298168123,0.7308433371534371,1.5359685176600046,1.0,0.2990039246557943
2021-09-14 07:00:00,1.5203825298168123,0.7308433371534371,1.5487553154924747,1.0,0.29650490374819066
2021-09-14 08:00:00,1.5203825298168123,0.7308433371534371,1.5524162067202947,1.0,0.29578942800214003
2021-09-14 09:00:00,1.5203825298168123,0.7308433371534371,1.5605870686888343,1.0,0.2941925344592803
2021-09-14 10:00:00,1.5203825298168123,0.7308433371534371,1.5566436037991214,1.0,0.29496323571982336
2021-09-14 11:00:00,1.5203825298168123,0.7308433371534371,1.5628333934481629,1.0,0.29375351816979345
2021-09-14 12:00:00,1.5203825298168123,0.7308433371534371,1.5611461026401277,1.0,0.29408327821306085
2021-09-14 13:00:00,1.5203825298168123,0.7308433371534371,1.5797195471689143,1.0,0.2904533290411275
2021-09-14 14:00:00,1.5203825298168123,0.7308433371534371,1.5760392969282002,1.0,0.2911725882659354
2021-09-14 15:00:00,1.5203825298168123,0.7308433371534371,1.5808630874568879,1.0,0.29022983828716586
2021-09-14 16:00:00,1.5203825298168123,0.7308433371534371,1.5869920830128057,1.0,0.28903200218797026
2021-09-14 17:00:00,1.5203825298168123,0.7308433371534371,1.5820613084654924,1.0,0.2899956608651354
2021-09-14 18:00:00,1.5203825298168123,0.7308433371534371,1.5864333886933175,1.0,0.2891411920573694
2021-09-14 19:00:00,1.5203825298168123,0.7308433371534371,1.5791231537190533,1.0,0.2905698867375803
2021-09-14 20:00:00,1.5203825298168123,0.7308433371534371,1.5774806943092994,1.0,0.29089088504056765
2021-09-14 21:00:00,1.5203825298168123,0.7308433371534371,1.5885340114082322,1.0,0.28873065142379273
2021-09-14 22:00:00,1.5203825298168123,0.7308433371534371,1.5827996680099106,1.0,0.2898513576577957
2021-09-14 23:00:00,1.5203825298168123,0.7308433371534371,1.6011703523510163,1.0,0.28626103544758347
2021-09-15 00:00:00,1.5203825298168123,0.7308433371534371,1.5985303943295075,1.0,0.286776982471802
2021-09-15 01:00:00,1.5203825298168123,0.7308433371534371,1.6000628130343895,1.0,0.2864774902585929
2021-09-15 02:00:00,1.5203825298168123,0.7308433371534371,1.5970299010143103,1.0,0.2866508595718635
2021-09-15 03:00:00,1.5203825298168123,0.7308433371534371,1.6010375563151986,1.0,0.2873703820380379
2021-09-15 04:00:00,1.5203825298168123,0.7308433371534371,1.5978684519412505,1.0,0.2868014105014385
2021-09-15 05:00:00,1.5203825298168123,0.7308433371534371,1.5910798914197117,1.0,0.2855826126155152
2021-09-15 06:00:00,1.5203825298168123,0.7308433371534371,1.592173166200522,1.0,0.28577889590522837
2021-09-15 07:00:00,1.5203825298168123,0.7308433371534371,1.592778050445512,1.0,0.28588749501643657
2021-09-15 08:00:00,1.5203825298168123,0.7308433371534371,1.6012172215401284,1.0,0.28740263859605536
2021-09-15 09:00:00,1.5203825298168123,0.7308433371534371,1.59744323292119,1.0,0.28672506794824776
2021-09-15 10:00:00,1.5203825298168123,0.7308433371534371,1.599832882302296,1.0,0.2871540984628243
2021-09-15 11:00:00,1.5203825298168123,0.7308433371534371,1.615503833424185,1.0,0.28996761423500683
2021-09-15 12:00:00,1.5203825298168123,0.7308433371534371,1.6138450716877832,1.0,0.2896698051057868
2021-09-15 13:00:00,1.5203825298168123,0.7308433371534371,1.6090759618797261,1.0,0.2888135733710393
2021-09-15 14:00:00,1.5203825298168123,0.7308433371534371,1.619727494553155,1.0,0.29072591774257844
2021-09-15 15:00:00,1.5203825298168123,0.7308433371534371,1.6240985558855645,1.0,0.29151068504255
2021-09-15 16:00:00,1.5203825298168123,0.7308433371534371,1.6382224841349493,1.0,0.2940464529474932
2021-09-15 17:00:00,1.5203825298168123,0.7308433371534371,1.6310382525603992,1.0,0.2927566174621553
2021-09-15 18:00:00,1.5203825298168123,0.7308433371534371,1.6288890624973467,1.0,0.2923707582955492
2021-09-15 19:00:00,1.5203825298168123,0.7308433371534371,1.6298824855274399,1.0,0.2925491145000882
2021-09-15 20:00:00,1.5203825298168123,0.7308433371534371,1.6313863751606883,1.0,0.29281911835434415
2021-09-15 21:00:00,1.5203825298168123,0.7308433371534371,1.6264752992580744,1.0,0.29193739845087957
2021-09-15 22:00:00,1.5203825298168123,0.7308433371534371,1.6343221524844915,1.0,0.293346199049057
2021-09-15 23:00:00,1.5203825298168123,0.7308433371534371,1.6383630917022856,1.0,0.2940716972102895
2021-09-16 00:00:00,1.5203825298168123,0.7308433371534371,1.6331371771162881,1.0,0.29313345210969405
2021-09-16 01:00:00,1.5203825298168123,0.7308433371534371,1.6258605656907346,1.0,0.291827031021746
2021-09-16 02:00:00,1.5203825298168123,0.7308433371534371,1.6284665605317277,1.0,0.29188569345480564
2021-09-16 03:00:00,1.5203825298168123,0.7308433371534371,1.6266692290188207,1.0,0.29156345332557554
2021-09-16 04:00:00,1.5203825298168123,0.7308433371534371,1.6164418964700367,1.0,0.28972981443451246
2021-09-16 05:00:00,1.5203825298168123,0.7308433371534371,1.6387635176005693,1.0,0.29373181519290054
2021-09-16 06:00:00,1.5203825298168123,0.7308433371534371,1.6378675688985571,1.0,0.29357118226377943
2021-09-16 07:00:00,1.5203825298168123,0.7308433371534371,1.640989804083393,1.0,0.2941309618382337
2021-09-16 08:00:00,1.5203825298168123,0.7308433371534371,1.6404005429014406,1.0,0.2940253143279891
2021-09-16 09:00:00,1.5203825298168123,0.7308433371534371,1.6319538999071108,1.0,0.2925109318612559
2021-09-16 10:00:00,1.5203825298168123,0.7308433371534371,1.6262005371276997,1.0,0.29147942245287384
2021-09-16 11:00:00,1.5203825298168123,0.7308433371534371,1.6234026503167915,1.0,0.29097779467800655
2021-09-16 12:00:00,1.5203825298168123,0.7308433371534371,1.62579773380678,1.0,0.2914072046158997
2021-09-16 13:00:00,1.5203825298168123,0.7308433371534371,1.6305518998154103,1.0,0.2922595699463916
2021-09-16 14:00:00,1.5203825298168123,0.7308433371534371,1.6111324324599703,1.0,0.2887778907874501
2021-09-16 15:00:00,1.5203825298168123,0.7308433371534371,1.615336394944241,1.0,0.28953161118042253
2021-09-16 16:00:00,1.5203825298168123,0.7308433371534371,1.6299728275876122,1.0,0.2921557491942492
2021-09-16 17:00:00,1.5203825298168123,0.7308433371534371,1.6281442499486307,1.0,0.291827907006839
2021-09-16 18:00:00,1.5203825298168123,0.7308433371534371,1.609253589313825,1.0,0.2884410365934023
2021-09-16 19:00:00,1.5203825298168123,0.7308433371534371,1.6179967308740593,1.0,0.2900085777209099
2021-09-16 20:00:00,1.5203825298168123,0.7308433371534371,1.6105601528682754,1.0,0.2886752878740425
2021-09-16 21:00:00,1.5203825298168123,0.7308433371534371,1.6006792447607547,1.0,0.2869037587584546
2021-09-16 22:00:00,1.5203825298168123,0.7308433371534371,1.6184973481548655,1.0,0.29009833243566524
2021-09-16 23:00:00,1.5203825298168123,0.7308433371534371,1.6174237720187545,1.0,0.28990585302362887
2021-09-17 00:00:00,1.5203825298168123,0.7308433371534371,1.620890733485828,1.0,0.2905274379138747
2021-09-17 01:00:00,1.5203825298168123,0.7308433371534371,1.6128200628998102,1.0,0.289080462821113
2021-09-17 02:00:00,1.5203825298168123,0.7303317468174296,1.6305512205517998,1.0,0.2918502851182304
2021-09-17 03:00:00,1.5203825298168123,0.7261714320471971,1.6212653473669196,1.0,0.2935128022649449
2021-09-17 04:00:00,1.5203825298168123,0.7283414422493948,1.6261088365403067,1.0,0.2926456373101409
2021-09-17 05:00:00,1.5203825298168123,0.7308507780774883,1.6317097046392006,1.0,0.2916428733195602
2021-09-17 06:00:00,1.5203825298168123,0.7305549713435235,1.6310494604099697,1.0,0.2917610816269817
2021-09-17 07:00:00,1.5203825298168123,0.7307288947472897,1.6314376595632674,1.0,0.29169157952030333
2021-09-17 08:00:00,1.5203825298168123,0.7257178312889928,1.6202529049557375,1.0,0.2936940671643399
2021-09-17 09:00:00,1.5203825298168123,0.72856664490694,1.6266114916119434,1.0,0.29255564333123973
2021-09-17 10:00:00,1.5203825298168123,0.7256674650189607,1.6201404868282294,1.0,0.2937141941961076
2021-09-17 11:00:00,1.5203825298168123,0.7216996376553463,1.6112842478768765,1.0,0.2952997908135586
2021-09-17 12:00:00,1.5203825298168123,0.720997705318011,1.6097175263596735,1.0,0.29558029231671484
2021-09-17 13:00:00,1.5203825298168123,0.7218741697149438,1.6116738055573951,1.0,0.2952300454799102
2021-09-17 14:00:00,1.5203825298168123,0.7185544086476031,1.604264058464219,1.0,0.29655666618105025
2021-09-17 15:00:00,1.5203825298168123,0.7221136757845223,1.6122083860187173,1.0,0.2951343356672139
2021-09-17 16:00:00,1.5203825298168123,0.7227387653231682,1.6136035934743145,1.0,0.2948845415690206
2021-09-17 17:00:00,1.5203825298168123,0.7240931767115534,1.616626656172044,1.0,0.29434330075402093
2021-09-17 18:00:00,1.5203825298168123,0.7187004860470919,1.6045901049971725,1.0,0.2964982917082495
2021-09-17 19:00:00,1.5203825298168123,0.7175954713855422,1.6021236988281005,1.0,0.29693987027229035
2021-09-17 20:00:00,1.5203825298168123,0.7222519928221633,1.6125171113296075,1.0,0.2950790623382807
2021-09-17 21:00:00,1.5203825298168123,0.7143128383239049,1.5947968218953832,1.0,0.2982516541282602
2021-09-17 22:00:00,1.5203825298168123,0.7187832632401355,1.6047748646991797,1.0,0.29646521284032906
2021-09-17 23:00:00,1.5203825298168123,0.7142477121499662,1.5946514594827748,1.0,0.2982776794140506
2021-09-18 00:00:00,1.5203825298168123,0.7192712530528028,1.605864063898328,1.0,0.29627020561712897
2021-09-18 01:00:00,1.5203825298168123,0.7206221646701586,1.6088793150645384,1.0,0.2957303633572068
2021-09-18 02:00:00,1.5193182620459404,0.7231337345390478,1.615616591183498,1.0,0.29411554829686387
2021-09-18 03:00:00,1.5210670597974587,0.7231337345390478,1.6174757356849438,1.0,0.2937770092149631
2021-09-18 04:00:00,1.529802422771475,0.7231337345390478,1.6267622881334345,1.0,0.29208598361824895
2021-09-18 05:00:00,1.5427152207836452,0.7231337345390478,1.6404898660661977,1.0,0.28958627387193037
2021-09-18 06:00:00,1.553677952760874,0.7231337345390478,1.6521443314602637,1.0,0.28746406550594106
2021-09-18 07:00:00,1.5513668817096349,0.7231337345390478,1.6496874349817363,1.0,0.287911451643769
2021-09-18 08:00:00,1.552266838462654,0.7231337345390478,1.6506441777768721,1.0,0.2877372345093674
2021-09-18 09:00:00,1.553547288113382,0.7231337345390478,1.6520054220519536,1.0,0.28748936007746045
2021-09-18 10:00:00,1.5521789832595727,0.7231337345390478,1.650550779030453,1.0,0.287754241861856
2021-09-18 11:00:00,1.5513863695910457,0.7231337345390478,1.649708152521851,1.0,0.2879076791037624
2021-09-18 12:00:00,1.5446870110142572,0.7231337345390478,1.6425860735676452,1.0,0.28920456703716757
2021-09-18 13:00:00,1.544528552175245,0.7231337345390478,1.6424176161922859,1.0,0.2892352421165652
2021-09-18 14:00:00,1.5470575041301262,0.7231337345390478,1.6451061415619328,1.0,0.28874567774456544
2021-09-18 15:00:00,1.547623611111436,0.7231337345390478,1.6457079691206764,1.0,0.2886360885496206
2021-09-18 16:00:00,1.5458332818093703,0.7231337345390478,1.6438046724845594,1.0,0.28898266747087964
2021-09-18 17:00:00,1.539186316880965,0.7231337345390478,1.6367382931464,1.0,0.2902694128377097
2021-09-18 18:00:00,1.543429882926529,0.7231337345390478,1.6412496224143405,1.0,0.2894479267900502
2021-09-18 19:00:00,1.5419232460620496,0.7231337345390478,1.639647918821206,1.0,0.2897395874240005
2021-09-18 20:00:00,1.541105713463194,0.7231337345390478,1.6387788010318014,1.0,0.28989784856952194
2021-09-18 21:00:00,1.5314687963688296,0.7231337345390478,1.6285338076291491,1.0,0.2917634005252284
2021-09-18 22:00:00,1.5287344229754711,0.7231337345390478,1.6256268990087845,1.0,0.2922927311795924
2021-09-18 23:00:00,1.534057809335272,0.7231337345390478,1.631286183778166,1.0,0.29126220930861824
2021-09-19 00:00:00,1.5415009021403274,0.7231337345390478,1.6391989255747843,1.0,0.28982134640578217
2021-09-19 01:00:00,1.5305087786042495,0.7231337345390478,1.6275132140546433,1.0,0.2919492445042404
2021-09-19 02:00:00,1.5271457406606743,0.7231337345390478,1.6250760162208149,1.0,0.2919812827132279
2021-09-19 03:00:00,1.5271457406606743,0.7231337345390478,1.6298104835847458,1.0,0.2928321651109375
2021-09-19 04:00:00,1.5271457406606743,0.7231337345390478,1.624456527808203,1.0,0.29186994774239416
2021-09-19 05:00:00,1.5271457406606743,0.7231337345390478,1.6246416271420152,1.0,0.29190321394804347
2021-09-19 06:00:00,1.5271457406606743,0.7231337345390478,1.6298271255431986,1.0,0.2928351560175005
2021-09-19 07:00:00,1.5271457406606743,0.7231337345390478,1.6337763641735994,1.0,0.2935449164565656
2021-09-19 08:00:00,1.5271457406606743,0.7231337345390478,1.6349396031062724,1.0,0.2937539747214261
2021-09-19 09:00:00,1.5271457406606743,0.7231337345390478,1.6380248184243462,1.0,0.2943084521748547
2021-09-19 10:00:00,1.5271457406606743,0.7231337345390478,1.6336085860618503,1.0,0.2935147632352981
2021-09-19 11:00:00,1.5271457406606743,0.7231337345390478,1.632171264262413,1.0,0.29325644657051286
2021-09-19 12:00:00,1.5271457406606743,0.7231337345390478,1.60725825245851,1.0,0.28877905944574994
2021-09-19 13:00:00,1.5271457406606743,0.7231337345390478,1.6051335158854285,1.0,0.28839720002824115
2021-09-19 14:00:00,1.5271457406606743,0.7231337345390478,1.6067335213195375,1.0,0.2886847543306522
2021-09-19 15:00:00,1.5271457406606743,0.7231337345390478,1.6149848760259005,1.0,0.2901676946356993
2021-09-19 16:00:00,1.5271457406606743,0.7231337345390478,1.61787038784254,1.0,0.29068628121037227
2021-09-19 17:00:00,1.5271457406606743,0.7231337345390478,1.6144441821920854,1.0,0.2900705206918575
2021-09-19 18:00:00,1.5271457406606743,0.7231337345390478,1.608611005938462,1.0,0.2890221774220826
2021-09-19 19:00:00,1.5271457406606743,0.7231337345390478,1.6180673742895326,1.0,0.29072168377785224
2021-09-19 20:00:00,1.5271457406606743,0.7231337345390478,1.608814785021558,1.0,0.28905880076775153
2021-09-19 21:00:00,1.5271457406606743,0.7231337345390478,1.615714405143384,1.0,0.29029880621319426
2021-09-19 22:00:00,1.5271457406606743,0.7231337345390478,1.611335871911261,1.0,0.2895118925925865
2021-09-19 23:00:00,1.5271457406606743,0.7231337345390478,1.5973525512292124,1.0,0.28699879861278005
2021-09-20 00:00:00,1.5271457406606743,0.7231337345390478,1.6042953045902937,1.0,0.2882465559997227
2021-09-20 01:00:00,1.5271457406606743,0.7231337345390478,1.595513784636076,1.0,0.28666833395702684
2021-09-20 02:00:00,1.5260767386422118,0.7231337345390478,1.603160594729254,1.0,0.28763936339830903
2021-09-20 03:00:00,1.4849577900357347,0.7231337345390478,1.5599760710713515,1.0,0.29538958191700426
2021-09-20 04:00:00,1.4720520716301595,0.7231337345390478,1.546422044991025,1.0,0.29782208909857644
2021-09-20 05:00:00,1.4753726067757054,0.7231337345390478,1.5499093843664082,1.0,0.29719622501768084
2021-09-20 06:00:00,1.4777718130714599,0.7231337345390478,1.5524291127288907,1.0,0.29674401566667136
2021-09-20 07:00:00,1.47491663145868,0.7231337345390478,1.5494305035211327,1.0,0.2972821685659923
2021-09-20 08:00:00,1.448535710581372,0.7231337345390478,1.5217243597515935,1.0,0.30225452093521943
2021-09-20 09:00:00,1.4559661679283926,0.7231337345390478,1.5295280797387552,1.0,0.30085400681496827
2021-09-20 10:00:00,1.449782366501325,0.7231337345390478,1.5230336403604852,1.0,0.3020195476169635
2021-09-20 11:00:00,1.4410463968459124,0.7231337345390478,1.5138588267758923,1.0,0.30366612847801866
2021-09-20 12:00:00,1.4131015776472315,0.7231337345390478,1.484510223596599,1.0,0.308933248932093
2021-09-20 13:00:00,1.4067952126420415,0.7231337345390478,1.4778870637641732,1.0,0.3101218908722514
2021-09-20 14:00:00,1.4230331081161505,0.7231337345390478,1.4949406559648686,1.0,0.3070613253064224
2021-09-20 15:00:00,1.4153002841581943,0.7231337345390478,1.486819380239882,1.0,0.3085188303611922
2021-09-20 16:00:00,1.4165582586143857,0.7231337345390478,1.4881405479619545,1.0,0.3082817236924462
2021-09-20 17:00:00,1.4167296535917073,0.7231337345390478,1.4883205528186891,1.0,0.30824941867074046
2021-09-20 18:00:00,1.423152761213526,0.7231337345390478,1.4950663197327776,1.0,0.3070387727440995
2021-09-20 19:00:00,1.4029537014427875,0.7231337345390478,1.4738525775506772,1.0,0.3108459500285583
2021-09-20 20:00:00,1.4170468959931275,0.7231337345390478,1.4886537316195514,1.0,0.3081896239041492
2021-09-20 21:00:00,1.407216585576853,0.7231337345390478,1.4783296040062968,1.0,0.31004246928115214
2021-09-20 22:00:00,1.4068424271074922,0.7231337345390478,1.4779366500077267,1.0,0.3101129917530645
2021-09-20 23:00:00,1.4007472336498328,0.7231337345390478,1.4715352697440707,1.0,0.3112618314683665
2021-09-21 00:00:00,1.3903545536758934,0.7231337345390478,1.4606205224216426,1.0,0.313220673888287
2021-09-21 01:00:00,1.346610674822397,0.7231337345390478,1.4146792074012564,1.0,0.32146564686204937
2021-09-21 02:00:00,1.379160448000012,0.7226275409248705,1.4508948260490802,1.0,0.3145634118074675
2021-09-21 03:00:00,1.3834819560489802,0.724891846531257,1.455440118497537,1.0,0.31357774816114686
2021-09-21 04:00:00,1.376859066556016,0.7214217047105153,1.4484742701737048,1.0,0.3150883183909934
2021-09-21 05:00:00,1.3687230195709001,0.7171587260018165,1.4399169072108926,1.0,0.3169440145153822
2021-09-21 06:00:00,1.3730161115167296,0.7194081426525607,1.4444323120604952,1.0,0.3159648321065177
2021-09-21 07:00:00,1.3834532170355782,0.7248767883829369,1.4554098912668776,1.0,0.3135843030490287
2021-09-21 08:00:00,1.3966421638152282,0.7317872941131356,1.4692818127168337,1.0,0.31057612506424803
2021-09-21 09:00:00,1.395480009778896,0.7311783696658977,1.4680594778500626,1.0,0.31084119294612117
2021-09-21 10:00:00,1.3919493089638757,0.7293284169273316,1.464345943692443,1.0,0.31164648670005296
2021-09-21 11:00:00,1.4011315852009272,0.7341395799119544,1.4740037137039737,1.0,0.30955216319659534
2021-09-21 12:00:00,1.3962404634481271,0.7315768184220093,1.4688593107512147,1.0,0.3106677461937424
2021-09-21 13:00:00,1.3910913363952357,0.7288788719825383,1.463443541986133,1.0,0.31184217588097457
2021-09-21 14:00:00,1.3914914222110222,0.729088501710276,1.4638643457927263,1.0,0.3117509230036084
2021-09-21 15:00:00,1.3688031013161102,0.7172006857858996,1.4400011358985723,1.0,0.31692574920982375
2021-09-21 16:00:00,1.3896656875843416,0.7281318863102528,1.4619440675663513,1.0,0.31216734251016875
2021-09-21 17:00:00,1.3698138104391224,0.7177302588672708,1.4410641834487234,1.0,0.3166952233775751
2021-09-21 18:00:00,1.3451747886457708,0.7048203499765803,1.4151492578195977,1.0,0.32231497180507296
2021-09-21 19:00:00,1.361715543954771,0.7134870757018693,1.432546557407115,1.0,0.31854230240216413
2021-09-21 20:00:00,1.355256692875382,0.7101028837614267,1.425753242040304,1.0,0.3200154582157863
2021-09-21 21:00:00,1.3218261162631402,0.6925865350261963,1.3905915008838916,1.0,0.3276404131317191
2021-09-21 22:00:00,1.3348071088334548,0.6993880806719213,1.4042446994513247,1.0,0.32467966602104964
2021-09-21 23:00:00,1.3074462764337555,0.6850520467004395,1.3754670173365053,1.0,0.3309202138862547
2021-09-22 00:00:00,1.3141773408648056,0.688578868068229,1.3825466423150663,1.0,0.32938497076381923
2021-09-22 01:00:00,1.3232465985098272,0.6933308136156378,1.3920855411947908,1.0,0.3273164249093351
2021-09-22 02:00:00,1.3591638944932825,0.712150108579348,1.4318669541649898,1.0,0.31824928610546654
2021-09-22 03:00:00,1.353501258967239,0.7091831032600812,1.4259026800345744,1.0,0.3195751966310037
2021-09-22 04:00:00,1.3548320315209652,0.7098803773875577,1.42730434049447,1.0,0.31926359519948544
2021-09-22 05:00:00,1.3498588051831617,0.7072745962225299,1.4220661991634869,1.0,0.3204280800258256
2021-09-22 06:00:00,1.3538059791182617,0.7093427650120717,1.4262236320904507,1.0,0.31950384616994615
2021-09-22 07:00:00,1.3632061927083317,0.7142681188681886,1.4361245784744758,1.0,0.31730277882523567
2021-09-22 08:00:00,1.3702025028847773,0.7179339189030461,1.443493569751033,1.0,0.3156645873399797
2021-09-22 09:00:00,1.3623761930588791,0.7138332306675285,1.435250366207994,1.0,0.3174971238905926
2021-09-22 10:00:00,1.3656110634875147,0.7155281795521526,1.4386575524773593,1.0,0.316739676456381
2021-09-22 11:00:00,1.3581952391137349,0.7116425700576763,1.430846700222289,1.0,0.318476097518183
2021-09-22 12:00:00,1.3507616797047106,0.7077476680802798,1.423017168217935,1.0,0.3202166712523216
2021-09-22 13:00:00,1.358647321284882,0.7118794438950211,1.4313228640131235,1.0,0.3183702421251642
2021-09-22 14:00:00,1.364717217711181,0.7150598384129802,1.4377160931134558,1.0,0.31694897114215004
2021-09-22 15:00:00,1.362987245636856,0.7141533989426843,1.4358939684787722,1.0,0.31735404545281043
2021-09-22 16:00:00,1.3919917671864301,0.7293506634186671,1.4664435097211113,1.0,0.3105626141071272
2021-09-22 17:00:00,1.3956945200903397,0.7312907648981466,1.470343501739764,1.0,0.3096956116263605
2021-09-22 18:00:00,1.3892541226550192,0.7279162419642753,1.463560035695303,1.0,0.3112036357096447
2021-09-22 19:00:00,1.3894266361796723,0.7280066324799525,1.4637417387110634,1.0,0.3111632415332788
2021-09-22 20:00:00,1.3976518230709831,0.7323163171040545,1.4724050667970852,1.0,0.3092373076066572
2021-09-22 21:00:00,1.398418299048741,0.7327179213204373,1.4732123715979506,1.0,0.30905783665857894
2021-09-22 22:00:00,1.3929472019033409,0.7298512748167075,1.4674498387598005,1.0,0.31033889832287986
2021-09-22 23:00:00,1.4011785154431908,0.734164169571273,1.4761196198501205,1.0,0.3084115298367238
2021-09-23 00:00:00,1.4023728894531255,0.7347899760573823,1.4773776160564331,1.0,0.3081318662306313
2021-09-23 01:00:00,1.391398449643698,0.7290397876264314,1.465818587199617,1.0,0.31070153987257265
2021-09-23 02:00:00,1.4034286972124221,0.7358582799022385,1.4805620038616136,1.0,0.306978405155794
2021-09-23 03:00:00,1.401191363608213,0.7358582799022385,1.4829217656438654,1.0,0.3074677874115408
2021-09-23 04:00:00,1.3892540875515578,0.7358582799022385,1.4955122562929528,1.0,0.31007888263358885
2021-09-23 05:00:00,1.390381448655233,0.7358582799022385,1.4943232053430877,1.0,0.3098322897611983
2021-09-23 06:00:00,1.395015511392449,0.7358582799022385,1.4894355640350296,1.0,0.3088186599335569
2021-09-23 07:00:00,1.3820046500973893,0.7358582799022385,1.5031583871225205,1.0,0.311664585385982
2021-09-23 08:00:00,1.384188851858666,0.7358582799022385,1.50085466458812,1.0,0.3111868249022845
2021-09-23 09:00:00,1.395980256855634,0.7358582799022385,1.4884180271467702,1.0,0.30860763672713526
2021-09-23 10:00:00,1.3921058184667674,0.7358582799022385,1.4925044770264555,1.0,0.3094551104319634
2021-09-23 11:00:00,1.3988503424074932,0.7358582799022385,1.485390888867379,1.0,0.3079798497315292
2021-09-23 12:00:00,1.4027898270525558,0.7358582799022385,1.481235833363051,1.0,0.3071181481603135
2021-09-23 13:00:00,1.407321490237938,0.7358582799022385,1.4764561949690342,1.0,0.30612691665698527
2021-09-23 14:00:00,1.3911317346796728,0.7358582799022385,1.4935318632370647,1.0,0.30966817625286636
2021-09-23 15:00:00,1.387063445566895,0.7358582799022385,1.4978227714634567,1.0,0.31055805181692875
2021-09-23 16:00:00,1.3993481716752114,0.7358582799022385,1.4848658180966017,1.0,0.3078709572491768
2021-09-23 17:00:00,1.3980755835341876,0.7358582799022385,1.486208042990594,1.0,0.30814931629850195
2021-09-23 18:00:00,1.3651792444909505,0.7358582799022385,1.520904488573937,1.0,0.3153448836365615
2021-09-23 19:00:00,1.3680705827799824,0.7358582799022385,1.5178549345954053,1.0,0.31471244793213576
2021-09-23 20:00:00,1.3670346728483846,0.7358582799022385,1.518947530112605,1.0,0.31493903726960515
2021-09-23 21:00:00,1.369702213374762,0.7358582799022385,1.5161340202386593,1.0,0.3143555538777504
2021-09-23 22:00:00,1.3700796104651667,0.7358582799022385,1.515735971763012,1.0,0.3142730040787097
2021-09-23 23:00:00,1.3667789959799703,0.7358582799022385,1.5192171977659021,1.0,0.31499496264540583
2021-09-24 00:00:00,1.3643194746689529,0.7358582799022385,1.5218113054937144,1.0,0.31553294503881313
2021-09-24 01:00:00,1.3706601966033922,0.7358582799022385,1.515123615618308,1.0,0.31414600980595325
2021-09-24 02:00:00,1.3756181249722192,0.7358582799022385,1.5088377101684065,1.0,0.31240442267147484
2021-09-24 03:00:00,1.3756181249722192,0.7358582799022385,1.5083958491898932,1.0,0.31231291384849125
2021-09-24 04:00:00,1.3756181249722192,0.7358582799022385,1.5028605300293951,1.0,0.31116655658716424
2021-09-24 05:00:00,1.3756181249722192,0.7358582799022385,1.502393196665495,1.0,0.3110697724669295
2021-09-24 06:00:00,1.3756181249722192,0.7358582799022385,1.500363896629664,1.0,0.3106495071192532
2021-09-24 07:00:00,1.3756181249722192,0.7358582799022385,1.4967970834118731,1.0,0.3099108248294964
2021-09-24 08:00:00,1.3756181249722192,0.7358582799022385,1.5203413790409817,1.0,0.31478681724739865
2021-09-24 09:00:00,1.3756181249722192,0.7358582799022385,1.5106615329621158,1.0,0.31278213395465837
2021-09-24 10:00:00,1.3756181249722192,0.7358582799022385,1.437879795643543,1.0,0.29770913262484316
2021-09-24 11:00:00,1.3756181249722192,0.7358582799022385,1.431048101882749,1.0,0.29629429790208006
2021-09-24 12:00:00,1.3756181249722192,0.7358582799022385,1.409113661010099,1.0,0.29175170427045155
2021-09-24 13:00:00,1.3756181249722192,0.7358582799022385,1.3972853041317908,1.0,0.28930206723889956
2021-09-24 14:00:00,1.3756181249722192,0.7358582799022385,1.4189609455689087,1.0,0.29379106385045617
2021-09-24 15:00:00,1.3756181249722192,0.7358582799022385,1.4399206431607494,1.0,0.29813178944060664
2021-09-24 16:00:00,1.3756181249722192,0.7358582799022385,1.4232956662981662,1.0,0.2946887787680115
2021-09-24 17:00:00,1.3756181249722192,0.7358582799022385,1.431689326730891,1.0,0.2964270947182161
2021-09-24 18:00:00,1.3756181249722192,0.7358582799022385,1.4250936770746834,1.0,0.2950611444166472
2021-09-24 19:00:00,1.3756181249722192,0.7358582799022385,1.4301243033727138,1.0,0.2961029804551044
2021-09-24 20:00:00,1.3756181249722192,0.7358582799022385,1.437222268468753,1.0,0.29757295961846636
2021-09-24 21:00:00,1.3756181249722192,0.7358582799022385,1.4569355173356564,1.0,0.30165554732979305
2021-09-24 22:00:00,1.3756181249722192,0.7358582799022385,1.456215158276912,1.0,0.30150636192353003
2021-09-24 23:00:00,1.3756181249722192,0.7358582799022385,1.4592389002382518,1.0,0.30213257487589196
2021-09-25 00:00:00,1.3756181249722192,0.7358582799022385,1.4528728416823322,1.0,0.3008141725868802
2021-09-25 01:00:00,1.3756181249722192,0.7358582799022385,1.4499000444917665,1.0,0.3001985102290206
2021-09-25 02:00:00,1.3746551922847388,0.735343179106307,1.4385183034372435,1.0,0.2974243816932687
2021-09-25 03:00:00,1.373045061158167,0.7344818729780237,1.43683372968365,1.0,0.297772754330606
2021-09-25 04:00:00,1.381566095823768,0.7390400230911907,1.4457487249372956,1.0,0.29592911857305204
2021-09-25 05:00:00,1.3841202312479348,0.7404063046672658,1.4484209479802947,1.0,0.29537649842979197
2021-09-25 06:00:00,1.3763584902728683,0.736254322907739,1.4403003515189183,1.0,0.29705585120373057
2021-09-25 07:00:00,1.3859871393344092,0.7414049682849586,1.4503741704917699,1.0,0.29497256878516964
2021-09-25 08:00:00,1.3738196121396187,0.734896202901831,1.4376440911707618,1.0,0.2976051702353062
2021-09-25 09:00:00,1.3827561645153028,0.7396766255642322,1.4469938151350121,1.0,0.2956716318616653
2021-09-25 10:00:00,1.3829853485022703,0.7397992227671693,1.447233595189455,1.0,0.2956220449499798
2021-09-25 11:00:00,1.3840741347519723,0.740381646306335,1.4483727202639618,1.0,0.29538647200126417
2021-09-25 12:00:00,1.3778056605475169,0.7370284565206193,1.4418144301063218,1.0,0.2967427372486399
2021-09-25 13:00:00,1.373167119485504,0.7345471655393614,1.4369614312423902,1.0,0.2977463454371304
2021-09-25 14:00:00,1.3781991038792516,0.7372389208406757,1.4422260638541757,1.0,0.29665761070903246
2021-09-25 15:00:00,1.3733148230465102,0.734626176484597,1.437115963713738,1.0,0.2977143878665682
2021-09-25 16:00:00,1.383360612934189,0.7399999626631967,1.4476262095562202,1.0,0.29554085164982613
2021-09-25 17:00:00,1.3822822146272393,0.7394230959377618,1.4464979526994786,1.0,0.2957741770331396
2021-09-25 18:00:00,1.3811005861391907,0.7387910083758764,1.4452616929286959,1.0,0.2960298375976371
2021-09-25 19:00:00,1.3805117196344325,0.7384760064975083,1.4446456008341357,1.0,0.296157246461373
2021-09-25 20:00:00,1.3831337013096985,0.7398785810132631,1.4473888069244132,1.0,0.29558994690657997
2021-09-25 21:00:00,1.3826928629891573,0.7396427637305598,1.446927586933006,1.0,0.29568532796333474
2021-09-25 22:00:00,1.3838465738810597,0.7402599173555434,1.4481346383685447,1.0,0.29543570773085553
2021-09-25 23:00:00,1.3853427622605696,0.7410602721832162,1.4497000013585273,1.0,0.2951119880765234
2021-09-26 00:00:00,1.3834524813029028,0.7400491057346288,1.4477223253570803,1.0,0.2955209747433007
2021-09-26 01:00:00,1.3806659156596586,0.7385584904513258,1.4448069259415868,1.0,0.2961238841624344
2021-09-26 02:00:00,1.3736231632546356,0.7347911166602583,1.4384459618627445,1.0,0.2970229479087757
2021-09-26 03:00:00,1.3736231632546356,0.7347911166602583,1.4275791026248443,1.0,0.29926731201653445
2021-09-26 04:00:00,1.3736231632546356,0.7347911166602583,1.4324402526520998,1.0,0.29826332453452575
2021-09-26 05:00:00,1.3736231632546356,0.7347911166602583,1.4325883321191495,1.0,0.298232741250647
2021-09-26 06:00:00,1.3736231632546356,0.7347911166602583,1.4274401932165341,1.0,0.29929600138145734
2021-09-26 07:00:00,1.3736231632546356,0.7347911166602583,1.4239732317494604,1.0,0.3000120430370393
2021-09-26 08:00:00,1.3736231632546356,0.7347911166602583,1.3990914660716318,1.0,0.30515094661556513
2021-09-26 09:00:00,1.3736231632546356,0.7347911166602583,1.411615728518713,1.0,0.3025642741928338
2021-09-26 10:00:00,1.3736231632546356,0.7347911166602583,1.467693015132295,1.0,0.2909824687621469
2021-09-26 11:00:00,1.3736231632546356,0.7347911166602583,1.4591393881193397,1.0,0.29274907427702074
2021-09-26 12:00:00,1.3736231632546356,0.7347911166602583,1.4617158349932837,1.0,0.29221695319559
2021-09-26 13:00:00,1.3736231632546356,0.7347911166602583,1.4679504560406065,1.0,0.2909292987410917
2021-09-26 14:00:00,1.3736231632546356,0.7347911166602583,1.4663861119460393,1.0,0.2912523872859203
2021-09-26 15:00:00,1.3736231632546356,0.7347911166602583,1.4696829178787278,1.0,0.29057148834874025
2021-09-26 16:00:00,1.3736231632546356,0.7347911166602583,1.4703876538744347,1.0,0.29042593716973036
2021-09-26 17:00:00,1.3736231632546356,0.7347911166602583,1.4664924167010545,1.0,0.2912304318550625
2021-09-26 18:00:00,1.3736231632546356,0.7347911166602583,1.464133334182413,1.0,0.2917176600427263
2021-09-26 19:00:00,1.3736231632546356,0.7347911166602583,1.465829115785577,1.0,0.29136742532619797
2021-09-26 20:00:00,1.3736231632546356,0.7347911166602583,1.4680462322096615,1.0,0.29090951780977564
2021-09-26 21:00:00,1.3736231632546356,0.7347911166602583,1.4809440896424186,1.0,0.2882456857258825
2021-09-26 22:00:00,1.3736231632546356,0.7347911166602583,1.4783292643744914,1.0,0.28878573320886897
2021-09-26 23:00:00,1.3736231632546356,0.7347911166602583,1.4558965836436717,1.0,0.29341882013590564
2021-09-27 00:00:00,1.3736231632546356,0.7347911166602583,1.4648115788973175,1.0,0.2915775801851443
2021-09-27 01:00:00,1.3736231632546356,0.7347911166602583,1.4886262214433332,1.0,0.28665907265695534
2021-09-27 02:00:00,1.3736231632546356,0.7347911166602583,1.502505614793003,1.0,0.28337669545548283
2021-09-27 03:00:00,1.3736231632546356,0.7347911166602583,1.4990403514849553,1.0,0.2827229840008703
2021-09-27 04:00:00,1.3736231632546356,0.7347911166602583,1.4946611389892217,1.0,0.28189685879301246
2021-09-27 05:00:00,1.3736231632546356,0.7347911166602583,1.4938137576353476,1.0,0.28173700286051634
2021-09-27 06:00:00,1.3736231632546356,0.7347911166602583,1.4958447558302044,1.0,0.2821201445343948
2021-09-27 07:00:00,1.3736231632546356,0.7347911166602583,1.4842405559433018,1.0,0.279931047281651
2021-09-27 08:00:00,1.3736231632546356,0.7347911166602583,1.4822241619160668,1.0,0.2795506606398756
2021-09-27 09:00:00,1.3736231632546356,0.7347911166602583,1.4874405668115196,1.0,0.2805347196648088
2021-09-27 10:00:00,1.3736231632546356,0.7347911166602583,1.4780758990478422,1.0,0.2787681033815558
2021-09-27 11:00:00,1.3736231632546356,0.7347911166602583,1.485426889838726,1.0,0.2801548455871456
2021-09-27 12:00:00,1.3736231632546356,0.7347911166602583,1.4846796998673737,1.0,0.2800138904562873
2021-09-27 13:00:00,1.3736231632546356,0.7347911166602583,1.4774975060836546,1.0,0.2786589912961686
2021-09-27 14:00:00,1.3736231632546356,0.7347911166602583,1.4764314018472573,1.0,0.2784578739526394
2021-09-27 15:00:00,1.3736231632546356,0.7347911166602583,1.4658732679202475,1.0,0.27646611388309716
2021-09-27 16:00:00,1.3736231632546356,0.7347911166602583,1.4687693083228472,1.0,0.27701244315620127
2021-09-27 17:00:00,1.3736231632546356,0.7347911166602583,1.4615324338184974,1.0,0.2756472286433243
2021-09-27 18:00:00,1.3736231632546356,0.7347911166602583,1.4610066837841098,1.0,0.2755480474876113
2021-09-27 19:00:00,1.3736231632546356,0.7347911166602583,1.4601579439030148,1.0,0.27538793527305905
2021-09-27 20:00:00,1.3736231632546356,0.7347911166602583,1.4595404932812337,1.0,0.2752714550785588
2021-09-27 21:00:00,1.3736231632546356,0.7347911166602583,1.4481696204444763,1.0,0.2731263742689512
2021-09-27 22:00:00,1.3736231632546356,0.7347911166602583,1.4613398625849716,1.0,0.2756109006618713
2021-09-27 23:00:00,1.3736231632546356,0.7347911166602583,1.464506929168089,1.0,0.27620835820516854
2021-09-28 00:00:00,1.3736231632546356,0.7347911166602583,1.4299205242896178,1.0,0.26968373740927865
2021-09-28 01:00:00,1.3736231632546356,0.7347911166602583,1.4360797470761948,1.0,0.2708456561811494
2021-09-28 02:00:00,1.3736231632546356,0.7342767628785961,1.4402171417266543,1.0,0.2712458807968034
2021-09-28 03:00:00,1.3736231632546356,0.7338300951410731,1.4393412313011464,1.0,0.27141088231940774
2021-09-28 04:00:00,1.3736231632546356,0.7360409185879445,1.4436766312940141,1.0,0.2705941919603367
2021-09-28 05:00:00,1.3736231632546356,0.7373746868107691,1.4462921358255516,1.0,0.2701014906320792
2021-09-28 06:00:00,1.3736231632546356,0.7338181447440629,1.4393177967065902,1.0,0.2714152968618892
2021-09-28 07:00:00,1.3736231632546356,0.7302685304437395,1.4323570428598356,1.0,0.2727265439366374
2021-09-28 08:00:00,1.3736231632546356,0.7228125218743849,1.4177358936476965,1.0,0.2754808345718124
2021-09-28 09:00:00,1.3736231632546356,0.7238724701309343,1.4198144402952757,1.0,0.2750892838473694
2021-09-28 10:00:00,1.3736231632546356,0.7247335914923008,1.4215030896305314,1.0,0.27477118087319774
2021-09-28 11:00:00,1.3736231632546356,0.7234879790966957,1.4190604576878207,1.0,0.27523131695329484
2021-09-28 12:00:00,1.3736231632546356,0.7283857367350879,1.428664905505941,1.0,0.27342205830353605
2021-09-28 13:00:00,1.3736231632546356,0.723756603238184,1.419587226617624,1.0,0.27513208571577663
2021-09-28 14:00:00,1.3736231632546356,0.7266231397731756,1.4252084726248273,1.0,0.27407317133011394
2021-09-28 15:00:00,1.3736231632546356,0.7186487610842371,1.4095708054198441,1.0,0.27701895074278204
2021-09-28 16:00:00,1.3736231632546356,0.7172606098953087,1.4068486565014868,1.0,0.2775317414382739
2021-09-28 17:00:00,1.3736231632546356,0.7138902515501369,1.4002394215730725,1.0,0.27877677037580023
2021-09-28 18:00:00,1.3736231632546356,0.7163638105370712,1.405090043014368,1.0,0.2778630240610135
2021-09-28 19:00:00,1.3736231632546356,0.7190898866086541,1.410435847627587,1.0,0.2768559965442271
2021-09-28 20:00:00,1.3736231632546356,0.7196830766051707,1.41159908656026,1.0,0.2766368688920674
2021-09-28 21:00:00,1.3736231632546356,0.7225387019081096,1.4171989357637387,1.0,0.2755819851756268
2021-09-28 22:00:00,1.3736231632546356,0.7240086007403538,1.4200813908941317,1.0,0.27503899645040664
2021-09-28 23:00:00,1.3736231632546356,0.7193941887470131,1.411032580709253,1.0,0.27674358565814106
2021-09-29 00:00:00,1.3736231632546356,0.7096329659138232,1.391890932170434,1.0,0.280349435140103
2021-09-29 01:00:00,1.3736231632546356,0.7195045134266572,1.41124892616914,1.0,0.2767028311137832
2021-09-29 02:00:00,1.3736231632546356,0.7178780325235188,1.410033044306667,1.0,0.2765521284725541
2021-09-29 03:00:00,1.3736231632546356,0.7206151248816076,1.4154080572551297,1.0,0.27549770323154965
2021-09-29 04:00:00,1.3736231632546356,0.7291117679606034,1.4320934885790315,1.0,0.27222449438281543
2021-09-29 05:00:00,1.3736231632546356,0.7298052938266426,1.433455412117723,1.0,0.2719573235742455
2021-09-29 06:00:00,1.3736231632546356,0.7306259372766067,1.4350669650332075,1.0,0.27164118255512715
2021-09-29 07:00:00,1.3736231632546356,0.7331610250931659,1.4400452880332433,1.0,0.27066457664190563
2021-09-29 08:00:00,1.3736231632546356,0.7333076859246874,1.440333295804019,1.0,0.27060807767789885
2021-09-29 09:00:00,1.3736231632546356,0.7319368914074239,1.4376413741163203,1.0,0.2711361564381795
2021-09-29 10:00:00,1.3736231632546356,0.7299856797314503,1.433809648090505,1.0,0.2718878325135626
2021-09-29 11:00:00,1.3736231632546356,0.7328012909781132,1.4393388538785103,1.0,0.2708031590064507
2021-09-29 12:00:00,1.3736231632546356,0.732353352825235,1.4384592075031457,1.0,0.2709757207007639
2021-09-29 13:00:00,1.3736231632546356,0.7264573452693392,1.4268808196334355,1.0,0.2732470723304292
2021-09-29 14:00:00,1.3736231632546356,0.7279670179089044,1.4298454656606774,1.0,0.2726654927822978
2021-09-29 15:00:00,1.3736231632546356,0.7291901139000837,1.432247341786769,1.0,0.27219431274284484
2021-09-29 16:00:00,1.3736231632546356,0.7205936791939795,1.41536594291129,1.0,0.2755059648725129
2021-09-29 17:00:00,1.3736231632546356,0.7170791806593705,1.408464284998633,1.0,0.27685987459843553
2021-09-29 18:00:00,1.3736231632546356,0.7123664908030857,1.3992096579398274,1.0,0.27867537020011196
2021-09-29 19:00:00,1.3736231632546356,0.7137770636119176,1.4019796949427126,1.0,0.27813196742836716
2021-09-29 20:00:00,1.3736231632546356,0.7120200737682536,1.398529375434092,1.0,0.27880882235212334
2021-09-29 21:00:00,1.3736231632546356,0.7105256206489409,1.395594617005704,1.0,0.2793845388002163
2021-09-29 22:00:00,1.3736231632546356,0.7123763489014309,1.3992290169527215,1.0,0.2786715725103143
2021-09-29 23:00:00,1.3736231632546356,0.7143452013849696,1.4030953854226633,1.0,0.2779131005689776
2021-09-30 00:00:00,1.3736231632546356,0.7172306840655176,1.408761802459953,1.0,0.27680151010259835
2021-09-30 01:00:00,1.3736231632546356,0.7311280084958366,1.436052916163587,1.0,0.2714477668799954
2021-09-30 02:00:00,1.3736231632546356,0.7413371295876657,1.45814222913939,1.0,0.26672730121321997
2021-09-30 03:00:00,1.3736231632546356,0.748745393397043,1.4727103957899241,1.0,0.26939273659165547
2021-09-30 04:00:00,1.3736231632546356,0.7519300107416858,1.47897286664527,1.0,0.2705385370053024
2021-09-30 05:00:00,1.3736231632546356,0.7506842466055119,1.4765231024346506,1.0,0.2700903208122531
2021-09-30 06:00:00,1.3736231632546356,0.7508826914956359,1.4769133393787794,1.0,0.27016171973167824
2021-09-30 07:00:00,1.3736231632546356,0.7484143064915882,1.4720593216194324,1.0,0.2692736141125101
2021-09-30 08:00:00,1.3736231632546356,0.7469049854343273,1.4690912792741389,1.0,0.2687305722005376
2021-09-30 09:00:00,1.3736231632546356,0.7429689027137673,1.461351070434542,1.0,0.2673144004218613
2021-09-30 10:00:00,1.3736231632546356,0.7444236471084701,1.4642117891294049,1.0,0.26783780607749047
2021-09-30 11:00:00,1.3736231632546356,0.7389908512305438,1.453528331066291,1.0,0.26588312861061714
2021-09-30 12:00:00,1.3736231632546356,0.7430953271346294,1.461599680915919,1.0,0.26735988693971957
2021-09-30 13:00:00,1.3736231632546356,0.7489393478022728,1.4730918023071187,1.0,0.26946251986973585
2021-09-30 14:00:00,1.3736231632546356,0.7430272790173894,1.461465865984686,1.0,0.2673354037593423
2021-09-30 15:00:00,1.3736231632546356,0.7438303849695879,1.4630451538786802,1.0,0.26762435499983567
2021-09-30 16:00:00,1.3736231632546356,0.7443272743942062,1.4640222745821254,1.0,0.26780313192863126
2021-09-30 17:00:00,1.3736231632546356,0.7412107051668035,1.457893618658013,1.0,0.2666818146953617
2021-09-30 18:00:00,1.3736231632546356,0.7475569692987466,1.470373389338618,1.0,0.2689651508957769
2021-09-30 19:00:00,1.3736231632546356,0.7589773086499674,1.4928312028230197,1.0,0.2730740996756451
2021-09-30 20:00:00,1.3736231632546356,0.7510370950916069,1.4772169702125924,1.0,0.27021727293791503
2021-09-30 21:00:00,1.3736231632546356,0.7493540268111393,1.473907258271308,1.0,0.26961171813391327
2021-09-30 22:00:00,1.3736231632546356,0.7547331095812948,1.484485090843017,1.0,0.27154707004470197
2021-09-30 23:00:00,1.3736231632546356,0.7544111763565855,1.4838520171581988,1.0,0.27143124098829774
2021-10-01 00:00:00,1.3736231632546356,0.7559458859245933,1.4868699853788507,1.0,0.2719834174878729
2021-10-01 01:00:00,1.3736231632546356,0.7537353583800366,1.4825230379046077,1.0,0.2711880869659212
2021-10-01 02:00:00,1.3736231632546356,0.7539892130903774,1.4840615699819826,1.0,0.27108952630996536
2021-10-01 03:00:00,1.3736231632546356,0.7539892130903774,1.472402689374449,1.0,0.2689593429490686
2021-10-01 04:00:00,1.3736231632546356,0.7539892130903774,1.4804095091810967,1.0,0.2704222616374029
2021-10-01 05:00:00,1.3736231632546356,0.7539892130903774,1.4802532785507232,1.0,0.2703937168825086
2021-10-01 06:00:00,1.3736231632546356,0.7539892130903774,1.4875662305794288,1.0,0.2717298596268231
2021-10-01 07:00:00,1.3736231632546356,0.7539892130903774,1.4924837594863407,1.0,0.2726283368140296
2021-10-01 08:00:00,1.3736231632546356,0.7539892130903774,1.5192875015495702,1.0,0.27752562389285657
2021-10-01 09:00:00,1.3736231632546356,0.7539892130903774,1.524501868654192,1.0,0.27847833611436223
2021-10-01 10:00:00,1.3736231632546356,0.7539892130903774,1.5238704931283995,1.0,0.27836297807230015
2021-10-01 11:00:00,1.3736231632546356,0.7539892130903774,1.5985093371575874,1.0,0.29200017266925055
2021-10-01 12:00:00,1.3736231632546356,0.7539892130903774,1.6119492469513799,1.0,0.29445576623594266
2021-10-01 13:00:00,1.3736231632546356,0.7539892130903774,1.6029642875458716,1.0,0.29281413256044386
2021-10-01 14:00:00,1.3736231632546356,0.7539892130903774,1.594477907630338,1.0,0.29126359388534695
2021-10-01 15:00:00,1.3736231632546356,0.7539892130903774,1.5992928677320914,1.0,0.2921433308204271
2021-10-01 16:00:00,1.3736231632546356,0.7539892130903774,1.6071169656275632,1.0,0.2935728645562981
2021-10-01 17:00:00,1.3736231632546356,0.7539892130903774,1.6138491472694452,1.0,0.2948028952769837
2021-10-01 18:00:00,1.3736231632546356,0.7539892130903774,1.615722556306708,1.0,0.29514518412045565
2021-10-01 19:00:00,1.3736231632546356,0.7539892130903774,1.619454090950001,1.0,0.2958269693857252
2021-10-01 20:00:00,1.3736231632546356,0.7539892130903774,1.6298556546148322,1.0,0.29772742952353765
2021-10-01 21:00:00,1.3736231632546356,0.7539892130903774,1.6315962676162772,1.0,0.29804545532534943
2021-10-01 22:00:00,1.3736231632546356,0.7539892130903774,1.640299332623503,1.0,0.2996355843344085
2021-10-01 23:00:00,1.3736231632546356,0.7539892130903774,1.6291926933311596,1.0,0.2976063004766817
2021-10-02 00:00:00,1.3736231632546356,0.7539892130903774,1.6337417217294732,1.0,0.2984374492746265
2021-10-02 01:00:00,1.3736231632546356,0.7539892130903774,1.622792331962919,1.0,0.29643689633323905
2021-10-02 02:00:00,1.3736231632546356,0.7534614206412141,1.619984256197856,1.0,0.29550955419018515
2021-10-02 03:00:00,1.3736231632546356,0.7529984614686029,1.6189891350087369,1.0,0.29532798038300845
2021-10-02 04:00:00,1.3736231632546356,0.7501682482604763,1.6129056501147108,1.0,0.2942179633065072
2021-10-02 05:00:00,1.3736231632546356,0.7510252757527094,1.6147478130258985,1.0,0.2945540917468233
2021-10-02 06:00:00,1.3736231632546356,0.7534551003794719,1.6199706709256494,1.0,0.295507075366879
2021-10-02 07:00:00,1.3736231632546356,0.7544247865372586,1.6220549913139166,1.0,0.29588738883262755
2021-10-02 08:00:00,1.3736231632546356,0.753185225203083,1.6193905798024362,1.0,0.2954012296117057
2021-10-02 09:00:00,1.3736231632546356,0.7532836632797166,1.619602170417051,1.0,0.29543983728469925
2021-10-02 10:00:00,1.3736231632546356,0.7529934052592092,1.6189782667909718,1.0,0.2953259973243635
2021-10-02 11:00:00,1.3736231632546356,0.7513201159629798,1.6153815659743271,1.0,0.29466972885405596
2021-10-02 12:00:00,1.3736231632546356,0.7526102393910925,1.6181546596634588,1.0,0.29517571866142717
2021-10-02 13:00:00,1.3736231632546356,0.7532433716111105,1.619515564306735,1.0,0.2954240347861224
2021-10-02 14:00:00,1.3736231632546356,0.7549330935878695,1.6231475868311165,1.0,0.296086748197026
2021-10-02 15:00:00,1.3736231632546356,0.7578246133348949,1.629362848865545,1.0,0.29722080985959715
2021-10-02 16:00:00,1.3736231632546356,0.7549367277383713,1.6231553983626352,1.0,0.29608817352042704
2021-10-02 17:00:00,1.3736231632546356,0.7576119365272722,1.6289057044557995,1.0,0.2971373974553446
2021-10-02 18:00:00,1.3736231632546356,0.7557104857821517,1.6248185753125035,1.0,0.29639164346368446
2021-10-02 19:00:00,1.3736231632546356,0.7555447369179643,1.6244623015488908,1.0,0.29632663632248024
2021-10-02 20:00:00,1.3736231632546356,0.7615862751172683,1.6374484632509896,1.0,0.2986961435208447
2021-10-02 21:00:00,1.3736231632546356,0.757737551729397,1.6291757117409016,1.0,0.29718666406855465
2021-10-02 22:00:00,1.3736231632546356,0.7596190936500298,1.6332200472767473,1.0,0.2979246097668004
2021-10-02 23:00:00,1.3736231632546356,0.7586822728533023,1.6312063703039534,1.0,0.2975571861822439
2021-10-03 00:00:00,1.3736231632546356,0.7520039682834785,1.6168514924270598,1.0,0.2949379375357832
2021-10-03 01:00:00,1.3736231632546356,0.7461438215961738,1.6042552280372846,1.0,0.2926395725663057
2021-10-03 02:00:00,1.3736231632546356,0.7490683086945352,1.6127986660960854,1.0,0.2937865641109242
2021-10-03 03:00:00,1.3736231632546356,0.7507993661941805,1.6165247666304958,1.0,0.293107638799045
2021-10-03 04:00:00,1.3736231632546356,0.7551076813001707,1.6257984130703904,1.0,0.2914179062641018
2021-10-03 05:00:00,1.3736231632546356,0.7549019298664328,1.6253555331964618,1.0,0.2914986025184716
2021-10-03 06:00:00,1.3736231632546356,0.7564049882696432,1.628590865772416,1.0,0.29090909905288403
2021-10-03 07:00:00,1.3736231632546356,0.7561009368794493,1.6279363952838728,1.0,0.29102834880914974
2021-10-03 08:00:00,1.3736231632546356,0.7548702151132263,1.6252872672036245,1.0,0.29151104112823256
2021-10-03 09:00:00,1.3736231632546356,0.753860392125556,1.6231136236506003,1.0,0.2919070963644031
2021-10-03 10:00:00,1.3736231632546356,0.7539616899940067,1.623331667269513,1.0,0.29186736707352473
2021-10-03 11:00:00,1.3736231632546356,0.7536868287995502,1.6227400286649243,1.0,0.2919751683581199
2021-10-03 12:00:00,1.3736231632546356,0.7562345806404739,1.6282240634228433,1.0,0.2909759333739878
2021-10-03 13:00:00,1.3736231632546356,0.7560218866736957,1.6277662397494874,1.0,0.2910593525081062
2021-10-03 14:00:00,1.3736231632546356,0.7575026974142091,1.6309536842409142,1.0,0.29047857463444055
2021-10-03 15:00:00,1.3736231632546356,0.7561487456865219,1.6280393037208363,1.0,0.2910095980690623
2021-10-03 16:00:00,1.3736231632546356,0.7546889203299711,1.6248970302594958,1.0,0.2915821454198513
2021-10-03 17:00:00,1.3736231632546356,0.7571188068940526,1.63012736005896,1.0,0.29062913750781594
2021-10-03 18:00:00,1.3736231632546356,0.7713901302673024,1.660846377572074,1.0,0.28503188688263603
2021-10-03 19:00:00,1.3736231632546356,0.7699386675073683,1.657722104596407,1.0,0.2856011544010005
2021-10-03 20:00:00,1.3736231632546356,0.769061068217146,1.6558330724961068,1.0,0.28594535115468495
2021-10-03 21:00:00,1.3736231632546356,0.7637260471454107,1.6443494419000362,1.0,0.2880377604742783
2021-10-03 22:00:00,1.3736231632546356,0.7530826706402081,1.6214395784829665,1.0,0.29221212077988507
2021-10-03 23:00:00,1.3736231632546356,0.7564479057466191,1.6286832456234195,1.0,0.2908922667053468
2021-10-04 00:00:00,1.3736231632546356,0.7598087228774593,1.6359174030733281,1.0,0.28957414537246673
2021-10-04 01:00:00,1.3736231632546356,0.7545548032144211,1.6246083432251097,1.0,0.2916347465059052
2021-10-04 02:00:00,1.3736231632546356,0.7534652420633084,1.6233999332623503,1.0,0.2914436282205099
2021-10-04 03:00:00,1.3736231632546356,0.7534652420633084,1.6184545545474152,1.0,0.2905555617276924
2021-10-04 04:00:00,1.3736231632546356,0.7534652420633084,1.6111008467020904,1.0,0.2892350194776764
2021-10-04 05:00:00,1.3736231632546356,0.7534652420633084,1.6208299393927044,1.0,0.29098212151416075
2021-10-04 06:00:00,1.3736231632546356,0.7534652420633084,1.6213200280875504,1.0,0.291070129202447
2021-10-04 07:00:00,1.3736231632546356,0.7534652420633084,1.6192798598339542,1.0,0.29070376594289377
2021-10-04 08:00:00,1.3736231632546356,0.7534652420633084,1.623976288435707,1.0,0.29154712721359494
2021-10-04 09:00:00,1.3736231632546356,0.7534652420633084,1.6177392899657481,1.0,0.290427118074518
2021-10-04 10:00:00,1.3736231632546356,0.7534652420633084,1.6199530100717812,1.0,0.29082464691183574
2021-10-04 11:00:00,1.3736231632546356,0.7534652420633084,1.6165363141118712,1.0,0.29021109365878
2021-10-04 12:00:00,1.3736231632546356,0.7534652420633084,1.6149281575144385,1.0,0.2899223089019989
2021-10-04 13:00:00,1.3736231632546356,0.7534652420633084,1.6194245429829521,1.0,0.2907297474225957
2021-10-04 14:00:00,1.3736231632546356,0.7534652420633084,1.632928982819725,1.0,0.29315480750688994
2021-10-04 15:00:00,1.3736231632546356,0.7534652420633084,1.6109259363224329,1.0,0.28920360994235594
2021-10-04 16:00:00,1.3736231632546356,0.7534652420633084,1.6209668110101838,1.0,0.29100670023791636
2021-10-04 17:00:00,1.3736231632546356,0.7534652420633084,1.6488363176780054,1.0,0.2960113675181592
2021-10-04 18:00:00,1.3736231632546356,0.7534652420633084,1.6732731656910742,1.0,0.30039961504406465
2021-10-04 19:00:00,1.3736231632546356,0.7534652420633084,1.6738535964460928,1.0,0.3005038459098174
2021-10-04 20:00:00,1.3736231632546356,0.7534652420633084,1.6760075413544175,1.0,0.30089064061467613
2021-10-04 21:00:00,1.3736231632546356,0.7534652420633084,1.6639156301953053,1.0,0.2987192353991154
2021-10-04 22:00:00,1.3736231632546356,0.7534652420633084,1.661072911986116,1.0,0.29820875421342197
2021-10-04 23:00:00,1.3736231632546356,0.7534652420633084,1.6600152985448473,1.0,0.2980188332561639
2021-10-05 00:00:00,1.3736231632546356,0.7534652420633084,1.6702810094876144,1.0,0.2998622985272237
2021-10-05 01:00:00,1.3736231632546356,0.7534652420633084,1.6810160915851127,1.0,0.3017900511338424
2021-10-05 02:00:00,1.3736231632546356,0.7534652420633084,1.6712000531523774,1.0,0.2996073017496586
2021-10-05 03:00:00,1.3736231632546356,0.7534652420633084,1.6737632543859202,1.0,0.30006695347836027
2021-10-05 04:00:00,1.3736231632546356,0.7534652420633084,1.6729297979360573,1.0,0.2999174920576323
2021-10-05 05:00:00,1.3736231632546356,0.7534652420633084,1.6683542782569418,1.0,0.29909697687423914
2021-10-05 06:00:00,1.3736231632546356,0.7534652420633084,1.6734711710334826,1.0,0.3000145749853586
2021-10-05 07:00:00,1.3736231632546356,0.7534652420633084,1.6729308168314732,1.0,0.2999176747733056
2021-10-05 08:00:00,1.3736231632546356,0.7534652420633084,1.6786084417183331,1.0,0.3009358274099434
2021-10-05 09:00:00,1.3736231632546356,0.7534652420633084,1.6940953124018252,1.0,0.30371304473829464
2021-10-05 10:00:00,1.3736231632546356,0.7534652420633084,1.7056112080193861,1.0,0.3057781581827212
2021-10-05 11:00:00,1.3736231632546356,0.7534652420633084,1.6969638426282068,1.0,0.30422745026375037
2021-10-05 12:00:00,1.3736231632546356,0.7534652420633084,1.6923642090909246,1.0,0.30340261080942327
2021-10-05 13:00:00,1.3736231632546356,0.7534652420633084,1.696333825629635,1.0,0.3041144710724503
2021-10-05 14:00:00,1.3736231632546356,0.7534652420633084,1.7034025823904306,1.0,0.3053820915083146
2021-10-05 15:00:00,1.3736231632546356,0.7534652420633084,1.6911459498058157,1.0,0.3031841437694269
2021-10-05 16:00:00,1.3736231632546356,0.7534652420633084,1.689678400775719,1.0,0.3029209722947058
2021-10-05 17:00:00,1.3736231632546356,0.7534652420633084,1.699852750762898,1.0,0.3047455101026713
2021-10-05 18:00:00,1.3736231632546356,0.7534652420633084,1.7010862934792392,1.0,0.30496671787776664
2021-10-05 19:00:00,1.3736231632546356,0.7534652420633084,1.7171576704994116,1.0,0.3078487530973456
2021-10-05 20:00:00,1.3736231632546356,0.7534652420633084,1.737021376256001,1.0,0.31141085605280405
2021-10-05 21:00:00,1.3736231632546356,0.7534652420633084,1.7466013705841497,1.0,0.31312880971803364
2021-10-05 22:00:00,1.3736231632546356,0.7534652420633084,1.7553900228062755,1.0,0.3147048542103634
2021-10-05 23:00:00,1.3736231632546356,0.7534652420633084,1.7431503718119188,1.0,0.31250995173269674
2021-10-06 00:00:00,1.3736231632546356,0.7534652420633084,1.7470527412532075,1.0,0.31320975276128854
2021-10-06 01:00:00,1.3736231632546356,0.7534652420633084,1.7422928015038897,1.0,0.31235616604103494
2021-10-06 02:00:00,1.3736231632546356,0.7529378163938641,1.7404414685339622,1.0,0.3115873439066571
2021-10-06 03:00:00,1.3736231632546356,0.7566773970439261,1.749083060184454,1.0,0.3131348900342486
2021-10-06 04:00:00,1.3736231632546356,0.7561606400259407,1.7478889147575112,1.0,0.3129210411038677
2021-10-06 05:00:00,1.3736231632546356,0.7534613341691951,1.7416512370239423,1.0,0.31180399063305553
2021-10-06 06:00:00,1.3736231632546356,0.756580100927343,1.748858223929438,1.0,0.3130946261002577
2021-10-06 07:00:00,1.3736231632546356,0.756519254111232,1.7487176163621017,1.0,0.3130694459361002
2021-10-06 08:00:00,1.3736231632546356,0.7553550810909074,1.7460273928334293,1.0,0.3125876776262176
2021-10-06 09:00:00,1.3736231632546356,0.7446345775624993,1.7212539697014466,1.0,0.3081512246456022
2021-10-06 10:00:00,1.3736231632546356,0.7448448959051435,1.7217399828146307,1.0,0.30823826043040736
2021-10-06 11:00:00,1.3736231632546356,0.7513240530100534,1.7367123113133054,1.0,0.31091952216161095
2021-10-06 12:00:00,1.3736231632546356,0.7533916689739377,1.7414902515482966,1.0,0.3117751611697448
2021-10-06 13:00:00,1.3736231632546356,0.7741153008871857,1.7893793549712758,1.0,0.3203511966448581
2021-10-06 14:00:00,1.3736231632546356,0.7936556532919582,1.8345340827309113,1.0,0.32843755699525684
2021-10-06 15:00:00,1.3736231632546356,0.8009128853835615,1.851304422006103,1.0,0.33144080855508284
2021-10-06 16:00:00,1.3736231632546356,0.8080303461656929,1.8677517714345877,1.0,0.33438621872332974
2021-10-06 17:00:00,1.3736231632546356,0.806531074737801,1.8642871873901503,1.0,0.3337657770456233
2021-10-06 18:00:00,1.3736231632546356,0.8023660072939202,1.8546623616637203,1.0,0.33204215223388717
2021-10-06 19:00:00,1.3736231632546356,0.8017981036768851,1.853350024368582,1.0,0.3318071373684174
2021-10-06 20:00:00,1.3736231632546356,0.8089784688969281,1.8699427362096752,1.0,0.3347785792039575
2021-10-06 21:00:00,1.3736231632546356,0.8072021533908502,1.865837946212511,1.0,0.3340434887111863
2021-10-06 22:00:00,1.3736231632546356,0.8091032489618512,1.870231083612256,1.0,0.3348302167869761
2021-10-06 23:00:00,1.3736231632546356,0.8102753585234077,1.8729396472584072,1.0,0.3353152694660966
2021-10-07 00:00:00,1.3736231632546356,0.8126366265128706,1.878396171840108,1.0,0.3362924301360339
2021-10-07 01:00:00,1.3736231632546356,0.8055591423828702,1.8620412022626271,1.0,0.3333635634572818
2021-10-07 02:00:00,1.3736231632546356,0.8046584023754001,1.8612631057970055,1.0,0.33275771774387797
2021-10-07 03:00:00,1.3736231632546356,0.8046584023754001,1.8710366902540956,1.0,0.3345056115703766
2021-10-07 04:00:00,1.3736231632546356,0.8046584023754001,1.8623037376480156,1.0,0.33294382285158175
2021-10-07 05:00:00,1.3736231632546356,0.8046584023754001,1.8706797372268724,1.0,0.3344417746029495
2021-10-07 06:00:00,1.3736231632546356,0.8046584023754001,1.8598427655878262,1.0,0.3325037061379977
2021-10-07 07:00:00,1.3736231632546356,0.8046584023754001,1.8532583237811888,1.0,0.3313261540090639
2021-10-07 08:00:00,1.3736231632546356,0.8046584023754001,1.8607414313442796,1.0,0.3326644222329664
2021-10-07 09:00:00,1.3736231632546356,0.8046584023754001,1.8536084841723088,1.0,0.33138877619119267
2021-10-07 10:00:00,1.3736231632546356,0.8046584023754001,1.8464337622883034,1.0,0.33010565921983415
2021-10-07 11:00:00,1.3736231632546356,0.8046584023754001,1.8329384925102696,1.0,0.3276921845283819
2021-10-07 12:00:00,1.3736231632546356,0.8046584023754001,1.8453679976837112,1.0,0.3299150594065266
2021-10-07 13:00:00,1.3736231632546356,0.8046584023754001,1.8345035158684468,1.0,0.32797207106111653
2021-10-07 14:00:00,1.3736231632546356,0.8046584023754001,1.8534950471493852,1.0,0.33136848927671053
2021-10-07 15:00:00,1.3736231632546356,0.8046584023754001,1.82788816756754,1.0,0.3267889916590753
2021-10-07 16:00:00,1.3736231632546356,0.8046584023754001,1.8319287671535287,1.0,0.32751160669378543
2021-10-07 17:00:00,1.3736231632546356,0.8046584023754001,1.8397470913083127,1.0,0.3289098245721605
2021-10-07 18:00:00,1.3736231632546356,0.8046584023754001,1.8405272255647651,1.0,0.3290493426636734
2021-10-07 19:00:00,1.3736231632546356,0.8046584023754001,1.8317667627824676,1.0,0.32748263406442035
2021-10-07 20:00:00,1.3736231632546356,0.8046584023754001,1.8339740298842024,1.0,0.3278773785471119
2021-10-07 21:00:00,1.3736231632546356,0.8046584023754001,1.840783647577661,1.0,0.32909520080868526
2021-10-07 22:00:00,1.3736231632546356,0.8046584023754001,1.8441354738627853,1.0,0.32969463661414505
2021-10-07 23:00:00,1.3736231632546356,0.8046584023754001,1.8313479967667052,1.0,0.3274077425507785
2021-10-08 00:00:00,1.3736231632546356,0.8046584023754001,1.8270282198368748,1.0,0.32663519984030703
2021-10-08 01:00:00,1.3736231632546356,0.8046584023754001,1.8384999633197652,1.0,0.32868678999138756
2021-10-08 02:00:00,1.3726616270403573,0.8040951414937373,1.8446445819387203,1.0,0.32932398335727736
2021-10-08 03:00:00,1.3614885801015086,0.797550052316457,1.829634554309673,1.0,0.33200458012756306
2021-10-08 04:00:00,1.3606477258392933,0.7970574860396467,1.8285049389257106,1.0,0.33220631482284463
2021-10-08 05:00:00,1.3623258949891988,0.7980405452535574,1.8307594148483628,1.0,0.3318036945861401
2021-10-08 06:00:00,1.3695055162136893,0.8022463148552224,1.8404046184831024,1.0,0.3300811859838244
2021-10-08 07:00:00,1.3683294326214386,0.8015573736887396,1.838824651325498,1.0,0.33036334768029163
2021-10-08 08:00:00,1.3857626218456085,0.8117696084301744,1.862244641713918,1.0,0.32618084034940376
2021-10-08 09:00:00,1.4106118119500635,0.8263260822467613,1.8956273914749022,1.0,0.3202191130692102
2021-10-08 10:00:00,1.396494005406198,0.8180559744307897,1.8766613325793509,1.0,0.32360620584991084
2021-10-08 11:00:00,1.4027806930004587,0.821738670042769,1.885106956678265,1.0,0.3220979266353686
2021-10-08 12:00:00,1.3971166825101777,0.81842073412405,1.8774978457154599,1.0,0.32345681542463167
2021-10-08 13:00:00,1.3868889013820398,0.8124293747450242,1.863757701405906,1.0,0.32591062746080496
2021-10-08 14:00:00,1.3694835215291397,0.8022334305298819,1.8403750705160535,1.0,0.33008646286851756
2021-10-08 15:00:00,1.3791877280400053,0.8079180837275265,1.8534118373571211,1.0,0.32775826494958066
2021-10-08 16:00:00,1.3730499469882715,0.8043226164790592,1.8451662563914462,1.0,0.32923081904821166
2021-10-08 17:00:00,1.3725526648674726,0.8040313122498091,1.8444982006306962,1.0,0.329350125165355
2021-10-08 18:00:00,1.3728193820191974,0.8041875532065242,1.84485651218514,1.0,0.3292861353567194
2021-10-08 19:00:00,1.3776716116808634,0.8070299538531933,1.8513750654215764,1.0,0.32812200607032743
2021-10-08 20:00:00,1.3822556073160077,0.8097152249689857,1.857533269312738,1.0,0.3270222305156534
2021-10-08 21:00:00,1.3646957590463267,0.7994287942850729,1.8339431233899328,1.0,0.33123512542391237
2021-10-08 22:00:00,1.3690653697102266,0.8019884802527188,1.8398133195103188,1.0,0.3301867843315349
2021-10-08 23:00:00,1.3666221900379327,0.8005572834700684,1.8365311177452524,1.0,0.3307729431094067
2021-10-09 00:00:00,1.363593496694174,0.7987830970611122,1.8324623287194353,1.0,0.33149957619704157
2021-10-09 01:00:00,1.371677428109869,0.8035186049586733,1.8433223953212323,1.0,0.3295601087838352
2021-10-09 02:00:00,1.364314039425152,0.7986457420928743,1.8347151064830618,1.0,0.33063620478396694
2021-10-09 03:00:00,1.364314039425152,0.8007148402854146,1.8394668950690558,1.0,0.3314928033202768
2021-10-09 04:00:00,1.364314039425152,0.8067195285787253,1.8532569652539683,1.0,0.333978720722163
2021-10-09 05:00:00,1.364314039425152,0.8086059853397891,1.8575893085605895,1.0,0.3347597064221965
2021-10-09 06:00:00,1.364314039425152,0.8072875656137869,1.8545614910175878,1.0,0.3342138858267278
2021-10-09 07:00:00,1.364314039425152,0.8110042817723833,1.8630971175448696,1.0,0.33575259173870975
2021-10-09 08:00:00,1.364314039425152,0.8119872919707832,1.8653546501537683,1.0,0.33615955410529197
2021-10-09 09:00:00,1.364314039425152,0.8093346285243109,1.8592626744646128,1.0,0.33506136184270957
2021-10-09 10:00:00,1.364314039425152,0.8119103903154248,1.8651780416150852,1.0,0.33612771712159667
2021-10-09 11:00:00,1.364314039425152,0.8116993544265851,1.8646933870291216,1.0,0.3360403490913405
2021-10-09 12:00:00,1.364314039425152,0.8101616170950126,1.8611618955190679,1.0,0.33540373186737155
2021-10-09 13:00:00,1.364314039425152,0.8129914501244069,1.867660750110805,1.0,0.33657527164239043
2021-10-09 14:00:00,1.364314039425152,0.8168857795293216,1.8766042744360838,1.0,0.3381875087417148
2021-10-09 15:00:00,1.364314039425152,0.8154675355391522,1.8733472054245992,1.0,0.3376003612924109
2021-10-09 16:00:00,1.364314039425152,0.8130656897993875,1.8678312452769952,1.0,0.3366060065766501
2021-10-09 17:00:00,1.364314039425152,0.8105992170915621,1.8621668660305362,1.0,0.33558489654959156
2021-10-09 18:00:00,1.364314039425152,0.8120479259682775,1.8654938991938839,1.0,0.3361846563424363
2021-10-09 19:00:00,1.364314039425152,0.8117241995767779,1.8647504451723886,1.0,0.33605063488607284
2021-10-09 20:00:00,1.364314039425152,0.8080975470876304,1.8564216544144494,1.0,0.33454921497999557
2021-10-09 21:00:00,1.364314039425152,0.8082439560084089,1.8567578899015575,1.0,0.3346098276989539
2021-10-09 22:00:00,1.364314039425152,0.8107595274654249,1.8625350269073297,1.0,0.3356512644156026
2021-10-09 23:00:00,1.364314039425152,0.8117413545614348,1.8647898424617873,1.0,0.33605773698243563
2021-10-10 00:00:00,1.364314039425152,0.8122435815260454,1.8659432320721105,1.0,0.3362656569759535
2021-10-10 01:00:00,1.364314039425152,0.8117755166429499,1.8648682974087791,1.0,0.33607187995019255
2021-10-10 02:00:00,1.364314039425152,0.8035753020906133,1.8473297109903153,1.0,0.332444149372045
2021-10-10 03:00:00,1.364314039425152,0.8035753020906133,1.8554767987324943,1.0,0.3339107648070775
2021-10-10 04:00:00,1.364314039425152,0.8035753020906133,1.8698225065506484,1.0,0.3364932381004048
2021-10-10 05:00:00,1.364314039425152,0.8035753020906133,1.898515959977788,1.0,0.3416585515243369
2021-10-10 06:00:00,1.364314039425152,0.8035753020906133,1.8913521063115475,1.0,0.34036893507564836
2021-10-10 07:00:00,1.364314039425152,0.8035753020906133,1.8896940238387563,1.0,0.34007045181093987
2021-10-10 08:00:00,1.364314039425152,0.8035753020906133,1.8910151915608289,1.0,0.34030828464578544
2021-10-10 09:00:00,1.364314039425152,0.8035753020906133,1.8882981371195486,1.0,0.339819168275923
2021-10-10 10:00:00,1.364314039425152,0.8035753020906133,1.867847887235448,1.0,0.3361377727786073
2021-10-10 11:00:00,1.364314039425152,0.8035753020906133,1.8690739580520759,1.0,0.3363584865405077
2021-10-10 12:00:00,1.364314039425152,0.8035753020906133,1.8734643783973792,1.0,0.3371488374546591
2021-10-10 13:00:00,1.364314039425152,0.8035753020906133,1.86660007998329,1.0,0.33591314608574796
2021-10-10 14:00:00,1.364314039425152,0.8035753020906133,1.875613228828627,1.0,0.3375356673636741
2021-10-10 15:00:00,1.364314039425152,0.8035753020906133,1.8723215173730159,1.0,0.33694310288158574
2021-10-10 16:00:00,1.364314039425152,0.8035753020906133,1.8802906380492908,1.0,0.33837768119439227
2021-10-10 17:00:00,1.364314039425152,0.8035753020906133,1.8838136387642157,1.0,0.3390118817074651
2021-10-10 18:00:00,1.364314039425152,0.8035753020906133,1.879900740736967,1.0,0.338307492995317
2021-10-10 19:00:00,1.364314039425152,0.8035753020906133,1.8788526369862433,1.0,0.33811881635564256
2021-10-10 20:00:00,1.364314039425152,0.8035753020906133,1.8834227225564764,1.0,0.33894151008975115
2021-10-10 21:00:00,1.364314039425152,0.8035753020906133,1.8829180296940087,1.0,0.3388506567240492
2021-10-10 22:00:00,1.364314039425152,0.8035753020906133,1.8615983223886985,1.0,0.3350127439883775
2021-10-10 23:00:00,1.364314039425152,0.8035753020906133,1.8653563483127942,1.0,0.33568925306744346
2021-10-11 00:00:00,1.364314039425152,0.8035753020906133,1.8570859742253423,1.0,0.33420044397712845
2021-10-11 01:00:00,1.364314039425152,0.8035753020906133,1.8735231346996721,1.0,0.33715941459615745
2021-10-11 02:00:00,1.364314039425152,0.8030127993791499,1.878945356469052,1.0,0.3376621205300971
2021-10-11 03:00:00,1.364314039425152,0.8102638153067497,1.8959062291869384,1.0,0.3346131113287446
2021-10-11 04:00:00,1.364314039425152,0.8203583782802678,1.9195184511770789,1.0,0.3303684074559071
2021-10-11 05:00:00,1.364314039425152,0.819923366691748,1.9185009142888194,1.0,0.33055132724940023
2021-10-11 06:00:00,1.364314039425152,0.8208051508630033,1.9205634982415565,1.0,0.3301805422340853
2021-10-11 07:00:00,1.364314039425152,0.822605744557674,1.9247752722573457,1.0,0.3294234032624204
2021-10-11 08:00:00,1.364314039425152,0.8244494618978022,1.9290879169192678,1.0,0.3286481310535501
2021-10-11 09:00:00,1.364314039425152,0.8211181965855829,1.9212957444134813,1.0,0.33004890836400147
2021-10-11 10:00:00,1.364314039425152,0.8203997595562117,1.9196152462415494,1.0,0.33035100687475044
2021-10-11 11:00:00,1.364314039425152,0.815881795407887,1.9090472629921902,1.0,0.33225078400903996
2021-10-11 12:00:00,1.364314039425152,0.8189007409848239,1.9161088874850774,1.0,0.33098133529531876
2021-10-11 13:00:00,1.364314039425152,0.8197752652831065,1.9181544898475562,1.0,0.3306136030135401
2021-10-11 14:00:00,1.364314039425152,0.8303652419882767,1.9429255355569028,1.0,0.3261605806041878
2021-10-11 15:00:00,1.364314039425152,0.8336294260742289,1.9505607981687052,1.0,0.32478801055161155
2021-10-11 16:00:00,1.364314039425152,0.8343228891405742,1.9521828796701495,1.0,0.3244964134442273
2021-10-11 17:00:00,1.364314039425152,0.8315589103024359,1.9457176486271233,1.0,0.3256586501561548
2021-10-11 18:00:00,1.364314039425152,0.8334843738122358,1.9502215059953505,1.0,0.3248490041676661
2021-10-11 19:00:00,1.364314039425152,0.8322445327059708,1.947321390011089,1.0,0.32537035000098974
2021-10-11 20:00:00,1.364314039425152,0.8343504766578702,1.95224740971313,1.0,0.3244848130567895
2021-10-11 21:00:00,1.364314039425152,0.8321447820513268,1.947088062960944,1.0,0.3254122945597781
2021-10-11 22:00:00,1.364314039425152,0.8297433612694415,1.9414708925354023,1.0,0.3264220777589044
2021-10-11 23:00:00,1.364314039425152,0.8299669653569983,1.9419939255153489,1.0,0.3263280535659874
2021-10-12 00:00:00,1.364314039425152,0.8343230343380337,1.9521832193019548,1.0,0.3244963523895566
2021-10-12 01:00:00,1.364314039425152,0.8263069729965785,1.9334328266026801,1.0,0.3278670586509609
2021-10-12 02:00:00,1.364314039425152,0.8270643687918965,1.9379166456944026,1.0,0.3265882931138447
2021-10-12 03:00:00,1.364314039425152,0.822846543066139,1.9280370961141027,1.0,0.324922772803208
2021-10-12 04:00:00,1.364314039425152,0.822182310550422,1.9264812428146647,1.0,0.32466048298427214
2021-10-12 05:00:00,1.364314039425152,0.8255459573305148,1.934360021430767,1.0,0.3259887080922563
2021-10-12 06:00:00,1.364314039425152,0.8320402402701467,1.9495717903520793,1.0,0.3285531478871308
2021-10-12 07:00:00,1.364314039425152,0.8290647511946106,1.9426022060783905,1.0,0.32737819713961197
2021-10-12 08:00:00,1.364314039425152,0.8307670192003994,1.946589483470969,1.0,0.3280503827921567
2021-10-12 09:00:00,1.364314039425152,0.8327198424969893,1.9511636446228642,1.0,0.3288215068439857
2021-10-12 10:00:00,1.364314039425152,0.8255482772869112,1.9343654555396494,1.0,0.3259896241885459
2021-10-12 11:00:00,1.364314039425152,0.8286135196755293,1.9415452719007325,1.0,0.3272000164112713
2021-10-12 12:00:00,1.364314039425152,0.8296748997268388,1.9440313767145037,1.0,0.3276191304637949
2021-10-12 13:00:00,1.364314039425152,0.8244739924781471,1.9318491234952189,1.0,0.325565414350411
2021-10-12 14:00:00,1.364314039425152,0.8256326657008267,1.9345631212502525,1.0,0.3260229471910826
2021-10-12 15:00:00,1.364314039425152,0.8174835288642556,1.915475134536649,1.0,0.3228050444615835
2021-10-12 16:00:00,1.364314039425152,0.8165117571287532,1.9131989221784662,1.0,0.32242131462824825
2021-10-12 17:00:00,1.364314039425152,0.8109547365732286,1.9001825332457083,1.0,0.32022697773440006
2021-10-12 18:00:00,1.364314039425152,0.8108253990041346,1.8998795816755056,1.0,0.320175905366251
2021-10-12 19:00:00,1.364314039425152,0.8059911898633338,1.8885562572914703,1.0,0.3182669897226529
2021-10-12 20:00:00,1.364314039425152,0.8022580900271293,1.8798120968358203,1.0,0.316792876280539
2021-10-12 21:00:00,1.364314039425152,0.8024435415415591,1.88024648591462,1.0,0.31686610672769444
2021-10-12 22:00:00,1.364314039425152,0.8124951876203753,1.9037907815437285,1.0,0.32083526567074044
2021-10-12 23:00:00,1.364314039425152,0.8171810645490872,1.914766662591085,1.0,0.32268560840781785
2021-10-13 00:00:00,1.364314039425152,0.8115769198792627,1.90163989332165,1.0,0.32047266330808577
2021-10-13 01:00:00,1.364314039425152,0.8182202600173571,1.917200803738667,1.0,0.3230959622895715
2021-10-13 02:00:00,1.3633590195975545,0.8143961966458576,1.9109179549750117,1.0,0.3215859294839249
2021-10-13 03:00:00,1.3666456378393501,0.8163594428322769,1.9155230226211764,1.0,0.3208106896777155
2021-10-13 04:00:00,1.3631287454379772,0.814258643443033,1.9105953047601096,1.0,0.321640246012865
2021-10-13 05:00:00,1.3583414668572955,0.8113989847527326,1.903887576608199,1.0,0.3227694580618831
2021-10-13 06:00:00,1.3327725513594102,0.7961255114896272,1.8680615156408937,1.0,0.3288005939095123
2021-10-13 07:00:00,1.3409596461108588,0.8010160346249985,1.8795329194919788,1.0,0.32686944119216366
2021-10-13 08:00:00,1.3234600219522599,0.7905627151745562,1.8550132013184506,1.0,0.330997211515144
2021-10-13 09:00:00,1.3239050570648743,0.7908285548381204,1.8556367653127246,1.0,0.3308922376760555
2021-10-13 10:00:00,1.3296287030965523,0.7942475482889589,1.863656491127968,1.0,0.3295421574677789
2021-10-13 11:00:00,1.3243500921774884,0.7910943945016845,1.8562603293069984,1.0,0.33078726383696705
2021-10-13 12:00:00,1.3372895607949042,0.798823726157665,1.8743905543300508,1.0,0.32773513231288176
2021-10-13 13:00:00,1.3337411571927473,0.7967041036985608,1.8694186843343132,1.0,0.32857212143620207
2021-10-13 14:00:00,1.3298626131639122,0.7943872733844597,1.8639842358199477,1.0,0.32948698330943443
2021-10-13 15:00:00,1.3509654219352625,0.8069929384769939,1.8935525807771794,1.0,0.3245093022467753
2021-10-13 16:00:00,1.3605731870543758,0.8127320924773704,1.9070145666383074,1.0,0.322243045133513
2021-10-13 17:00:00,1.3791839446313976,0.8238491423296526,1.933091157006689,1.0,0.3178531832645732
2021-10-13 18:00:00,1.377795997433778,0.823020058498733,1.9311464252903427,1.0,0.318180568995848
2021-10-13 19:00:00,1.380234237192921,0.8244765297273776,1.9345627816184474,1.0,0.31760544271731267
2021-10-13 20:00:00,1.3870149628139843,0.8285269647756036,1.944063641735994,1.0,0.316006021053554
2021-10-13 21:00:00,1.3808765809012151,0.8248602307668356,1.9354628059021215,1.0,0.3174539281892166
2021-10-13 22:00:00,1.3938167767001877,0.8325899968013514,1.9535940498205895,1.0,0.31440162513925035
2021-10-13 23:00:00,1.3903910243872368,0.830543639521857,1.948794033518263,1.0,0.31520968356399837
2021-10-14 00:00:00,1.3902317716263504,0.8304485106226404,1.9485708954222727,1.0,0.3152472477319075
2021-10-14 01:00:00,1.3988888680571887,0.835619787084619,1.960700845343563,1.0,0.3132052321202274
2021-10-14 02:00:00,1.4121609634319818,0.8435478117937254,1.9806841014955687,1.0,0.3093909376478084
2021-10-14 03:00:00,1.4121609634319818,0.8435478117937254,1.978048558687527,1.0,0.30897911227333924
2021-10-14 04:00:00,1.4121609634319818,0.8435478117937254,1.9731649929611308,1.0,0.3082160147141263
2021-10-14 05:00:00,1.4121609634319818,0.8435478117937254,1.9705773382376166,1.0,0.30781167224916745
2021-10-14 06:00:00,1.4121609634319818,0.8435478117937254,1.9687983468421884,1.0,0.30753369012140075
2021-10-14 07:00:00,1.4121609634319818,0.8435478117937254,1.9598571999395455,1.0,0.30613656192445804
2021-10-14 08:00:00,1.4121609634319818,0.8435478117937254,1.9493496711515046,1.0,0.30449467359516325
2021-10-14 09:00:00,1.4121609634319818,0.8435478117937254,1.952667194624308,1.0,0.3050130640923044
2021-10-14 10:00:00,1.4121609634319818,0.8435478117937254,1.950918770091344,1.0,0.304739858289757
2021-10-14 11:00:00,1.4121609634319818,0.8435478117937254,1.9587659629495664,1.0,0.3059660471141269
2021-10-14 12:00:00,1.4121609634319818,0.8435478117937254,1.9583733485828012,1.0,0.30590469787019825
2021-10-14 13:00:00,1.4121609634319818,0.8435478117937254,1.9558115058764791,1.0,0.30550438874653574
2021-10-14 14:00:00,1.4121609634319818,0.8435478117937254,1.9503454716042339,1.0,0.30465027565675395
2021-10-14 15:00:00,1.4121609634319818,0.8435478117937254,1.9495371479079528,1.0,0.30452396838984197
2021-10-14 16:00:00,1.4121609634319818,0.8435478117937254,1.9480923542088022,1.0,0.30429820741780694
2021-10-14 17:00:00,1.4121609634319818,0.8435478117937254,1.9405868309465708,1.0,0.30312540729533344
2021-10-14 18:00:00,1.4121609634319818,0.8435478117937254,1.9430308214165024,1.0,0.3035073010317613
2021-10-14 19:00:00,1.4121609634319818,0.8435478117937254,1.9715999696029534,1.0,0.3079714668628951
2021-10-14 20:00:00,1.4121609634319818,0.8435478117937254,1.9644398518865698,1.0,0.30685263921540035
2021-10-14 21:00:00,1.4121609634319818,0.8435478117937254,1.9508032952775896,1.0,0.30472181439448387
2021-10-14 22:00:00,1.4121609634319818,0.8435478117937254,1.9619343880599043,1.0,0.30646113975825356
2021-10-14 23:00:00,1.4121609634319818,0.8435478117937254,1.956292424512586,1.0,0.30557953626332035
2021-10-15 00:00:00,1.4121609634319818,0.8435478117937254,1.9480094840483433,1.0,0.3042852582694345
2021-10-15 01:00:00,1.4121609634319818,0.8435478117937254,1.9383445817689045,1.0,0.3027750373053534
2021-10-15 02:00:00,1.4121609634319818,0.8435478117937254,1.9447106403248238,1.0,0.3033445061820484
2021-10-15 03:00:00,1.4121609634319818,0.8435478117937254,2.0070717945974765,1.0,0.2936138281078893
2021-10-15 04:00:00,1.4121609634319818,0.8435478117937254,2.0182429639328,1.0,0.29187070686868505
2021-10-15 05:00:00,1.4121609634319818,0.8435478117937254,2.0250868844385796,1.0,0.2908027986815513
2021-10-15 06:00:00,1.4121609634319818,0.8435478117937254,2.024826047212217,1.0,0.29084349906801943
2021-10-15 07:00:00,1.4121609634319818,0.8435478117937254,2.027161015872692,1.0,0.29047915641571703
2021-10-15 08:00:00,1.4121609634319818,0.8435478117937254,2.0130038037064018,1.0,0.2926882122875092
2021-10-15 09:00:00,1.4121609634319818,0.8435478117937254,2.0037746490329833,1.0,0.2941283064305876
2021-10-15 10:00:00,1.4121609634319818,0.8435478117937254,2.016712583018749,1.0,0.2921095036674159
2021-10-15 11:00:00,1.4121609634319818,0.8435478117937254,2.013995528577469,1.0,0.29253346602645863
2021-10-15 12:00:00,1.4121609634319818,0.8435478117937254,2.0217788706563216,1.0,0.2913189728536858
2021-10-15 13:00:00,1.4121609634319818,0.8435478117937254,2.0132422252336237,1.0,0.2926510095905032
2021-10-15 14:00:00,1.4121609634319818,0.8435478117937254,2.0376763561922515,1.0,0.2888383690909268
2021-10-15 15:00:00,1.4121609634319818,0.8435478117937254,2.0403540133441336,1.0,0.28842055418609014
2021-10-15 16:00:00,1.4121609634319818,0.8435478117937254,2.0400381557653344,1.0,0.28846983981032887
2021-10-15 17:00:00,1.4121609634319818,0.8435478117937254,2.0876864602384555,1.0,0.28103491791038615
2021-10-15 18:00:00,1.4121609634319818,0.8435478117937254,2.0982347448431153,1.0,0.2793889900419925
2021-10-15 19:00:00,1.4121609634319818,0.8435478117937254,2.094653667089508,1.0,0.27994777243121083
2021-10-15 20:00:00,1.4121609634319818,0.8435478117937254,2.0882937219060813,1.0,0.2809401623231401
2021-10-15 21:00:00,1.4121609634319818,0.8435478117937254,2.1260359855180995,1.0,0.27505095418897235
2021-10-15 22:00:00,1.4121609634319818,0.8435478117937254,2.080402376913188,1.0,0.2821715079996849
2021-10-15 23:00:00,1.4121609634319818,0.8435478117937254,2.082980861577963,1.0,0.28176916772095334
2021-10-16 00:00:00,1.4121609634319818,0.8435478117937254,2.0949073720479627,1.0,0.2799081849459352
2021-10-16 01:00:00,1.4121609634319818,0.8435478117937254,2.0872901099218337,1.0,0.2810967634195115
2021-10-16 02:00:00,1.4121609634319818,0.8435478117937254,2.085398700398897,1.0,0.28096722266482516
2021-10-16 03:00:00,1.4121609634319818,0.8435478117937254,2.093558354517867,1.0,0.2820669794961685
2021-10-16 04:00:00,1.4121609634319818,0.8435478117937254,2.0945436263846364,1.0,0.2821997742752622
2021-10-16 05:00:00,1.4121609634319818,0.8435478117937254,2.097707296649702,1.0,0.2826261732298496
2021-10-16 06:00:00,1.4121609634319818,0.8435478117937254,2.1108748217357562,1.0,0.2844008900810955
2021-10-16 07:00:00,1.4121609634319818,0.8435478117937254,2.1027409796339787,1.0,0.2833046121891562
2021-10-16 08:00:00,1.4121609634319818,0.8435478117937254,2.097635294707008,1.0,0.28261646881993313
2021-10-16 09:00:00,1.4121609634319818,0.8435478117937254,2.09211118339608,1.0,0.2818719300119498
2021-10-16 10:00:00,1.4121609634319818,0.8435478117937254,2.0891448392098124,1.0,0.2814721266335959
2021-10-16 11:00:00,1.4121609634319818,0.8435478117937254,2.0921926950293184,1.0,0.2818829161363836
2021-10-16 12:00:00,1.4121609634319818,0.8435478117937254,2.094411169980624,1.0,0.2821819218230573
2021-10-16 13:00:00,1.4121609634319818,0.8435478117937254,2.0616689658041714,1.0,0.2777689329645493
2021-10-16 14:00:00,1.4121609634319818,0.8435478117937254,2.0734310944804735,1.0,0.27935423072034876
2021-10-16 15:00:00,1.4121609634319818,0.8435478117937254,2.0692098107741392,1.0,0.2787852868012326
2021-10-16 16:00:00,1.4121609634319818,0.8435478117937254,2.070679397595067,1.0,0.27898335746967057
2021-10-16 17:00:00,1.4121609634319818,0.8435478117937254,2.0614590733485825,1.0,0.2777406436941322
2021-10-16 18:00:00,1.4121609634319818,0.8435478117937254,2.0589947049703414,1.0,0.2774084965320832
2021-10-16 19:00:00,1.4121609634319818,0.8435478117937254,2.0744503295277585,1.0,0.27949160305128995
2021-10-16 20:00:00,1.4121609634319818,0.8435478117937254,2.0671258300176776,1.0,0.2785044082198747
2021-10-16 21:00:00,1.4121609634319818,0.8435478117937254,2.0741314152627135,1.0,0.27944861983944264
2021-10-16 22:00:00,1.4121609634319818,0.8435478117937254,2.061669645067782,1.0,0.27776902451558627
2021-10-16 23:00:00,1.4121609634319818,0.8435478117937254,2.0656630358328534,1.0,0.2783072530618062
2021-10-17 00:00:00,1.4121609634319818,0.8435478117937254,2.068525792318547,1.0,0.2786930949070255
2021-10-17 01:00:00,1.4121609634319818,0.8435478117937254,2.0703071611366117,1.0,0.2789331875014228
2021-10-17 02:00:00,1.4121609634319818,0.8429573283254698,2.07548247058364,1.0,0.2792392311962516
2021-10-17 03:00:00,1.4121609634319818,0.843089938218378,2.0758088567483988,1.0,0.27919530265645437
2021-10-17 04:00:00,1.4121609634319818,0.8435758065148711,2.077004700334367,1.0,0.27903435324061043
2021-10-17 05:00:00,1.4121609634319818,0.8407384239779524,2.0700211911566666,1.0,0.27997426857392005
2021-10-17 06:00:00,1.4121609634319818,0.8372665562302201,2.0614760549388405,1.0,0.2811243643713167
2021-10-17 07:00:00,1.4121609634319818,0.8372254347441778,2.061374844660903,1.0,0.281137986332669
2021-10-17 08:00:00,1.4121609634319818,0.8327346372886053,2.050321867193775,1.0,0.28262561421941296
2021-10-17 09:00:00,1.4121609634319818,0.8373338961134035,2.0616417952597588,1.0,0.2811020572668203
2021-10-17 10:00:00,1.4121609634319818,0.8448124869105459,2.0800484805722115,1.0,0.2786246887518875
2021-10-17 11:00:00,1.4121609634319818,0.84391788760178,2.077846647579359,1.0,0.27892103497821985
2021-10-17 12:00:00,1.4121609634319818,0.8414485285657836,2.0717689364260203,1.0,0.27973903832855423
2021-10-17 13:00:00,1.4121609634319818,0.840128363273949,2.0685196789460543,1.0,0.2801763581414992
2021-10-17 14:00:00,1.4121609634319818,0.8422043083612657,2.073629099822882,1.0,0.2794886776496059
2021-10-17 15:00:00,1.4121609634319818,0.8423242230302951,2.073924239861566,1.0,0.2794489545475416
2021-10-17 16:00:00,1.4121609634319818,0.838681797709582,2.0649593187325617,1.0,0.28065554948665455
2021-10-17 17:00:00,1.4121609634319818,0.8413942978811707,2.0716354611265926,1.0,0.27975700286147864
2021-10-17 18:00:00,1.4121609634319818,0.8421440060478411,2.073480680724027,1.0,0.2795086534788373
2021-10-17 19:00:00,1.4121609634319818,0.8415425008207996,2.0720002256853345,1.0,0.27970790894707465
2021-10-17 20:00:00,1.4121609634319818,0.8351309987872986,2.056219913122184,1.0,0.2818317921360429
2021-10-17 21:00:00,1.4121609634319818,0.8198041377933246,2.0184966688912547,1.0,0.2869089896842403
2021-10-17 22:00:00,1.4121609634319818,0.8366610492478254,2.0599857505777983,1.0,0.28132494546666553
2021-10-17 23:00:00,1.4121609634319818,0.8458316926015137,2.0825570010851235,1.0,0.2782870652399808
2021-10-18 00:00:00,1.4121609634319818,0.8490435842428578,2.090462270982028,1.0,0.2772230894935498
2021-10-18 01:00:00,1.4121609634319818,0.8619700819827854,2.122277619962199,1.0,0.27294103965583394
2021-10-18 02:00:00,1.4121609634319818,0.856356013754053,2.1099374379535143,1.0,0.27421098064127364
2021-10-18 03:00:00,1.4121609634319818,0.856356013754053,2.1101843502758655,1.0,0.27424308160578525
2021-10-18 04:00:00,1.4121609634319818,0.856356013754053,2.1109607485824613,1.0,0.27434402081468967
2021-10-18 05:00:00,1.4121609634319818,0.856356013754053,2.1187583551971305,1.0,0.275357784286797
2021-10-18 06:00:00,1.4121609634319818,0.856356013754053,2.118908132823206,1.0,0.27537725681134945
2021-10-18 07:00:00,1.4121609634319818,0.856356013754053,2.115327055069599,1.0,0.27491168243746994
2021-10-18 08:00:00,1.4121609634319818,0.856356013754053,2.1026187121841207,1.0,0.27325947626127267
2021-10-18 09:00:00,1.4121609634319818,0.856356013754053,2.1003496320938466,1.0,0.272964474137611
2021-10-18 10:00:00,1.4121609634319818,0.856356013754053,2.080996392940413,1.0,0.27044836786420656
2021-10-18 11:00:00,1.4121609634319818,0.856356013754053,2.0831044875550413,1.0,0.2707224403356282
2021-10-18 12:00:00,1.4121609634319818,0.856356013754053,2.070501430529163,1.0,0.2690839223286175
2021-10-18 13:00:00,1.4121609634319818,0.856356013754053,2.0592355039202,1.0,0.26761924407027554
2021-10-18 14:00:00,1.4121609634319818,0.856356013754053,2.1000578883732146,1.0,0.272926544662349
2021-10-18 15:00:00,1.4121609634319818,0.856356013754053,2.108917863274424,1.0,0.2740784261770868
2021-10-18 16:00:00,1.4121609634319818,0.856356013754053,2.105732796205633,1.0,0.27366433698150233
2021-10-18 17:00:00,1.4121609634319818,0.856356013754053,2.100214119003588,1.0,0.27294685613920644
2021-10-18 18:00:00,1.4121609634319818,0.856356013754053,2.0968911614219023,1.0,0.2725148398575261
2021-10-18 19:00:00,1.4121609634319818,0.856356013754053,2.100565977553734,1.0,0.2729926011175201
2021-10-18 20:00:00,1.4121609634319818,0.856356013754053,2.0863343860221133,1.0,0.27114235804196307
2021-10-18 21:00:00,1.4121609634319818,0.856356013754053,2.0841787429547627,1.0,0.2708621038167152
2021-10-18 22:00:00,1.4121609634319818,0.856356013754053,2.0987075123158982,1.0,0.27275098285368576
2021-10-18 23:00:00,1.4121609634319818,0.856356013754053,2.1081231248503496,1.0,0.27397510257742075
2021-10-19 00:00:00,1.4121609634319818,0.856356013754053,2.106305075797328,1.0,0.27373873880433874
2021-10-19 01:00:00,1.4121609634319818,0.856356013754053,2.1012955066712173,1.0,0.2730874468833673
2021-10-19 02:00:00,1.4121609634319818,0.856356013754053,2.1007072643846803,1.0,0.2726287538117949
2021-10-19 03:00:00,1.4121609634319818,0.856356013754053,2.097643785502137,1.0,0.27223103106262886
2021-10-19 04:00:00,1.4121609634319818,0.856356013754053,2.1265780378791352,1.0,0.27598748274441415
2021-10-19 05:00:00,1.4121609634319818,0.856356013754053,2.1211480045782363,1.0,0.27528251696684575
2021-10-19 06:00:00,1.4121609634319818,0.856356013754053,2.1223278854693626,1.0,0.27543569754673525
2021-10-19 07:00:00,1.4121609634319818,0.856356013754053,2.113124203181331,1.0,0.27424080965542136
2021-10-19 08:00:00,1.4121609634319818,0.856356013754053,2.115896277975047,1.0,0.27460070024064237
2021-10-19 09:00:00,1.4121609634319818,0.856356013754053,2.124833688927833,1.0,0.27576101888191784
2021-10-19 10:00:00,1.4121609634319818,0.856356013754053,2.111424345996505,1.0,0.27402012203240855
2021-10-19 11:00:00,1.4121609634319818,0.856356013754053,2.1148665143418017,1.0,0.27446700895733067
2021-10-19 12:00:00,1.4121609634319818,0.856356013754053,2.1110116933532357,1.0,0.27396654851353525
2021-10-19 13:00:00,1.4121609634319818,0.856356013754053,2.1140147177744604,1.0,0.2743564226319528
2021-10-19 14:00:00,1.4121609634319818,0.856356013754053,2.1266643043576456,1.0,0.2759986824759317
2021-10-19 15:00:00,1.4121609634319818,0.856356013754053,2.123950985866222,1.0,0.27564642005430334
2021-10-19 16:00:00,1.4121609634319818,0.856356013754053,2.119522866390546,1.0,0.2750715298986906
2021-10-19 17:00:00,1.4121609634319818,0.856356013754053,2.1460369025239734,1.0,0.27851377178994846
2021-10-19 18:00:00,1.4121609634319818,0.856356013754053,2.1537597901415073,1.0,0.279516412321355
2021-10-19 19:00:00,1.4121609634319818,0.856356013754053,2.154488639995381,1.0,0.27961103682464883
2021-10-19 20:00:00,1.4121609634319818,0.856356013754053,2.1804151131058815,1.0,0.28297699707998014
2021-10-19 21:00:00,1.4121609634319818,0.856356013754053,2.177812174951135,1.0,0.2826390650234825
2021-10-19 22:00:00,1.4121609634319818,0.856356013754053,2.1760240134969675,1.0,0.2824069131083651
2021-10-19 23:00:00,1.4121609634319818,0.856356013754053,2.1770164176316453,1.0,0.2825357541142479
2021-10-20 00:00:00,1.4121609634319818,0.856356013754053,2.183633464091578,1.0,0.2833948264337604
2021-10-20 01:00:00,1.4121609634319818,0.856356013754053,2.1763643245657383,1.0,0.28245109472639884
2021-10-20 02:00:00,1.4121609634319818,0.856356013754053,2.168577246537029,1.0,0.2810461086853196
2021-10-20 03:00:00,1.4121609634319818,0.856356013754053,2.166977580734725,1.0,0.28083871482822026
2021-10-20 04:00:00,1.4121609634319818,0.856356013754053,2.1685779258006392,1.0,0.2810461967506517
2021-10-20 05:00:00,1.4121609634319818,0.856356013754053,2.1754911311946716,1.0,0.28194248166811603
2021-10-20 06:00:00,1.4121609634319818,0.856356013754053,2.1667873869238354,1.0,0.2808140565352318
2021-10-20 07:00:00,1.4121609634319818,0.856356013754053,2.167849415578571,1.0,0.2809517466819727
2021-10-20 08:00:00,1.4121609634319818,0.856356013754053,2.1740836969940887,1.0,0.2817600103000014
2021-10-20 09:00:00,1.4121609634319818,0.856356013754053,2.175236746972607,1.0,0.2819095012012439
2021-10-20 10:00:00,1.4121609634319818,0.856356013754053,2.174840396655985,1.0,0.2818581150799626
2021-10-20 11:00:00,1.4121609634319818,0.856356013754053,2.170100834814977,1.0,0.28124363922522355
2021-10-20 12:00:00,1.4121609634319818,0.856356013754053,2.1680555720843033,1.0,0.28097847451026553
2021-10-20 13:00:00,1.4121609634319818,0.856356013754053,2.1876132695844435,1.0,0.2835140955848017
2021-10-20 14:00:00,1.4121609634319818,0.856356013754053,2.245599286943025,1.0,0.2910318807249892
2021-10-20 15:00:00,1.4121609634319818,0.856356013754053,2.2677966028328687,1.0,0.29390972368007223
2021-10-20 16:00:00,1.4121609634319818,0.856356013754053,2.272061359410263,1.0,0.2944626418676723
2021-10-20 17:00:00,1.4121609634319818,0.856356013754053,2.259924956484675,1.0,0.29288917857901253
2021-10-20 18:00:00,1.4121609634319818,0.856356013754053,2.256499769729636,1.0,0.29244510914189004
2021-10-20 19:00:00,1.4121609634319818,0.856356013754053,2.2657934544460345,1.0,0.2936500190157045
2021-10-20 20:00:00,1.4121609634319818,0.856356013754053,2.2561856103098625,1.0,0.292404378925793
2021-10-20 21:00:00,1.4121609634319818,0.856356013754053,2.24373097238284,1.0,0.2907896570290437
2021-10-20 22:00:00,1.4121609634319818,0.856356013754053,2.237601297563311,1.0,0.28999495547215853
2021-10-20 23:00:00,1.4121609634319818,0.856356013754053,2.240149215365622,1.0,0.29032528853287176
2021-10-21 00:00:00,1.4121609634319818,0.856356013754053,2.2430520484043246,1.0,0.29070163572960805
2021-10-21 01:00:00,1.4121609634319818,0.856356013754053,2.2323363253197206,1.0,0.28931236108303887
2021-10-21 02:00:00,1.4121609634319818,0.856356013754053,2.211152131104669,1.0,0.28616467806086815
2021-10-21 03:00:00,1.4121609634319818,0.856356013754053,2.2076953585917503,1.0,0.2857171349775154
2021-10-21 04:00:00,1.4121609634319818,0.856356013754053,2.2111735279083944,1.0,0.28616744827252577
2021-10-21 05:00:00,1.4121609634319818,0.856356013754053,2.210117612626152,1.0,0.2860307405258031
2021-10-21 06:00:00,1.4121609634319818,0.856356013754053,2.2026963180516,1.0,0.2850699167967462
2021-10-21 07:00:00,1.4121609634319818,0.856356013754053,2.1983130299742046,1.0,0.2845024191514573
2021-10-21 08:00:00,1.4121609634319818,0.856356013754053,2.211283908245071,1.0,0.28618173904695
2021-10-21 09:00:00,1.4121609634319818,0.856356013754053,2.238515246750997,1.0,0.28970733905482376
2021-10-21 10:00:00,1.4121609634319818,0.856356013754053,2.2506934243886203,1.0,0.29128402920414387
2021-10-21 11:00:00,1.4121609634319818,0.856356013754053,2.231444791831176,1.0,0.28879193800262914
2021-10-21 12:00:00,1.4121609634319818,0.856356013754053,2.203273692120372,1.0,0.28514466853988824
2021-10-21 13:00:00,1.4121609634319818,0.856356013754053,2.2112468883783087,1.0,0.28617694614106615
2021-10-21 14:00:00,1.4121609634319818,0.856356013754053,2.200841588763621,1.0,0.2848297878148058
2021-10-21 15:00:00,1.4121609634319818,0.856356013754053,2.1634657878693706,1.0,0.27999079967992635
2021-10-21 16:00:00,1.4121609634319818,0.856356013754053,2.140346031996712,1.0,0.27699752002645106
2021-10-21 17:00:00,1.4121609634319818,0.856356013754053,2.134570593149966,1.0,0.27624978273696266
2021-10-21 18:00:00,1.4121609634319818,0.856356013754053,2.1241235188232435,1.0,0.2748972159022279
2021-10-21 19:00:00,1.4121609634319818,0.856356013754053,2.132527028578318,1.0,0.27598520553785344
2021-10-21 20:00:00,1.4121609634319818,0.856356013754053,2.1345481774508253,1.0,0.2762468806104642
2021-10-21 21:00:00,1.4121609634319818,0.856356013754053,2.129279808889183,1.0,0.2755647929400999
2021-10-21 22:00:00,1.4121609634319818,0.856356013754053,2.1318834263075397,1.0,0.2759018793300569
2021-10-21 23:00:00,1.4121609634319818,0.856356013754053,2.122445398073948,1.0,0.27467995215936625
2021-10-22 00:00:00,1.4121609634319818,0.856356013754053,2.113858826775892,1.0,0.2735682618240033
2021-10-22 01:00:00,1.4121609634319818,0.856356013754053,2.1347033891857836,1.0,0.2762669756378853
2021-10-22 02:00:00,1.4111724507575794,0.8557565645444252,2.1262604821413102,1.0,0.27478863647017904
2021-10-22 03:00:00,1.4170131713835634,0.8592984668928395,2.1350576251585656,1.0,0.27365131008887406
2021-10-22 04:00:00,1.425930068010616,0.8647058094326316,2.1484880252618135,1.0,0.27191497951894417
2021-10-22 05:00:00,1.4216867400537103,0.8621325904382505,2.142096833952312,1.0,0.2727412557850007
2021-10-22 06:00:00,1.4210048491119691,0.861719081338505,2.141069787373508,1.0,0.27287403607135186
2021-10-22 07:00:00,1.4143663341235913,0.8576933842827829,2.131071027029597,1.0,0.2741667118749816
2021-10-22 08:00:00,1.4291904718223332,0.8666829681870027,2.153398761532622,1.0,0.2712801018204155
2021-10-22 09:00:00,1.4334849866984767,0.8692872277123503,2.159867049261895,1.0,0.2704438582511176
2021-10-22 10:00:00,1.4271084946182675,0.8654204253569932,2.15026294107558,1.0,0.27168551200026997
2021-10-22 11:00:00,1.4250147917763145,0.8641507719207709,2.147109459764669,1.0,0.2720932054390166
2021-10-22 12:00:00,1.4291034315103253,0.8666301856101173,2.1532676636558303,1.0,0.2712970506268082
2021-10-22 13:00:00,1.434999172437164,0.8702054531107597,2.1621476768335444,1.0,0.27014901049223944
2021-10-22 14:00:00,1.4080153227564827,0.8538420338216953,2.121505297237265,1.0,0.2754034039269257
2021-10-22 15:00:00,1.3887252954740168,0.8421442661474827,2.092451154833045,1.0,0.2791596282576768
2021-10-22 16:00:00,1.368758789082681,0.8300362711917768,2.0623781170133455,1.0,0.28304757906298267
2021-10-22 17:00:00,1.3788511809079134,0.8361564520043774,2.077579017716893,1.0,0.28108235178910157
2021-10-22 18:00:00,1.3660776768811926,0.8284104037327912,2.058339894849993,1.0,0.28356965499046766
2021-10-22 19:00:00,1.367638539678392,0.8293569348136237,2.0606908262053105,1.0,0.2832657181048452
2021-10-22 20:00:00,1.376480572617396,0.8347188788675972,2.0740084685492453,1.0,0.281543965264766
2021-10-22 21:00:00,1.3696824085593249,0.8305963681734425,2.063769248887281,1.0,0.2828677285163907
2021-10-22 22:00:00,1.3621234309968109,0.8260124885300348,2.052384111514707,1.0,0.2843396401430645
2021-10-22 23:00:00,1.3672978197005579,0.8291503170061781,2.0601776425477136,1.0,0.2833320643391959
2021-10-23 00:00:00,1.368527207734411,0.8298958367190788,2.062029315149446,1.0,0.2830926734261052
2021-10-23 01:00:00,1.3791862635598402,0.8363596512511439,2.0780837105793606,1.0,0.28101710327537216
2021-10-23 02:00:00,1.3739162306147297,0.8331638226437169,2.073047310540643,1.0,0.2812835197770382
2021-10-23 03:00:00,1.3765577385462486,0.8347656734674628,2.0770315312469747,1.0,0.2807427206861328
2021-10-23 04:00:00,1.378725031517084,0.8360799530837405,2.08030048737164,1.0,0.2802990081935947
2021-10-23 05:00:00,1.3765971438729911,0.834789569460486,2.077090966812878,1.0,0.28073465318626845
2021-10-23 06:00:00,1.3731558203952479,0.8327026982526342,2.0719003739346173,1.0,0.28143919947442014
2021-10-23 07:00:00,1.3743821141634733,0.8334463415555172,2.0737500087455185,1.0,0.28118813887864225
2021-10-23 08:00:00,1.370916922316389,0.83134499620332,2.068523414895911,1.0,0.2818975717667117
2021-10-23 09:00:00,1.3751954401074378,0.8339395548515167,2.074976758825757,1.0,0.28102162568144246
2021-10-23 10:00:00,1.3660657888344485,0.8284031946393628,2.0612063872855435,1.0,0.2828907501500095
2021-10-23 11:00:00,1.3540798143058697,0.8211347163043535,2.0431277862968753,1.0,0.2853446531087423
2021-10-23 12:00:00,1.3859402594302768,0.8404553776805601,2.091183309304383,1.0,0.2788218259184364
2021-10-23 13:00:00,1.3855847107964119,0.8402397675492247,2.090647030684035,1.0,0.27889461781721225
2021-10-23 14:00:00,1.3809848707124404,0.83745035414649,2.083709032168226,1.0,0.2798363486013752
2021-10-23 15:00:00,1.3741970217144317,0.8333340986625739,2.073470831401677,1.0,0.2812260330780049
2021-10-23 16:00:00,1.3835435148711523,0.8390019551106213,2.0875682683702594,1.0,0.2793125143101845
2021-10-23 17:00:00,1.3769628253051611,0.8350113242757415,2.0776425288644575,1.0,0.2806597867875275
2021-10-23 18:00:00,1.3789200315911354,0.8361982041120727,2.0805946085149087,1.0,0.28025908559426604
2021-10-23 19:00:00,1.3807250207292359,0.8372927771410682,2.0833170970650716,1.0,0.27988954800048055
2021-10-23 20:00:00,1.373904971949946,0.8331569952171388,2.073030328950385,1.0,0.2812858247769994
2021-10-23 21:00:00,1.37635688396651,0.8346438721773101,2.076728579676772,1.0,0.28078384188544125
2021-10-23 22:00:00,1.3742411556803833,0.8333608621747599,2.0735373992354886,1.0,0.28121699747815687
2021-10-23 23:00:00,1.37393807242441,0.8331770678512784,2.073080254825743,1.0,0.2812790480771134
2021-10-24 00:00:00,1.3799148472114107,0.8368014755245106,2.0820951018301055,1.0,0.28005541579769117
2021-10-24 01:00:00,1.3756536677641287,0.8342174311132441,2.0756679095492574,1.0,0.28092781218302015
2021-10-24 02:00:00,1.3727231744965396,0.8324403351603389,2.0726991879403536,1.0,0.28093697532540196
2021-10-24 03:00:00,1.3727231744965396,0.8324403351603389,2.0786013094504248,1.0,0.28173724845884335
2021-10-24 04:00:00,1.3727231744965396,0.8324403351603389,2.080558947175367,1.0,0.2820026860432118
2021-10-24 05:00:00,1.3727231744965396,0.8324403351603389,2.0727630387197236,1.0,0.2809456329010198
2021-10-24 06:00:00,1.3727231744965396,0.8324403351603389,2.0695256683529384,1.0,0.2805066753968212
2021-10-24 07:00:00,1.3727231744965396,0.8324403351603389,2.06293918875547,1.0,0.2796136096310928
2021-10-24 08:00:00,1.3727231744965396,0.8324403351603389,2.062398494921655,1.0,0.2795402965439459
2021-10-24 09:00:00,1.3727231744965396,0.8324403351603389,2.057051331781216,1.0,0.27881527063688516
2021-10-24 10:00:00,1.3727231744965396,0.8324403351603389,2.0661582190047767,1.0,0.28005008038484797
2021-10-24 11:00:00,1.3727231744965396,0.8324403351603389,2.071002727073579,1.0,0.28070695090938513
2021-10-24 12:00:00,1.3727231744965396,0.8324403351603389,2.048286793417256,1.0,0.277626880230533
2021-10-24 13:00:00,1.3727231744965396,0.8324403351603389,2.051377103212407,1.0,0.27804589768025006
2021-10-24 14:00:00,1.3727231744965396,0.8324403351603389,2.056385653443102,1.0,0.27872501080597567
2021-10-24 15:00:00,1.3727231744965396,0.8324403351603389,2.042688302740998,1.0,0.2768677766322105
2021-10-24 16:00:00,1.3727231744965396,0.8324403351603389,2.0343211335890756,1.0,0.27573326581879926
2021-10-24 17:00:00,1.3727231744965396,0.8324403351603389,2.0511773997109732,1.0,0.27801881973097725
2021-10-24 18:00:00,1.3727231744965396,0.8324403351603389,2.0501669950906223,1.0,0.2778818182019182
2021-10-24 19:00:00,1.3727231744965396,0.8324403351603389,2.0429797068298257,1.0,0.27690728833370054
2021-10-24 20:00:00,1.3727231744965396,0.8324403351603389,2.060465989950295,1.0,0.27927826672870354
2021-10-24 21:00:00,1.3727231744965396,0.8324403351603389,2.078950111314324,1.0,0.28178454276820253
2021-10-24 22:00:00,1.3727231744965396,0.8324403351603389,2.072372801775595,1.0,0.2808927203776958
2021-10-24 23:00:00,1.3727231744965396,0.8324403351603389,2.070280330224004,1.0,0.28060900057247473
2021-10-25 00:00:00,1.3727231744965396,0.8324403351603389,2.0677534695936135,1.0,0.28026638162249173
2021-10-25 01:00:00,1.3727231744965396,0.8324403351603389,2.100472578807315,1.0,0.28470279046449554
2021-10-25 02:00:00,1.3727231744965396,0.8324403351603389,2.098437844662601,1.0,0.28402870336909525
2021-10-25 03:00:00,1.3727231744965396,0.8324403351603389,2.104677560187001,1.0,0.2831838328122957
2021-10-25 04:00:00,1.3727231744965396,0.8324403351603389,2.1094256128231383,1.0,0.28254093653622026
2021-10-25 05:00:00,1.3727231744965396,0.8324403351603389,2.108206674274419,1.0,0.28270598336989944
2021-10-25 06:00:00,1.3727231744965396,0.8324403351603389,2.1015291733531676,1.0,0.2836101309867749
2021-10-25 07:00:00,1.3727231744965396,0.8324403351603389,2.1069958868890235,1.0,0.28286992651898446
2021-10-25 08:00:00,1.3727231744965396,0.8324403351603389,2.1282435922516396,1.0,0.27999294269011793
2021-10-25 09:00:00,1.3727231744965396,0.8324403351603389,2.1306172789379034,1.0,0.27967154053893833
2021-10-25 10:00:00,1.3727231744965396,0.8324403351603389,2.1313325435195702,1.0,0.2795746922158042
2021-10-25 11:00:00,1.3727231744965396,0.8324403351603389,2.1334739220511043,1.0,0.279284745075557
2021-10-25 12:00:00,1.3727231744965396,0.8324403351603389,2.1321877364049633,1.0,0.2794588973071377
2021-10-25 13:00:00,1.3727231744965396,0.8324403351603389,2.1309922324508,1.0,0.27962077104760874
2021-10-25 14:00:00,1.3727231744965396,0.8324403351603389,2.147763250989602,1.0,0.277349939995205
2021-10-25 15:00:00,1.3727231744965396,0.8324403351603389,2.152178464456682,1.0,0.27675211084005624
2021-10-25 16:00:00,1.3727231744965396,0.8324403351603389,2.1612055382060307,1.0,0.2755298261389254
2021-10-25 17:00:00,1.3727231744965396,0.8324403351603389,2.162286586241855,1.0,0.27538344996963016
2021-10-25 18:00:00,1.3727231744965396,0.8324403351603389,2.144384933423675,1.0,0.27780737127261007
2021-10-25 19:00:00,1.3727231744965396,0.8324403351603389,2.1453576389136533,1.0,0.277675664911045
2021-10-25 20:00:00,1.3727231744965396,0.8324403351603389,2.1304892377473577,1.0,0.27968887758443767
2021-10-25 21:00:00,1.3727231744965396,0.8324403351603389,2.126287992317528,1.0,0.28025773501899076
2021-10-25 22:00:00,1.3727231744965396,0.8324403351603389,2.135192798617019,1.0,0.2790520055867718
2021-10-25 23:00:00,1.3727231744965396,0.8324403351603389,2.1408418944322456,1.0,0.27828710617618796
2021-10-26 00:00:00,1.3727231744965396,0.8324403351603389,2.143370113589857,1.0,0.2779447800045781
2021-10-26 01:00:00,1.3727231744965396,0.8324403351603389,2.1451474068262595,1.0,0.27770413077620165
2021-10-26 02:00:00,1.3727231744965396,0.8324403351603389,2.1319268991786,1.0,0.279096577251332
2021-10-26 03:00:00,1.3727231744965396,0.8324403351603389,2.1327464307244512,1.0,0.27920390435648795
2021-10-26 04:00:00,1.3727231744965396,0.8324403351603389,2.133087081425027,1.0,0.27924851649344257
2021-10-26 05:00:00,1.3727231744965396,0.8324403351603389,2.122991526016645,1.0,0.27792638711061585
2021-10-26 06:00:00,1.3727231744965396,0.8324403351603389,2.1209055074693524,1.0,0.27765319892998264
2021-10-26 07:00:00,1.3727231744965396,0.8324403351603389,2.1194403358618916,1.0,0.27746131781450695
2021-10-26 08:00:00,1.3727231744965396,0.8324403351603389,2.121841193092568,1.0,0.27777573775083
2021-10-26 09:00:00,1.3727231744965396,0.8324403351603389,2.135244083019598,1.0,0.2795310007225538
2021-10-26 10:00:00,1.3727231744965396,0.8324403351603389,2.1299091466241444,1.0,0.2788323292895701
2021-10-26 11:00:00,1.3727231744965396,0.8324403351603389,2.140984200158608,1.0,0.2802827352456541
2021-10-26 12:00:00,1.3727231744965396,0.8324403351603389,2.1333557301829082,1.0,0.2792836991458165
2021-10-26 13:00:00,1.3727231744965396,0.8324403351603389,2.123928570167082,1.0,0.2780491038462666
2021-10-26 14:00:00,1.3727231744965396,0.8324403351603389,2.1145914125796224,1.0,0.2768262954024424
2021-10-26 15:00:00,1.3727231744965396,0.8324403351603389,2.104830054867518,1.0,0.2755479330612541
2021-10-26 16:00:00,1.3727231744965396,0.8324403351603389,2.1239757789879987,1.0,0.278055286385685
2021-10-26 17:00:00,1.3727231744965396,0.8324403351603389,2.109500331820273,1.0,0.27615955967667044
2021-10-26 18:00:00,1.3727231744965396,0.8324403351603389,2.122501097689994,1.0,0.27786215986658547
2021-10-26 19:00:00,1.3727231744965396,0.8324403351603389,2.118602464198562,1.0,0.27735158885950495
2021-10-26 20:00:00,1.3727231744965396,0.8324403351603389,2.1079200250308636,1.0,0.2759526002816059
2021-10-26 21:00:00,1.3727231744965396,0.8324403351603389,2.110450281979306,1.0,0.27628396660295357
2021-10-26 22:00:00,1.3727231744965396,0.8324403351603389,2.066039347872971,1.0,0.2704678427221397
2021-10-26 23:00:00,1.3727231744965396,0.8324403351603389,2.0476961737080828,1.0,0.26806559256782214
2021-10-27 00:00:00,1.3727231744965396,0.8324403351603389,2.0492747823384665,1.0,0.2682723295693824
2021-10-27 01:00:00,1.3727231744965396,0.8324403351603389,2.06154907577695,1.0,0.26987978981817495
2021-10-27 02:00:00,1.371762268274392,0.8318576269257266,2.0566189804932473,1.0,0.26885720437221583
2021-10-27 03:00:00,1.36960307541843,0.8305482593430369,2.053382968653682,1.0,0.2692803932646211
2021-10-27 04:00:00,1.3757697374667543,0.8342878175567389,2.062625029335697,1.0,0.2680717643666224
2021-10-27 05:00:00,1.3867377029406938,0.8409389596258613,2.079062869073637,1.0,0.2659221086987465
2021-10-27 06:00:00,1.3812943976929815,0.837638056043136,2.070904913113693,1.0,0.2669889639879545
2021-10-27 07:00:00,1.3756668540120307,0.8342254274557165,2.0624708364961544,1.0,0.2680919289087248
2021-10-27 08:00:00,1.358709439841295,0.8239421920605561,2.0370565281478346,1.0,0.2714154807170574
2021-10-27 09:00:00,1.341922440555917,0.8137622988591597,2.0118976229169956,1.0,0.27470563222657707
2021-10-27 10:00:00,1.335535734819186,0.8098893027862226,2.0023257797521703,1.0,0.2759573883721121
2021-10-27 11:00:00,1.3359631317258134,0.8101484828094125,2.0029663253367023,1.0,0.27587362113333413
2021-10-27 12:00:00,1.327361032479439,0.8049320382175446,1.990074241644633,1.0,0.277559581163436
2021-10-27 13:00:00,1.3377685777253354,0.811243332886164,2.005672171928412,1.0,0.2755197645101401
2021-10-27 14:00:00,1.3372154091945418,0.8109078830258214,2.0048431306920165,1.0,0.2756281822354089
2021-10-27 15:00:00,1.3406409296826525,0.8129851710589802,2.0099770050588153,1.0,0.27495680069703804
2021-10-27 16:00:00,1.332843995446483,0.8082569908480207,1.9982916331704799,1.0,0.27648495319830746
2021-10-27 17:00:00,1.3339609834384054,0.8089343494558164,1.999965678338114,1.0,0.276266030229094
2021-10-27 18:00:00,1.3345862157106134,0.8093134998715008,2.00090272248855,1.0,0.2761434884412953
2021-10-27 19:00:00,1.3309945860323873,0.8071354806840482,1.9955198980085689,1.0,0.2768474263879505
2021-10-27 20:00:00,1.3386562307917504,0.8117816192863945,2.0070025097092237,1.0,0.2753457898153929
2021-10-27 21:00:00,1.3341699229653992,0.8090610535816812,2.000278818862471,1.0,0.2762250793308155
2021-10-27 22:00:00,1.3311312352024276,0.8072183468314412,1.9957246959870802,1.0,0.2768206439674929
2021-10-27 23:00:00,1.3309796294068106,0.8071264107574677,1.9954974823094282,1.0,0.27685035779715483
2021-10-28 00:00:00,1.3235924160652235,0.8026466915655578,1.9844261647248218,1.0,0.27829820745234235
2021-10-28 01:00:00,1.3199905886877406,0.8004624883372549,1.9790280568136083,1.0,0.2790041440870914
2021-10-28 02:00:00,1.334315077923082,0.8085826734143978,2.001898183309474,1.0,0.2756369036308375
2021-10-28 03:00:00,1.334315077923082,0.8086759885285666,2.002129132936983,1.0,0.2756050935389605
2021-10-28 04:00:00,1.334315077923082,0.8073826136005647,1.9989281031733497,1.0,0.27604599076828495
2021-10-28 05:00:00,1.334315077923082,0.8067683805843593,1.9974079112134533,1.0,0.2762553760201106
2021-10-28 06:00:00,1.334315077923082,0.8103275288212458,2.0062166017120835,1.0,0.27504210169228466
2021-10-28 07:00:00,1.334315077923082,0.8101793224634483,2.005849799362511,1.0,0.2750926236029128
2021-10-28 08:00:00,1.334315077923082,0.8094499550637316,2.004044656318085,1.0,0.275341256894569
2021-10-28 09:00:00,1.334315077923082,0.8308440917242448,2.0569939340061434,1.0,0.26804823197720645
2021-10-28 10:00:00,1.334315077923082,0.8377256697098688,2.0740254501395032,1.0,0.26570237803991903
2021-10-28 11:00:00,1.334315077923082,0.8373827366652984,2.0731767102584087,1.0,0.26581928012756695
2021-10-28 12:00:00,1.334315077923082,0.8364757960924429,2.070932083658106,1.0,0.26612844615288317
2021-10-28 13:00:00,1.334315077923082,0.8385110261780869,2.075969162960434,1.0,0.26543465869313665
2021-10-28 14:00:00,1.334315077923082,0.8449191671874132,2.091828949365992,1.0,0.26325019419257806
2021-10-28 15:00:00,1.334315077923082,0.8444302234347902,2.090618841244207,1.0,0.26341686971810413
2021-10-28 16:00:00,1.334315077923082,0.8390901287983699,2.0774024091782097,1.0,0.26523724900531176
2021-10-28 17:00:00,1.334315077923082,0.839566035880631,2.0785802522785044,1.0,0.2650750175367391
2021-10-28 18:00:00,1.334315077923082,0.8391532537285429,2.0775586398085832,1.0,0.26521573041374796
2021-10-28 19:00:00,1.334315077923082,0.8251933126488858,2.043008575533264,1.0,0.2699745201585457
2021-10-28 20:00:00,1.334315077923082,0.8412938750019541,2.0828565563372745,1.0,0.26448601626199914
2021-10-28 21:00:00,1.334315077923082,0.8425075203985851,2.08586026002211,1.0,0.2640722979494108
2021-10-28 22:00:00,1.334315077923082,0.8332657561650351,2.0629874164718025,1.0,0.26722271331345165
2021-10-28 23:00:00,1.334315077923082,0.8303381316860972,2.0557417115405188,1.0,0.2682207081665453
2021-10-29 00:00:00,1.334315077923082,0.8313381129169033,2.0582166085047198,1.0,0.26787982560844587
2021-10-29 01:00:00,1.334315077923082,0.8424150286530707,2.085631348185432,1.0,0.2641038273640065
2021-10-29 02:00:00,1.334315077923082,0.8418914506939222,2.0857960696109346,1.0,0.26369525328101207
2021-10-29 03:00:00,1.334315077923082,0.8418914506939222,2.09267327403362,1.0,0.264565015998556
2021-10-29 04:00:00,1.334315077923082,0.8418914506939222,2.0944121888760394,1.0,0.2647849372348553
2021-10-29 05:00:00,1.334315077923082,0.8418914506939222,2.089937539843056,1.0,0.26421902663168273
2021-10-29 06:00:00,1.334315077923082,0.8418914506939222,2.0721595130019543,1.0,0.26197063266408754
2021-10-29 07:00:00,1.334315077923082,0.8418914506939222,2.0844779585751083,1.0,0.2635285512657625
2021-10-29 08:00:00,1.334315077923082,0.8418914506939222,2.0578195789244877,1.0,0.2601570556252146
2021-10-29 09:00:00,1.334315077923082,0.8418914506939222,2.070343501739764,1.0,0.2617409610136007
2021-10-29 10:00:00,1.334315077923082,0.8418914506939222,2.0673187408830085,1.0,0.261358418331866
2021-10-29 11:00:00,1.334315077923082,0.8418914506939222,2.0730276118959434,1.0,0.2620804214687713
2021-10-29 12:00:00,1.334315077923082,0.8418914506939222,2.070439617540624,1.0,0.26175311681631025
2021-10-29 13:00:00,1.334315077923082,0.8418914506939222,2.071281904417421,1.0,0.2618596411651427
2021-10-29 14:00:00,1.334315077923082,0.8418914506939222,2.0820757428172114,1.0,0.26322474210475766
2021-10-29 15:00:00,1.334315077923082,0.8418914506939222,2.080603778573648,1.0,0.2630385822144996
2021-10-29 16:00:00,1.334315077923082,0.8418914506939222,2.1167772828776323,1.0,0.26761345936992287
2021-10-29 17:00:00,1.334315077923082,0.8418914506939222,2.127652293278856,1.0,0.26898882616412284
2021-10-29 18:00:00,1.334315077923082,0.8418914506939222,2.1208355433174892,1.0,0.26812670914580966
2021-10-29 19:00:00,1.334315077923082,0.8418914506939222,2.110265861909104,1.0,0.26678995742806144
2021-10-29 20:00:00,1.334315077923082,0.8418914506939222,2.1250887524135083,1.0,0.26866461415404724
2021-10-29 21:00:00,1.334315077923082,0.8418914506939222,2.1190742127759292,1.0,0.26790395298732367
2021-10-29 22:00:00,1.334315077923082,0.8418914506939222,2.1179558052415373,1.0,0.2677625075515554
2021-10-29 23:00:00,1.334315077923082,0.8418914506939222,2.11683637881173,1.0,0.2676209332556877
2021-10-30 00:00:00,1.334315077923082,0.8418914506939222,2.115484983858998,1.0,0.26745002181052463
2021-10-30 01:00:00,1.334315077923082,0.8418914506939222,2.1038661798044735,1.0,0.26598058714376693
2021-10-30 02:00:00,1.334315077923082,0.8418914506939222,2.1076989247257045,1.0,0.26609226579941375
2021-10-30 03:00:00,1.334315077923082,0.8418914506939222,2.1030337422500263,1.0,0.26550308007761675
2021-10-30 04:00:00,1.334315077923082,0.8418914506939222,2.09636643028293,1.0,0.26466103691333337
2021-10-30 05:00:00,1.334315077923082,0.8418914506939222,2.089679419671134,1.0,0.263816505923492
2021-10-30 06:00:00,1.334315077923082,0.8418914506939222,2.0914322594175654,1.0,0.2640378795046069
2021-10-30 07:00:00,1.334315077923082,0.8418914506939222,2.0993660583861034,1.0,0.2650398726948499
2021-10-30 08:00:00,1.334315077923082,0.8418914506939222,2.0927507100851965,1.0,0.2642043922428142
2021-10-30 09:00:00,1.334315077923082,0.8418914506939222,2.0837263533902894,1.0,0.2630646678824569
2021-10-30 10:00:00,1.334315077923082,0.8418914506939222,2.0866444698602242,1.0,0.26343320921338875
2021-10-30 11:00:00,1.334315077923082,0.8418914506939222,2.099906752219918,1.0,0.26510815921706166
2021-10-30 12:00:00,1.334315077923082,0.8418914506939222,2.093584845798669,1.0,0.2643097387871309
2021-10-30 13:00:00,1.334315077923082,0.8418914506939222,2.094086481974891,1.0,0.2643730925517708
2021-10-30 14:00:00,1.334315077923082,0.8418914506939222,2.092278621876024,1.0,0.2641447702165112
2021-10-30 15:00:00,1.334315077923082,0.8418914506939222,2.0786644809661845,1.0,0.2624253825011478
2021-10-30 16:00:00,1.334315077923082,0.8418914506939222,2.0852037517427355,1.0,0.2632512547993044
2021-10-30 17:00:00,1.334315077923082,0.8418914506939222,2.0811356419805285,1.0,0.26273747592804025
2021-10-30 18:00:00,1.334315077923082,0.8418914506939222,2.086467521689736,1.0,0.2634108616769112
2021-10-30 19:00:00,1.334315077923082,0.8418914506939222,2.091544337913268,1.0,0.26405203437416086
2021-10-30 20:00:00,1.334315077923082,0.8418914506939222,2.0973540795723356,1.0,0.26478577133958453
2021-10-30 21:00:00,1.334315077923082,0.8418914506939222,2.094677101684064,1.0,0.2644476844249657
2021-10-30 22:00:00,1.334315077923082,0.8418914506939222,2.0874178114805737,1.0,0.26353087781331097
2021-10-30 23:00:00,1.334315077923082,0.8418914506939222,2.0907047680909123,1.0,0.2639460015331385
2021-10-31 00:00:00,1.334315077923082,0.8418914506939222,2.101457511042279,1.0,0.26530401113943536
2021-10-31 01:00:00,1.334315077923082,0.8418914506939222,2.1192141410796554,1.0,0.2675465714122215
2021-10-31 02:00:00,1.334315077923082,0.8418914506939222,2.1124208257128445,1.0,0.2663152509746466
2021-10-31 03:00:00,1.334315077923082,0.8418914506939222,2.097924321373199,1.0,0.26448698612313853
2021-10-31 04:00:00,1.334315077923082,0.8418914506939222,2.0971550553345115,1.0,0.26438996810920634
2021-10-31 05:00:00,1.334315077923082,0.8418914506939222,2.0867830396367295,1.0,0.26308187401319144
2021-10-31 06:00:00,1.334315077923082,0.8418914506939222,2.08243303547624,1.0,0.26253326177370223
2021-10-31 07:00:00,1.334315077923082,0.8418914506939222,2.08339860869831,1.0,0.2626550375854502
2021-10-31 08:00:00,1.334315077923082,0.8418914506939222,2.085092012878838,1.0,0.2628686057167816
2021-10-31 09:00:00,1.334315077923082,0.8418914506939222,2.065233741231131,1.0,0.26036412744984444
2021-10-31 10:00:00,1.334315077923082,0.8418914506939222,2.0614607715076083,1.0,0.2598882894291945
2021-10-31 11:00:00,1.334315077923082,0.8418914506939222,2.066129689933143,1.0,0.26047712238174425
2021-10-31 12:00:00,1.334315077923082,0.8418914506939222,2.05488549975971,1.0,0.259059031703046
2021-10-31 13:00:00,1.334315077923082,0.8418914506939222,2.0485944998327312,1.0,0.2582656256668141
2021-10-31 14:00:00,1.334315077923082,0.8418914506939222,2.0512894782066757,1.0,0.2586055099672784
2021-10-31 15:00:00,1.334315077923082,0.8418914506939222,2.0539161905877834,1.0,0.25893678472213544
2021-10-31 16:00:00,1.334315077923082,0.8418914506939222,2.0548196111895094,1.0,0.2590507219923604
2021-10-31 17:00:00,1.334315077923082,0.8418914506939222,2.0614420917583245,1.0,0.2598859335833816
2021-10-31 18:00:00,1.334315077923082,0.8418914506939222,2.0601857937110375,1.0,0.2597274922440725
2021-10-31 19:00:00,1.334315077923082,0.8418914506939222,2.0630074547483073,1.0,0.26008335346250444
2021-10-31 20:00:00,1.334315077923082,0.8418914506939222,2.062461666437415,1.0,0.2600145199312069
2021-10-31 21:00:00,1.334315077923082,0.8418914506939222,2.069998096193916,1.0,0.2609649966328203
2021-10-31 22:00:00,1.334315077923082,0.8418914506939222,2.0874239248530664,1.0,0.26316270094135474
2021-10-31 23:00:00,1.334315077923082,0.8418914506939222,2.0855372701754025,1.0,0.2629247605142496
2021-11-01 00:00:00,1.334315077923082,0.8418914506939222,2.0828439899604834,1.0,0.2625850903815865
2021-11-01 01:00:00,1.334315077923082,0.8418914506939222,2.0920351058717244,1.0,0.2637442521886646
2021-11-01 02:00:00,1.334315077923082,0.8418914506939222,2.0830769773788234,1.0,0.26224681212664164
2021-11-01 03:00:00,1.334315077923082,0.8418914506939222,2.056790834186658,1.0,0.2655572844710314
2021-11-01 04:00:00,1.334315077923082,0.8418914506939222,2.0347551830360704,1.0,0.2683324505800855
2021-11-01 05:00:00,1.334315077923082,0.8418914506939222,2.0554312880706025,1.0,0.26572850547463095
2021-11-01 06:00:00,1.334315077923082,0.8418914506939222,2.0596121555921223,1.0,0.2652019677393547
2021-11-01 07:00:00,1.334315077923082,0.8418914506939222,2.063862987265505,1.0,0.26466661873084807
2021-11-01 08:00:00,1.334315077923082,0.8418914506939222,2.1137684847157194,1.0,0.2583815289809304
2021-11-01 09:00:00,1.334315077923082,0.8418914506939222,2.103747648304473,1.0,0.25964355139192347
2021-11-01 10:00:00,1.334315077923082,0.8418914506939222,2.1065350065294215,1.0,0.259292511977349
2021-11-01 11:00:00,1.334315077923082,0.8418914506939222,2.1164702557257673,1.0,0.2580412684054534
2021-11-01 12:00:00,1.334315077923082,0.8418914506939222,2.100976932037977,1.0,0.25999249492111787
2021-11-01 13:00:00,1.334315077923082,0.8418914506939222,2.1022210033402784,1.0,0.2598358167956657
2021-11-01 14:00:00,1.334315077923082,0.8418914506939222,2.1050803635079207,1.0,0.2594757094688346
2021-11-01 15:00:00,1.334315077923082,0.8418914506939222,2.0881758696696906,1.0,0.26160465851009396
2021-11-01 16:00:00,1.334315077923082,0.8418914506939222,2.09143191978576,1.0,0.2611945921195096
2021-11-01 17:00:00,1.334315077923082,0.8418914506939222,2.075101743330056,1.0,0.26325121172857147
2021-11-01 18:00:00,1.334315077923082,0.8418914506939222,2.064940638983278,1.0,0.26453089945919644
2021-11-01 19:00:00,1.334315077923082,0.8418914506939222,2.0577414636093008,1.0,0.26543756236534183
2021-11-01 20:00:00,1.334315077923082,0.8418914506939222,2.087523436971978,1.0,0.2616868257716265
2021-11-01 21:00:00,1.334315077923082,0.8418914506939222,2.061398279255459,1.0,0.264977023632952
2021-11-01 22:00:00,1.334315077923082,0.8418914506939222,2.063433013400173,1.0,0.26472076956536145
2021-11-01 23:00:00,1.334315077923082,0.8418914506939222,2.075300088304269,1.0,0.26322623219669483
2021-11-02 00:00:00,1.334315077923082,0.8418914506939222,2.069113694973279,1.0,0.26400534550685373
2021-11-02 01:00:00,1.334315077923082,0.8418914506939222,2.0707425691108265,1.0,0.263800205378634
2021-11-02 02:00:00,1.334315077923082,0.8418914506939222,2.0837837511653614,1.0,0.2617906556643837
2021-11-02 03:00:00,1.334315077923082,0.8418914506939222,2.0695066489718497,1.0,0.2635849752906267
2021-11-02 04:00:00,1.334315077923082,0.8418914506939222,2.07514283877848,1.0,0.2628766294477382
2021-11-02 05:00:00,1.334315077923082,0.8418914506939222,2.0871070483788525,1.0,0.2613729898570523
2021-11-02 06:00:00,1.334315077923082,0.8418914506939222,2.0986776247170438,1.0,0.2599188213619921
2021-11-02 07:00:00,1.334315077923082,0.8418914506939222,2.098856271046558,1.0,0.2598963694238566
2021-11-02 08:00:00,1.334315077923082,0.8418914506939222,2.0907349953215717,1.0,0.2609170362388701
2021-11-02 09:00:00,1.334315077923082,0.8418914506939222,2.0924362110336183,1.0,0.260703230615066
2021-11-02 10:00:00,1.334315077923082,0.8418914506939222,2.144259609287571,1.0,0.254190162393986
2021-11-02 11:00:00,1.334315077923082,0.8418914506939222,2.148661237482445,1.0,0.25363697395627377
2021-11-02 12:00:00,1.334315077923082,0.8418914506939222,2.1386291932216284,1.0,0.2548977826038929
2021-11-02 13:00:00,1.334315077923082,0.8418914506939222,2.141697766581249,1.0,0.2545121300163366
2021-11-02 14:00:00,1.334315077923082,0.8418914506939222,2.1541663294122837,1.0,0.2529451042504962
2021-11-02 15:00:00,1.334315077923082,0.8418914506939222,2.151528409181606,1.0,0.25327663315448623
2021-11-02 16:00:00,1.334315077923082,0.8418914506939222,2.174392422304979,1.0,0.250403126547481
2021-11-02 17:00:00,1.334315077923082,0.8418914506939222,2.1639066299524683,1.0,0.2517209614105927
2021-11-02 18:00:00,1.334315077923082,0.8418914506939222,2.1573575098535676,1.0,0.25254404263315483
2021-11-02 19:00:00,1.334315077923082,0.8418914506939222,2.150407963856383,1.0,0.2534174486372033
2021-11-02 20:00:00,1.334315077923082,0.8418914506939222,2.1606689199538778,1.0,0.2521278707760797
2021-11-02 21:00:00,1.334315077923082,0.8418914506939222,2.145684025078412,1.0,0.25401114446900414
2021-11-02 22:00:00,1.334315077923082,0.8418914506939222,2.142376690559764,1.0,0.2544268041145629
2021-11-02 23:00:00,1.334315077923082,0.8418914506939222,2.1394959335883965,1.0,0.2547888522880718
2021-11-03 00:00:00,1.334315077923082,0.8418914506939222,2.1480380131199763,1.0,0.25371529963399
2021-11-03 01:00:00,1.334315077923082,0.8418914506939222,2.158014357764747,1.0,0.2524614912104283
2021-11-03 02:00:00,1.334315077923082,0.8418914506939222,2.146120791579848,1.0,0.25358974938909074
2021-11-03 03:00:00,1.334315077923082,0.8418914506939222,2.14614592433343,1.0,0.25359272023473306
2021-11-03 04:00:00,1.334315077923082,0.8418914506939222,2.148167412837742,1.0,0.2538316725761264
2021-11-03 05:00:00,1.334315077923082,0.8418914506939222,2.1328887364508136,1.0,0.25202563930497063
2021-11-03 06:00:00,1.334315077923082,0.8418914506939222,2.141939244794718,1.0,0.25309546490870866
2021-11-03 07:00:00,1.334315077923082,0.8418914506939222,2.135323556862006,1.0,0.2523134500132113
2021-11-03 08:00:00,1.334315077923082,0.8418914506939222,2.1538256787117085,1.0,0.2545005143112763
2021-11-03 09:00:00,1.334315077923082,0.8418914506939222,2.1402621429408377,1.0,0.2528972211819277
2021-11-03 10:00:00,1.334315077923082,0.8418914506939222,2.1508331828764433,1.0,0.2541467829470262
2021-11-03 11:00:00,1.334315077923082,0.8418914506939222,2.145321977574112,1.0,0.2534953246735402
2021-11-03 12:00:00,1.334315077923082,0.8418914506939222,2.1449439673749686,1.0,0.2534506415492171
2021-11-03 13:00:00,1.334315077923082,0.8418914506939222,2.1228050681556123,1.0,0.2508336878573955
2021-11-03 14:00:00,1.334315077923082,0.8418914506939222,2.1006084315293787,1.0,0.24820990924990916
2021-11-03 15:00:00,1.334315077923082,0.8418914506939222,2.1047570340294084,1.0,0.24870029951370604
2021-11-03 16:00:00,1.334315077923082,0.8418914506939222,2.112169498177026,1.0,0.2495764982453775
2021-11-03 17:00:00,1.334315077923082,0.8418914506939222,2.1114121192515194,1.0,0.2494869714104805
2021-11-03 18:00:00,1.334315077923082,0.8418914506939222,2.1226787251240924,1.0,0.2508187533360584
2021-11-03 19:00:00,1.334315077923082,0.8418914506939222,2.1468516792245524,1.0,0.2536761447920945
2021-11-03 20:00:00,1.334315077923082,0.8418914506939222,2.134211941963717,1.0,0.25218205031338264
2021-11-03 21:00:00,1.334315077923082,0.8418914506939222,2.1318793507258778,1.0,0.2519063237205249
2021-11-03 22:00:00,1.334315077923082,0.8418914506939222,2.1448994756084927,1.0,0.2534453823494989
2021-11-03 23:00:00,1.334315077923082,0.8418914506939222,2.133851592618442,1.0,0.2521394548103218
2021-11-04 00:00:00,1.334315077923082,0.8418914506939222,2.1371616441915315,1.0,0.25253072321072817
2021-11-04 01:00:00,1.334315077923082,0.8418914506939222,2.1359542531241877,1.0,0.2523880021802085
2021-11-04 02:00:00,1.334315077923082,0.8418914506939222,2.118602464198562,1.0,0.24998644101622852
2021-11-04 03:00:00,1.334315077923082,0.8418914506939222,2.125784318350476,1.0,0.24913869803175973
2021-11-04 04:00:00,1.334315077923082,0.8418914506939222,2.121149702737262,1.0,0.24968576607139187
2021-11-04 05:00:00,1.334315077923082,0.8418914506939222,2.1299339397459214,1.0,0.24864887850162448
2021-11-04 06:00:00,1.334315077923082,0.8418914506939222,2.1202014507372557,1.0,0.24979769733085638
2021-11-04 07:00:00,1.334315077923082,0.8418914506939222,2.1230631883275337,1.0,0.24945989905283059
2021-11-04 08:00:00,1.334315077923082,0.8418914506939222,2.1016100057227955,1.0,0.2519922235282376
2021-11-04 09:00:00,1.334315077923082,0.8418914506939222,2.0938884766324826,1.0,0.25290366951101906
2021-11-04 10:00:00,1.334315077923082,0.8418914506939222,2.0991622793030076,1.0,0.2522811521052293
2021-11-04 11:00:00,1.334315077923082,0.8418914506939222,2.1037174210738137,1.0,0.251743465123876
2021-11-04 12:00:00,1.334315077923082,0.8418914506939222,2.088420744201211,1.0,0.25354907830260914
2021-11-04 13:00:00,1.334315077923082,0.8418914506939222,2.1025416157643497,1.0,0.25188225667841263
2021-11-04 14:00:00,1.334315077923082,0.8418914506939222,2.11029982508962,1.0,0.25096648097642543
2021-11-04 15:00:00,1.334315077923082,0.8418914506939222,2.0988056659075895,1.0,0.2523232465975064
2021-11-04 16:00:00,1.334315077923082,0.8418914506939222,2.0744493106323434,1.0,0.2551982603300419
2021-11-04 17:00:00,1.334315077923082,0.8418914506939222,2.078542892779937,1.0,0.25471505564869307
2021-11-04 18:00:00,1.334315077923082,0.8418914506939222,2.0681674807641035,1.0,0.25593976483400177
2021-11-04 19:00:00,1.334315077923082,0.8418914506939222,2.0637617769875676,1.0,0.2564598122185912
2021-11-04 20:00:00,1.334315077923082,0.8418914506939222,2.0807701981581763,1.0,0.2544521454769279
2021-11-04 21:00:00,1.334315077923082,0.8418914506939222,2.0829581062470175,1.0,0.2541938857443095
2021-11-04 22:00:00,1.334315077923082,0.8418914506939222,2.084067004090865,1.0,0.25406299191832393
2021-11-04 23:00:00,1.334315077923082,0.8418914506939222,2.077600074888813,1.0,0.25482634546827526
2021-11-05 00:00:00,1.334315077923082,0.8418914506939222,2.085790635502052,1.0,0.25385953520565113
2021-11-05 01:00:00,1.334315077923082,0.8418914506939222,2.0686497579274308,1.0,0.25588283704444603
2021-11-05 02:00:00,1.334315077923082,0.8418914506939222,2.099534855393268,1.0,0.25188719126301623
2021-11-05 03:00:00,1.334315077923082,0.8418914506939222,2.0935026549018207,1.0,0.2526111571489708
2021-11-05 04:00:00,1.334315077923082,0.8418914506939222,2.113273641175601,1.0,0.25023830505060507
2021-11-05 05:00:00,1.334315077923082,0.8418914506939222,2.109656902082452,1.0,0.25067237479439936
2021-11-05 06:00:00,1.334315077923082,0.8418914506939222,2.1125994720423584,1.0,0.25031921672695323
2021-11-05 07:00:00,1.334315077923082,0.8418914506939222,2.1123919570094056,1.0,0.25034412203387957
2021-11-05 08:00:00,1.334315077923082,0.8418914506939222,2.111263360520859,1.0,0.25047957266385684
2021-11-05 09:00:00,1.334315077923082,0.8418914506939222,2.113892789956408,1.0,0.2501639967453241
2021-11-05 10:00:00,1.334315077923082,0.8418914506939222,2.096866368300126,1.0,0.2522074547597757
2021-11-05 11:00:00,1.334315077923082,0.8418914506939222,2.092627084108118,1.0,0.2527162404243489
2021-11-05 12:00:00,1.334315077923082,0.8418914506939222,2.081617579512051,1.0,0.2540375668225869
2021-11-05 13:00:00,1.334315077923082,0.8418914506939222,2.08951062266397,1.0,0.2530902684052914
2021-11-05 14:00:00,1.334315077923082,0.8418914506939222,2.0993592657500004,1.0,0.25190826498426155
2021-11-05 15:00:00,1.334315077923082,0.8418914506939222,2.081596522340131,1.0,0.25404009403867434
2021-11-05 16:00:00,1.334315077923082,0.8418914506939222,2.065375367693883,1.0,0.2559869064185559
2021-11-05 17:00:00,1.334315077923082,0.8418914506939222,2.069236641686747,1.0,0.25552348835890737
2021-11-05 18:00:00,1.334315077923082,0.8418914506939222,2.072188721337198,1.0,0.2551691889680669
2021-11-05 19:00:00,1.334315077923082,0.8418914506939222,2.0800202911323833,1.0,0.25422926839128485
2021-11-05 20:00:00,1.334315077923082,0.8418914506939222,2.076242906195393,1.0,0.2546826183481334
2021-11-05 21:00:00,1.334315077923082,0.8418914506939222,2.0714680226466484,1.0,0.25525568497673734
2021-11-05 22:00:00,1.334315077923082,0.8418914506939222,2.075688627089372,1.0,0.254749141197403
2021-11-05 23:00:00,1.334315077923082,0.8418914506939222,2.075289559718309,1.0,0.25479703601841514
2021-11-06 00:00:00,1.334315077923082,0.8418914506939222,2.0712577905592546,1.0,0.25528091637606204
2021-11-06 01:00:00,1.334315077923082,0.8418914506939222,2.0792391379805153,1.0,0.25432301995581924
2021-11-06 02:00:00,1.334315077923082,0.8413021266784365,2.079435105532092,1.0,0.25394685729178634
2021-11-06 03:00:00,1.334315077923082,0.8384612632971528,2.07241593501485,1.0,0.2548043712630402
2021-11-06 04:00:00,1.334315077923082,0.8402351705858482,2.0767988834604405,1.0,0.2542689177478212
2021-11-06 05:00:00,1.334315077923082,0.8413520242643178,2.0795583918773657,1.0,0.253931795716736
2021-11-06 06:00:00,1.334315077923082,0.8444908985717458,2.0873138841481946,1.0,0.252984327214603
2021-11-06 07:00:00,1.334315077923082,0.8422892191418323,2.081874001524947,1.0,0.25364890365422044
2021-11-06 08:00:00,1.334315077923082,0.8355164809766784,2.065140002852907,1.0,0.25569325314266333
2021-11-06 09:00:00,1.334315077923082,0.8388774888895719,2.0734443401208744,1.0,0.25467873366179394
2021-11-06 10:00:00,1.334315077923082,0.8378813241378342,2.07098302842888,1.0,0.2549794257675507
2021-11-06 11:00:00,1.334315077923082,0.8319505218226034,2.0563292745634456,1.0,0.2567696371094833
2021-11-06 12:00:00,1.334315077923082,0.8295426540212802,2.0503799442324575,1.0,0.2574964514625318
2021-11-06 13:00:00,1.334315077923082,0.8285796168678823,2.0480004838055064,1.0,0.25778714401019737
2021-11-06 14:00:00,1.334315077923082,0.8324115590210758,2.057468399637952,1.0,0.25663047313505133
2021-11-06 15:00:00,1.334315077923082,0.8329675803293108,2.0588422102898245,1.0,0.25646263822849874
2021-11-06 16:00:00,1.334315077923082,0.8336592735859335,2.06055123753339,1.0,0.2562538507749085
2021-11-06 17:00:00,1.334315077923082,0.8333200249855073,2.059713026238255,1.0,0.2563562528884738
2021-11-06 18:00:00,1.334315077923082,0.8345115188544272,2.062656954725382,1.0,0.25599660073272656
2021-11-06 19:00:00,1.334315077923082,0.8351098775082583,2.0641353719732436,1.0,0.2558159863079495
2021-11-06 20:00:00,1.334315077923082,0.8409341491649273,2.078525911189679,1.0,0.2540579312212897
2021-11-06 21:00:00,1.334315077923082,0.8404144170100604,2.077241763334369,1.0,0.2542148122550784
2021-11-06 22:00:00,1.334315077923082,0.8436834649093051,2.085318886924685,1.0,0.2532280508835993
2021-11-06 23:00:00,1.334315077923082,0.843461468762754,2.0847703815593515,1.0,0.25329506037039345
2021-11-07 00:00:00,1.334315077923082,0.844938327337705,2.0884193856739905,1.0,0.2528492709424575
2021-11-07 01:00:00,1.334315077923082,0.8516010983714404,2.1048816789019025,1.0,0.2508381150078446
2021-11-07 02:00:00,1.334315077923082,0.8500001690643108,2.1023982911425723,1.0,0.25078597986426465
2021-11-07 03:00:00,1.334315077923082,0.8500001690643108,2.103997956944876,1.0,0.25097686717358286
2021-11-07 04:00:00,1.334315077923082,0.8500001690643108,2.111310229709971,1.0,0.2518494369760501
2021-11-07 05:00:00,1.334315077923082,0.8500001690643108,2.1129088766168596,1.0,0.2520402027010949
2021-11-07 06:00:00,1.334315077923082,0.8500001690643108,2.1047210330580617,1.0,0.251063151479642
2021-11-07 07:00:00,1.334315077923082,0.8500001690643108,2.1007436049878323,1.0,0.2505885270041801
2021-11-07 08:00:00,1.334315077923082,0.8500001690643108,2.0987098897385343,1.0,0.2503458447943717
2021-11-07 09:00:00,1.334315077923082,0.8500001690643108,2.096610965182645,1.0,0.2500953811910625
2021-11-07 10:00:00,1.334315077923082,0.8500001690643108,2.10575758932741,1.0,0.2511868432138329
2021-11-07 11:00:00,1.334315077923082,0.8500001690643108,2.104242491844591,1.0,0.2510060473992111
2021-11-07 12:00:00,1.334315077923082,0.8500001690643108,2.103562888602466,1.0,0.25092495068881926
2021-11-07 13:00:00,1.334315077923082,0.8500001690643108,2.099493080681233,1.0,0.25043930257256447
2021-11-07 14:00:00,1.334315077923082,0.8500001690643108,2.101791029474946,1.0,0.25071351563728783
2021-11-07 15:00:00,1.334315077923082,0.8500001690643108,2.0995830831096005,1.0,0.2504500425167193
2021-11-07 16:00:00,1.334315077923082,0.8500001690643108,2.104327399795881,1.0,0.2510161794219987
2021-11-07 17:00:00,1.334315077923082,0.8500001690643108,2.10791187386754,1.0,0.25144391289599965
2021-11-07 18:00:00,1.334315077923082,0.8500001690643108,2.121652357808899,1.0,0.2530835578796698
2021-11-07 19:00:00,1.334315077923082,0.8500001690643108,2.121247177065343,1.0,0.2530352078669274
2021-11-07 20:00:00,1.334315077923082,0.8500001690643108,2.1153644145681665,1.0,0.252333220800112
2021-11-07 21:00:00,1.334315077923082,0.8500001690643108,2.1286915666026456,1.0,0.25392354309685217
2021-11-07 22:00:00,1.334315077923082,0.8500001690643108,2.1355154488319212,1.0,0.2547378335042452
2021-11-07 23:00:00,1.334315077923082,0.8500001690643108,2.1343111144508233,1.0,0.254594120893026
2021-11-08 00:00:00,1.334315077923082,0.8500001690643108,2.149726322823427,1.0,0.25643360989415864
2021-11-08 01:00:00,1.334315077923082,0.8500001690643108,2.2102065961591038,1.0,0.2636506902538504
2021-11-08 02:00:00,1.334315077923082,0.8500001690643108,2.2113800240459316,1.0,0.2634214141803627
2021-11-08 03:00:00,1.334315077923082,0.8500001690643108,2.21217306431098,1.0,0.26351591805044644
2021-11-08 04:00:00,1.334315077923082,0.8500001690643108,2.216246268550264,1.0,0.26400130773520647
2021-11-08 05:00:00,1.334315077923082,0.8500001690643108,2.214717246163434,1.0,0.263819099416955
2021-11-08 06:00:00,1.334315077923082,0.8500001690643108,2.223429141597594,1.0,0.26485726591439346
2021-11-08 07:00:00,1.334315077923082,0.8500001690643108,2.240131894143559,1.0,0.26684767526208064
2021-11-08 08:00:00,1.334315077923082,0.8500001690643108,2.240758514824079,1.0,0.2669223474849091
2021-11-08 09:00:00,1.334315077923082,0.8500001690643108,2.2511036996092537,1.0,0.2681551474346957
2021-11-08 10:00:00,1.334315077923082,0.8500001690643108,2.2454542641622215,1.0,0.26748192371950363
2021-11-08 11:00:00,1.334315077923082,0.8500001690643108,2.2439456196837004,1.0,0.2673021437662222
2021-11-08 12:00:00,1.334315077923082,0.8500001690643108,2.24419830574674,1.0,0.26733225549185063
2021-11-08 13:00:00,1.334315077923082,0.8500001690643108,2.2360362742051336,1.0,0.26635961437585354
2021-11-08 14:00:00,1.334315077923082,0.8500001690643108,2.2220702747451484,1.0,0.2646953344436418
2021-11-08 15:00:00,1.334315077923082,0.8500001690643108,2.22017343111333,1.0,0.2644692941376813
2021-11-08 16:00:00,1.334315077923082,0.8500001690643108,2.2559386979875113,1.0,0.26873131749658535
2021-11-08 17:00:00,1.334315077923082,0.8500001690643108,2.240999653405743,1.0,0.26695108313705457
2021-11-08 18:00:00,1.334315077923082,0.8500001690643108,2.2419546980418525,1.0,0.26706489250865006
2021-11-08 19:00:00,1.334315077923082,0.8500001690643108,2.2394237618298,1.0,0.266763289579372
2021-11-08 20:00:00,1.334315077923082,0.8500001690643108,2.2370640000475484,1.0,0.26648208491584224
2021-11-08 21:00:00,1.334315077923082,0.8500001690643108,2.243534325567652,1.0,0.26725313126657707
2021-11-08 22:00:00,1.334315077923082,0.8500001690643108,2.245964391133572,1.0,0.26754271378925343
2021-11-08 23:00:00,1.334315077923082,0.8500001690643108,2.2595870228385406,1.0,0.26916607577172025
2021-11-09 00:00:00,1.334315077923082,0.8500001690643108,2.295447386618167,1.0,0.27343943150048455
2021-11-09 01:00:00,1.334315077923082,0.8500001690643108,2.2977232593445445,1.0,0.27371063939488766
2021-11-09 02:00:00,1.334315077923082,0.8500001690643108,2.293842626338786,1.0,0.2728656550973557
2021-11-09 03:00:00,1.334315077923082,0.8500001690643108,2.297504196830216,1.0,0.2733013919152488
2021-11-09 04:00:00,1.334315077923082,0.8500001690643108,2.327951169267397,1.0,0.2769246642010912
2021-11-09 05:00:00,1.334315077923082,0.8500001690643108,2.3187817897916863,1.0,0.2758334831780433
2021-11-09 06:00:00,1.334315077923082,0.8500001690643108,2.3138917710609923,1.0,0.2752515576883832
2021-11-09 07:00:00,1.334315077923082,0.8500001690643108,2.3113978547157026,1.0,0.2749547748803145
2021-11-09 08:00:00,1.334315077923082,0.8500001690643108,2.3053558049019056,1.0,0.2742357545676979
2021-11-09 09:00:00,1.334315077923082,0.8500001690643108,2.3130257099578344,1.0,0.2751484940685309
2021-11-09 10:00:00,1.334315077923082,0.8500001690643108,2.3184618566312256,1.0,0.27579541026435667
2021-11-09 11:00:00,1.334315077923082,0.8500001690643108,2.3052855011182376,1.0,0.27422738822679227
2021-11-09 12:00:00,1.334315077923082,0.8500001690643108,2.297905641623915,1.0,0.2733491649343333
2021-11-09 13:00:00,1.334315077923082,0.8500001690643108,2.296268276691239,1.0,0.27315431406715374
2021-11-09 14:00:00,1.334315077923082,0.8500001690643108,2.313792258942081,1.0,0.27523971547637666
2021-11-09 15:00:00,1.334315077923082,0.8500001690643108,2.289335372652507,1.0,0.2723292796859597
2021-11-09 16:00:00,1.334315077923082,0.8500001690643108,2.270587357375869,1.0,0.2700982150273456
2021-11-09 17:00:00,1.334315077923082,0.8500001690643108,2.267233153668108,1.0,0.26969905569022357
2021-11-09 18:00:00,1.334315077923082,0.8500001690643108,2.2714911176093997,1.0,0.2702057649459444
2021-11-09 19:00:00,1.334315077923082,0.8500001690643108,2.2612766910692117,1.0,0.2689902204882748
2021-11-09 20:00:00,1.334315077923082,0.8500001690643108,2.2701648554102496,1.0,0.2700479361477
2021-11-09 21:00:00,1.334315077923082,0.8500001690643108,2.288078734973415,1.0,0.27217973639440934
2021-11-09 22:00:00,1.334315077923082,0.8500001690643108,2.3008753821282344,1.0,0.2737025721076621
2021-11-09 23:00:00,1.334315077923082,0.8500001690643108,2.2868502867341514,1.0,0.27203354772264243
2021-11-10 00:00:00,1.334315077923082,0.8500001690643108,2.2751948024446693,1.0,0.2706465134849597
2021-11-10 01:00:00,1.334315077923082,0.8500001690643108,2.2769608878315015,1.0,0.27085668243524674
2021-11-10 02:00:00,1.334315077923082,0.8494051689459657,2.2776713975678966,1.0,0.2705619163486368
2021-11-10 03:00:00,1.334315077923082,0.8472264308574797,2.2718314286781696,1.0,0.27125591206939986
2021-11-10 04:00:00,1.334315077923082,0.8429961691638368,2.260492481231097,1.0,0.27260338174857374
2021-11-10 05:00:00,1.334315077923082,0.8446963324480069,2.2650496607927346,1.0,0.27206182696048425
2021-11-10 06:00:00,1.334315077923082,0.840875843303254,2.254809082603549,1.0,0.27327877136132445
2021-11-10 07:00:00,1.334315077923082,0.843195607009215,2.261027061692419,1.0,0.27253985460321284
2021-11-10 08:00:00,1.334315077923082,0.8420666418234977,2.258000942308443,1.0,0.2728994650639281
2021-11-10 09:00:00,1.334315077923082,0.8444521668012194,2.264395190304191,1.0,0.2721396012991822
2021-11-10 10:00:00,1.334315077923082,0.8452359803409328,2.2664961526509106,1.0,0.271889932353056
2021-11-10 11:00:00,1.334315077923082,0.846706929481336,2.2704389382770134,1.0,0.27142138938577837
2021-11-10 12:00:00,1.334315077923082,0.843395551685204,2.2615630006809613,1.0,0.2724761660165676
2021-11-10 13:00:00,1.334315077923082,0.8415496746004084,2.2566152445433905,1.0,0.27306413517388517
2021-11-10 14:00:00,1.334315077923082,0.8614906715698605,2.310065818775865,1.0,0.26671230856485667
2021-11-10 15:00:00,1.334315077923082,0.8670356518681052,2.324928785833278,1.0,0.264946060194282
2021-11-10 16:00:00,1.334315077923082,0.8660721668768376,2.3223462255868412,1.0,0.2652529600756825
2021-11-10 17:00:00,1.334315077923082,0.8683885094761753,2.3285550346169717,1.0,0.2645151330462397
2021-11-10 18:00:00,1.334315077923082,0.8700747349185464,2.3330748546800413,1.0,0.2639780178934677
2021-11-10 19:00:00,1.334315077923082,0.859382256228633,2.3044143455380017,1.0,0.2673839043074271
2021-11-10 20:00:00,1.334315077923082,0.8450527610751027,2.2660050450606497,1.0,0.2719482933773201
2021-11-10 21:00:00,1.334315077923082,0.8342959148976087,2.237172002961589,1.0,0.275374682834382
2021-11-10 22:00:00,1.334315077923082,0.8143080360966509,2.1835957649612054,1.0,0.28174144276220564
2021-11-10 23:00:00,1.334315077923082,0.825245440679268,2.2129127823826185,1.0,0.278257539847622
2021-11-11 00:00:00,1.334315077923082,0.8219927285263443,2.2041940943123555,1.0,0.27929362964975685
2021-11-11 01:00:00,1.334315077923082,0.8231000267034468,2.207162136657649,1.0,0.27894092080394417
2021-11-11 02:00:00,1.3333810573685358,0.8193220430213315,2.2001144370687737,1.0,0.27939964662744116
2021-11-11 03:00:00,1.3285822598234431,0.8163733281082439,2.192199317849519,1.0,0.2804051973894878
2021-11-11 04:00:00,1.333023386854233,0.8191022653854579,2.1995244966232104,1.0,0.2794745937063373
2021-11-11 05:00:00,1.3301892032279445,0.8173607458804703,2.1948498044569877,1.0,0.2800684748772796
2021-11-11 06:00:00,1.3315780849890106,0.8182141714152815,2.1971406209827924,1.0,0.2797774454891653
2021-11-11 07:00:00,1.3344065030572103,0.8199521481604508,2.20180580345847,1.0,0.2791847724461499
2021-11-11 08:00:00,1.3428351312448643,0.8251312834334571,2.215707952139086,1.0,0.27741861885924346
2021-11-11 09:00:00,1.3457354128763865,0.8269134181492193,2.2204916661147647,1.0,0.2768108873645673
2021-11-11 10:00:00,1.3460947306930007,0.8271342080021837,2.221084323614769,1.0,0.27673559510626344
2021-11-11 11:00:00,1.3431736518698003,0.8253392940456483,2.216266306826769,1.0,0.27734768449096175
2021-11-11 12:00:00,1.343768122091327,0.8257045778883465,2.217246823848266,1.0,0.2772231178722092
2021-11-11 13:00:00,1.3382943424242515,0.8223411070222404,2.208218391571697,1.0,0.2783701058965596
2021-11-11 14:00:00,1.3338488912248951,0.8196095126751627,2.2008860805300974,1.0,0.27930161567565526
2021-11-11 15:00:00,1.3415096706227763,0.8243168282566475,2.2135217422092706,1.0,0.2776963588401615
2021-11-11 16:00:00,1.3343731451854102,0.819931650764359,2.201750783106035,1.0,0.27919176232915577
2021-11-11 17:00:00,1.339100285079969,0.8228363342339899,2.2095477104570933,1.0,0.27820122687134397
2021-11-11 18:00:00,1.337022213214486,0.8215594223737505,2.206120146279418,1.0,0.27863667069415343
2021-11-11 19:00:00,1.3333229899620687,0.8192863623688753,2.2000186608997185,1.0,0.27941181420156247
2021-11-11 20:00:00,1.3408519851750602,0.823912700583084,2.2124369582235897,1.0,0.2778341717186844
2021-11-11 21:00:00,1.334653598403879,0.820103980724094,2.202213361624662,1.0,0.27913299553499543
2021-11-11 22:00:00,1.339101726469491,0.8228372199239445,2.2095500878797294,1.0,0.2782009248393622
2021-11-11 23:00:00,1.3417557364055004,0.824468028184609,2.213927602216437,1.0,0.27764479766613676
2021-11-12 00:00:00,1.334023299357085,0.8197166811596674,2.2011737486690675,1.0,0.2792650698058654
2021-11-12 01:00:00,1.3349385817037034,0.8202790942808292,2.202683412043004,1.0,0.27907327949746386
2021-11-12 02:00:00,1.3394767112018302,0.8230676366193851,2.2117172784284556,1.0,0.277534442331302
2021-11-12 03:00:00,1.3394767112018302,0.8230676366193851,2.209394536512966,1.0,0.2772428642220558
2021-11-12 04:00:00,1.3394767112018302,0.8230676366193851,2.2031857274828357,1.0,0.27646346088602286
2021-11-12 05:00:00,1.3394767112018302,0.8230676366193851,2.207660376515819,1.0,0.27702517189484266
2021-11-12 06:00:00,1.3394767112018302,0.8230676366193851,2.1983493705773567,1.0,0.2758563440157691
2021-11-12 07:00:00,1.3394767112018302,0.8230676366193851,2.19203153973777,1.0,0.27506325496938844
2021-11-12 08:00:00,1.3394767112018302,0.8230676366193851,2.191099590064411,1.0,0.27494626559495194
2021-11-12 09:00:00,1.3394767112018302,0.8230676366193851,2.2041618292908653,1.0,0.2765859927599772
2021-11-12 10:00:00,1.3394767112018302,0.8230676366193851,2.1684492053464837,1.0,0.27210292070772624
2021-11-12 11:00:00,1.3394767112018302,0.8230676366193851,2.1630266439452988,1.0,0.2714222164977212
2021-11-12 12:00:00,1.3394767112018302,0.8230676366193851,2.1664983602576444,1.0,0.2718580274982643
2021-11-12 13:00:00,1.3394767112018302,0.8230676366193851,2.1685395474066564,1.0,0.2721142615144318
2021-11-12 14:00:00,1.3394767112018302,0.8230676366193851,2.1735311160470934,1.0,0.2727408624022211
2021-11-12 15:00:00,1.3394767112018302,0.8230676366193851,2.157433247746118,1.0,0.2707200670780436
2021-11-12 16:00:00,1.3394767112018302,0.8230676366193851,2.146279060001053,1.0,0.26931986116140916
2021-11-12 17:00:00,1.3394767112018302,0.8230676366193851,2.1429822540683645,1.0,0.26890600698587874
2021-11-12 18:00:00,1.3394767112018302,0.8230676366193851,2.159867049261895,1.0,0.2710255867053075
2021-11-12 19:00:00,1.3394767112018302,0.8230676366193851,2.1698977349954913,1.0,0.27228475732652063
2021-11-12 20:00:00,1.3394767112018302,0.8230676366193851,2.1693020208092406,1.0,0.2722099762176425
2021-11-12 21:00:00,1.3394767112018302,0.8230676366193851,2.17845883390816,1.0,0.2733594479830155
2021-11-12 22:00:00,1.3394767112018302,0.8230676366193851,2.176778675368033,1.0,0.27314853455905863
2021-11-12 23:00:00,1.3394767112018302,0.8230676366193851,2.171674009336478,1.0,0.27250773634558156
2021-11-13 00:00:00,1.3394767112018302,0.8230676366193851,2.178244526239104,1.0,0.2733325455430485
2021-11-13 01:00:00,1.3394767112018302,0.8230676366193851,2.1858859022233994,1.0,0.27429178167112706
2021-11-13 02:00:00,1.3394767112018302,0.8230676366193851,2.1696725591086703,1.0,0.2718753289059731
2021-11-13 03:00:00,1.3394767112018302,0.8230676366193851,2.1646650277733905,1.0,0.2725030450497263
2021-11-13 04:00:00,1.3394767112018302,0.8230676366193851,2.1670937348120902,1.0,0.2721985959081108
2021-11-13 05:00:00,1.3394767112018302,0.8230676366193851,2.164600158098605,1.0,0.2725111767496352
2021-11-13 06:00:00,1.3394767112018302,0.8230676366193851,2.161160367175944,1.0,0.27294236971653235
2021-11-13 07:00:00,1.3394767112018302,0.8230676366193851,2.16965218120036,1.0,0.2718778833666775
2021-11-13 08:00:00,1.3394767112018302,0.8230676366193851,2.175660267833641,1.0,0.27112474320233987
2021-11-13 09:00:00,1.3394767112018302,0.8230676366193851,2.1684763758908963,1.0,0.27202527574931945
2021-11-13 10:00:00,1.3394767112018302,0.8230676366193851,2.156555639161585,1.0,0.2735195926870292
2021-11-13 11:00:00,1.3394767112018302,0.8230676366193851,2.164774389214652,1.0,0.2724893361106128
2021-11-13 12:00:00,1.3394767112018302,0.8230676366193851,2.1595457575742136,1.0,0.2731447681530084
2021-11-13 13:00:00,1.3394767112018302,0.8230676366193851,2.15884849347822,1.0,0.27323217328344285
2021-11-13 14:00:00,1.3394767112018302,0.8230676366193851,2.1608849257819593,1.0,0.2729768975103864
2021-11-13 15:00:00,1.3394767112018302,0.8230676366193851,2.1987480983166146,1.0,0.26823058179863696
2021-11-13 16:00:00,1.3394767112018302,0.8230676366193851,2.198219631227786,1.0,0.2682968274795702
2021-11-13 17:00:00,1.3394767112018302,0.8230676366193851,2.195290986171891,1.0,0.26866394605713284
2021-11-13 18:00:00,1.3394767112018302,0.8230676366193851,2.1971433380372334,1.0,0.2684317455791059
2021-11-13 19:00:00,1.3394767112018302,0.8230676366193851,2.179035528713322,1.0,0.27070163936100655
2021-11-13 20:00:00,1.3394767112018302,0.8230676366193851,2.172064246280607,1.0,0.27157552036797056
2021-11-13 21:00:00,1.3394767112018302,0.8230676366193851,2.1864265960572142,1.0,0.26977513646353257
2021-11-13 22:00:00,1.3394767112018302,0.8230676366193851,2.187028763247763,1.0,0.2696996521497185
2021-11-13 23:00:00,1.3394767112018302,0.8230676366193851,2.1834860638881386,1.0,0.27014374514317274
2021-11-14 00:00:00,1.3394767112018302,0.8230676366193851,2.187445491472694,1.0,0.2696474134283142
2021-11-14 01:00:00,1.3394767112018302,0.8230676366193851,2.207722189504358,1.0,0.2671056398787787
2021-11-14 02:00:00,1.3394767112018302,0.8230676366193851,2.20097778111749,1.0,0.2675704576856471
2021-11-14 03:00:00,1.3394767112018302,0.8230676366193851,2.1963190516461104,1.0,0.26700388451327617
2021-11-14 04:00:00,1.3394767112018302,0.8230676366193851,2.196325504650408,1.0,0.2670046692978701
2021-11-14 05:00:00,1.3394767112018302,0.8230676366193851,2.1998413730974247,1.0,0.2674322529882094
2021-11-14 06:00:00,1.3394767112018302,0.8230676366193851,2.204703202388291,1.0,0.2680235262230632
2021-11-14 07:00:00,1.3394767112018302,0.8230676366193851,2.2015106634197865,1.0,0.26763526437132545
2021-11-14 08:00:00,1.3394767112018302,0.8230676366193851,2.1959570041418095,1.0,0.266959853967111
2021-11-14 09:00:00,1.3394767112018302,0.8230676366193851,2.184527375002759,1.0,0.26556983523343763
2021-11-14 10:00:00,1.3394767112018302,0.8230676366193851,2.183250699047163,1.0,0.26541457179719485
2021-11-14 11:00:00,1.3394767112018302,0.8230676366193851,2.1874319062004877,1.0,0.2659230709096143
2021-11-14 12:00:00,1.3394767112018302,0.8230676366193851,2.1892142939139676,1.0,0.26613983667535046
2021-11-14 13:00:00,1.3394767112018302,0.8230676366193851,2.194149823306553,1.0,0.26674007297635605
2021-11-14 14:00:00,1.3394767112018302,0.8230676366193851,2.19568122311602,1.0,0.26692631475183326
2021-11-14 15:00:00,1.3394767112018302,0.8230676366193851,2.1861029269468966,1.0,0.26576144658771544
2021-11-14 16:00:00,1.3394767112018302,0.8230676366193851,2.176945774216172,1.0,0.26464779594446514
2021-11-14 17:00:00,1.3394767112018302,0.8230676366193851,2.165271270545601,1.0,0.26322799670067437
2021-11-14 18:00:00,1.3394767112018302,0.8230676366193851,2.1810943767162017,1.0,0.26515232982946263
2021-11-14 19:00:00,1.3394767112018302,0.8230676366193851,2.1754299974697426,1.0,0.2644634541737943
2021-11-14 20:00:00,1.3394767112018302,0.8230676366193851,2.1801345772348197,1.0,0.26503560344722743
2021-11-14 21:00:00,1.3394767112018302,0.8230676366193851,2.181871114654603,1.0,0.26524679311190136
2021-11-14 22:00:00,1.3394767112018302,0.8230676366193851,2.184790250019953,1.0,0.2656018048795275
2021-11-14 23:00:00,1.3394767112018302,0.8230676366193851,2.1921724869369115,1.0,0.26649959845499255
2021-11-15 00:00:00,1.3394767112018302,0.8230676366193851,2.2262107260818547,1.0,0.27063917197020615
2021-11-15 01:00:00,1.3394767112018302,0.8230676366193851,2.2383298077853797,1.0,0.272113038742074
2021-11-15 02:00:00,1.3394767112018302,0.8230676366193851,2.2390702051206284,1.0,0.271822000402674
2021-11-15 03:00:00,1.3394767112018302,0.8230676366193851,2.2323281741563967,1.0,0.2710032038669666
2021-11-15 04:00:00,1.3394767112018302,0.8230676366193851,2.2327252037366287,1.0,0.2710514217476901
2021-11-15 05:00:00,1.3394767112018302,0.8230676366193851,2.2341051277609942,1.0,0.27121900878736466
2021-11-15 06:00:00,1.3394767112018302,0.8230676366193851,2.2324592720331884,1.0,0.27101912525444244
2021-11-15 07:00:00,1.3394767112018302,0.8230676366193851,2.231360563143496,1.0,0.2708856908283171
2021-11-15 08:00:00,1.3394767112018302,0.8230676366193851,2.228169043070407,1.0,0.2704980916622276
2021-11-15 09:00:00,1.3394767112018302,0.8230676366193851,2.2338453094300466,1.0,0.2711874547422376
2021-11-15 10:00:00,1.3394767112018302,0.8230676366193851,2.241966585155033,1.0,0.27217375582338393
2021-11-15 11:00:00,1.3394767112018302,0.8230676366193851,2.2396438432395436,1.0,0.2718916667846603
2021-11-15 12:00:00,1.3394767112018302,0.8230676366193851,2.2341102222380713,1.0,0.2712196274941318
2021-11-15 13:00:00,1.3394767112018302,0.8230676366193851,2.231662156186478,1.0,0.27092231826893515
2021-11-15 14:00:00,1.3394767112018302,0.8230676366193851,2.2261434789844325,1.0,0.2702520938515904
2021-11-15 15:00:00,1.3394767112018302,0.8230676366193851,2.2040188443008932,1.0,0.26756513285589295
2021-11-15 16:00:00,1.3394767112018302,0.8230676366193851,2.1847950048652254,1.0,0.265230463493437
2021-11-15 17:00:00,1.3394767112018302,0.8230676366193851,2.1842478580271125,1.0,0.2651640143866401
2021-11-15 18:00:00,1.3394767112018302,0.8230676366193851,2.1759866539984,1.0,0.2641607194929547
2021-11-15 19:00:00,1.3394767112018302,0.8230676366193851,2.169139676806374,1.0,0.2633291775978431
2021-11-15 20:00:00,1.3394767112018302,0.8230676366193851,2.1834347794855593,1.0,0.2650652687865956
2021-11-15 21:00:00,1.3394767112018302,0.8230676366193851,2.1717212181573955,1.0,0.26364269694034026
2021-11-15 22:00:00,1.3394767112018302,0.8230676366193851,2.1704778261187045,1.0,0.2634916912420266
2021-11-15 23:00:00,1.3394767112018302,0.8230676366193851,2.174335024529907,1.0,0.26396013475902974
2021-11-16 00:00:00,1.3394767112018302,0.8230676366193851,2.161208934524082,1.0,0.2623660161497898
2021-11-16 01:00:00,1.3394767112018302,0.8230676366193851,2.125555066881993,1.0,0.2580359762160083
2021-11-16 02:00:00,1.338539077503989,0.8224914892737515,2.109676261095346,1.0,0.25574899144720886
2021-11-16 03:00:00,1.328452019522396,0.81629329941056,2.0937838700364932,1.0,0.25767628288667316
2021-11-16 04:00:00,1.312811076091318,0.8066824161181104,2.069141205149497,1.0,0.2606647316925461
2021-11-16 05:00:00,1.3193328603790344,0.8106898538998513,2.0794164257828087,1.0,0.259418641995165
2021-11-16 06:00:00,1.313584748458893,0.8071578142207966,2.0703601436982164,1.0,0.2605169093905728
2021-11-16 07:00:00,1.3111018400360095,0.8056321426279464,2.0664482645663833,1.0,0.26099130818525895
2021-11-16 08:00:00,1.310589004549116,0.8053170208429672,2.0656402805019076,1.0,0.2610892934893533
2021-11-16 09:00:00,1.314680047790085,0.8078308422953991,2.0720858129002346,1.0,0.26030763518708255
2021-11-16 10:00:00,1.2968834276591603,0.79689536133595,2.0440468299616383,1.0,0.2637079600084844
2021-11-16 11:00:00,1.2962194792356077,0.7964873852545141,2.0430007640017456,1.0,0.2638348178212673
2021-11-16 12:00:00,1.3052703034275843,0.802048841019179,2.0572605449731944,1.0,0.26210551518246766
2021-11-16 13:00:00,1.2936889303576575,0.7949324400532232,2.039013826240972,1.0,0.2643183190758966
2021-11-16 14:00:00,1.3047557433993306,0.8017326595560661,2.0564498438542773,1.0,0.26220382998737446
2021-11-16 15:00:00,1.3125043232969298,0.8064939258700964,2.068657909090754,1.0,0.26072334164955585
2021-11-16 16:00:00,1.3075583386768015,0.8034547689829323,2.060865396953163,1.0,0.2616683499795853
2021-11-16 17:00:00,1.3069631563399737,0.8030890475670738,2.059927673539116,1.0,0.26178206894747286
2021-11-16 18:00:00,1.3030462917763521,0.8006822536061353,2.053756563639358,1.0,0.26253044766768885
2021-11-16 19:00:00,1.2912730634801393,0.7934479634478167,2.0352075726005436,1.0,0.26477990852649985
2021-11-16 20:00:00,1.2977183212450112,0.797408378012379,2.045362223943023,1.0,0.26354844042767006
2021-11-16 21:00:00,1.2873482229127284,0.7910362684755103,2.029023896323995,1.0,0.26552981118797325
2021-11-16 22:00:00,1.302967609576808,0.8006339057912899,2.053632598030475,1.0,0.2625454811422556
2021-11-16 23:00:00,1.3056020620716906,0.8022526966001302,2.0577832383213357,1.0,0.2620421274636778
2021-11-17 00:00:00,1.2947540502150519,0.7955869237604877,2.0406919469902673,1.0,0.26411481113662383
2021-11-17 01:00:00,1.287311576408831,0.7910137503151713,2.0289661589171177,1.0,0.2655368130802373
2021-11-17 02:00:00,1.278073819111847,0.7847876936508383,2.01582342695284,1.0,0.2667725955324908
2021-11-17 03:00:00,1.278073819111847,0.7853204772413546,2.0171914638640245,1.0,0.26659148660016546
2021-11-17 04:00:00,1.278073819111847,0.7808883738274972,2.0058110813367227,1.0,0.26809808990313366
2021-11-17 05:00:00,1.278073819111847,0.7858233678101586,2.018482743987243,1.0,0.2664205391918485
2021-11-17 06:00:00,1.278073819111847,0.7881839906353679,2.024544152813934,1.0,0.2656180935326604
2021-11-17 07:00:00,1.278073819111847,0.7882960233317848,2.0248318209529046,1.0,0.265580010298877
2021-11-17 08:00:00,1.278073819111847,0.789432487236878,2.02774993742284,1.0,0.26519369253657843
2021-11-17 09:00:00,1.278073819111847,0.7881099194311254,2.0243539590030446,1.0,0.26564327253020315
2021-11-17 10:00:00,1.278073819111847,0.7794463662049034,2.002108415396868,1.0,0.26858827103029614
2021-11-17 11:00:00,1.278073819111847,0.7998211059019064,2.054424959031913,1.0,0.2616622931687133
2021-11-17 12:00:00,1.278073819111847,0.8032420051078452,2.063208856408767,1.0,0.2604994281446991
2021-11-17 13:00:00,1.278073819111847,0.7993043269823068,2.053098017569153,1.0,0.2618379616390695
2021-11-17 14:00:00,1.278073819111847,0.794819051025404,2.0415811030561763,1.0,0.26336263986527375
2021-11-17 15:00:00,1.278073819111847,0.7882976105718756,2.0248358965345665,1.0,0.26557947074892974
2021-11-17 16:00:00,1.278073819111847,0.7887053990052326,2.025882981389875,1.0,0.26544085137495776
2021-11-17 17:00:00,1.278073819111847,0.7984547567236461,2.0509165624846104,1.0,0.2621267557483856
2021-11-17 18:00:00,1.278073819111847,0.7964672675898088,2.0458132549802754,1.0,0.2628023622074521
2021-11-17 19:00:00,1.278073819111847,0.79938382125686,2.0533021362840542,1.0,0.26181093917920667
2021-11-17 20:00:00,1.278073819111847,0.7960496911758913,2.0447410373713852,1.0,0.2629443088060993
2021-11-17 21:00:00,1.278073819111847,0.7986137452727524,2.0513247999144126,1.0,0.26207271082865996
2021-11-17 22:00:00,1.278073819111847,0.794960976743533,2.0419455279831134,1.0,0.263314395107482
2021-11-17 23:00:00,1.278073819111847,0.7931886909120218,2.037394801425774,1.0,0.2639168475861877
2021-11-18 00:00:00,1.278073819111847,0.7979242217232587,2.049554299314113,1.0,0.2623071003182855
2021-11-18 01:00:00,1.278073819111847,0.7998367137628003,2.054465035584922,1.0,0.26165698759423106
2021-11-18 02:00:00,1.278073819111847,0.8002073688068193,2.056857062388664,1.0,0.26096683776570656
2021-11-18 03:00:00,1.278073819111847,0.8002073688068193,2.060180359602155,1.0,0.26138863791654576
2021-11-18 04:00:00,1.278073819111847,0.8002073688068193,2.0330305327294678,1.0,0.25794272250950084
2021-11-18 05:00:00,1.278073819111847,0.8002073688068193,2.02723064039275,1.0,0.2572065874889714
2021-11-18 06:00:00,1.278073819111847,0.8002073688068193,2.0317395922380546,1.0,0.2577788735188683
2021-11-18 07:00:00,1.278073819111847,0.8002073688068193,2.032193000697943,1.0,0.25783642111226335
2021-11-18 08:00:00,1.278073819111847,0.8002073688068193,2.0297106318340283,1.0,0.257521353426777
2021-11-18 09:00:00,1.278073819111847,0.8002073688068193,2.0269558782623753,1.0,0.25717171407844214
2021-11-18 10:00:00,1.278073819111847,0.8002073688068193,2.0137676356362064,1.0,0.25549783347984867
2021-11-18 11:00:00,1.278073819111847,0.8002073688068193,2.030703035968706,1.0,0.2576473115300731
2021-11-18 12:00:00,1.278073819111847,0.8002073688068193,2.011788261475734,1.0,0.25524660698224105
2021-11-18 13:00:00,1.278073819111847,0.8002073688068193,2.008167107169118,1.0,0.2547870021576884
2021-11-18 14:00:00,1.278073819111847,0.8002073688068193,2.010891973141917,1.0,0.25513284810660847
2021-11-18 15:00:00,1.278073819111847,0.8002073688068193,2.0015993073209333,1.0,0.2539534026362854
2021-11-18 16:00:00,1.278073819111847,0.8002073688068193,1.9737447444525391,1.0,0.2504180405953119
2021-11-18 17:00:00,1.278073819111847,0.8002073688068193,1.946039619578415,1.0,0.2469016455514125
2021-11-18 18:00:00,1.278073819111847,0.8002073688068193,1.954393203458131,1.0,0.24796190068784998
2021-11-18 19:00:00,1.278073819111847,0.8002073688068193,1.9697275794611062,1.0,0.2499081732285132
2021-11-18 20:00:00,1.278073819111847,0.8002073688068193,1.9675447658493426,1.0,0.24963112575079796
2021-11-18 21:00:00,1.278073819111847,0.8002073688068193,1.968239312890895,1.0,0.24971927918038062
2021-11-18 22:00:00,1.278073819111847,0.8002073688068193,1.9549862005899405,1.0,0.2480371651807846
2021-11-18 23:00:00,1.278073819111847,0.8002073688068193,1.9229745444263873,1.0,0.24397417576666122
2021-11-19 00:00:00,1.278073819111847,0.8002073688068193,1.9325195566786046,1.0,0.24518564959795244
2021-11-19 01:00:00,1.278073819111847,0.8002073688068193,1.9530316195512445,1.0,0.24778908548041878
2021-11-19 02:00:00,1.2771791674384687,0.7996472236486545,1.9263712021097927,1.0,0.24406311147184712
2021-11-19 03:00:00,1.2633260119756484,0.7909737050170947,1.905483506460646,1.0,0.246710386272563
2021-11-19 04:00:00,1.2591588703671839,0.788364640210281,1.8992003180651855,1.0,0.24750670802039218
2021-11-19 05:00:00,1.2665766076811484,0.7930089165969396,1.9103847330409103,1.0,0.24608921226483743
2021-11-19 06:00:00,1.2699709134594162,0.795134105654987,1.9155026447128667,1.0,0.24544057591791643
2021-11-19 07:00:00,1.267743857833314,0.7937397368039076,1.9121447050552496,1.0,0.24586615608660764
2021-11-19 08:00:00,1.2610915230699205,0.7895746821585222,1.9021143589534586,1.0,0.24713738690707465
2021-11-19 09:00:00,1.284020037203283,0.803930320847732,1.9366858200325028,1.0,0.2427558524728432
2021-11-19 10:00:00,1.2833800994027618,0.8035296531117235,1.9357209260740431,1.0,0.24287814166665847
2021-11-19 11:00:00,1.2811338974503503,0.8021232966655858,1.9323341177129874,1.0,0.2433073806109478
2021-11-19 12:00:00,1.283461414976851,0.8035805651330888,1.935843533155706,1.0,0.24286260263147108
2021-11-19 13:00:00,1.2810778099768094,0.8020881800635913,1.9322495493935024,1.0,0.24331809867122942
2021-11-19 14:00:00,1.2971742391303702,0.8121662217443975,1.956519638190238,1.0,0.2402421445036686
2021-11-19 15:00:00,1.3055605553046805,0.8174169294104776,1.969164469928151,1.0,0.23863955774726706
2021-11-19 16:00:00,1.3030686046228188,0.815856708656003,1.9654071232676655,1.0,0.2391157581524689
2021-11-19 17:00:00,1.3091882210130221,0.8196882260977066,1.9746342401502532,1.0,0.23794632738246763
2021-11-19 18:00:00,1.3053967979020127,0.8173144002150964,1.9689175576057996,1.0,0.2386708510397358
2021-11-19 19:00:00,1.30316478675616,0.8159169286923549,1.9655521460484688,1.0,0.23909737818564064
2021-11-19 20:00:00,1.3066422101156991,0.8180941580160084,1.9707953818565291,1.0,0.23843285844818188
2021-11-19 21:00:00,1.300688603637141,0.8143665800749871,1.9618185736143445,1.0,0.2395705654815264
2021-11-19 22:00:00,1.301592760740729,0.8149326766228006,1.963181855680257,1.0,0.23939778518445687
2021-11-19 23:00:00,1.3017824219966385,0.8150514243291431,1.9634678256602016,1.0,0.23936154178382593
2021-11-20 00:00:00,1.307126499545872,0.8183973736557192,1.9715255902376232,1.0,0.2383403129477585
2021-11-20 01:00:00,1.311288685634586,0.8210033357908708,1.9778013067333704,1.0,0.2375449381771429
2021-11-20 02:00:00,1.3225006561320847,0.827443581220091,1.9961044043452492,1.0,0.2348835473780077
2021-11-20 03:00:00,1.3225006561320847,0.8275097743915142,1.9959447773968242,1.0,0.23486475735138962
2021-11-20 04:00:00,1.3225006561320847,0.8311118096092195,1.9872583543480513,1.0,0.23384226007312495
2021-11-20 05:00:00,1.3225006561320847,0.831372638871934,1.986629356244895,1.0,0.23376821937249365
2021-11-20 06:00:00,1.3225006561320847,0.8326776302047171,1.983482327938282,1.0,0.2333977759966569
2021-11-20 07:00:00,1.3225006561320847,0.8293478320090569,1.9915122427076806,1.0,0.23434299429310715
2021-11-20 08:00:00,1.3225006561320847,0.8329766261684013,1.9827612896159272,1.0,0.23331290104663516
2021-11-20 09:00:00,1.3225006561320847,0.831709519863518,1.985816956966952,1.0,0.23367259013064154
2021-11-20 10:00:00,1.3225006561320847,0.8312379991445284,1.986954044250628,1.0,0.23380643908621046
2021-11-20 11:00:00,1.3225006561320847,0.8315185455221351,1.9862774976947493,1.0,0.23372680135637378
2021-11-20 12:00:00,1.3225006561320847,0.8293861395465614,1.991419862856677,1.0,0.23433212006493667
2021-11-20 13:00:00,1.3225006561320847,0.8304462161450782,1.9888634542592376,1.0,0.2340311997875869
2021-11-20 14:00:00,1.3225006561320847,0.8316169902600604,1.9860400950629422,1.0,0.23369885618912684
2021-11-20 15:00:00,1.3225006561320847,0.8333984315905559,1.9817440923594731,1.0,0.23319316460041986
2021-11-20 16:00:00,1.3225006561320847,0.8437738591198154,1.956723417273334,1.0,0.2302479278749836
2021-11-20 17:00:00,1.3225006561320847,0.8415159677916074,1.9621683943736596,1.0,0.23088886767656083
2021-11-20 18:00:00,1.3225006561320847,0.839499329447757,1.967031582191746,1.0,0.23146132382793208
2021-11-20 19:00:00,1.3225006561320847,0.8181790722784628,2.018446063752286,1.0,0.23751343148650028
2021-11-20 20:00:00,1.3225006561320847,0.8180390807627292,2.018783657766615,1.0,0.23755317039385856
2021-11-20 21:00:00,1.3225006561320847,0.8186180597578804,2.017387431415602,1.0,0.23738881762912029
2021-11-20 22:00:00,1.3225006561320847,0.8160339910147442,2.023618995776678,1.0,0.23812234828526668
2021-11-20 23:00:00,1.3225006561320847,0.8146505537319978,2.026955198998765,1.0,0.23851505984158486
2021-11-21 00:00:00,1.3225006561320847,0.8144433831890965,2.0274547973841557,1.0,0.23857386862702148
2021-11-21 01:00:00,1.3225006561320847,0.8190501462470859,2.0163454410373713,1.0,0.2372661627319622
2021-11-21 02:00:00,1.3225006561320847,0.8188196701729679,2.015489908520173,1.0,0.23683342566452145
2021-11-21 03:00:00,1.3225006561320847,0.8188196701729679,2.005815836181995,1.0,0.23569625668737332
2021-11-21 04:00:00,1.3225006561320847,0.8188196701729679,1.9933982181217342,1.0,0.23423658907950604
2021-11-21 05:00:00,1.3225006561320847,0.8188196701729679,1.9907929025443516,1.0,0.23393033914186723
2021-11-21 06:00:00,1.3225006561320847,0.8188196701729679,2.004143149541582,1.0,0.23549963552417802
2021-11-21 07:00:00,1.3225006561320847,0.8188196701729679,2.0103546756261537,1.0,0.23622978871274222
2021-11-21 08:00:00,1.3225006561320847,0.8188196701729679,2.003300862664785,1.0,0.23540062628870098
2021-11-21 09:00:00,1.3225006561320847,0.8188196701729679,1.994977166383923,1.0,0.23442219147294663
2021-11-21 10:00:00,1.3225006561320847,0.8188196701729679,2.0012257123352573,1.0,0.23515669627710237
2021-11-21 11:00:00,1.3225006561320847,0.8188196701729679,1.9978840750042879,1.0,0.23476389310457882
2021-11-21 12:00:00,1.3225006561320847,0.8188196701729679,1.993686565524315,1.0,0.23427048377342538
2021-11-21 13:00:00,1.3225006561320847,0.8188196701729679,2.0055074505029094,1.0,0.2356600065318035
2021-11-21 14:00:00,1.3225006561320847,0.8188196701729679,1.9986940968595945,1.0,0.2348591096475678
2021-11-21 15:00:00,1.3225006561320847,0.8188196701729679,2.00035116043697,1.0,0.23505389434913732
2021-11-21 16:00:00,1.3225006561320847,0.8188196701729679,2.0104141111920564,1.0,0.23623677525153594
2021-11-21 17:00:00,1.3225006561320847,0.8188196701729679,2.0322520966320408,1.0,0.2388037892966718
2021-11-21 18:00:00,1.3225006561320847,0.8188196701729679,2.0197679107379685,1.0,0.23733629676535553
2021-11-21 19:00:00,1.3225006561320847,0.8188196701729679,2.0181736790445477,1.0,0.237148897833368
2021-11-21 20:00:00,1.3225006561320847,0.8188196701729679,2.014362330927042,1.0,0.2367008810428345
2021-11-21 21:00:00,1.3225006561320847,0.8188196701729679,2.0236410718440134,1.0,0.23779157955623456
2021-11-21 22:00:00,1.3225006561320847,0.8188196701729679,2.0199271980545888,1.0,0.23735502068932277
2021-11-21 23:00:00,1.3225006561320847,0.8188196701729679,2.007732038826708,1.0,0.2359215026980835
2021-11-22 00:00:00,1.3225006561320847,0.8188196701729679,1.9912021588695696,1.0,0.233978446451847
2021-11-22 01:00:00,1.3225006561320847,0.8188196701729679,1.974506538591513,1.0,0.23201590774314565
2021-11-22 02:00:00,1.3225006561320847,0.8182464964038468,1.9711248247075346,1.0,0.23129412534084925
2021-11-22 03:00:00,1.3225006561320847,0.8133937486191747,1.9594387735555883,1.0,0.2326658538594417
2021-11-22 04:00:00,1.3225006561320847,0.8094464484274343,1.9499331585927697,1.0,0.2337816390773667
2021-11-22 05:00:00,1.3225006561320847,0.8047251456827329,1.9385636442832326,1.0,0.23511621196414884
2021-11-22 06:00:00,1.3225006561320847,0.8099991663583843,1.9512641756371916,1.0,0.23362540203759796
2021-11-22 07:00:00,1.3225006561320847,0.8080726221030187,1.9466248051787056,1.0,0.23416997921627652
2021-11-22 08:00:00,1.3225006561320847,0.8072778873388178,1.944710979956629,1.0,0.23439462726912086
2021-11-22 09:00:00,1.3225006561320847,0.8085068702554543,1.9476705315067935,1.0,0.2340472300850063
2021-11-22 10:00:00,1.3225006561320847,0.8055856029669194,1.940635737926514,1.0,0.23487298609539936
2021-11-22 11:00:00,1.3225006561320847,0.8088996539854099,1.948616406084164,1.0,0.23393620172171056
2021-11-22 12:00:00,1.3225006561320847,0.8063216669836655,1.942408276317644,1.0,0.23466492253057336
2021-11-22 13:00:00,1.3225006561320847,0.8058200038858371,1.9412002059866897,1.0,0.23480672787644155
2021-11-22 14:00:00,1.3225006561320847,0.8298572398755143,1.9990850130673337,1.0,0.22801211097520405
2021-11-22 15:00:00,1.3225006561320847,0.8212975163069454,1.9784720795485615,1.0,0.23043169209733874
2021-11-22 16:00:00,1.3225006561320847,0.8203477835825213,1.9761849989726137,1.0,0.23070015349713535
2021-11-22 17:00:00,1.3225006561320847,0.8136941541289792,1.9601621893005794,1.0,0.23258093809146324
2021-11-22 18:00:00,1.3225006561320847,0.8098011525857246,1.9507873325827472,1.0,0.23368137468465977
2021-11-22 19:00:00,1.3225006561320847,0.7956813884476622,1.9167850944091511,1.0,0.2376726151124347
2021-11-22 20:00:00,1.3225006561320847,0.7893417039071833,1.9015183051354028,1.0,0.2394646567492415
2021-11-22 21:00:00,1.3225006561320847,0.7871900670726403,1.8963368823158815,1.0,0.24007286095406727
2021-11-22 22:00:00,1.3225006561320847,0.7927646342935467,1.9097611690466365,1.0,0.23849709539298022
2021-11-22 23:00:00,1.3225006561320847,0.7991007929477603,1.9250194675252559,1.0,0.23670605042011686
2021-11-23 00:00:00,1.3225006561320847,0.7930094718358098,1.9103507698603943,1.0,0.23842788704874993
2021-11-23 01:00:00,1.3225006561320847,0.7978285121477856,1.9219556490109073,1.0,0.23706568663745647
2021-11-23 02:00:00,1.3215749056727921,0.8004222028585997,1.9309039281814584,1.0,0.23569150835191302
2021-11-23 03:00:00,1.3229677833942026,0.8012658101708289,1.932938322694367,1.0,0.23544310060014664
2021-11-23 04:00:00,1.3239086153242239,0.801835632405433,1.9343124729780445,1.0,0.23527531132407875
2021-11-23 05:00:00,1.3205643135897787,0.7998101298404113,1.929427888356233,1.0,0.23587173875077388
2021-11-23 06:00:00,1.3150537265710829,0.7964725996091582,1.9213792938375507,1.0,0.2368545045106002
2021-11-23 07:00:00,1.3111536689511334,0.7941104991349166,1.9156829892014067,1.0,0.23755004621554604
2021-11-23 08:00:00,1.3025475914103313,0.7888981608000918,1.9031132160924342,1.0,0.23908486606410584
2021-11-23 09:00:00,1.308519060506462,0.7925148278748906,1.9118349608489438,1.0,0.2380199059530273
2021-11-23 10:00:00,1.3165424082359363,0.797374231330843,1.9235536166541853,1.0,0.23658901095019813
2021-11-23 11:00:00,1.3096235962621716,0.7931837986149721,1.913448211923454,1.0,0.23782292150880524
2021-11-23 12:00:00,1.3053566002374832,0.7905994590190781,1.9072159682987673,1.0,0.2385839035196421
2021-11-23 13:00:00,1.3093289758827011,0.7930053594723019,1.913017898426316,1.0,0.2378754645174009
2021-11-23 14:00:00,1.3203734033044234,0.7996945035293362,1.9291490506441966,1.0,0.23590578595681733
2021-11-23 15:00:00,1.3406631438021994,0.8119831439347709,1.9587836238034346,1.0,0.232287285392481
2021-11-23 16:00:00,1.3227026948128324,0.8011052571932092,1.9325511424364847,1.0,0.23549037686675994
2021-11-23 17:00:00,1.3358896890667877,0.8090920636500564,1.9518116621071095,1.0,0.23313858995479486
2021-11-23 18:00:00,1.3312173865532146,0.8062622470015388,1.9449874402460292,1.0,0.23397185488905892
2021-11-23 19:00:00,1.3348651449531759,0.8084715404751514,1.9503152443735747,1.0,0.23332130857821434
2021-11-23 20:00:00,1.3434714550278215,0.8136840196459214,1.9628853571143523,1.0,0.2317864472592452
2021-11-23 21:00:00,1.3446959782466774,0.8144256617337675,1.964673858200325,1.0,0.23156806408381922
2021-11-23 22:00:00,1.3411298392257172,0.8122658016769485,1.9594652648363908,1.0,0.23220405428099603
2021-11-23 23:00:00,1.3383575707458077,0.8105867555373164,1.955416174455273,1.0,0.2326984645007888
2021-11-24 00:00:00,1.3378701798102357,0.8102915633960089,1.9547043061916576,1.0,0.23278538647870237
2021-11-24 01:00:00,1.3369230694664453,0.8097179385908823,1.9533209858492409,1.0,0.2329542954558216
2021-11-24 02:00:00,1.3253888279204769,0.8027321347693218,1.9378313981113076,1.0,0.23451566871600332
2021-11-24 03:00:00,1.3253888279204769,0.8027321347693218,1.9109128604979342,1.0,0.231256892033792
2021-11-24 04:00:00,1.3253888279204769,0.8027321347693218,1.9159207314650186,1.0,0.23186314833825594
2021-11-24 05:00:00,1.3253888279204769,0.8027321347693218,1.921392199846147,1.0,0.2325255280645981
2021-11-24 06:00:00,1.3253888279204769,0.8027321347693218,1.9229575628361293,1.0,0.23271503198506432
2021-11-24 07:00:00,1.3253888279204769,0.8027321347693218,1.9228088041054694,1.0,0.23269702315079133
2021-11-24 08:00:00,1.3253888279204769,0.8027321347693218,1.919726985105447,1.0,0.23232393602249657
2021-11-24 09:00:00,1.3253888279204769,0.8027321347693218,1.9313029955525216,1.0,0.233725335810991
2021-11-24 10:00:00,1.3253888279204769,0.8027321347693218,1.9256532204736845,1.0,0.2330413701531573
2021-11-24 11:00:00,1.3253888279204769,0.8027321347693218,1.917379789699986,1.0,0.23203978293194719
2021-11-24 12:00:00,1.3253888279204769,0.8027321347693218,1.92355327702238,1.0,0.23278714955427623
2021-11-24 13:00:00,1.3253888279204769,0.8027321347693218,1.917540435543827,1.0,0.2320592308283196
2021-11-24 14:00:00,1.3253888279204769,0.8027321347693218,1.9036800615752463,1.0,0.23038128442037287
2021-11-24 15:00:00,1.3253888279204769,0.8027321347693218,1.9067160302815718,1.0,0.23074882088056978
2021-11-24 16:00:00,1.3253888279204769,0.8027321347693218,1.9267342685095088,1.0,0.2331722425720863
2021-11-24 17:00:00,1.3253888279204769,0.8027321347693218,1.9230214136154993,1.0,0.2327227618043413
2021-11-24 18:00:00,1.3253888279204769,0.8027321347693218,1.9211819677587527,1.0,0.232500077223468
2021-11-24 19:00:00,1.3253888279204769,0.8027321347693218,1.929597704258813,1.0,0.23351889207381138
2021-11-24 20:00:00,1.3253888279204769,0.8027321347693218,1.9307925289493661,1.0,0.23366353837283507
2021-11-24 21:00:00,1.3253888279204769,0.8027321347693218,1.9496590757260055,1.0,0.23594753550494588
2021-11-24 22:00:00,1.3253888279204769,0.8027321347693218,1.9472521051228362,1.0,0.23565614598783932
2021-11-24 23:00:00,1.3253888279204769,0.8027321347693218,1.9366426867932476,1.0,0.23437176250605934
2021-11-25 00:00:00,1.3253888279204769,0.8027321347693218,1.940808270883535,1.0,0.234876050981763
2021-11-25 01:00:00,1.3253888279204769,0.8027321347693218,1.9712460732619768,1.0,0.23856087227752848
2021-11-25 02:00:00,1.3253888279204769,0.8027321347693218,1.9619116327289585,1.0,0.2370984367394827
2021-11-25 03:00:00,1.3253888279204769,0.8027321347693218,1.9610540624209294,1.0,0.23720211033732608
2021-11-25 04:00:00,1.3253888279204769,0.8027321347693218,1.961668456356464,1.0,0.2371278348765345
2021-11-25 05:00:00,1.3253888279204769,0.8027321347693218,1.944980647609926,1.0,0.23914526150229073
2021-11-25 06:00:00,1.3253888279204769,0.8027321347693218,1.9404356947932746,1.0,0.23969471104143533
2021-11-25 07:00:00,1.3253888279204769,0.8027321347693218,1.9453528840683816,1.0,0.2391002610019991
2021-11-25 08:00:00,1.3253888279204769,0.8027321347693218,1.9581617579681867,1.0,0.23755176750930002
2021-11-25 09:00:00,1.3253888279204769,0.8027321347693218,1.9559242636357925,1.0,0.2378222632172573
2021-11-25 10:00:00,1.3253888279204769,0.8027321347693218,1.9624611569897072,1.0,0.23703200351916168
2021-11-25 11:00:00,1.3253888279204769,0.8027321347693218,1.970750550458248,1.0,0.23602988015180984
2021-11-25 12:00:00,1.3253888279204769,0.8027321347693218,1.9713554347032383,1.0,0.23595675433883592
2021-11-25 13:00:00,1.3253888279204769,0.8027321347693218,1.9921470145515248,1.0,0.2334432136209048
2021-11-25 14:00:00,1.3253888279204769,0.8027321347693218,1.9894544136002161,1.0,0.2337687281887077
2021-11-25 15:00:00,1.3253888279204769,0.8027321347693218,1.9948144827492515,1.0,0.23312073740804862
2021-11-25 16:00:00,1.3253888279204769,0.8027321347693218,2.006105542111796,1.0,0.23175573591881965
2021-11-25 17:00:00,1.3253888279204769,0.8027321347693218,2.0038745007837,1.0,0.23202545150861495
2021-11-25 18:00:00,1.3253888279204769,0.8027321347693218,2.0095799754785837,1.0,0.23133570387686406
2021-11-25 19:00:00,1.3253888279204769,0.8027321347693218,2.0081355214112375,1.0,0.2315103271685979
2021-11-25 20:00:00,1.3253888279204769,0.8027321347693218,2.000006094522927,1.0,0.23249311181730253
2021-11-25 21:00:00,1.3253888279204769,0.8027321347693218,1.9999177902535858,1.0,0.2325037871184666
2021-11-25 22:00:00,1.3253888279204769,0.8027321347693218,1.9984437882191914,1.0,0.23268198253020533
2021-11-25 23:00:00,1.3253888279204769,0.8027321347693218,1.9997313323925534,1.0,0.23252632842746304
2021-11-26 00:00:00,1.3253888279204769,0.8027321347693218,2.002732319022947,1.0,0.23216353242328713
2021-11-26 01:00:00,1.3253888279204769,0.8027321347693218,1.9945831934899374,1.0,0.23314869848532838
2021-11-26 02:00:00,1.3253888279204769,0.8027321347693218,1.9912388391045266,1.0,0.2332210689133185
2021-11-26 03:00:00,1.3253888279204769,0.8027321347693218,1.9774052960485538,1.0,0.2316002693141731
2021-11-26 04:00:00,1.3253888279204769,0.8027321347693218,1.9679414557977695,1.0,0.23049144358364385
2021-11-26 05:00:00,1.3253888279204769,0.8027321347693218,1.964871523910928,1.0,0.2301317566725276
2021-11-26 06:00:00,1.3253888279204769,0.8027321347693218,1.9650263960140812,1.0,0.23014990217883022
2021-11-26 07:00:00,1.3253888279204769,0.8027321347693218,1.9566035272461126,1.0,0.22916304130974263
2021-11-26 08:00:00,1.3253888279204769,0.8027321347693218,1.935697491479487,1.0,0.22671359692277945
2021-11-26 09:00:00,1.3253888279204769,0.8027321347693218,1.87533303258937,1.0,0.21964102770635682
2021-11-26 10:00:00,1.3253888279204769,0.8027321347693218,1.864006651519088,1.0,0.21831397838687286
2021-11-26 11:00:00,1.3253888279204769,0.8027321347693218,1.8485951790963417,1.0,0.21650830154588147
2021-11-26 12:00:00,1.3253888279204769,0.8027321347693218,1.8253762507365765,1.0,0.213787868347689
2021-11-26 13:00:00,1.3253888279204769,0.8027321347693218,1.8451648978642254,1.0,0.21610639449839014
2021-11-26 14:00:00,1.3253888279204769,0.8027321347693218,1.854636549646528,1.0,0.2172161354627899
2021-11-26 15:00:00,1.3253888279204769,0.8027321347693218,1.8558911495347894,1.0,0.21736312998095159
2021-11-26 16:00:00,1.3253888279204769,0.8027321347693218,1.845643778709501,1.0,0.216162502313931
2021-11-26 17:00:00,1.3253888279204769,0.8027321347693218,1.8439595445877126,1.0,0.21596516993289047
2021-11-26 18:00:00,1.3253888279204769,0.8027321347693218,1.8416670299028823,1.0,0.21569656868827994
2021-11-26 19:00:00,1.3253888279204769,0.8027321347693218,1.8373740838856596,1.0,0.2151935879872611
2021-11-26 20:00:00,1.3253888279204769,0.8027321347693218,1.8453958474917342,1.0,0.2161334535867361
2021-11-26 21:00:00,1.3253888279204769,0.8027321347693218,1.8516868474187134,1.0,0.21687053519472438
2021-11-26 22:00:00,1.3253888279204769,0.8027321347693218,1.8339692750389303,1.0,0.21479466539804323
2021-11-26 23:00:00,1.3253888279204769,0.8027321347693218,1.8369583745561437,1.0,0.21514488162823842
2021-11-27 00:00:00,1.3253888279204769,0.8027321347693218,1.8250131843368604,1.0,0.2137453298690981
2021-11-27 01:00:00,1.3253888279204769,0.8027321347693218,1.8374097452252014,1.0,0.21519776622884396
2021-11-27 02:00:00,1.3244610557409324,0.8021702222749832,1.8391608868126066,1.0,0.21510136494316343
2021-11-27 03:00:00,1.3302228478361293,0.8056598968302844,1.847159215824125,1.0,0.21416561123502417
2021-11-27 04:00:00,1.3292671977332065,0.8050810998530867,1.84583261399317,1.0,0.21432081522585186
2021-11-27 05:00:00,1.3323269417647363,0.8069342578143859,1.8500800493485012,1.0,0.21382389225880347
2021-11-27 06:00:00,1.3265507146065407,0.8034358405500077,1.842061682060478,1.0,0.21476199031805868
2021-11-27 07:00:00,1.3268685306545944,0.803628328331211,1.842502863775381,1.0,0.21471037485874345
2021-11-27 08:00:00,1.3303522740789473,0.8057382848489576,1.8473388810490547,1.0,0.21414459154451013
2021-11-27 09:00:00,1.346275616538892,0.8153823820499199,1.8694431378242846,1.0,0.2115585338550483
2021-11-27 10:00:00,1.335060061913163,0.8085895934601297,1.8538740762439438,1.0,0.21338001520259867
2021-11-27 11:00:00,1.3382795702860162,0.8105395139473147,1.8583432911680446,1.0,0.21285714543421633
2021-11-27 12:00:00,1.3357348399428255,0.808998278064101,1.8548107807625753,1.0,0.21327042672161997
2021-11-27 13:00:00,1.3383671593123467,0.8105925629278158,1.858464879354292,1.0,0.212842920388462
2021-11-27 14:00:00,1.3444147167224987,0.814255313486539,1.8668598983142375,1.0,0.2118607564751802
2021-11-27 15:00:00,1.338547964592956,0.8107020690635426,1.8587158672583053,1.0,0.21281355639736585
2021-11-27 16:00:00,1.3426996355085994,0.8132165611029866,1.8644790793600658,1.0,0.21213929717556476
2021-11-27 17:00:00,1.3427201871237158,0.8132290083498079,1.8645076084316992,1.0,0.21213595945533192
2021-11-27 18:00:00,1.342522255497176,0.8131091295083966,1.8642328463013247,1.0,0.21216810487995547
2021-11-27 19:00:00,1.3441443651188811,0.814091572918233,1.8664846051695358,1.0,0.2119046633901481
2021-11-27 20:00:00,1.3435608460468198,0.8137381600174094,1.865674583314229,1.0,0.21199943080390235
2021-11-27 21:00:00,1.3268624141024763,0.8036246237934666,1.842494372980252,1.0,0.21471136822786038
2021-11-27 22:00:00,1.3344298123829197,0.8082078778909384,1.8529991847138516,1.0,0.21348237195640618
2021-11-27 23:00:00,1.3411739227482744,0.8122925012080032,1.8623611354230878,1.0,0.21238708316808946
2021-11-28 00:00:00,1.3383223861508424,0.8105654457115261,1.8584027267339476,1.0,0.21285019185039789
2021-11-28 01:00:00,1.337152656723788,0.8098569899132716,1.8567789470734777,1.0,0.21304016376031776
2021-11-28 02:00:00,1.3256613316696564,0.8028971788014605,1.8421170420447193,1.0,0.2144543718099631
2021-11-28 03:00:00,1.3256613316696564,0.8028971788014605,1.8463515713914547,1.0,0.21494750240016838
2021-11-28 04:00:00,1.3256613316696564,0.8028971788014605,1.8393157589157594,1.0,0.21412814939193187
2021-11-28 05:00:00,1.3256613316696564,0.8028971788014605,1.8364217563039908,1.0,0.21379112935991879
2021-11-28 06:00:00,1.3256613316696564,0.8028971788014605,1.8470328727926055,1.0,0.2150268431095004
2021-11-28 07:00:00,1.3256613316696564,0.8028971788014605,1.8506665934760125,1.0,0.2154500067431711
2021-11-28 08:00:00,1.3256613316696564,0.8028971788014605,1.8514328028284537,1.0,0.21553923537739497
2021-11-28 09:00:00,1.3256613316696564,0.8028971788014605,1.8480378433040738,1.0,0.21514387658852008
2021-11-28 10:00:00,1.3256613316696564,0.8028971788014605,1.8458237835662359,1.0,0.21488603905904077
2021-11-28 11:00:00,1.3256613316696564,0.8028971788014605,1.8588272664903975,1.0,0.21640035498037452
2021-11-28 12:00:00,1.3256613316696564,0.8028971788014605,1.851654242765418,1.0,0.21556502308551287
2021-11-28 13:00:00,1.3256613316696564,0.8028971788014605,1.8466103708269863,1.0,0.21497764079523865
2021-11-28 14:00:00,1.3256613316696564,0.8028971788014605,1.8440026778269678,1.0,0.21467396284596083
2021-11-28 15:00:00,1.3256613316696564,0.8028971788014605,1.8465811624917425,1.0,0.21497423934907586
2021-11-28 16:00:00,1.3256613316696564,0.8028971788014605,1.8445963542223875,1.0,0.2147430992168045
2021-11-28 17:00:00,1.3256613316696564,0.8028971788014605,1.8406739465045943,1.0,0.21428631663850156
2021-11-28 18:00:00,1.3256613316696564,0.8028971788014605,1.831322184749513,1.0,0.21319726059091557
2021-11-28 19:00:00,1.3256613316696564,0.8028971788014605,1.838018025788243,1.0,0.21397702234788518
2021-11-28 20:00:00,1.3256613316696564,0.8028971788014605,1.8551262987095691,1.0,0.21596936011018952
2021-11-28 21:00:00,1.3256613316696564,0.8028971788014605,1.8651712489789818,1.0,0.21713914117659242
2021-11-28 22:00:00,1.3256613316696564,0.8028971788014605,1.9113652500624074,1.0,0.22251864693814202
2021-11-28 23:00:00,1.3256613316696564,0.8028971788014605,1.9035133023589126,1.0,0.22160425119584526
2021-11-29 00:00:00,1.3256613316696564,0.8028971788014605,1.9459241447646607,1.0,0.22654319057591457
2021-11-29 01:00:00,1.3256613316696564,0.8028971788014605,1.9619340484280992,1.0,0.2284076181418182
2021-11-29 02:00:00,1.3256613316696564,0.8028971788014605,1.958750679518334,1.0,0.22771765505712613
2021-11-29 03:00:00,1.3256613316696564,0.8028971788014605,1.9477985726973388,1.0,0.22644396385179602
2021-11-29 04:00:00,1.3256613316696564,0.8028971788014605,1.9490324550454852,1.0,0.2265874599955912
2021-11-29 05:00:00,1.3256613316696564,0.8028971788014605,1.9453719034494703,1.0,0.22616175081920123
2021-11-29 06:00:00,1.3256613316696564,0.8028971788014605,1.9473159559022064,1.0,0.2263878372290784
2021-11-29 07:00:00,1.3256613316696564,0.8028971788014605,1.9504239265512258,1.0,0.22674928319986565
2021-11-29 08:00:00,1.3256613316696564,0.8028971788014605,1.9534232150225939,1.0,0.22709808981859825
2021-11-29 09:00:00,1.3256613316696564,0.8028971788014605,1.9452170313463175,1.0,0.2261437397425234
2021-11-29 10:00:00,1.3256613316696564,0.8028971788014605,1.93238234542932,1.0,0.22465111126082193
2021-11-29 11:00:00,1.3256613316696564,0.8028971788014605,1.942724133896443,1.0,0.2258538246047703
2021-11-29 12:00:00,1.3256613316696564,0.8028971788014605,1.932815375980899,1.0,0.2247014711791646
2021-11-29 13:00:00,1.3256613316696564,0.8028971788014605,1.9334572800926515,1.0,0.22477612235223726
2021-11-29 14:00:00,1.3256613316696564,0.8028971788014605,1.9460090527159506,1.0,0.2262358490206215
2021-11-29 15:00:00,1.3256613316696564,0.8028971788014605,1.9377145647703324,1.0,0.22527122947100223
2021-11-29 16:00:00,1.3256613316696564,0.8028971788014605,1.940058703489547,1.0,0.2255438444956305
2021-11-29 17:00:00,1.3256613316696564,0.8028971788014605,1.9521146136773124,1.0,0.22694590412026547
2021-11-29 18:00:00,1.3256613316696564,0.8028971788014605,1.9914446559784538,1.0,0.23151984864098496
2021-11-29 19:00:00,1.3256613316696564,0.8028971788014605,1.992357925902529,1.0,0.23162605869621902
2021-11-29 20:00:00,1.3256613316696564,0.8028971788014605,1.9667710845971882,1.0,0.22865039974078263
2021-11-29 21:00:00,1.3256613316696564,0.8028971788014605,1.9716132152433545,1.0,0.22921352237279155
2021-11-29 22:00:00,1.3256613316696564,0.8028971788014605,1.9795446367892566,1.0,0.23013591858695334
2021-11-29 23:00:00,1.3256613316696564,0.8028971788014605,1.9729832899453703,1.0,0.22937285720463024
2021-11-30 00:00:00,1.3256613316696564,0.8028971788014605,1.963321783983983,1.0,0.22824925830494883
2021-11-30 01:00:00,1.3256613316696564,0.8028971788014605,1.9609080207447107,1.0,0.22796854619541054
2021-11-30 02:00:00,1.3256613316696564,0.8028971788014605,1.9454999446400159,1.0,0.2258599935025658
2021-11-30 03:00:00,1.3256613316696564,0.8028971788014605,1.9487991279953403,1.0,0.22624313784809097
2021-11-30 04:00:00,1.3256613316696564,0.8028971788014605,1.9392772107058738,1.0,0.22513732820518964
2021-11-30 05:00:00,1.3256613316696564,0.8028971788014605,1.9432797715296846,1.0,0.22560215794700703
2021-11-30 06:00:00,1.3256613316696564,0.8028971788014605,1.9124225238718704,1.0,0.22201861053989477
2021-11-30 07:00:00,1.3256613316696564,0.8028971788014605,1.9198825364722105,1.0,0.2228849648274653
2021-11-30 08:00:00,1.3256613316696564,0.8028971788014605,1.919310936144126,1.0,0.22281858311719982
2021-11-30 09:00:00,1.3256613316696564,0.8028971788014605,1.9276254623662488,1.0,0.22378417470900563
2021-11-30 10:00:00,1.3256613316696564,0.8028971788014605,1.926473770914951,1.0,0.22365042522623066
2021-11-30 11:00:00,1.3256613316696564,0.8028971788014605,1.9406292849222158,1.0,0.22529434875692278
2021-11-30 12:00:00,1.3256613316696564,0.8028971788014605,1.9558947156687436,1.0,0.2270671703441494
2021-11-30 13:00:00,1.3256613316696564,0.8028971788014605,1.9643379623450217,1.0,0.22804771063957407
2021-11-30 14:00:00,1.3256613316696564,0.8028971788014605,1.9817308467190717,1.0,0.23006759998265508
2021-11-30 15:00:00,1.3256613316696564,0.8028971788014605,1.9839387930844172,1.0,0.2303240156085825
2021-11-30 16:00:00,1.3256613316696564,0.8028971788014605,1.9440320559781141,1.0,0.22568952306182463
2021-11-30 17:00:00,1.3256613316696564,0.8028971788014605,1.9289133461714156,1.0,0.22393374063017418
2021-11-30 18:00:00,1.3256613316696564,0.8028971788014605,1.9487237297345947,1.0,0.22623438161536433
2021-11-30 19:00:00,1.3256613316696564,0.8028971788014605,1.9816900909024526,1.0,0.23006286688388394
2021-11-30 20:00:00,1.3256613316696564,0.8028971788014605,1.9580272637733434,1.0,0.22731482973735018
2021-11-30 21:00:00,1.3256613316696564,0.8028971788014605,1.9503998126930595,1.0,0.22642903030232814
2021-11-30 22:00:00,1.3256613316696564,0.8028971788014605,1.9398196026987145,1.0,0.2252003178613358
2021-11-30 23:00:00,1.3256613316696564,0.8028971788014605,1.9455678710010478,1.0,0.22586788200051774
2021-12-01 00:00:00,1.3256613316696564,0.8028971788014605,1.9344561372316271,1.0,0.22457744206305152
2021-12-01 01:00:00,1.3256613316696564,0.8028971788014605,1.9558203363034135,1.0,0.227058532438892
2021-12-01 02:00:00,1.3256613316696564,0.8028971788014605,1.9364626819365125,1.0,0.2244957331226746
2021-12-01 03:00:00,1.3256613316696564,0.8028971788014605,1.9458521428219666,1.0,0.22340683620962695
2021-12-01 04:00:00,1.3256613316696564,0.8028971788014605,1.9496634909394726,1.0,0.22296483370806358
2021-12-01 05:00:00,1.3256613316696564,0.8028971788014605,1.9387310827631765,1.0,0.2242326664048042
2021-12-01 06:00:00,1.3256613316696564,0.8028971788014605,1.9289024779536506,1.0,0.22537249089177105
2021-12-01 07:00:00,1.3256613316696564,0.8028971788014605,1.9344462879092774,1.0,0.22472957458157514
2021-12-01 08:00:00,1.3256613316696564,0.8028971788014605,1.9421780059537455,1.0,0.2238329263060369
2021-12-01 09:00:00,1.3256613316696564,0.8028971788014605,1.9337452878634271,1.0,0.22481086964156682
2021-12-01 10:00:00,1.3256613316696564,0.8028971788014605,1.9397822432001466,1.0,0.22411076320195814
2021-12-01 11:00:00,1.3256613316696564,0.8028971788014605,1.9352355922244695,1.0,0.22463803886480152
2021-12-01 12:00:00,1.3256613316696564,0.8028971788014605,1.9415731217087555,1.0,0.22390307480499289
2021-12-01 13:00:00,1.3256613316696564,0.8028971788014605,1.93953431198238,1.0,0.22413951581523037
2021-12-01 14:00:00,1.3256613316696564,0.8028971788014605,1.9582031930484163,1.0,0.22197448342297094
2021-12-01 15:00:00,1.3256613316696564,0.8028971788014605,1.988828132551501,1.0,0.21842290548958382
2021-12-01 16:00:00,1.3256613316696564,0.8028971788014605,1.9912452921088248,1.0,0.21814258720375007
2021-12-01 17:00:00,1.3256613316696564,0.8028971788014605,1.9853441894941692,1.0,0.21882693878677123
2021-12-01 18:00:00,1.3256613316696564,0.8028971788014605,1.9711832413780221,1.0,0.22046918565031468
2021-12-01 19:00:00,1.3256613316696564,0.8028971788014605,1.9529602968721609,1.0,0.2225825027258255
2021-12-01 20:00:00,1.3256613316696564,0.8028971788014605,1.9513779522919203,1.0,0.22276600741792882
2021-12-01 21:00:00,1.3256613316696564,0.8028971788014605,1.9296044968949162,1.0,0.22529107767035497
2021-12-01 22:00:00,1.3256613316696564,0.8028971788014605,1.9356088475783404,1.0,0.22459475239632726
2021-12-01 23:00:00,1.3256613316696564,0.8028971788014605,1.9383771864221997,1.0,0.22427370780621472
2021-12-02 00:00:00,1.3256613316696564,0.8028971788014605,1.9423091038305373,1.0,0.2238177228694299
2021-12-02 01:00:00,1.3256613316696564,0.8028971788014605,1.936845786612733,1.0,0.22445130442709774
2021-12-02 02:00:00,1.3256613316696564,0.8028971788014605,1.9435511373420074,1.0,0.22335939046951064
2021-12-02 03:00:00,1.3256613316696564,0.8028971788014605,1.9350698519035512,1.0,0.2243344197240848
2021-12-02 04:00:00,1.3256613316696564,0.8028971788014605,1.912391617377601,1.0,0.22694156486326783
2021-12-02 05:00:00,1.3256613316696564,0.8028971788014605,1.9181392064163238,1.0,0.22628080801258876
2021-12-02 06:00:00,1.3256613316696564,0.8028971788014605,1.9326700135682906,1.0,0.22461031099081635
2021-12-02 07:00:00,1.3256613316696564,0.8028971788014605,1.9244577165195211,1.0,0.22555441668421708
2021-12-02 08:00:00,1.3256613316696564,0.8028971788014605,1.9295454009608184,1.0,0.2249695240751541
2021-12-02 09:00:00,1.3256613316696564,0.8028971788014605,1.9341039390496764,1.0,0.2244454634210257
2021-12-02 10:00:00,1.3256613316696564,0.8028971788014605,1.925760544124115,1.0,0.22540464044600844
2021-12-02 11:00:00,1.3256613316696564,0.8028971788014605,1.9213551799793844,1.0,0.22591109185002417
2021-12-02 12:00:00,1.3256613316696564,0.8028971788014605,1.9131255617085519,1.0,0.22685718883334893
2021-12-02 13:00:00,1.3256613316696564,0.8028971788014605,1.9199178581799472,1.0,0.22607632986881954
2021-12-02 14:00:00,1.3256613316696564,0.8028971788014605,1.9174521312744854,1.0,0.22635979584624258
2021-12-02 15:00:00,1.3256613316696564,0.8028971788014605,1.938842481995269,1.0,0.22390070896964742
2021-12-02 16:00:00,1.3256613316696564,0.8028971788014605,1.9194630911928379,1.0,0.22612861099055087
2021-12-02 17:00:00,1.3256613316696564,0.8028971788014605,1.9139471310452338,1.0,0.22676273921910842
2021-12-02 18:00:00,1.3256613316696564,0.8028971788014605,1.9220677275066103,1.0,0.22582917564883498
2021-12-02 19:00:00,1.3256613316696564,0.8028971788014605,1.9265410180123728,1.0,0.22531491526472494
2021-12-02 20:00:00,1.3256613316696564,0.8028971788014605,1.9233141762315473,1.0,0.2256858808641046
2021-12-02 21:00:00,1.3256613316696564,0.8028971788014605,1.9372034189035665,1.0,0.22408913965932287
2021-12-02 22:00:00,1.3256613316696564,0.8028971788014605,1.9319690135224403,1.0,0.22469089966538952
2021-12-02 23:00:00,1.3256613316696564,0.8028971788014605,1.931040799798938,1.0,0.22479760937837812
2021-12-03 00:00:00,1.3256613316696564,0.8028971788014605,1.9186802398819438,1.0,0.22621860948613767
2021-12-03 01:00:00,1.3256613316696564,0.8028971788014605,1.9195693959478528,1.0,0.2261163899367033
2021-12-03 02:00:00,1.3256613316696564,0.8023351507762995,1.9194810916785112,1.0,0.2258138371082645
2021-12-03 03:00:00,1.3256613316696564,0.7989075408357272,1.911283738429169,1.0,0.22677852343921004
2021-12-03 04:00:00,1.3256613316696564,0.7998449643200544,1.9135256479750302,1.0,0.22651468956157614
2021-12-03 05:00:00,1.3256613316696564,0.8036483389234851,1.922621666980826,1.0,0.22544424585444225
2021-12-03 06:00:00,1.3256613316696564,0.8055396593240709,1.9271448833619473,1.0,0.2249119417213824
2021-12-03 07:00:00,1.3256613316696564,0.807277748405222,1.9313016370253009,1.0,0.22442276389554372
2021-12-03 08:00:00,1.3256613316696564,0.8057433050257108,1.9276319153705468,1.0,0.2248546264993665
2021-12-03 09:00:00,1.3256613316696564,0.8035294745913563,1.922337395159907,1.0,0.2254776997183386
2021-12-03 10:00:00,1.3256613316696564,0.8068268592122606,1.9302233060439178,1.0,0.22454966475321492
2021-12-03 11:00:00,1.3256613316696564,0.8073291568738369,1.931424583738769,1.0,0.22440829519933048
2021-12-03 12:00:00,1.3256613316696564,0.8090521926464984,1.9355453364307753,1.0,0.2239233540635432
2021-12-03 13:00:00,1.3256613316696564,0.8067247523367521,1.9299791107760076,1.0,0.224578402301771
2021-12-03 14:00:00,1.3256613316696564,0.8076635959445215,1.9322244166399205,1.0,0.22431416873639642
2021-12-03 15:00:00,1.3256613316696564,0.7988711856756019,1.911196792687048,1.0,0.2267887554453719
2021-12-03 16:00:00,1.3256613316696564,0.7950858466398896,1.9021439069205075,1.0,0.22785412311819894
2021-12-03 17:00:00,1.3256613316696564,0.7812568265701607,1.869070901365829,1.0,0.2317462423683293
2021-12-03 18:00:00,1.3256613316696564,0.7809328964129497,1.8682962012182593,1.0,0.23183741114198222
2021-12-03 19:00:00,1.3256613316696564,0.7792953520715205,1.8643799068729592,1.0,0.23229829107577957
2021-12-03 20:00:00,1.3256613316696564,0.7646622581087056,1.8293839060374648,1.0,0.23641671352469243
2021-12-03 21:00:00,1.3256613316696564,0.758592082466519,1.8148666841577048,1.0,0.23812513880352637
2021-12-03 22:00:00,1.3256613316696564,0.7608005164317924,1.8201482983597481,1.0,0.23750358439796895
2021-12-03 23:00:00,1.3256613316696564,0.7579841276208283,1.8134127203998145,1.0,0.23829624512531863
2021-12-04 00:00:00,1.3256613316696564,0.760792563740515,1.8201292789786592,1.0,0.23750582264931686
2021-12-04 01:00:00,1.3256613316696564,0.7528846063515209,1.8012168819083232,1.0,0.2397314838333864
2021-12-04 02:00:00,1.3247333687374876,0.7511236028930905,1.7995238173596007,1.0,0.23961458188289553
2021-12-04 03:00:00,1.3278203583469517,0.7528739254955656,1.8037158927306904,1.0,0.23905621463556523
2021-12-04 04:00:00,1.2999609211301453,0.7370776291610025,1.7658832870585,1.0,0.2440953625559953
2021-12-04 05:00:00,1.256406931619512,0.712382524248855,1.706737766717102,1.0,0.25197330330407836
2021-12-04 06:00:00,1.1876338151332706,0.6733881784760429,1.6133451336705875,1.0,0.2644128190138241
2021-12-04 07:00:00,1.1865408762534717,0.6727684823103769,1.6118609426820385,1.0,0.26461050716669077
2021-12-04 08:00:00,1.180594488425989,0.6693968813870641,1.6037858568825536,1.0,0.26568607547848905
2021-12-04 09:00:00,1.1860106633415328,0.6724678516762322,1.6111409232550993,1.0,0.26470641080149104
2021-12-04 10:00:00,1.1859613935567912,0.6724399157163613,1.6110740157894827,1.0,0.2647153226015173
2021-12-04 11:00:00,1.183061729169517,0.670795806484157,1.6071363246404573,1.0,0.26523980691372245
2021-12-04 12:00:00,1.161622369994916,0.6586396933469961,1.5780220674067242,1.0,0.2691177065769242
2021-12-04 13:00:00,1.17556121726902,0.6665430174662336,1.596950766803708,1.0,0.2665964814456383
2021-12-04 14:00:00,1.1833986144489423,0.6709868203823612,1.6075938086820079,1.0,0.2651788719155734
2021-12-04 15:00:00,1.1941601858582944,0.6770886296071771,1.6222078256262387,1.0,0.263232344792072
2021-12-04 16:00:00,1.2036057288041448,0.6824442509089416,1.6350347000117174,1.0,0.26152385772815523
2021-12-04 17:00:00,1.1949935204915874,0.6775611302076346,1.6233394788010318,1.0,0.2630816132302066
2021-12-04 18:00:00,1.204593875603707,0.6830045299822932,1.6363765852739047,1.0,0.26134512411443067
2021-12-04 19:00:00,1.2205385283276937,0.6920451454627758,1.6580291317482718,1.0,0.25846109372319265
2021-12-04 20:00:00,1.2306673456487411,0.6977881832232588,1.6717838802254474,1.0,0.2566290176355615
2021-12-04 21:00:00,1.2304227474280447,0.6976494960722242,1.671451720320001,1.0,0.2566732599727477
2021-12-04 22:00:00,1.2167602611292674,0.6899028685806895,1.6528983140677191,1.0,0.25914449759627206
2021-12-04 23:00:00,1.2292727856501693,0.6969974679326972,1.6698900932798753,1.0,0.25688126229011177
2021-12-05 00:00:00,1.227957007287098,0.6962514218165488,1.6681032903529285,1.0,0.25711925711213274
2021-12-05 01:00:00,1.2229289882391625,0.693400535840679,1.6612753325419913,1.0,0.25802871309044667
2021-12-05 02:00:00,1.2230882176093985,0.6939766024892406,1.6638201936580554,1.0,0.2573542787550364
2021-12-05 03:00:00,1.2240437076087998,0.6939766024892406,1.6651196249445974,1.0,0.25715323075529833
2021-12-05 04:00:00,1.2268454959787123,0.6939766024892406,1.668929954166688,1.0,0.2565636966442001
2021-12-05 05:00:00,1.221158257673336,0.6939766024892406,1.6611955190677785,1.0,0.2577603683896355
2021-12-05 06:00:00,1.2329967438028777,0.6939766024892406,1.6772954251595844,1.0,0.2552693910295767
2021-12-05 07:00:00,1.2337949001118393,0.6939766024892406,1.6783808884088758,1.0,0.25510144816309394
2021-12-05 08:00:00,1.229522416340339,0.6939766024892406,1.6725704674861983,1.0,0.2560004364483839
2021-12-05 09:00:00,1.2338558356998828,0.6939766024892406,1.678463758569335,1.0,0.2550886264924363
2021-12-05 10:00:00,1.222394201219347,0.6939766024892406,1.6628763568715157,1.0,0.25750030917617395
2021-12-05 11:00:00,1.227937092107145,0.6939766024892406,1.6704144847870424,1.0,0.2563340100768046
2021-12-05 12:00:00,1.2281201486072917,0.6939766024892406,1.6706634349002247,1.0,0.2562954925170011
2021-12-05 13:00:00,1.231562010387676,0.6939766024892406,1.6753442404389403,1.0,0.2555712783161672
2021-12-05 14:00:00,1.229635546755846,0.6939766024892406,1.6727243206939357,1.0,0.25597663228113837
2021-12-05 15:00:00,1.2206662777206907,0.6939766024892406,1.6605264444116135,1.0,0.2578638876158467
2021-12-05 16:00:00,1.1967520562458647,0.6939766024892406,1.6280039820130996,1.0,0.2628957627750002
2021-12-05 17:00:00,1.2097792858142853,0.6939766024892406,1.645720535497467,1.0,0.26015465774145646
2021-12-05 18:00:00,1.2291185932015434,0.6939766024892406,1.6720212828572543,1.0,0.25608540629040605
2021-12-05 19:00:00,1.2249677308701132,0.6939766024892406,1.6663762626236895,1.0,0.2569588037822113
2021-12-05 20:00:00,1.2201625601752666,0.6939766024892406,1.6598414070606056,1.0,0.2579698765900944
2021-12-05 21:00:00,1.2177618478479675,0.6939766024892406,1.6565765265176022,1.0,0.2584750188853068
2021-12-05 22:00:00,1.2262221548813506,0.6939766024892406,1.6680822331810086,1.0,0.256694856029288
2021-12-05 23:00:00,1.2277922452175338,0.6939766024892406,1.6702174983400497,1.0,0.2563644878185317
2021-12-06 00:00:00,1.2321856012210546,0.6939766024892406,1.6761923010564248,1.0,0.25544006638324873
2021-12-06 01:00:00,1.216401036293671,0.6939766024892406,1.6547258728112852,1.0,0.2587613520140503
2021-12-06 02:00:00,1.217152386553961,0.6934908188674982,1.6569080071594384,1.0,0.25806343568838697
2021-12-06 03:00:00,1.217152386553961,0.6926287163484257,1.6589671947941238,1.0,0.2577426280699808
2021-12-06 04:00:00,1.217152386553961,0.6907109896991219,1.6635478089503168,1.0,0.25702899911575944
2021-12-06 05:00:00,1.217152386553961,0.6912722165905584,1.6622072822153502,1.0,0.2572378441874812
2021-12-06 06:00:00,1.217152386553961,0.6954711094469342,1.6521779550089748,1.0,0.258800346079537
2021-12-06 07:00:00,1.217152386553961,0.7025816422972152,1.6351939873283374,1.0,0.2614463342988406
2021-12-06 08:00:00,1.217152386553961,0.6992916327167604,1.64305238803613,1.0,0.26022204819053085
2021-12-06 09:00:00,1.217152386553961,0.702640224886339,1.6350540590246114,1.0,0.261468134189783
2021-12-06 10:00:00,1.217152386553961,0.7129371102601054,1.610459282222143,1.0,0.26529983540939406
2021-12-06 11:00:00,1.217152386553961,0.7122766342249593,1.6120368719571112,1.0,0.2650540575127263
2021-12-06 12:00:00,1.217152386553961,0.6968303108290576,1.64893141458345,1.0,0.25930613529681307
2021-12-06 13:00:00,1.217152386553961,0.6981542489051062,1.645769102845605,1.0,0.2597988022496384
2021-12-06 14:00:00,1.217152386553961,0.7004723847072565,1.6402320855260812,1.0,0.26066143240020345
2021-12-06 15:00:00,1.217152386553961,0.7019686579726694,1.6366581400403823,1.0,0.26121822912929604
2021-12-06 16:00:00,1.217152386553961,0.6918237745109743,1.6608898504431344,1.0,0.25744309121895037
2021-12-06 17:00:00,1.217152386553961,0.6891296863650292,1.6673248542555015,1.0,0.2564405607973865
2021-12-06 18:00:00,1.217152386553961,0.6914411392019154,1.6618037996308201,1.0,0.2573007040671887
2021-12-06 19:00:00,1.217152386553961,0.6884559865901051,1.66893402974835,1.0,0.25618986205154964
2021-12-06 20:00:00,1.217152386553961,0.6893772404613024,1.666733555282718,1.0,0.2565326812103248
2021-12-06 21:00:00,1.217152386553961,0.6931969105866269,1.657610026100704,1.0,0.2579540658471787
2021-12-06 22:00:00,1.217152386553961,0.6756357841615046,1.699555912565188,1.0,0.25141917815071874
2021-12-06 23:00:00,1.217152386553961,0.6661367310876746,1.7222450153089037,1.0,0.24788436816430526
2021-12-07 00:00:00,1.217152386553961,0.6704745443070943,1.7118838678288868,1.0,0.24949856542881416
2021-12-07 01:00:00,1.217152386553961,0.6677975190511853,1.7182781158246345,1.0,0.248502384490049
2021-12-07 02:00:00,1.217152386553961,0.6670680842701926,1.7177014210194728,1.0,0.24823094550257832
2021-12-07 03:00:00,1.217152386553961,0.666791681728342,1.718412949651283,1.0,0.2483338010669814
2021-12-07 04:00:00,1.217152386553961,0.6627664954995489,1.7287747763949104,1.0,0.24983166283995228
2021-12-07 05:00:00,1.217152386553961,0.6633101971105115,1.7273751537258457,1.0,0.2496293393168472
2021-12-07 06:00:00,1.217152386553961,0.6636830436896379,1.7264153542444636,1.0,0.24949059477030633
2021-12-07 07:00:00,1.217152386553961,0.6600180383387697,1.735849986160004,1.0,0.250854425187277
2021-12-07 08:00:00,1.217152386553961,0.663157285155378,1.7277687869880263,1.0,0.2496862412734788
2021-12-07 09:00:00,1.217152386553961,0.659244638959138,1.737840907801852,1.0,0.25114222438466643
2021-12-07 10:00:00,1.217152386553961,0.6586063403923249,1.7394840464752164,1.0,0.25137974954962217
2021-12-07 11:00:00,1.217152386553961,0.6577991658094885,1.7415619138591854,1.0,0.2516801172551201
2021-12-07 12:00:00,1.217152386553961,0.6560208222001307,1.7461398109609372,1.0,0.25234187866447055
2021-12-07 13:00:00,1.217152386553961,0.6629453985290237,1.7283142356671133,1.0,0.24976508902356537
2021-12-07 14:00:00,1.217152386553961,0.6630704723283909,1.7279922647158217,1.0,0.2497185462669763
2021-12-07 15:00:00,1.217152386553961,0.6559652778229854,1.7462827959509097,1.0,0.2523625479688208
2021-12-07 16:00:00,1.217152386553961,0.6522742813977761,1.7557843353320663,1.0,0.25373605024554674
2021-12-07 17:00:00,1.217152386553961,0.6573484779417264,1.7427220961056118,1.0,0.2518478282851921
2021-12-07 18:00:00,1.217152386553961,0.6620032550677561,1.730739546387761,1.0,0.25011568166576226
2021-12-07 19:00:00,1.217152386553961,0.6627143814164793,1.7289089309579484,1.0,0.24985105565519772
2021-12-07 20:00:00,1.217152386553961,0.6633121761263243,1.7273700592487684,1.0,0.24962860288082522
2021-12-07 21:00:00,1.217152386553961,0.6690907703652343,1.7124945258145643,1.0,0.24747825879238075
2021-12-07 22:00:00,1.217152386553961,0.6684343967873312,1.7141841940452354,1.0,0.24772251007300386
2021-12-07 23:00:00,1.217152386553961,0.6717822318706057,1.7055660369892998,1.0,0.24647670580248907
2021-12-08 00:00:00,1.217152386553961,0.6673162528531144,1.7170625735939666,1.0,0.2481385964254221
2021-12-08 01:00:00,1.217152386553961,0.6653364454340162,1.7221590884621982,1.0,0.24887532702181012
2021-12-08 02:00:00,1.217152386553961,0.6683283886758714,1.7120530044678564,1.0,0.24706805372898008
2021-12-08 03:00:00,1.217152386553961,0.6695963644478421,1.7088057847787212,1.0,0.24659930765823934
2021-12-08 04:00:00,1.217152386553961,0.6724211614296407,1.7015716273288126,1.0,0.2455550349559302
2021-12-08 05:00:00,1.217152386553961,0.6707819834627378,1.7057694764405908,1.0,0.2461610072845941
2021-12-08 06:00:00,1.217152386553961,0.6686730669554815,1.7111703014062454,1.0,0.2469406328485434
2021-12-08 07:00:00,1.217152386553961,0.6660299587936389,1.717939163283085,1.0,0.24791773871507025
2021-12-08 08:00:00,1.217152386553961,0.6675288252484881,1.7141006446211662,1.0,0.24736363683330975
2021-12-08 09:00:00,1.217152386553961,0.6685632579460482,1.7114515165409179,1.0,0.24698122711133738
2021-12-08 10:00:00,1.217152386553961,0.6723088326482518,1.7018592954677834,1.0,0.24559656072958538
2021-12-08 11:00:00,1.217152386553961,0.6842006974633174,1.671404851130889,1.0,0.24120036876041362
2021-12-08 12:00:00,1.217152386553961,0.684894297848989,1.669628576789902,1.0,0.2409439581391424
2021-12-08 13:00:00,1.217152386553961,0.6843712462388382,1.6709680846294532,1.0,0.24113732018317563
2021-12-08 14:00:00,1.217152386553961,0.686824708406128,1.6646848962339929,1.0,0.24023032276567707
2021-12-08 15:00:00,1.217152386553961,0.6644784423668755,1.721912515771652,1.0,0.24849130427114136
2021-12-08 16:00:00,1.217152386553961,0.6657258621044716,1.7187179390123168,1.0,0.24803015736795264
2021-12-08 17:00:00,1.217152386553961,0.6681651339770641,1.7124710912200085,1.0,0.24712840582740933
2021-12-08 18:00:00,1.217152386553961,0.6704331939762529,1.7066627080881616,1.0,0.24628994799854118
2021-12-08 19:00:00,1.217152386553961,0.6670248708573692,1.7153912454807743,1.0,0.2475499390055527
2021-12-08 20:00:00,1.217152386553961,0.6684977438752027,1.7116192946526672,1.0,0.24700544639372898
2021-12-08 21:00:00,1.217152386553961,0.665167666306519,1.7201474492802353,1.0,0.2482365115371554
2021-12-08 22:00:00,1.217152386553961,0.6663381666896813,1.7171498589678929,1.0,0.24780380022867743
2021-12-08 23:00:00,1.217152386553961,0.6711807705296049,1.7047482036024746,1.0,0.24601358343408503
2021-12-09 00:00:00,1.217152386553961,0.6679317235222301,1.71306884319709,1.0,0.24721469314929026
2021-12-09 01:00:00,1.217152386553961,0.6688830037452556,1.710632664258677,1.0,0.24686302328573798
2021-12-09 02:00:00,1.217152386553961,0.6707672324050657,1.7034110731855596,1.0,0.24547641517658458
2021-12-09 03:00:00,1.217152386553961,0.6748826611985999,1.6929629799634218,1.0,0.24397031789224202
2021-12-09 04:00:00,1.217152386553961,0.6797101930857198,1.6807070266424171,1.0,0.2422036167706744
2021-12-09 05:00:00,1.217152386553961,0.6757983752086685,1.6906382002571012,1.0,0.24363519986372317
2021-12-09 06:00:00,1.217152386553961,0.6764647260463824,1.6889464942355992,1.0,0.2433913396884051
2021-12-09 07:00:00,1.217152386553961,0.6783914043769899,1.6840551169776843,1.0,0.2426862454814324
2021-12-09 08:00:00,1.217152386553961,0.6732734393100511,1.6970484109476918,1.0,0.2445592345854565
2021-12-09 09:00:00,1.217152386553961,0.6798791553639838,1.6802780716724997,1.0,0.24214178272100026
2021-12-09 10:00:00,1.217152386553961,0.6839939152648881,1.669831676609388,1.0,0.24063593022703647
2021-12-09 11:00:00,1.217152386553961,0.6825879029572444,1.6734012068816198,1.0,0.24115047960318445
2021-12-09 12:00:00,1.217152386553961,0.6844828757772038,1.668590322361528,1.0,0.24045698846016483
2021-12-09 13:00:00,1.217152386553961,0.681370518371178,1.676491856308576,1.0,0.24159599809252286
2021-12-09 14:00:00,1.217152386553961,0.6821820189095383,1.674431649778475,1.0,0.2412990184050144
2021-12-09 15:00:00,1.217152386553961,0.6922425653959066,1.6488903191350257,1.0,0.2376172242342764
2021-12-09 16:00:00,1.217152386553961,0.6938203493308589,1.6448847016249684,1.0,0.2370398126888635
2021-12-09 17:00:00,1.217152386553961,0.6931281792376383,1.6466419565848665,1.0,0.23729312177280165
2021-12-09 18:00:00,1.217152386553961,0.6974729044246359,1.635611734448684,1.0,0.23570311034662103
2021-12-09 19:00:00,1.217152386553961,0.703217220550032,1.6210282843669177,1.0,0.23360089953192856
2021-12-09 20:00:00,1.217152386553961,0.7049578129510551,1.6166093349499806,1.0,0.23296390600832614
2021-12-09 21:00:00,1.217152386553961,0.7040758111295237,1.6188485274414006,1.0,0.2332866866017556
2021-12-09 22:00:00,1.217152386553961,0.7004421188079044,1.6280736065331574,1.0,0.2346164858553171
2021-12-09 23:00:00,1.217152386553961,0.7008039897205758,1.6271549025001995,1.0,0.23448405426040936
2021-12-10 00:00:00,1.217152386553961,0.706030047836475,1.613887186031623,1.0,0.23257150703117807
2021-12-10 01:00:00,1.217152386553961,0.6997732261781976,1.6297717655589576,1.0,0.2348612762340745
2021-12-10 02:00:00,1.217152386553961,0.6936903560379025,1.6428306084673605,1.0,0.23641226876774976
2021-12-10 03:00:00,1.217152386553961,0.6953885162526702,1.6468511697768449,1.0,0.23583352941292096
2021-12-10 04:00:00,1.217152386553961,0.6930768207077317,1.641378003236691,1.0,0.23662136390380342
2021-12-10 05:00:00,1.217152386553961,0.6902956135575445,1.6347932217982486,1.0,0.2375692097064239
2021-12-10 06:00:00,1.217152386553961,0.6915180938202791,1.6376875640418223,1.0,0.23715258385899599
2021-12-10 07:00:00,1.217152386553961,0.6857955894033579,1.6241389720703785,1.0,0.2391028347749304
2021-12-10 08:00:00,1.217152386553961,0.6835593485190858,1.618844451859739,1.0,0.23986495403514552
2021-12-10 09:00:00,1.217152386553961,0.6891038315788075,1.631971560760979,1.0,0.2379753734638084
2021-12-10 10:00:00,1.217152386553961,0.6930165717391389,1.641235357878524,1.0,0.23664189697772028
2021-12-10 11:00:00,1.217152386553961,0.6908676918593264,1.6361476734372267,1.0,0.23737424328075593
2021-12-10 12:00:00,1.217152386553961,0.6980779154507158,1.6532185868599851,1.0,0.2349169721038881
2021-12-10 13:00:00,1.217152386553961,0.7033379373087241,1.665672205891593,1.0,0.2331243369744014
2021-12-10 14:00:00,1.217152386553961,0.7108821123260282,1.6835337821567637,1.0,0.23055325390210857
2021-12-10 15:00:00,1.217152386553961,0.6919435662984849,1.6386949119759269,1.0,0.23700758124652582
2021-12-10 16:00:00,1.217152386553961,0.6876921408647064,1.6286292441663992,1.0,0.23845648294098953
2021-12-10 17:00:00,1.217152386553961,0.6811964413508435,1.613250036765143,1.0,0.24067024163885734
2021-12-10 18:00:00,1.217152386553961,0.6837175737866047,1.6192190657408305,1.0,0.2398110302719781
2021-12-10 19:00:00,1.217152386553961,0.6854772740192923,1.6233853290947284,1.0,0.2392113178487913
2021-12-10 20:00:00,1.217152386553961,0.6895275826579107,1.6329748331134217,1.0,0.23783095751059297
2021-12-10 21:00:00,1.217152386553961,0.6942773531319073,1.6442203818140753,1.0,0.2362122179618738
2021-12-10 22:00:00,1.217152386553961,0.686881648787207,1.6267103244672452,1.0,0.2387327016734429
2021-12-10 23:00:00,1.217152386553961,0.6812566903194363,1.61339268212331,1.0,0.24064970856494047
2021-12-11 00:00:00,1.217152386553961,0.6756267111042829,1.6000631526661946,1.0,0.24256842654593108
2021-12-11 01:00:00,1.217152386553961,0.6844009692303582,1.6208370716606129,1.0,0.2395781265478351
2021-12-11 02:00:00,1.217152386553961,0.6858717361738257,1.6265958685489061,1.0,0.23841819869948777
2021-12-11 03:00:00,1.217152386553961,0.6906913182808004,1.6380227806335153,1.0,0.23674284742923515
2021-12-11 04:00:00,1.217152386553961,0.691359140892859,1.6396061441091712,1.0,0.23651070334773963
2021-12-11 05:00:00,1.217152386553961,0.6945439757564158,1.647157178033294,1.0,0.23540361210709387
2021-12-11 06:00:00,1.217152386553961,0.6915618369452107,1.6400867231134726,1.0,0.23644024348602444
2021-12-11 07:00:00,1.217152386553961,0.6876649158086929,1.6308473794858993,1.0,0.23779486544934594
2021-12-11 08:00:00,1.217152386553961,0.6873759844040335,1.6301623421348916,1.0,0.2378953018741371
2021-12-11 09:00:00,1.217152386553961,0.6926856182389902,1.642751134624953,1.0,0.2360496020618862
2021-12-11 10:00:00,1.217152386553961,0.6945020040650102,1.6470576659143823,1.0,0.23541820202898966
2021-12-11 11:00:00,1.217152386553961,0.6925536867448449,1.6424383337324007,1.0,0.23609546321569516
2021-12-11 12:00:00,1.217152386553961,0.6902938048212416,1.6370803023741962,1.0,0.23688102843012535
2021-12-11 13:00:00,1.217152386553961,0.6941973153700619,1.646335269064807,1.0,0.23552411589886116
2021-12-11 14:00:00,1.217152386553961,0.6920805382918997,1.641316529879957,1.0,0.23625993595297096
2021-12-11 15:00:00,1.217152386553961,0.6935834972892657,1.644879946779696,1.0,0.2357374872822178
2021-12-11 16:00:00,1.217152386553961,0.6975748189194229,1.65434310776687,1.0,0.23435005044336954
2021-12-11 17:00:00,1.217152386553961,0.7012110285257074,1.662964321509052,1.0,0.23308605529864992
2021-12-11 18:00:00,1.217152386553961,0.6970380683129483,1.6530705073929353,1.0,0.2345366321407878
2021-12-11 19:00:00,1.217152386553961,0.6965779554365149,1.6519796100347612,1.0,0.23469657353713352
2021-12-11 20:00:00,1.217152386553961,0.6928403261800078,1.643117936974526,1.0,0.23599582351018836
2021-12-11 21:00:00,1.217152386553961,0.6951205493328929,1.6485241960490633,1.0,0.23520318741210897
2021-12-11 22:00:00,1.217152386553961,0.6980827766590968,1.6555474421479675,1.0,0.23417347753196174
2021-12-11 23:00:00,1.217152386553961,0.6987581914201129,1.657148806109297,1.0,0.23393869431783657
2021-12-12 00:00:00,1.217152386553961,0.7068716201898242,1.6763852119217557,1.0,0.2311183578459734
2021-12-12 01:00:00,1.217152386553961,0.7058703160160167,1.674011185603687,1.0,0.2314664245833509
2021-12-12 02:00:00,1.217152386553961,0.7032730290083572,1.6690219943858862,1.0,0.23186413004611262
2021-12-12 03:00:00,1.217152386553961,0.7032730290083572,1.6648669388815587,1.0,0.2312867386053354
2021-12-12 04:00:00,1.217152386553961,0.7032730290083572,1.6729746293343386,1.0,0.2324133928863746
2021-12-12 05:00:00,1.217152386553961,0.7032730290083572,1.6583602727583027,1.0,0.23038256456394174
2021-12-12 06:00:00,1.217152386553961,0.7032730290083572,1.66239747602624,1.0,0.2309435791181774
2021-12-12 07:00:00,1.217152386553961,0.7032730290083572,1.668495565087888,1.0,0.23179097680651767
2021-12-12 08:00:00,1.217152386553961,0.7032730290083572,1.6728761361108424,1.0,0.2323997061512246
2021-12-12 09:00:00,1.217152386553961,0.7032730290083572,1.6618741034144884,1.0,0.23087085063932844
2021-12-12 10:00:00,1.217152386553961,0.7032730290083572,1.6568709872926761,1.0,0.2301756116893457
2021-12-12 11:00:00,1.217152386553961,0.7032730290083572,1.6604289700835324,1.0,0.23067003319773066
2021-12-12 12:00:00,1.217152386553961,0.7032730290083572,1.6670246197397403,1.0,0.23158657249639783
2021-12-12 13:00:00,1.217152386553961,0.7032730290083572,1.68048015259657,1.0,0.23345636930044492
2021-12-12 14:00:00,1.217152386553961,0.7032730290083572,1.6899473891654058,1.0,0.23477194772219295
2021-12-12 15:00:00,1.217152386553961,0.7032730290083572,1.691889403827311,1.0,0.23504181238284066
2021-12-12 16:00:00,1.217152386553961,0.7032730290083572,1.6841926678587742,1.0,0.23397226482432393
2021-12-12 17:00:00,1.217152386553961,0.7032730290083572,1.6926318389533908,1.0,0.23514498204848877
2021-12-12 18:00:00,1.217152386553961,0.7032730290083572,1.7053887491870066,1.0,0.2369176974242476
2021-12-12 19:00:00,1.217152386553961,0.7032730290083572,1.713149675566718,1.0,0.23799616495843104
2021-12-12 20:00:00,1.217152386553961,0.7032730290083572,1.7047499017615002,1.0,0.2368289224283262
2021-12-12 21:00:00,1.217152386553961,0.7032730290083572,1.7063943989620851,1.0,0.23705744370969317
2021-12-12 22:00:00,1.217152386553961,0.7032730290083572,1.695843736934789,1.0,0.2355913112012949
2021-12-12 23:00:00,1.217152386553961,0.7032730290083572,1.7063872666941768,1.0,0.23705645260128574
2021-12-13 00:00:00,1.217152386553961,0.7032730290083572,1.6993956063531523,1.0,0.23608488318818782
2021-12-13 01:00:00,1.217152386553961,0.7032730290083572,1.6849245743988943,1.0,0.23407397142518016
2021-12-13 02:00:00,1.217152386553961,0.7032730290083572,1.649306707728152,1.0,0.22880369482878885
2021-12-13 03:00:00,1.217152386553961,0.7032730290083572,1.655220376719598,1.0,0.22962430793350203
2021-12-13 04:00:00,1.217152386553961,0.7032730290083572,1.6585018992210545,1.0,0.230079669972196
2021-12-13 05:00:00,1.217152386553961,0.7032730290083572,1.6638721573242448,1.0,0.23082487640521493
2021-12-13 06:00:00,1.217152386553961,0.7032730290083572,1.6709955948056712,1.0,0.23181336361278757
2021-12-13 07:00:00,1.217152386553961,0.7032730290083572,1.6608467172038792,1.0,0.2304050497605569
2021-12-13 08:00:00,1.217152386553961,0.7032730290083572,1.6543604289889329,1.0,0.2295049768755458
2021-12-13 09:00:00,1.217152386553961,0.7032730290083572,1.6633008966279657,1.0,0.23074560514159628
2021-12-13 10:00:00,1.217152386553961,0.7032730290083572,1.6582196651909664,1.0,0.23004050563208478
2021-12-13 11:00:00,1.217152386553961,0.7032730290083572,1.6526276275190066,1.0,0.22926452385118062
2021-12-13 12:00:00,1.217152386553961,0.7032730290083572,1.6575363259989844,1.0,0.2299456817424292
2021-12-13 13:00:00,1.217152386553961,0.7032730290083572,1.649224177199498,1.0,0.22879224244052526
2021-12-13 14:00:00,1.217152386553961,0.7032730290083572,1.6436474229587703,1.0,0.2280183814722625
2021-12-13 15:00:00,1.217152386553961,0.7032730290083572,1.6275468376033542,1.0,0.22578417604830003
2021-12-13 16:00:00,1.217152386553961,0.7032730290083572,1.603689061818083,1.0,0.22247354038590145
2021-12-13 17:00:00,1.217152386553961,0.7032730290083572,1.600361349391125,1.0,0.22201176878011347
2021-12-13 18:00:00,1.217152386553961,0.7032730290083572,1.6123921268253087,1.0,0.22368122536225546
2021-12-13 19:00:00,1.217152386553961,0.7032730290083572,1.6103295428725717,1.0,0.22339500991400577
2021-12-13 20:00:00,1.217152386553961,0.7032730290083572,1.5853587936617912,1.0,0.2199299319621433
2021-12-13 21:00:00,1.217152386553961,0.7032730290083572,1.5830540522319754,1.0,0.21961011341581985
2021-12-13 22:00:00,1.217152386553961,0.7032730290083572,1.587412886819399,1.0,0.22021496918114775
2021-12-13 23:00:00,1.217152386553961,0.7032730290083572,1.5910092480042388,1.0,0.2207140199602546
2021-12-14 00:00:00,1.217152386553961,0.7032730290083572,1.5846988890643654,1.0,0.21983835998520454
2021-12-14 01:00:00,1.217152386553961,0.7032730290083572,1.5945509284684474,1.0,0.2212054829430222
2021-12-14 02:00:00,1.2163003798833734,0.7027807378880514,1.5906451627091072,1.0,0.22035456460503638
2021-12-14 03:00:00,1.2201657568221302,0.7050141602417429,1.5956988839698882,1.0,0.21965428244903162
2021-12-14 04:00:00,1.2184369877678678,0.7040152741017015,1.5934386343065483,1.0,0.21996747987834692
2021-12-14 05:00:00,1.2191053758635277,0.7044014700503606,1.594312506941225,1.0,0.21984638942220444
2021-12-14 06:00:00,1.2117021918999769,0.7001238958798057,1.5846333401259693,1.0,0.2211876085864504
2021-12-14 07:00:00,1.2111538175237864,0.6998070440929346,1.5839163773852767,1.0,0.2212869564111363
2021-12-14 08:00:00,1.219593483610028,0.7046834996607495,1.5949506751031206,1.0,0.2197579599752197
2021-12-14 09:00:00,1.2313452166296806,0.7114736739792075,1.6103152783367551,1.0,0.21762892338546838
2021-12-14 10:00:00,1.215356116094907,0.7022351404246328,1.5894106010973506,1.0,0.22052563487634533
2021-12-14 11:00:00,1.2282755150648088,0.709699994412435,1.606301849295179,1.0,0.21818505471863425
2021-12-14 12:00:00,1.2356503841032034,0.7139612081638669,1.6159439962436724,1.0,0.2168489653094289
2021-12-14 13:00:00,1.2326277009002884,0.7122146958985741,1.6119920405588302,1.0,0.21739657842550897
2021-12-14 14:00:00,1.2241519267902234,0.7073173770439874,1.6009105340200689,1.0,0.2189321164756517
2021-12-14 15:00:00,1.2268270377925972,0.7088630614121538,1.6044080623496066,1.0,0.21844747227924466
2021-12-14 16:00:00,1.2157307043708268,0.7024515782629408,1.5899003501603912,1.0,0.22045777151149595
2021-12-14 17:00:00,1.2129342807992058,0.7008357992550449,1.5862442137778434,1.0,0.22096439364922388
2021-12-14 18:00:00,1.2100425216538937,0.6991649351662482,1.582463432522802,1.0,0.22148828753098768
2021-12-14 19:00:00,1.2107122085993316,0.6995518815928489,1.5833390033165045,1.0,0.22136696176498094
2021-12-14 20:00:00,1.2160182697116335,0.702617734079173,1.5902763225687033,1.0,0.22040567390755125
2021-12-14 21:00:00,1.2401880456869538,0.7165830779000419,1.6218766846162076,1.0,0.21602688676768889
2021-12-14 22:00:00,1.253323053719972,0.7241725112261214,1.639049827212319,1.0,0.21364724517251246
2021-12-14 23:00:00,1.2525884242856438,0.7237480409024493,1.6380893484673267,1.0,0.21378033643173164
2021-12-15 00:00:00,1.2544603265854208,0.7248296297116362,1.6405367352553097,1.0,0.21344120785537612
2021-12-15 01:00:00,1.249566780162551,0.7220021290195098,1.6341387513097052,1.0,0.21432776129992032
2021-12-15 02:00:00,1.246790004057726,0.7203977023563478,1.631650948336908,1.0,0.21436399664481437
2021-12-15 03:00:00,1.246790004057726,0.7203977023563478,1.6291251066019328,1.0,0.2140320650770837
2021-12-15 04:00:00,1.246790004057726,0.7203977023563478,1.6380292336378133,1.0,0.21520219414945085
2021-12-15 05:00:00,1.246790004057726,0.7203977023563478,1.6369033542037077,1.0,0.21505423756117237
2021-12-15 06:00:00,1.246790004057726,0.7203977023563478,1.633313106391361,1.0,0.21458242787951567
2021-12-15 07:00:00,1.246790004057726,0.7203977023563478,1.6312338804801714,1.0,0.21430918799009158
2021-12-15 08:00:00,1.246790004057726,0.7203977023563478,1.63632496123952,1.0,0.21497822849033127
2021-12-15 09:00:00,1.246790004057726,0.7203977023563478,1.6485669896565134,1.0,0.21658700533030056
2021-12-15 10:00:00,1.246790004057726,0.7203977023563478,1.6462225113054938,1.0,0.21627890749353243
2021-12-15 11:00:00,1.246790004057726,0.7203977023563478,1.6379433067911078,1.0,0.2151909021383394
2021-12-15 12:00:00,1.246790004057726,0.7203977023563478,1.6341241471420833,1.0,0.2146890101820222
2021-12-15 13:00:00,1.246790004057726,0.7203977023563478,1.6156896120216075,1.0,0.21226644979029374
2021-12-15 14:00:00,1.246790004057726,0.7203977023563478,1.6175637003224803,1.0,0.2125127316769063
2021-12-15 15:00:00,1.246790004057726,0.7203977023563478,1.6079582336089444,1.0,0.2112504365849931
2021-12-15 16:00:00,1.246790004057726,0.7203977023563478,1.5827263075399958,1.0,0.20793460223917543
2021-12-15 17:00:00,1.246790004057726,0.7203977023563478,1.595114717265013,1.0,0.20956261566724368
2021-12-15 18:00:00,1.246790004057726,0.7203977023563478,1.5981486481805076,1.0,0.20996131738763335
2021-12-15 19:00:00,1.246790004057726,0.7203977023563478,1.6234175941162186,1.0,0.21328201667104446
2021-12-15 20:00:00,1.246790004057726,0.7203977023563478,1.651813190450233,1.0,0.21701360233505643
2021-12-15 21:00:00,1.246790004057726,0.7203977023563478,1.6699926620850336,1.0,0.21940264375309046
2021-12-15 22:00:00,1.246790004057726,0.7203977023563478,1.6687367036695517,1.0,0.21923759293455233
2021-12-15 23:00:00,1.246790004057726,0.7203977023563478,1.654946293852834,1.0,0.21742533673230202
2021-12-16 00:00:00,1.246790004057726,0.7203977023563478,1.659096934143695,1.0,0.21797078996468558
2021-12-16 01:00:00,1.246790004057726,0.7203977023563478,1.6650900769775487,1.0,0.21875837426536798
2021-12-16 02:00:00,1.246790004057726,0.7203977023563478,1.6645914974875737,1.0,0.2183866859472386
2021-12-16 03:00:00,1.246790004057726,0.7203977023563478,1.6637824945276827,1.0,0.2182805188076938
2021-12-16 04:00:00,1.246790004057726,0.7203977023563478,1.657465003319901,1.0,0.21745146130867093
2021-12-16 05:00:00,1.246790004057726,0.7203977023563478,1.6548899149731775,1.0,0.21711352711386467
2021-12-16 06:00:00,1.246790004057726,0.7203977023563478,1.6471938582682515,1.0,0.2161035575999752
2021-12-16 07:00:00,1.246790004057726,0.7203977023563478,1.6596199671236411,1.0,0.21773426168667748
2021-12-16 08:00:00,1.246790004057726,0.7203977023563478,1.6539236624874973,1.0,0.21698672379228412
2021-12-16 09:00:00,1.246790004057726,0.7203977023563478,1.6555481214115777,1.0,0.21719990491253713
2021-12-16 10:00:00,1.246790004057726,0.7203977023563478,1.661953916888701,1.0,0.21804055076432305
2021-12-16 11:00:00,1.246790004057726,0.7203977023563478,1.6681827641953357,1.0,0.2188579753399953
2021-12-16 12:00:00,1.246790004057726,0.7203977023563478,1.670222253185322,1.0,0.21912562171823477
2021-12-16 13:00:00,1.246790004057726,0.7203977023563478,1.6528015190032486,1.0,0.21683946257101797
2021-12-16 14:00:00,1.246790004057726,0.7203977023563478,1.6637237382253898,1.0,0.2182728080960476
2021-12-16 15:00:00,1.246790004057726,0.7203977023563478,1.6479556524072254,1.0,0.2162035294278505
2021-12-16 16:00:00,1.246790004057726,0.7203977023563478,1.6493956912611036,1.0,0.21639250871906368
2021-12-16 17:00:00,1.246790004057726,0.7203977023563478,1.6467068262596518,1.0,0.2160396433774281
2021-12-16 18:00:00,1.246790004057726,0.7203977023563478,1.6327218074185776,1.0,0.21420436029387
2021-12-16 19:00:00,1.246790004057726,0.7203977023563478,1.6293387350073785,1.0,0.21376039267128158
2021-12-16 20:00:00,1.246790004057726,0.7203977023563478,1.6252533040231085,1.0,0.2132242530736392
2021-12-16 21:00:00,1.246790004057726,0.7203977023563478,1.627333888461519,1.0,0.21349729249297225
2021-12-16 22:00:00,1.246790004057726,0.7203977023563478,1.6325866339601238,1.0,0.21418662120002496
2021-12-16 23:00:00,1.246790004057726,0.7203977023563478,1.623265778699312,1.0,0.21296342599529494
2021-12-17 00:00:00,1.246790004057726,0.7203977023563478,1.6169357211147395,1.0,0.2121327193845327
2021-12-17 01:00:00,1.246790004057726,0.7203977023563478,1.6222706575101933,1.0,0.21283283417377258
2021-12-17 02:00:00,1.246790004057726,0.7198934239646984,1.6240285917337016,1.0,0.21276523998243832
2021-12-17 03:00:00,1.246790004057726,0.7193967738952406,1.6229084860402836,1.0,0.21291202541997364
2021-12-17 04:00:00,1.246790004057726,0.7187528455456345,1.6214562204414193,1.0,0.21310233910429782
2021-12-17 05:00:00,1.246790004057726,0.7208975666763854,1.6262932566105086,1.0,0.21246846457386176
2021-12-17 06:00:00,1.246790004057726,0.7177386132176182,1.6191688002336666,1.0,0.21340209650933128
2021-12-17 07:00:00,1.246790004057726,0.7135755170471643,1.6097796789800178,1.0,0.21463250385337732
2021-12-17 08:00:00,1.246790004057726,0.7071241862480232,1.5952298524469621,1.0,0.21653920128940313
2021-12-17 09:00:00,1.246790004057726,0.7090175705182753,1.5995000431332393,1.0,0.21597960962593085
2021-12-17 10:00:00,1.246790004057726,0.7103786145836963,1.6025696353882757,1.0,0.21557735165611758
2021-12-17 11:00:00,1.246790004057726,0.7062707854161201,1.5933051590071203,1.0,0.21679142478076538
2021-12-17 12:00:00,1.246790004057726,0.7087808410127606,1.5989661419355277,1.0,0.21604957527414356
2021-12-17 13:00:00,1.246790004057726,0.7076651101562985,1.596449809891097,1.0,0.2163793306733853
2021-12-17 14:00:00,1.246790004057726,0.7062959341612988,1.593361877518582,1.0,0.21678399204332802
2021-12-17 15:00:00,1.246790004057726,0.6913818247225842,1.5597257624309486,1.0,0.22119187238813867
2021-12-17 16:00:00,1.246790004057726,0.6996021513876802,1.5782652437792188,1.0,0.2187623464091391
2021-12-17 17:00:00,1.246790004057726,0.7081887160663969,1.5976307096776385,1.0,0.21622457840949494
2021-12-17 18:00:00,1.246790004057726,0.7034925267346691,1.5870392918337228,1.0,0.21761254198424906
2021-12-17 19:00:00,1.246790004057726,0.7069059794709934,1.5947377259612854,1.0,0.2166036925262099
2021-12-17 20:00:00,1.246790004057726,0.7033994613183792,1.5868293993781344,1.0,0.21764004756350822
2021-12-17 21:00:00,1.246790004057726,0.6947946750937546,1.5674228380312905,1.0,0.22018320095973873
2021-12-17 22:00:00,1.246790004057726,0.7048761594933646,1.5901598288595333,1.0,0.21720360790296506
2021-12-17 23:00:00,1.246790004057726,0.7000765139464405,1.579335083965473,1.0,0.21862214806825486
2021-12-18 00:00:00,1.246790004057726,0.6941030093056954,1.5658629091501903,1.0,0.22038762349297092
2021-12-18 01:00:00,1.246790004057726,0.6965517742479184,1.5713856619338975,1.0,0.21966388850213955
2021-12-18 02:00:00,1.2459172510548855,0.6858623085601467,1.5494461265841701,1.0,0.2222411020355851
2021-12-18 03:00:00,1.246871151959704,0.6863874194181613,1.550632120847789,1.0,0.22207094949283787
2021-12-18 04:00:00,1.2630036049195763,0.6952681387600178,1.5706897563651245,1.0,0.21919331526688612
2021-12-18 05:00:00,1.2660781051153764,0.6969606137620091,1.5745123123322007,1.0,0.21864489978331791
2021-12-18 06:00:00,1.271511952995861,0.6999518809978695,1.5812682682004437,1.0,0.21767563449685515
2021-12-18 07:00:00,1.2641825958431725,0.6959171589384803,1.5721556072361953,1.0,0.21898301218140584
2021-12-18 08:00:00,1.264650804935629,0.696174902355043,1.5727377361502395,1.0,0.2188994951544102
2021-12-18 09:00:00,1.264135337865929,0.6958911439962018,1.5720968509339024,1.0,0.21899144184632433
2021-12-18 10:00:00,1.2779319355459893,0.703486003387634,1.5892502948853149,1.0,0.2165304669540013
2021-12-18 11:00:00,1.2912876408834442,0.7108381569013928,1.605855573103199,1.0,0.21414813644999278
2021-12-18 12:00:00,1.2845363061576158,0.7071216291649012,1.5974615730386688,1.0,0.21535240910004946
2021-12-18 13:00:00,1.2835138402106696,0.7065587740842745,1.5961903311919547,1.0,0.21553479196588649
2021-12-18 14:00:00,1.2726928560919466,0.7006019538040542,1.5827364964941508,1.0,0.2174649903266672
2021-12-18 15:00:00,1.2825479199359162,0.7060270467091486,1.594989393128909,1.0,0.21570708846965345
2021-12-18 16:00:00,1.2787869498163449,0.7039566783548692,1.5903133424354656,1.0,0.21637795336328
2021-12-18 17:00:00,1.2771086087054613,0.7030327719655104,1.5882266446245625,1.0,0.21667732828385244
2021-12-18 18:00:00,1.2736595958691956,0.7011341323053467,1.583938453452612,1.0,0.2172925476437398
2021-12-18 19:00:00,1.2753734487548862,0.7020775874952617,1.586069303398186,1.0,0.2169868382928818
2021-12-18 20:00:00,1.2727431189116736,0.7006296228756105,1.5827989887463,1.0,0.2174560246714938
2021-12-18 21:00:00,1.2785203383377932,0.7038099119753096,1.5899818617936297,1.0,0.21642551031680843
2021-12-18 22:00:00,1.2807466534507004,0.705035471394788,1.5927498610056838,1.0,0.21602839026429124
2021-12-18 23:00:00,1.2765311326135982,0.7027148783933905,1.5875086629884543,1.0,0.21678033586557285
2021-12-19 00:00:00,1.2779879348831849,0.703516830342357,1.5893199194053726,1.0,0.2165204780447049
2021-12-19 01:00:00,1.2734170231305133,0.7010005989600098,1.58363686040963,1.0,0.21733581667522878
2021-12-19 02:00:00,1.2701293804428184,0.6991907916059547,1.5806562516875455,1.0,0.21745230409709507
2021-12-19 03:00:00,1.2701293804428184,0.6991907916059547,1.5996549152363924,1.0,0.22006664042834326
2021-12-19 04:00:00,1.2701293804428184,0.6991907916059547,1.6188668675588793,1.0,0.22271032664457371
2021-12-19 05:00:00,1.2701293804428184,0.6991907916059547,1.6251622826993257,1.0,0.22357661560640743
2021-12-19 06:00:00,1.2701293804428184,0.6991907916059547,1.6160115829728992,1.0,0.2223174214167934
2021-12-19 07:00:00,1.2701293804428184,0.6991907916059547,1.6115641044843285,1.0,0.22170542023233006
2021-12-19 08:00:00,1.2701293804428184,0.6991907916059547,1.612817685477174,1.0,0.2218779209098294
2021-12-19 09:00:00,1.2701293804428184,0.6991907916059547,1.611295455726447,1.0,0.22166845246318836
2021-12-19 10:00:00,1.2701293804428184,0.6991907916059547,1.59874843794842,1.0,0.21994190341716854
2021-12-19 11:00:00,1.2701293804428184,0.6991907916059547,1.5998780533323824,1.0,0.22009734564240913
2021-12-19 12:00:00,1.2701293804428184,0.6991907916059547,1.6003657646045921,1.0,0.220164457799789
2021-12-19 13:00:00,1.2701293804428184,0.6991907916059547,1.6035569450458758,1.0,0.22060358442286784
2021-12-19 14:00:00,1.2701293804428184,0.6991907916059547,1.6161813988754792,1.0,0.2223407891596137
2021-12-19 15:00:00,1.2701293804428184,0.6991907916059547,1.6082272219986313,1.0,0.2212462440859114
2021-12-19 16:00:00,1.2701293804428184,0.6991907916059547,1.6033925632521782,1.0,0.22058096444781777
2021-12-19 17:00:00,1.2701293804428184,0.6991907916059547,1.60107185912752,1.0,0.22026162087443574
2021-12-19 18:00:00,1.2701293804428184,0.6991907916059547,1.5999840184555925,1.0,0.220111927113929
2021-12-19 19:00:00,1.2701293804428184,0.6991907916059547,1.5991264481475633,1.0,0.21999392001268653
2021-12-19 20:00:00,1.2701293804428184,0.6991907916059547,1.583978530005621,1.0,0.2179094706176312
2021-12-19 21:00:00,1.2701293804428184,0.6991907916059547,1.5871496721704,1.0,0.21834583984705722
2021-12-19 22:00:00,1.2701293804428184,0.6991907916059547,1.5858896381732563,1.0,0.21817245119533069
2021-12-19 23:00:00,1.2701293804428184,0.6991907916059547,1.6051603467980362,1.0,0.220824222650577
2021-12-20 00:00:00,1.2701293804428184,0.6991907916059547,1.5843157843881448,1.0,0.21795587895487228
2021-12-20 01:00:00,1.2701293804428184,0.6991907916059547,1.5910391356030926,1.0,0.21888105462861313
2021-12-20 02:00:00,1.2701293804428184,0.6991907916059547,1.5821716888021695,1.0,0.21735611276323719
2021-12-20 03:00:00,1.2701293804428184,0.6991907916059547,1.5859854143423113,1.0,0.2168320543531501
2021-12-20 04:00:00,1.2701293804428184,0.6991907916059547,1.5845837538824161,1.0,0.21702466180336197
2021-12-20 05:00:00,1.2701293804428184,0.6991907916059547,1.5938971372435145,1.0,0.215744874669921
2021-12-20 06:00:00,1.2701293804428184,0.6991907916059547,1.5763055682634457,1.0,0.21816219851076804
2021-12-20 07:00:00,1.2701293804428184,0.6991907916059547,1.5801226901216392,1.0,0.21763767339980813
2021-12-20 08:00:00,1.2701293804428184,0.6991907916059547,1.5759272184324975,1.0,0.21821418898799996
2021-12-20 09:00:00,1.2701293804428184,0.6991907916059547,1.5708266279826042,1.0,0.21891508035879773
2021-12-20 10:00:00,1.2701293804428184,0.6991907916059547,1.5560703053120113,1.0,0.22094280231101648
2021-12-20 11:00:00,1.2701293804428184,0.6991907916059547,1.557521891647265,1.0,0.22074333435797416
2021-12-20 12:00:00,1.2701293804428184,0.6991907916059547,1.564123994307771,1.0,0.21983611453130367
2021-12-20 13:00:00,1.2701293804428184,0.6991907916059547,1.5518191340068233,1.0,0.22152697179352251
2021-12-20 14:00:00,1.2701293804428184,0.6991907916059547,1.5514489353391987,1.0,0.22157784218865967
2021-12-20 15:00:00,1.2701293804428184,0.6991907916059547,1.5711438440886236,1.0,0.21887149049727656
2021-12-20 16:00:00,1.2701293804428184,0.6991907916059547,1.5605578603535906,1.0,0.22032615044776235
2021-12-20 17:00:00,1.2701293804428184,0.6991907916059547,1.57490390780355,1.0,0.21835480596097998
2021-12-20 18:00:00,1.2701293804428184,0.6991907916059547,1.5649968480470322,1.0,0.21971617240698946
2021-12-20 19:00:00,1.2701293804428184,0.6991907916059547,1.5698294690026544,1.0,0.219052103735057
2021-12-20 20:00:00,1.2701293804428184,0.6991907916059547,1.5806158355027315,1.0,0.217569908433075
2021-12-20 21:00:00,1.2701293804428184,0.6991907916059547,1.5952858916948136,1.0,0.2155540406830258
2021-12-20 22:00:00,1.2701293804428184,0.6991907916059547,1.5938115500286139,1.0,0.21575663553191604
2021-12-20 23:00:00,1.2701293804428184,0.6991907916059547,1.5871320113165317,1.0,0.21667449613848677
2021-12-21 00:00:00,1.2701293804428184,0.6991907916059547,1.592065163286481,1.0,0.21599661312071894
2021-12-21 01:00:00,1.2701293804428184,0.6991907916059547,1.5883937434727013,1.0,0.21650111676423497
2021-12-21 02:00:00,1.2701293804428184,0.6991907916059547,1.5936121861589851,1.0,0.21547973308560203
2021-12-21 03:00:00,1.2701293804428184,0.6991907916059547,1.5936427530214494,1.0,0.21548386725281815
2021-12-21 04:00:00,1.2701293804428184,0.6991907916059547,1.627071013444325,1.0,0.22000503845558245
2021-12-21 05:00:00,1.2701293804428184,0.6991907916059547,1.648152638854218,1.0,0.2228563276493644
2021-12-21 06:00:00,1.2701293804428184,0.6991907916059547,1.649417088064829,1.0,0.22302734436653882
2021-12-21 07:00:00,1.2701293804428184,0.6991907916059547,1.6477821005547886,1.0,0.2228062123556665
2021-12-21 08:00:00,1.2701293804428184,0.6991907916059547,1.6490407760247117,1.0,0.22297644817458898
2021-12-21 09:00:00,1.2701293804428184,0.6991907916059547,1.6484990632954815,1.0,0.2229031815444807
2021-12-21 10:00:00,1.2701293804428184,0.6991907916059547,1.6493033114101003,1.0,0.22301195607745652
2021-12-21 11:00:00,1.2701293804428184,0.6991907916059547,1.6513394040820346,1.0,0.22328733754924285
2021-12-21 12:00:00,1.2701293804428184,0.6991907916059547,1.6581517388299345,1.0,0.22420870561614709
2021-12-21 13:00:00,1.2701293804428184,0.6991907916059547,1.654016381970306,1.0,0.22364939872699433
2021-12-21 14:00:00,1.2701293804428184,0.6991907916059547,1.6592433154517188,1.0,0.22435634132095464
2021-12-21 15:00:00,1.2701293804428184,0.6991907916059547,1.650032840527584,1.0,0.22311062486834843
2021-12-21 16:00:00,1.2701293804428184,0.6991907916059547,1.6434113788541842,1.0,0.22221507237894947
2021-12-21 17:00:00,1.2701293804428184,0.6991907916059547,1.6521212364975129,1.0,0.22339308035959352
2021-12-21 18:00:00,1.2701293804428184,0.6991907916059547,1.6511627955433514,1.0,0.22326345124977182
2021-12-21 19:00:00,1.2701293804428184,0.6991907916059547,1.6444927665218139,1.0,0.22236133002801833
2021-12-21 20:00:00,1.2701293804428184,0.6991907916059547,1.6501445793914817,1.0,0.22312573754628298
2021-12-21 21:00:00,1.2701293804428184,0.6991907916059547,1.6495648279000734,1.0,0.22304732617475018
2021-12-21 22:00:00,1.2701293804428184,0.6991907916059547,1.6660410460319968,1.0,0.22527573417463337
2021-12-21 23:00:00,1.2701293804428184,0.6991907916059547,1.6727599820334773,1.0,0.22618447006393266
2021-12-22 00:00:00,1.2701293804428184,0.6991907916059547,1.659280335318481,1.0,0.2243613482568053
2021-12-22 01:00:00,1.2701293804428184,0.6991907916059547,1.6510622645290243,1.0,0.22324985443314985
2021-12-22 02:00:00,1.2701293804428184,0.6991907916059547,1.6567595880605837,1.0,0.22370679286780884
2021-12-22 03:00:00,1.2701293804428184,0.6991907916059547,1.6744802171266129,1.0,0.22610021592676952
2021-12-22 04:00:00,1.2701293804428184,0.6991907916059547,1.6715495342798872,1.0,0.2257043855147837
2021-12-22 05:00:00,1.2701293804428184,0.6991907916059547,1.673904541216867,1.0,0.2260224627052704
2021-12-22 06:00:00,1.2701293804428184,0.6991907916059547,1.6621957347339749,1.0,0.2244410218137174
2021-12-22 07:00:00,1.2701293804428184,0.6991907916059547,1.6651090963586377,1.0,0.22483451274824215
2021-12-22 08:00:00,1.2701293804428184,0.6991907916059547,1.6694648742598148,1.0,0.225422822521532
2021-12-22 09:00:00,1.2701293804428184,0.6991907916059547,1.6715997997870509,1.0,0.22571117458663142
2021-12-22 10:00:00,1.2701293804428184,0.6991907916059547,1.660948267113622,1.0,0.22427253356441573
2021-12-22 11:00:00,1.2701293804428184,0.6991907916059547,1.665914363368672,1.0,0.22494327551412677
2021-12-22 12:00:00,1.2701293804428184,0.6991907916059547,1.662796543397303,1.0,0.22452216957114038
2021-12-22 13:00:00,1.2701293804428184,0.6991907916059547,1.6491073438585229,1.0,0.22267324842320893
2021-12-22 14:00:00,1.2701293804428184,0.6991907916059547,1.648608764368548,1.0,0.22260590817001677
2021-12-22 15:00:00,1.2701293804428184,0.6991907916059547,1.6563408220448212,1.0,0.22365023255978025
2021-12-22 16:00:00,1.2701293804428184,0.6991907916059547,1.6586873381866718,1.0,0.22396716294758995
2021-12-22 17:00:00,1.2701293804428184,0.6991907916059547,1.6629160937927192,1.0,0.2245383165528322
2021-12-22 18:00:00,1.2701293804428184,0.6991907916059547,1.6531394526493828,1.0,0.22321784207845238
2021-12-22 19:00:00,1.2701293804428184,0.6991907916059547,1.6490217566436227,1.0,0.22266168865222502
2021-12-22 20:00:00,1.2701293804428184,0.6991907916059547,1.6604802544861115,1.0,0.2242093218008607
2021-12-22 21:00:00,1.2701293804428184,0.6991907916059547,1.6615402453500159,1.0,0.22435248864705465
2021-12-22 22:00:00,1.2701293804428184,0.6991907916059547,1.664171712576396,1.0,0.22470790573270377
2021-12-22 23:00:00,1.2701293804428184,0.6991907916059547,1.66184591397466,1.0,0.22439377354342588
2021-12-23 00:00:00,1.2701293804428184,0.6991907916059547,1.6488811490762865,1.0,0.22264269759989425
2021-12-23 01:00:00,1.2701293804428184,0.6991907916059547,1.6388993703226333,1.0,0.22129451637283862
2021-12-23 02:00:00,1.2701293804428184,0.6987013580518305,1.6443963110891482,1.0,0.2217261038686982
2021-12-23 03:00:00,1.2701293804428184,0.697278224717002,1.6410478811220757,1.0,0.22217772143889594
2021-12-23 04:00:00,1.2701293804428184,0.699735616125068,1.6468297729731198,1.0,0.22139789209362296
2021-12-23 05:00:00,1.2701293804428184,0.6974821893586606,1.6415277808627666,1.0,0.22211299523677713
2021-12-23 06:00:00,1.2701293804428184,0.6977892189360193,1.642250177712342,1.0,0.22201556237626283
2021-12-23 07:00:00,1.2701293804428184,0.698848160628311,1.644741716634996,1.0,0.2216795174939248
2021-12-23 08:00:00,1.2701293804428184,0.6940875421697807,1.6335406597008184,1.0,0.22319025361981193
2021-12-23 09:00:00,1.2701293804428184,0.6972233722302147,1.6409188210361147,1.0,0.22219512834392435
2021-12-23 10:00:00,1.2701293804428184,0.6976048857106846,1.6418164678971527,1.0,0.22207405873868724
2021-12-23 11:00:00,1.2701293804428184,0.6983687787635209,1.6436137994100595,1.0,0.22183164468234418
2021-12-23 12:00:00,1.2701293804428184,0.6973130127415169,1.641129732387119,1.0,0.22216668179649635
2021-12-23 13:00:00,1.2701293804428184,0.7009230281153612,1.6496235842023663,1.0,0.22102107840740257
2021-12-23 14:00:00,1.2701293804428184,0.7008895392286911,1.649544789623569,1.0,0.22103170578099887
2021-12-23 15:00:00,1.2701293804428184,0.7007193521710013,1.6491443637252854,1.0,0.22108571299423177
2021-12-23 16:00:00,1.2701293804428184,0.7037587573336094,1.6562956510147349,1.0,0.22012118722507834
2021-12-23 17:00:00,1.2701293804428184,0.7077062598498443,1.6655835619904462,1.0,0.21886848556241503
2021-12-23 18:00:00,1.2701293804428184,0.7217005727157506,1.6985101862371002,1.0,0.2144275260132183
2021-12-23 19:00:00,1.2701293804428184,0.7296690512107855,1.7172588807773495,1.0,0.2118988065966825
2021-12-23 20:00:00,1.2701293804428184,0.7368773897178693,1.7342190742316255,1.0,0.20961131023772475
2021-12-23 21:00:00,1.2701293804428184,0.7343211194849368,1.7282045345940467,1.0,0.21042251781969368
2021-12-23 22:00:00,1.2701293804428184,0.7328483302147009,1.724739271285999,1.0,0.21088989321970664
2021-12-23 23:00:00,1.2701293804428184,0.7319501929178853,1.7226260821942931,1.0,0.2111749083857245
2021-12-24 00:00:00,1.2701293804428184,0.733060667078027,1.7252388696713894,1.0,0.21082251017418874
2021-12-24 01:00:00,1.2701293804428184,0.7336898828409358,1.7267193247100818,1.0,0.21062283465045492
2021-12-24 02:00:00,1.2701293804428184,0.7396369518122752,1.7419317728950046,1.0,0.20826065433225086
2021-12-24 03:00:00,1.2701293804428184,0.7396369518122752,1.7326492960281759,1.0,0.2071505351972661
2021-12-24 04:00:00,1.2701293804428184,0.7396369518122752,1.7324407620998075,1.0,0.20712559600188793
2021-12-24 05:00:00,1.2701293804428184,0.7396369518122752,1.7292169770052286,1.0,0.2067400539130776
2021-12-24 06:00:00,1.2701293804428184,0.7396369518122752,1.7315801351055322,1.0,0.20702267104897545
2021-12-24 07:00:00,1.2701293804428184,0.7396369518122752,1.7273068877330087,1.0,0.2065116206316333
2021-12-24 08:00:00,1.2701293804428184,0.7396369518122752,1.7310822348791675,1.0,0.2069631256736914
2021-12-24 09:00:00,1.2701293804428184,0.7396369518122752,1.7335489806800448,1.0,0.20725813117211425
2021-12-24 10:00:00,1.2701293804428184,0.7396369518122752,1.7402933890669126,1.0,0.20806471511644584
2021-12-24 11:00:00,1.2701293804428184,0.7396369518122752,1.7374367459537114,1.0,0.2077230806338306
2021-12-24 12:00:00,1.2701293804428184,0.7396369518122752,1.7306070899837487,1.0,0.20690630167640467
2021-12-24 13:00:00,1.2701293804428184,0.7396369518122752,1.731690175810404,1.0,0.20703583114555935
2021-12-24 14:00:00,1.2701293804428184,0.7396369518122752,1.7323670619980878,1.0,0.20711678198658326
2021-12-24 15:00:00,1.2701293804428184,0.7396369518122752,1.7221607866212238,1.0,0.20589618302842488
2021-12-24 16:00:00,1.2701293804428184,0.7396369518122752,1.7288230041112431,1.0,0.2066929375179006
2021-12-24 17:00:00,1.2701293804428184,0.7396369518122752,1.7289303277616734,1.0,0.20670577267382811
2021-12-24 18:00:00,1.2701293804428184,0.7396369518122752,1.7344551183362118,1.0,0.20736649888102132
2021-12-24 19:00:00,1.2701293804428184,0.7396369518122752,1.7511497197188528,1.0,0.20936305612664627
2021-12-24 20:00:00,1.2701293804428184,0.7396369518122752,1.7357477569866508,1.0,0.2075210893983003
2021-12-24 21:00:00,1.2701293804428184,0.7396369518122752,1.7347719948104259,1.0,0.20740439508507313
2021-12-24 22:00:00,1.2701293804428184,0.7396369518122752,1.7269737089321466,1.0,0.2064717747836431
2021-12-24 23:00:00,1.2701293804428184,0.7396369518122752,1.7233590076298284,1.0,0.2060394818578942
2021-12-25 00:00:00,1.2701293804428184,0.7396369518122752,1.7249478052143672,1.0,0.20622949090672005
2021-12-25 01:00:00,1.2701293804428184,0.7396369518122752,1.7324896690797507,1.0,0.207131444933703
2021-12-25 02:00:00,1.2701293804428184,0.7391192059460066,1.7303921030510823,1.0,0.20659095724369067
2021-12-25 03:00:00,1.2701293804428184,0.7361306005611623,1.7233973860238117,1.0,0.2057556131715685
2021-12-25 04:00:00,1.2701293804428184,0.7371401527661811,1.72576020449231,1.0,0.20603779276417614
2021-12-25 05:00:00,1.2701293804428184,0.7376406480306786,1.7269315945883068,1.0,0.20617768602490685
2021-12-25 06:00:00,1.2701293804428184,0.7378202981140212,1.727352058763095,1.0,0.20622789995844837
2021-12-25 07:00:00,1.2701293804428184,0.7387912502203572,1.7296245351714206,1.0,0.2064992904506343
2021-12-25 08:00:00,1.2701293804428184,0.7383447370487541,1.7285794881069434,1.0,0.20637448570628278
2021-12-25 09:00:00,1.2701293804428184,0.7377953386517151,1.7272936420926075,1.0,0.2062209235476494
2021-12-25 10:00:00,1.2701293804428184,0.7368225000743907,1.7250167504708147,1.0,0.20594900576860073
2021-12-25 11:00:00,1.2701293804428184,0.7344410481214564,1.7194430529163334,1.0,0.20528336694521657
2021-12-25 12:00:00,1.2701293804428184,0.7350130841703545,1.7207818814922742,1.0,0.20544325654620252
2021-12-25 13:00:00,1.2701293804428184,0.7365727603381771,1.7244322441341342,1.0,0.20587920110008304
2021-12-25 14:00:00,1.2701293804428184,0.7373334434859,1.726212594056783,1.0,0.20609181938734034
2021-12-25 15:00:00,1.2701293804428184,0.735895081913937,1.7228461636040369,1.0,0.2056897834347851
2021-12-25 16:00:00,1.2701293804428184,0.7347562338896468,1.720180733197141,1.0,0.20537146441181767
2021-12-25 17:00:00,1.2701293804428184,0.7339208174681586,1.7182254728948347,1.0,0.2051379574526913
2021-12-25 18:00:00,1.2701293804428184,0.7364694397732823,1.7241904262888603,1.0,0.20585032200421746
2021-12-25 19:00:00,1.2701293804428184,0.7393910028814673,1.7310282334221472,1.0,0.20666692711244936
2021-12-25 20:00:00,1.2701293804428184,0.7381228590379055,1.7280601910768536,1.0,0.20631246865912206
2021-12-25 21:00:00,1.2701293804428184,0.7376317961283492,1.726910877048192,1.0,0.2061752118327049
2021-12-25 22:00:00,1.2701293804428184,0.7388555353471106,1.7297749920611065,1.0,0.20651725876449448
2021-12-25 23:00:00,1.2701293804428184,0.7338289608423463,1.7180104859621683,1.0,0.20511228263852993
2021-12-26 00:00:00,1.2701293804428184,0.73090536615002,1.7111679239836093,1.0,0.20429510968290743
2021-12-26 01:00:00,1.2701293804428184,0.7306046916971238,1.7104642068833178,1.0,0.20421106826909646
2021-12-26 02:00:00,1.2701293804428184,0.7322566236825312,1.7155318530481105,1.0,0.20452952825564394
2021-12-26 03:00:00,1.2701293804428184,0.7322566236825312,1.6985329415680461,1.0,0.20655676880012813
2021-12-26 04:00:00,1.2701293804428184,0.7322566236825312,1.6863421975536321,1.0,0.2080106013330189
2021-12-26 05:00:00,1.2701293804428184,0.7322566236825312,1.6927055390551105,1.0,0.20725172780718615
2021-12-26 06:00:00,1.2701293804428184,0.7322566236825312,1.6924114179118417,1.0,0.20728680383586737
2021-12-26 07:00:00,1.2701293804428184,0.7322566236825312,1.693689452394659,1.0,0.2071343891754431
2021-12-26 08:00:00,1.2701293804428184,0.7322566236825312,1.694601703423319,1.0,0.2070255967816351
2021-12-26 09:00:00,1.2701293804428184,0.7322566236825312,1.6934462760221642,1.0,0.20716338967952597
2021-12-26 10:00:00,1.2701293804428184,0.7322566236825312,1.6974902719262048,1.0,0.20668111453690796
2021-12-26 11:00:00,1.2701293804428184,0.7322566236825312,1.6998031645193445,1.0,0.20640528572014233
2021-12-26 12:00:00,1.2701293804428184,0.7322566236825312,1.688266890993474,1.0,0.20778106801369278
2021-12-26 13:00:00,1.2701293804428184,0.7322566236825312,1.6927731257843373,1.0,0.20724366761121898
2021-12-26 14:00:00,1.2701293804428184,0.7322566236825312,1.6918187604118375,1.0,0.20735748243869498
2021-12-26 15:00:00,1.2701293804428184,0.7322566236825312,1.693733944161135,1.0,0.20712908321729387
2021-12-26 16:00:00,1.2701293804428184,0.7322566236825312,1.6987869861583058,1.0,0.20652647218413098
2021-12-26 17:00:00,1.2701293804428184,0.7322566236825312,1.7052708969506158,1.0,0.20575321991674872
2021-12-26 18:00:00,1.2701293804428184,0.7322566236825312,1.70550286547354,1.0,0.20572555602807754
2021-12-26 19:00:00,1.2701293804428184,0.7322566236825312,1.708858088076716,1.0,0.2053254219780294
2021-12-26 20:00:00,1.2701293804428184,0.7322566236825312,1.7086668753704108,1.0,0.20534822544702191
2021-12-26 21:00:00,1.2701293804428184,0.7322566236825312,1.7061617511755505,1.0,0.20564697924327205
2021-12-26 22:00:00,1.2701293804428184,0.7322566236825312,1.7238592852788293,1.0,0.20353642300479563
2021-12-26 23:00:00,1.2701293804428184,0.7322566236825312,1.730198512922141,1.0,0.20278042522727274
2021-12-27 00:00:00,1.2701293804428184,0.7322566236825312,1.723465652016649,1.0,0.20358336655819229
2021-12-27 01:00:00,1.2701293804428184,0.7322566236825312,1.7184391013002804,1.0,0.20418281831856405
2021-12-27 02:00:00,1.2701293804428184,0.7322566236825312,1.723680638949315,1.0,0.20327138698101152
2021-12-27 03:00:00,1.2701293804428184,0.7322566236825312,1.7250799219865744,1.0,0.20343645114419373
2021-12-27 04:00:00,1.2701293804428184,0.7322566236825312,1.7316606278433548,1.0,0.20421273348055727
2021-12-27 05:00:00,1.2701293804428184,0.7322566236825312,1.7313070711341834,1.0,0.2041710267344717
2021-12-27 06:00:00,1.2701293804428184,0.7322566236825312,1.7264262224622287,1.0,0.20359526530508065
2021-12-27 07:00:00,1.2701293804428184,0.7322566236825312,1.7291680700252854,1.0,0.2039187029238597
2021-12-27 08:00:00,1.2701293804428184,0.7322566236825312,1.720995849529525,1.0,0.20295468013393506
2021-12-27 09:00:00,1.2701293804428184,0.7322566236825312,1.7164627838260542,1.0,0.20241994436063587
2021-12-27 10:00:00,1.2701293804428184,0.7322566236825312,1.7229368452960148,1.0,0.20318364656417442
2021-12-27 11:00:00,1.2701293804428184,0.7322566236825312,1.7242338991599206,1.0,0.20333665142805613
2021-12-27 12:00:00,1.2701293804428184,0.7322566236825312,1.723443236317508,1.0,0.20324338216303475
2021-12-27 13:00:00,1.2701293804428184,0.7322566236825312,1.735111626615586,1.0,0.2046198249762112
2021-12-27 14:00:00,1.2701293804428184,0.7322566236825312,1.7414012680153446,1.0,0.20536177236406822
2021-12-27 15:00:00,1.2701293804428184,0.7322566236825312,1.7480672214552202,1.0,0.20614811079386836
2021-12-27 16:00:00,1.2701293804428184,0.7322566236825312,1.7466815236901676,1.0,0.2059846491953773
2021-12-27 17:00:00,1.2701293804428184,0.7322566236825312,1.7469742863062157,1.0,0.20601918446447026
2021-12-27 18:00:00,1.2701293804428184,0.7322566236825312,1.7597485177618943,1.0,0.20752607604350137
2021-12-27 19:00:00,1.2701293804428184,0.7322566236825312,1.7549247272332065,1.0,0.2069570453858129
2021-12-27 20:00:00,1.2701293804428184,0.7322566236825312,1.7384841704408251,1.0,0.2050176616607741
2021-12-27 21:00:00,1.2701293804428184,0.7322566236825312,1.7388078395511426,1.0,0.20505584276453928
2021-12-27 22:00:00,1.2701293804428184,0.7322566236825312,1.7304990870697077,1.0,0.20407571419946918
2021-12-27 23:00:00,1.2701293804428184,0.7322566236825312,1.731662665634186,1.0,0.20421297386526097
2021-12-28 00:00:00,1.2701293804428184,0.7322566236825312,1.7214954479149154,1.0,0.20301361445044985
2021-12-28 01:00:00,1.2701293804428184,0.7322566236825312,1.7092102862586669,1.0,0.20156441520029791
2021-12-28 02:00:00,1.2692402898765085,0.7322566236825312,1.6912824817914898,1.0,0.19917035940603398
2021-12-28 03:00:00,1.2682847253135001,0.7322566236825312,1.6900095417857501,1.0,0.1993203074804593
2021-12-28 04:00:00,1.2694526658853096,0.7322566236825312,1.691565395085188,1.0,0.1991370331664405
2021-12-28 05:00:00,1.2494051865047104,0.7322566236825312,1.664859466981845,1.0,0.20228290216009454
2021-12-28 06:00:00,1.2528888669179838,0.7322566236825312,1.6695001959675515,1.0,0.2017362398097882
2021-12-28 07:00:00,1.253418404697431,0.7322566236825312,1.6702056112268688,1.0,0.20165314425200231
2021-12-28 08:00:00,1.2534273280591455,0.7322566236825312,1.6702174983400497,1.0,0.20165174398983451
2021-12-28 09:00:00,1.2573961843964863,0.7322566236825312,1.6755045466509757,1.0,0.20102894738509072
2021-12-28 10:00:00,1.248723186716544,0.7322566236825312,1.663950951903042,1.0,0.20238992219720442
2021-12-28 11:00:00,1.2490660987595659,0.7322566236825312,1.664407756680982,1.0,0.20233611212247068
2021-12-28 12:00:00,1.253025011922425,0.7322566236825312,1.6696815593515069,1.0,0.20171487580985673
2021-12-28 13:00:00,1.2506128997744466,0.7322566236825312,1.666468302842888,1.0,0.2020933866775564
2021-12-28 14:00:00,1.2486943770058663,0.7322566236825312,1.6639125735090587,1.0,0.20239444304363188
2021-12-28 15:00:00,1.2499178973734966,0.7322566236825312,1.6655424665420218,1.0,0.2022024470966822
2021-12-28 16:00:00,1.2463885803388843,0.7322566236825312,1.6608409434631917,1.0,0.20275627078778954
2021-12-28 17:00:00,1.2386283150857216,0.7322566236825312,1.6505032305777305,1.0,0.2039740187838833
2021-12-28 18:00:00,1.2233397919839692,0.7322566236825312,1.6301368697495047,1.0,0.2063731079597081
2021-12-28 19:00:00,1.2176250161889224,0.7322566236825312,1.6225240228368425,1.0,0.2072698758594532
2021-12-28 20:00:00,1.2146425737508024,0.7322566236825312,1.6185510099800806,1.0,0.20773788348342007
2021-12-28 21:00:00,1.2169720810646254,0.7322566236825312,1.6216542257838278,1.0,0.20737233504264513
2021-12-28 22:00:00,1.2110181591756346,0.7322566236825312,1.6137228042379257,1.0,0.20830662996848706
2021-12-28 23:00:00,1.2141734598778207,0.7322566236825312,1.6179260874585861,1.0,0.20781149726595546
2021-12-29 00:00:00,1.2106999775922207,0.7322566236825312,1.6132989437450858,1.0,0.20835655931664152
2021-12-29 01:00:00,1.2165537028768194,0.7322566236825312,1.6210968899915603,1.0,0.20743798733456933
2021-12-29 02:00:00,1.2139072222799558,0.7322566236825312,1.6198385541534421,1.0,0.20730737245996514
2021-12-29 03:00:00,1.220526265815124,0.7322566236825312,1.6286686414557976,1.0,0.20617699239607803
2021-12-29 04:00:00,1.2206505049491354,0.7322566236825312,1.628834381776716,1.0,0.2061557752157566
2021-12-29 05:00:00,1.2153199332525566,0.7322566236825312,1.621723171040275,1.0,0.20706611398946592
2021-12-29 06:00:00,1.2181387358996347,0.7322566236825312,1.625483574387007,1.0,0.20658472747200915
2021-12-29 07:00:00,1.2169370787018197,0.7322566236825312,1.6238805122666518,1.0,0.20678994282265906
2021-12-29 08:00:00,1.2100148203949146,0.7322566236825312,1.6146459234843507,1.0,0.20797210498032245
2021-12-29 09:00:00,1.2139181695806986,0.7322566236825312,1.619853158321064,1.0,0.20730550291333846
2021-12-29 10:00:00,1.2194478293977629,0.7322566236825312,1.6272299611291399,1.0,0.20636116447772063
2021-12-29 11:00:00,1.2133613847731517,0.7322566236825312,1.619110383563179,1.0,0.20740058892432817
2021-12-29 12:00:00,1.2144250550639297,0.7322566236825312,1.6205293652451378,1.0,0.20721893855674015
2021-12-29 13:00:00,1.1908781749313204,0.7322566236825312,1.589116819585887,1.0,0.21124020291725087
2021-12-29 14:00:00,1.205563087818433,0.7322566236825312,1.6087071217393223,1.0,0.20873235828995476
2021-12-29 15:00:00,1.2162797314804725,0.7322566236825312,1.6230035829457286,1.0,0.20690220257591713
2021-12-29 16:00:00,1.2196812869508131,0.7322566236825312,1.6275414034944717,1.0,0.20632129530896087
2021-12-29 17:00:00,1.2140912896854688,0.7322566236825312,1.620084107948573,1.0,0.20727593798993973
2021-12-29 18:00:00,1.2097174611561332,0.7322566236825312,1.6142492335359238,1.0,0.2080228870840426
2021-12-29 19:00:00,1.2088337848566384,0.7322566236825312,1.6130703715402133,1.0,0.20817379862686164
2021-12-29 20:00:00,1.1988465369301369,0.7322566236825312,1.5997469554555905,1.0,0.2098793903621679
2021-12-29 21:00:00,1.2050284522007608,0.7322566236825312,1.6079938949484864,1.0,0.20882366172986255
2021-12-29 22:00:00,1.2015253159630628,0.7322566236825312,1.6033205613094845,1.0,0.20942191665040127
2021-12-29 23:00:00,1.2026747825410575,0.7322566236825312,1.604853998909782,1.0,0.2092256142545995
2021-12-30 00:00:00,1.1813698077652193,0.7322566236825312,1.5764322509267703,1.0,0.21286401285709686
2021-12-30 01:00:00,1.1873371050236063,0.7322566236825312,1.5843928808079162,1.0,0.21184493603424023
2021-12-30 02:00:00,1.1826875929953589,0.7322566236825312,1.5804022070972858,1.0,0.21206556772426496
2021-12-30 03:00:00,1.1851670740038298,0.7322566236825312,1.5837146360930114,1.0,0.2116209764806964
2021-12-30 04:00:00,1.181224513614271,0.7322566236825312,1.57844762605859,1.0,0.21232790983507568
2021-12-30 05:00:00,1.1867981977760385,0.7322566236825312,1.5858937137549183,1.0,0.21132850263482986
2021-12-30 06:00:00,1.187561388792898,0.7322566236825312,1.5869132884340087,1.0,0.21119165623749644
2021-12-30 07:00:00,1.190846262586649,0.7322566236825312,1.5913016709884813,1.0,0.2106026514740237
2021-12-30 08:00:00,1.1928538973168752,0.7322566236825312,1.59398374335383,1.0,0.21024266613100503
2021-12-30 09:00:00,1.188558469128715,0.7322566236825312,1.5882453243738464,1.0,0.2110128715704939
2021-12-30 10:00:00,1.1874309700748271,0.7322566236825312,1.5867390573179616,1.0,0.21121504138134456
2021-12-30 11:00:00,1.1924011181026757,0.7322566236825312,1.59337885910884,1.0,0.21032385315087537
2021-12-30 12:00:00,1.2065743023764643,0.7322566236825312,1.6123133322465115,1.0,0.2077824851790771
2021-12-30 13:00:00,1.206542269708868,0.7322566236825312,1.6122705386390612,1.0,0.20778822889861875
2021-12-30 14:00:00,1.2016677112287673,0.7322566236825312,1.605758438406923,1.0,0.20866227714061444
2021-12-30 15:00:00,1.2025392031694049,0.7322566236825312,1.6069226962350116,1.0,0.2085060115010212
2021-12-30 16:00:00,1.197722100108961,0.7322566236825312,1.6004873527908396,1.0,0.20936975751590248
2021-12-30 17:00:00,1.2085333796502549,0.7322566236825312,1.6149305349370746,1.0,0.20743120658552236
2021-12-30 18:00:00,1.2101510293638713,0.7322566236825312,1.617091612113308,1.0,0.20714114874866937
2021-12-30 19:00:00,1.2152904929204436,0.7322566236825312,1.623957608686423,1.0,0.2062196008577658
2021-12-30 20:00:00,1.2077737478186839,0.7322566236825312,1.6139157151032566,1.0,0.20756741479179558
2021-12-30 21:00:00,1.198700367608253,0.7322566236825312,1.6017942559770952,1.0,0.20919434614450377
2021-12-30 22:00:00,1.2011938311303574,0.7322566236825312,1.6051253647221049,1.0,0.20874724772177017
2021-12-30 23:00:00,1.1957693785231855,0.7322566236825312,1.5978786408954053,1.0,0.2097198964825641
2021-12-31 00:00:00,1.1964565555113837,0.7322566236825312,1.5987966656647528,1.0,0.20959668002287313
2021-12-31 01:00:00,1.1950458469995406,0.7322566236825312,1.5969120487779198,1.0,0.20984963160808404
2021-12-31 02:00:00,1.1960307784377167,0.7322566236825312,1.5982278545628683,1.0,0.20937236555204755
