open_timestamp,logistic,hist_gradient_boosting,buy_and_hold,cash,24h_momentum
2022-01-01 02:00:00,1.0,0.9993,0.9993,1.0,0.9993
2022-01-01 03:00:00,1.0,0.9999138886370517,0.9999138886370517,1.0,0.9986861113629483
2022-01-01 04:00:00,1.0,0.999772764812442,0.999772764812442,1.0,0.9988272351875578
2022-01-01 05:00:00,1.0,0.9976614668666918,0.9976614668666918,1.0,1.0009385331333083
2022-01-01 06:00:00,1.0,1.0082111142281895,1.0082111142281895,1.0,0.9903888857718104
2022-01-01 07:00:00,1.0,1.0036780459225478,1.0036780459225478,1.0,0.9949219540774521
2022-01-01 08:00:00,1.0,1.0082675637580334,1.0082675637580334,1.0,0.9903324362419667
2022-01-01 09:00:00,1.0,1.0068124915967178,1.0068124915967178,1.0,0.9917875084032823
2022-01-01 10:00:00,1.0,1.0072022927062076,1.0072022927062076,1.0,0.9913977072937924
2022-01-01 11:00:00,1.0,1.001441019478509,1.001441019478509,1.0,0.997158980521491
2022-01-01 12:00:00,1.0,0.9990342167969852,0.9990342167969852,1.0,0.9995657832030148
2022-01-01 13:00:00,1.0,1.005606310544259,1.005606310544259,1.0,0.992993689455741
2022-01-01 14:00:00,1.0,1.0043913627087564,1.0043913627087564,1.0,0.9942086372912436
2022-01-01 15:00:00,1.0,1.0023311686934329,1.0023311686934329,1.0,0.9962688313065672
2022-01-01 16:00:00,1.0,1.0084373399955182,1.0084373399955182,1.0,0.9901626600044818
2022-01-01 17:00:00,1.0,1.0096182898187287,1.0096182898187287,1.0,0.9889817101812715
2022-01-01 18:00:00,1.0,1.0199494090760581,1.0199494090760581,1.0,0.9786505909239419
2022-01-01 19:00:00,1.0,1.0159633025027668,1.0159633025027668,1.0,0.9826366974972331
2022-01-01 20:00:00,1.0,1.0112645206151971,1.0112645206151971,1.0,0.9873354793848028
2022-01-01 21:00:00,1.0,1.0125094038074354,1.0125094038074354,1.0,0.9860905961925648
2022-01-01 22:00:00,1.0,1.0111618851063904,1.0111618851063904,1.0,0.9874381148936097
2022-01-01 23:00:00,1.0,1.0134279916112576,1.0134279916112576,1.0,0.9851720083887423
2022-01-02 00:00:00,1.0,1.0193333821992394,1.0193333821992394,1.0,0.9792666178007606
2022-01-02 01:00:00,1.0,1.0175755352869433,1.0175755352869433,1.0,0.9810244647130568
2022-01-02 02:00:00,1.0,1.011714687504811,1.0124238742167628,1.0,0.9847771122139356
2022-01-02 03:00:00,1.0,1.011714687504811,1.0122759080248995,1.0,0.9846331853024369
2022-01-02 04:00:00,1.0,1.011714687504811,1.011345132254406,1.0,0.9837278184733126
2022-01-02 05:00:00,1.0,1.011714687504811,1.0022176281618151,1.0,0.9748494831103837
2022-01-02 06:00:00,1.0,1.011714687504811,1.005910154415123,1.0,0.9784412083049961
2022-01-02 07:00:00,1.0,1.011714687504811,1.0068918202920665,1.0,0.9793960760083064
2022-01-02 08:00:00,1.0,1.011714687504811,1.0079374195380375,1.0,0.9804131317846486
2022-01-02 09:00:00,1.0,1.011714687504811,1.0087920739728324,1.0,0.9812444552893603
2022-01-02 10:00:00,1.0,1.011714687504811,1.0099001098199945,1.0,0.9823222432306702
2022-01-02 11:00:00,1.0,1.011714687504811,1.008034923271404,1.0,0.980507973795694
2022-01-02 12:00:00,1.0,1.011714687504811,1.0092182251583581,1.0,0.9816589731139513
2022-01-02 13:00:00,1.0,1.011714687504811,1.0102507811417516,1.0,0.9826633416914476
2022-01-02 14:00:00,1.0,1.011714687504811,1.007118259883372,1.0,0.9796163340997474
2022-01-02 15:00:00,1.0,1.011714687504811,1.0066290306247252,1.0,0.9791404601495896
2022-01-02 16:00:00,1.0,1.011714687504811,1.0113220392649245,1.0,0.9837053558917492
2022-01-02 17:00:00,1.0,1.011714687504811,1.0209511744068096,1.0,0.9930716284430828
2022-01-02 18:00:00,1.0,1.011714687504811,1.0128598613052158,1.0,0.9852011974343777
2022-01-02 19:00:00,1.0,1.011714687504811,1.0052768077961933,1.0,0.9778251512069335
2022-01-02 20:00:00,1.0,1.011714687504811,1.002319622198692,1.0,0.974948692845622
2022-01-02 21:00:00,1.0,1.011714687504811,1.0045393289006197,1.0,0.9771078045049695
2022-01-02 22:00:00,1.0,1.011714687504811,1.0047204378088688,1.0,0.977283969380749
2022-01-02 23:00:00,1.0,1.011714687504811,1.009870815935189,1.0,0.9822937490299833
2022-01-03 00:00:00,1.0,1.011714687504811,1.010259975572749,1.0,0.9826722851266997
2022-01-03 01:00:00,1.0,1.011714687504811,1.0055436601190915,1.0,0.9780847188161105
2022-01-03 02:00:00,1.0,1.011714687504811,1.0067834115358891,1.0,0.9779196171013664
2022-01-03 03:00:00,1.0,1.011714687504811,1.0043877277011528,1.0,0.9802466304205332
2022-01-03 04:00:00,1.0,1.011714687504811,1.000057364525405,1.0,0.9844528669199765
2022-01-03 05:00:00,1.0,1.011714687504811,1.0005001939811116,1.0,0.9840227308450038
2022-01-03 06:00:00,1.0,1.011714687504811,1.0060553408952897,1.0,0.9786268181324055
2022-01-03 07:00:00,1.0,1.011714687504811,1.0027940976029477,1.0,0.9817945802837739
2022-01-03 08:00:00,1.0,1.011714687504811,1.0051872155499637,1.0,0.9794700593030425
2022-01-03 09:00:00,1.0,1.011714687504811,1.0036314322956315,1.0,0.9809812471743613
2022-01-03 10:00:00,1.0,1.011714687504811,1.003824087698621,1.0,0.9807941140968384
2022-01-03 11:00:00,1.0,1.011714687504811,1.0067562558908507,1.0,0.9779459943498074
2022-01-03 12:00:00,1.0,1.011714687504811,1.0120582352166378,1.0,0.9727959923628334
2022-01-03 13:00:00,1.0,1.011714687504811,1.0083915816645084,1.0,0.9763575439869919
2022-01-03 14:00:00,1.0,1.011714687504811,1.0076367830268238,1.0,0.9770907068767328
2022-01-03 15:00:00,1.0,1.011714687504811,1.0015926206779762,1.0,0.9829616177561405
2022-01-03 16:00:00,1.0,1.011714687504811,0.9976439333006039,1.0,0.9867971189133212
2022-01-03 17:00:00,1.0,1.011714687504811,0.9932393732049476,1.0,0.9910754255325209
2022-01-03 18:00:00,1.0,1.011714687504811,0.9949612976891614,1.0,0.9894028587475112
2022-01-03 19:00:00,1.0,1.011714687504811,0.9929291146147832,1.0,0.9913767907883324
2022-01-03 20:00:00,1.0,1.011714687504811,0.9906854596274672,1.0,0.9935561330552029
2022-01-03 21:00:00,1.0,1.011714687504811,0.9808536193556884,1.0,1.003106150854971
2022-01-03 22:00:00,1.0,1.011714687504811,0.9823283633228588,1.0,1.0016736793392362
2022-01-03 23:00:00,1.0,1.011714687504811,0.987472112905902,1.0,0.9966773715557773
2022-01-04 00:00:00,1.0,1.011714687504811,0.9924225656140254,1.0,0.9918688199344503
2022-01-04 01:00:00,1.0,1.011714687504811,0.9882681795710861,1.0,0.9959041235562005
2022-01-04 02:00:00,1.0,1.011714687504811,0.9842882738931187,1.0,0.9984008499937408
2022-01-04 03:00:00,1.0,1.011714687504811,0.9852810586168496,1.0,0.9973938416238659
2022-01-04 04:00:00,1.0,1.011714687504811,0.9896032964814836,1.0,0.9930096789728537
2022-01-04 05:00:00,1.0,1.011714687504811,0.9851897557788067,1.0,0.9974864525594542
2022-01-04 06:00:00,1.0,1.011714687504811,0.9861295121563206,1.0,0.9965332322739492
2022-01-04 07:00:00,1.0,1.011714687504811,0.9905693532081292,1.0,0.9920297815326008
2022-01-04 08:00:00,1.0,1.011714687504811,0.9940452757730591,1.0,0.9885040593571355
2022-01-04 09:00:00,1.0,1.011714687504811,0.9930704522633694,1.0,0.9894928491823044
2022-01-04 10:00:00,1.0,1.011714687504811,0.9904654347554622,1.0,0.9921351888269706
2022-01-04 11:00:00,1.0,1.011714687504811,0.9957165239747995,1.0,0.986808867149739
2022-01-04 12:00:00,1.0,1.011714687504811,0.9980711536060131,1.0,0.9844205026937706
2022-01-04 13:00:00,1.0,1.011714687504811,0.9963370411551284,1.0,0.9861794598076375
2022-01-04 14:00:00,1.0,1.011714687504811,1.0028430632936076,1.0,0.9795802257628
2022-01-04 15:00:00,1.0,1.011714687504811,1.0107517707191158,1.0,0.9715582101314064
2022-01-04 16:00:00,1.0,1.011714687504811,1.0026749976479363,1.0,0.9797506992882623
2022-01-04 17:00:00,1.0,1.011714687504811,0.9993109050228105,1.0,0.9831629893341898
2022-01-04 18:00:00,1.0,1.011714687504811,0.9949497511944206,1.0,0.9875866254987313
2022-01-04 19:00:00,1.0,1.011714687504811,0.9773886018135693,1.0,1.0053993738100493
2022-01-04 20:00:00,1.0,1.011714687504811,0.9841323962141181,1.0,0.9985589609352956
2022-01-04 21:00:00,1.0,1.011714687504811,0.9885780105132972,1.0,0.9940496542331487
2022-01-04 22:00:00,1.0,1.011714687504811,0.987820859811869,1.0,0.9948176526474772
2022-01-04 23:00:00,1.0,1.011714687504811,0.986282182475671,1.0,0.9963783746439491
2022-01-05 00:00:00,1.0,1.011714687504811,0.9793281991060447,1.0,1.003431987869249
2022-01-05 01:00:00,1.0,1.011714687504811,0.9884514267191019,1.0,0.9941780515958378
2022-01-05 02:00:00,1.0,1.011714687504811,0.9852874733361501,1.0,0.9959895743073877
2022-01-05 03:00:00,1.0,1.011714687504811,0.9891224063579276,1.0,0.992113025191472
2022-01-05 04:00:00,1.0,1.011714687504811,0.9917184432588142,1.0,0.9894888165036363
2022-01-05 05:00:00,1.0,1.011714687504811,0.9918495173565197,1.0,0.9893563200102962
2022-01-05 06:00:00,1.0,1.011714687504811,0.9893631721556706,1.0,0.9918696466408993
2022-01-05 07:00:00,1.0,1.011714687504811,0.9925976874509272,1.0,0.9886000308908878
2022-01-05 08:00:00,1.0,1.011714687504811,0.9914291394183644,1.0,0.9897812598241735
2022-01-05 09:00:00,1.0,1.011714687504811,0.9962331227024613,1.0,0.9849251444638568
2022-01-05 10:00:00,1.0,1.011714687504811,1.001081581373708,1.0,0.9800240710764363
2022-01-05 11:00:00,1.0,1.011714687504811,1.0001972054061545,1.0,0.9809180441538506
2022-01-05 12:00:00,1.0,1.011714687504811,0.9887048081314692,1.0,0.9925351551286553
2022-01-05 13:00:00,1.0,1.011714687504811,0.9877714664732556,1.0,0.9934786252647564
2022-01-05 14:00:00,1.0,1.011714687504811,0.9920710389963615,1.0,0.9891323944522203
2022-01-05 15:00:00,1.0,1.011714687504811,0.9974899800373934,1.0,0.9836546479094463
2022-01-05 16:00:00,1.0,1.011714687504811,0.995964987435703,1.0,0.9851961894926474
2022-01-05 17:00:00,1.0,1.011714687504811,0.9894812029907986,1.0,0.9917503349535849
2022-01-05 18:00:00,1.0,1.011714687504811,0.9830609242669687,1.0,0.9982402855392822
2022-01-05 19:00:00,1.0,1.011714687504811,0.9812286666107872,1.0,1.0000924265693512
2022-01-05 20:00:00,1.0,1.011714687504811,0.9544929718624752,1.0,1.0271182529009728
2022-01-05 21:00:00,1.0,1.011714687504811,0.9392394108379675,1.0,1.0425373431871217
2022-01-05 22:00:00,1.0,1.011714687504811,0.9316582817447352,1.0,1.050200741509106
2022-01-05 23:00:00,1.0,1.011714687504811,0.9276347559755247,1.0,1.0542679299514917
2022-01-06 00:00:00,1.0,1.011714687504811,0.9277600568258599,1.0,1.0541412693559005
2022-01-06 01:00:00,1.0,1.011714687504811,0.932769738775524,1.0,1.0490772231202279
2022-01-06 02:00:00,0.9993,1.011714687504811,0.9299881026628782,1.0,1.0504946323187072
2022-01-06 03:00:00,0.9929242559028072,1.011714687504811,0.9240542734859979,1.0,1.0571970089334761
2022-01-06 04:00:00,0.9831061935537232,1.011714687504811,0.914916719666503,1.0,1.0675180554635304
2022-01-06 05:00:00,0.9873831872517282,1.011714687504811,0.9188972668164004,1.0,1.0630219492669777
2022-01-06 06:00:00,0.9880935688865708,1.011714687504811,0.9195584105522986,1.0,1.0622751744302918
2022-01-06 07:00:00,0.989385213631424,1.011714687504811,0.9207605289492005,1.0,1.060917358087521
2022-01-06 08:00:00,0.992323004693757,1.011714687504811,0.9234946961390231,1.0,1.0578290625387823
2022-01-06 09:00:00,0.9883665098251845,1.011714687504811,0.919812433436596,1.0,1.061988250592652
2022-01-06 10:00:00,0.9778339303724908,1.011714687504811,0.9100098870496225,1.0,1.0730604192902653
2022-01-06 11:00:00,0.9843316707983062,1.011714687504811,0.9160572567581206,1.0,1.0662297964147331
2022-01-06 12:00:00,0.9841191536533419,1.011714687504811,0.9158594695796904,1.0,1.066453200917946
2022-01-06 13:00:00,0.9883375615438164,1.011714687504811,0.9197854916155341,1.0,1.0620186819087654
2022-01-06 14:00:00,0.9900466588858586,1.011714687504811,0.9213761281780657,1.0,1.06022202666617
2022-01-06 15:00:00,0.9826864434738856,1.011714687504811,0.9145260632611063,1.0,1.0679593095471738
2022-01-06 16:00:00,0.9860177933138659,1.011714687504811,0.917626510922984,1.0,1.0644572930103229
2022-01-06 17:00:00,0.9844203536285292,1.011714687504811,0.9161397928131195,1.0,1.0661365703193382
2022-01-06 18:00:00,0.9870796897938927,1.011714687504811,0.9186148053432045,1.0,1.063340995049404
2022-01-06 19:00:00,0.9953481000967239,1.011714687504811,0.9263101164399846,1.0,1.0546489900049398
2022-01-06 20:00:00,0.9966149320289758,1.011714687504811,0.9274891418474048,1.0,1.053317257647409
2022-01-06 21:00:00,0.9920420225658745,1.011714687504811,0.923233189415542,1.0,1.058124439519787
2022-01-06 22:00:00,0.989632422764377,1.011714687504811,0.9209906035481095,1.0,1.0606574843086487
2022-01-06 23:00:00,0.9909755311205511,1.011714687504811,0.9222406185157879,1.0,1.059245567848343
2022-01-07 00:00:00,0.9890557546196632,1.011714687504811,0.9204539053666396,1.0,1.0612636954470966
2022-01-07 01:00:00,0.9823466457902076,1.011714687504811,0.9142098175995949,1.0,1.0683165152339325
2022-01-07 02:00:00,0.9862764349272501,1.011714687504811,0.9185106730665608,1.0,1.0619879156637684
2022-01-07 03:00:00,0.9862764349272501,1.011714687504811,0.9143761726534527,1.0,1.0667679571824296
2022-01-07 04:00:00,0.9862764349272501,1.011714687504811,0.8928697570788565,1.0,1.0916322815487378
2022-01-07 05:00:00,0.9862764349272501,1.011714687504811,0.8905181209833165,1.0,1.0943510908486054
2022-01-07 06:00:00,0.9862764349272501,1.011714687504811,0.8938533473715901,1.0,1.0904951181754527
2022-01-07 07:00:00,0.9862764349272501,1.011714687504811,0.8870971511803938,1.0,1.0983061945027768
2022-01-07 08:00:00,0.9862764349272501,1.011714687504811,0.8909333671460316,1.0,1.0938710101375357
2022-01-07 09:00:00,0.9862764349272501,1.011714687504811,0.8992701501728553,1.0,1.0842325617112283
2022-01-07 10:00:00,0.9862764349272501,1.011714687504811,0.9061061027073536,1.0,1.0763292762668966
2022-01-07 11:00:00,0.9862764349272501,1.011714687504811,0.9009505928055929,1.0,1.0822897428089135
2022-01-07 12:00:00,0.9862764349272501,1.011714687504811,0.9027063014781223,1.0,1.0802599061875997
2022-01-07 13:00:00,0.9862764349272501,1.011714687504811,0.9057644119926169,1.0,1.0767243169343987
2022-01-07 14:00:00,0.9862764349272501,1.011714687504811,0.8861189064870773,1.0,1.0994371776403375
2022-01-07 15:00:00,0.9862764349272501,1.011714687504811,0.8947118506379652,1.0,1.089502572318118
2022-01-07 16:00:00,0.9862764349272501,1.011714687504811,0.8823318700360763,1.0,1.1038155038369142
2022-01-07 17:00:00,0.9862764349272501,1.011714687504811,0.9000794739245936,1.0,1.083296874022558
2022-01-07 18:00:00,0.9862764349272501,1.011714687504811,0.8969073952305279,1.0,1.0869642259014023
2022-01-07 19:00:00,0.9862764349272501,1.011714687504811,0.8908405675401517,1.0,1.0939782990297109
2022-01-07 20:00:00,0.9862764349272501,1.011714687504811,0.8923074000201848,1.0,1.0922824423469422
2022-01-07 21:00:00,0.9862764349272501,1.011714687504811,0.8955218158616336,1.0,1.0885661430011606
2022-01-07 22:00:00,0.9862764349272501,1.011714687504811,0.8944178426700286,1.0,1.0898424852829587
2022-01-07 23:00:00,0.9862764349272501,1.011714687504811,0.8871506071745641,1.0,1.098244392145533
2022-01-08 00:00:00,0.9862764349272501,1.011714687504811,0.8878213729894131,1.0,1.0974688961668382
2022-01-08 01:00:00,0.9862764349272501,1.011714687504811,0.8970549337744378,1.0,1.0867936513954097
2022-01-08 02:00:00,0.9862764349272501,1.0110064872235578,0.8948324473608134,1.0,1.0878763497043837
2022-01-08 03:00:00,0.9862764349272501,1.0107441481645902,0.8946002345221375,1.0,1.0881586351906403
2022-01-08 04:00:00,0.9862764349272501,1.0089355546705852,0.8929993344087253,1.0,1.090104741484934
2022-01-08 05:00:00,0.9862764349272501,1.0109642134341292,0.8947950281648942,1.0,1.0879218376971047
2022-01-08 06:00:00,0.9862764349272501,1.0127288421871288,0.8963570123145503,1.0,1.086023038915241
2022-01-08 07:00:00,0.9862764349272501,1.0114891331165752,0.8952596676662223,1.0,1.0873570067932046
2022-01-08 08:00:00,0.9862764349272501,1.0115004866485933,0.8952697173931264,1.0,1.0873447900180166
2022-01-08 09:00:00,0.9862764349272501,1.0126273850925005,0.8962672062443443,1.0,1.086132210097771
2022-01-08 10:00:00,0.9862764349272501,1.0172492388818422,0.9003583003901859,1.0,1.0811589428707482
2022-01-08 11:00:00,0.9862764349272501,1.0115903486466926,0.8953492599124518,1.0,1.0872480955420614
2022-01-08 12:00:00,0.9862764349272501,1.0118824001405153,0.8956077731002593,1.0,1.0869338384952067
2022-01-08 13:00:00,0.9862764349272501,1.0102692323359252,0.8941798565839822,1.0,1.0886696602974364
2022-01-08 14:00:00,0.9862764349272501,1.0110613223675593,0.8948809854035199,1.0,1.08781734527954
2022-01-08 15:00:00,0.9862764349272501,1.0075397949259128,0.8917638594714613,1.0,1.0916066250388845
2022-01-08 16:00:00,0.9862764349272501,1.0042175582058577,0.8888231383201646,1.0,1.0951814614039734
2022-01-08 17:00:00,0.9862764349272501,0.9979692505638196,0.8832923673393283,1.0,1.1019048466595094
2022-01-08 18:00:00,0.9862764349272501,0.9859591462049379,0.8726614668666918,1.0,1.1148281153572106
2022-01-08 19:00:00,0.9862764349272501,0.9820752719967617,0.8692236049696113,1.0,1.11900729219702
2022-01-08 20:00:00,0.9862764349272501,0.9857808715958053,0.8725036647719011,1.0,1.1150199447207993
2022-01-08 21:00:00,0.9862764349272501,0.9891608422339941,0.8754954898536246,1.0,1.1113829847542231
2022-01-08 22:00:00,0.9862764349272501,1.0084321342296199,0.8925537252413217,1.0,1.0906464384953931
2022-01-08 23:00:00,0.9862764349272501,1.0117584775463624,0.8954980814002219,1.0,1.0870671832967258
2022-01-09 00:00:00,0.9862764349272501,1.0063271410805934,0.8906904631085216,1.0,1.092911480601507
2022-01-09 01:00:00,0.9862764349272501,1.0083555582796264,0.8924859430407136,1.0,1.0907288367450647
2022-01-09 02:00:00,0.9862764349272501,1.0083441910509008,0.8931015422695788,1.0,1.0884574663613422
2022-01-09 03:00:00,0.9862764349272501,1.0083441910509008,0.8992926016904067,1.0,1.0809128102715375
2022-01-09 04:00:00,0.9862764349272501,1.0083441910509008,0.8938454358844529,1.0,1.087550929836633
2022-01-09 05:00:00,0.9862764349272501,1.0083441910509008,0.8987969577124597,1.0,1.0815168205228385
2022-01-09 06:00:00,0.9862764349272501,1.0083441910509008,0.8922928599897706,1.0,1.0894429567713595
2022-01-09 07:00:00,0.9862764349272501,1.0083441910509008,0.8944956745975404,1.0,1.086758524670884
2022-01-09 08:00:00,0.9862764349272501,1.0083441910509008,0.8927553612513321,1.0,1.0888793354712887
2022-01-09 09:00:00,0.9862764349272501,1.0083441910509008,0.8900359479159005,1.0,1.0921933140631979
2022-01-09 10:00:00,0.9862764349272501,1.0083441910509008,0.8867499010422636,1.0,1.0961978134342043
2022-01-09 11:00:00,0.9862764349272501,1.0083441910509008,0.8895984640596107,1.0,1.0927264482194368
2022-01-09 12:00:00,0.9862764349272501,1.0083441910509008,0.89424443142494,1.0,1.0870646989785968
2022-01-09 13:00:00,0.9862764349272501,1.0083441910509008,0.8917463259053734,1.0,1.0901089836058397
2022-01-09 14:00:00,0.9862764349272501,1.0083441910509008,0.8859756444227009,1.0,1.097141351449718
2022-01-09 15:00:00,0.9862764349272501,1.0083441910509008,0.8873319299067899,1.0,1.0954885313358258
2022-01-09 16:00:00,0.9862764349272501,1.0083441910509008,0.8890448737839829,1.0,1.0934010739919209
2022-01-09 17:00:00,0.9862764349272501,1.0083441910509008,0.9000974351386348,1.0,1.0799320101913403
2022-01-09 18:00:00,0.9862764349272501,1.0083441910509008,0.8991713634956285,1.0,1.0810605556608763
2022-01-09 19:00:00,0.9862764349272501,1.0083441910509008,0.8963984941660266,1.0,1.0844396777225116
2022-01-09 20:00:00,0.9862764349272501,1.0083441910509008,0.9118784947818396,1.0,1.0655751711853318
2022-01-09 21:00:00,0.9862764349272501,1.0083441910509008,0.9062264856062251,1.0,1.072462920526418
2022-01-09 22:00:00,0.9862764349272501,1.0083441910509008,0.9035675844561942,1.0,1.075703156710597
2022-01-09 23:00:00,0.9862764349272501,1.0083441910509008,0.9014926365864797,1.0,1.0782317656314877
2022-01-10 00:00:00,0.9862764349272501,1.0083441910509008,0.894179428936029,1.0,1.0871439134377838
2022-01-10 01:00:00,0.9862764349272501,1.0083441910509008,0.8897609702818884,1.0,1.0925284120714691
2022-01-10 02:00:00,0.9862764349272501,1.0083441910509008,0.8928706123747633,1.0,1.0872150455597576
2022-01-10 03:00:00,0.9862764349272501,1.0083441910509008,0.8953295881065972,1.0,1.0902089982378742
2022-01-10 04:00:00,0.9862764349272501,1.0083441910509008,0.8962071217068969,1.0,1.0912774488283952
2022-01-10 05:00:00,0.9862764349272501,1.0083441910509008,0.9008898667962155,1.0,1.0969789761023738
2022-01-10 06:00:00,0.9862764349272501,1.0083441910509008,0.8974892102710774,1.0,1.0928384697203941
2022-01-10 07:00:00,0.9862764349272501,1.0083441910509008,0.8955397770756747,1.0,1.0904649161059252
2022-01-10 08:00:00,0.9862764349272501,1.0083441910509008,0.8981090859794763,1.0,1.0935932061389906
2022-01-10 09:00:00,0.9862764349272501,1.0083441910509008,0.8931473006005887,1.0,1.0875519303219734
2022-01-10 10:00:00,0.9862764349272501,1.0083441910509008,0.8928389664262144,1.0,1.0871765146905086
2022-01-10 11:00:00,0.9862764349272501,1.0083441910509008,0.8923358386090835,1.0,1.086563925938195
2022-01-10 12:00:00,0.9862764349272501,1.0083441910509008,0.8880435361011849,1.0,1.081337786280759
2022-01-10 13:00:00,0.9862764349272501,1.0083441910509008,0.8745157483924713,1.0,1.064866881051739
2022-01-10 14:00:00,0.9862764349272501,1.0083441910509008,0.8706966383449681,1.0,1.060216882027057
2022-01-10 15:00:00,0.9862764349272501,1.0083441910509008,0.8710306313965442,1.0,1.0606235389038585
2022-01-10 16:00:00,0.9862764349272501,1.0083441910509008,0.8754129537986256,1.0,1.0659592832636848
2022-01-10 17:00:00,0.9862764349272501,1.0083441910509008,0.895072144038673,1.0,1.089895544409661
2022-01-10 18:00:00,0.9862764349272501,1.0083441910509008,0.8795910743029765,1.0,1.0710463993793717
2022-01-10 19:00:00,0.9862764349272501,1.0083441910509008,0.8884788817177078,1.0,1.081867846076641
2022-01-10 20:00:00,0.9862764349272501,1.0083441910509008,0.8819749978189952,1.0,1.073948971414878
2022-01-10 21:00:00,0.9862764349272501,1.0083441910509008,0.8908777729120942,1.0,1.0847886421719273
2022-01-10 22:00:00,0.9862764349272501,1.0083441910509008,0.8909070667968997,1.0,1.0848243092603536
2022-01-10 23:00:00,0.9862764349272501,1.0083441910509008,0.8886569970902832,1.0,1.082084712388021
2022-01-11 00:00:00,0.9862764349272501,1.0083441910509008,0.8931173652438534,1.0,1.0875154822024138
2022-01-11 01:00:00,0.9862764349272501,1.0083441910509008,0.8885389662551553,1.0,1.0819410026594716
2022-01-11 02:00:00,0.9862764349272501,1.0083441910509008,0.8955158287902866,1.0,1.0889091491277723
2022-01-11 03:00:00,0.9862764349272501,1.0083441910509008,0.9004880915440314,1.0,1.08286357960653
2022-01-11 04:00:00,0.9862764349272501,1.0083441910509008,0.9027405133143913,1.0,1.080124952732153
2022-01-11 05:00:00,0.9862764349272501,1.0083441910509008,0.9034414283099522,1.0,1.0792727390531889
2022-01-11 06:00:00,0.9862764349272501,1.0083441910509008,0.8994264554998092,1.0,1.0841543791538324
2022-01-11 07:00:00,0.9862764349272501,1.0083441910509008,0.899263521629578,1.0,1.084352483736923
2022-01-11 08:00:00,0.9862764349272501,1.0083441910509008,0.9014620597578142,1.0,1.0816793717640403
2022-01-11 09:00:00,0.9862764349272501,1.0083441910509008,0.8969309158679628,1.0,1.0871886030242381
2022-01-11 10:00:00,0.9862764349272501,1.0083441910509008,0.8966843768228494,1.0,1.0874883596965523
2022-01-11 11:00:00,0.9862764349272501,1.0083441910509008,0.8892157191413513,1.0,1.0965691930072716
2022-01-11 12:00:00,0.9862764349272501,1.0083441910509008,0.8930857192953046,1.0,1.0918638191892205
2022-01-11 13:00:00,0.9862764349272501,1.0083441910509008,0.8930155850309531,1.0,1.0919490925530706
2022-01-11 14:00:00,0.9862764349272501,1.0083441910509008,0.8907712885717071,1.0,1.0946778401962698
2022-01-11 15:00:00,0.9862764349272501,1.0083441910509008,0.8891250577752383,1.0,1.096679424428834
2022-01-11 16:00:00,0.9862764349272501,1.0083441910509008,0.8912968679063896,1.0,1.0940388099269307
2022-01-11 17:00:00,0.9862764349272501,1.0083441910509008,0.9119901108976672,1.0,1.0688787479351334
2022-01-11 18:00:00,0.9862764349272501,1.0083441910509008,0.9085469034011696,1.0,1.0730652021365852
2022-01-11 19:00:00,0.9862764349272501,1.0083441910509008,0.9129766947260743,1.0,1.0676792012863412
2022-01-11 20:00:00,0.9862764349272501,1.0083441910509008,0.9174291513925072,1.0,1.0622656425807067
2022-01-11 21:00:00,0.9862764349272501,1.0083441910509008,0.9139123884480314,1.0,1.0665415298222938
2022-01-11 22:00:00,0.9862764349272501,1.0083441910509008,0.9111260482078983,1.0,1.0699293261769558
2022-01-11 23:00:00,0.9862764349272501,1.0083441910509008,0.9120087135836386,1.0,1.0688561296953316
2022-01-12 00:00:00,0.9862764349272501,1.0083441910509008,0.9123431342831679,1.0,1.068449521338437
2022-01-12 01:00:00,0.9862764349272501,1.0083441910509008,0.9115705882554186,1.0,1.0693888282396262
2022-01-12 02:00:00,0.9862764349272501,1.0083441910509008,0.9105621943813901,1.0,1.0690904289801442
2022-01-12 03:00:00,0.9862764349272501,1.0083441910509008,0.9090256552849588,1.0,1.067286502572531
2022-01-12 04:00:00,0.9862764349272501,1.0083441910509008,0.9100385394624978,1.0,1.0684756480488549
2022-01-12 05:00:00,0.9862764349272501,1.0083441910509008,0.910497191892479,1.0,1.069014114809825
2022-01-12 06:00:00,0.9862764349272501,1.0083441910509008,0.9120824828555935,1.0,1.0708752768451775
2022-01-12 07:00:00,0.9862764349272501,1.0083441910509008,0.9115156354934115,1.0,1.0702097871559786
2022-01-12 08:00:00,0.9862764349272501,1.0083441910509008,0.9091231590183254,1.0,1.06740097382801
2022-01-12 09:00:00,0.9862764349272501,1.0083441910509008,0.9100656951075363,1.0,1.0685075292976396
2022-01-12 10:00:00,0.9862764349272501,1.0083441910509008,0.9139962074468904,1.0,1.0731220262674064
2022-01-12 11:00:00,0.9862764349272501,1.0083441910509008,0.9131655012974839,1.0,1.0721467612947406
2022-01-12 12:00:00,0.9862764349272501,1.0083441910509008,0.9167541090981247,1.0,1.0763598557699663
2022-01-12 13:00:00,0.9862764349272501,1.0083441910509008,0.9239961133643405,1.0,1.0848621078572815
2022-01-12 14:00:00,0.9862764349272501,1.0083441910509008,0.9375974565210324,1.0,1.1008303459296822
2022-01-12 15:00:00,0.9862764349272501,1.0083441910509008,0.9362698234498189,1.0,1.0992716792076018
2022-01-12 16:00:00,0.9862764349272501,1.0083441910509008,0.9305034184466799,1.0,1.0925018089932252
2022-01-12 17:00:00,0.9862764349272501,1.0083441910509008,0.9313860838224199,1.0,1.0935380750954555
2022-01-12 18:00:00,0.9862764349272501,1.0083441910509008,0.9361847215070996,1.0,1.0991717678925128
2022-01-12 19:00:00,0.9862764349272501,1.0083441910509008,0.9309310664000423,1.0,1.0930038759032206
2022-01-12 20:00:00,0.9862764349272501,1.0083441910509008,0.9339027920279579,1.0,1.096492738860778
2022-01-12 21:00:00,0.9862764349272501,1.0083441910509008,0.9357414644034396,1.0,1.0986513755403027
2022-01-12 22:00:00,0.9862764349272501,1.0083441910509008,0.9349109720780097,1.0,1.0976763616010918
2022-01-12 23:00:00,0.9862764349272501,1.0083441910509008,0.9361393908240434,1.0,1.0991185488000534
2022-01-13 00:00:00,0.9862764349272501,1.0083441910509008,0.937575005003481,1.0,1.1008039874169075
2022-01-13 01:00:00,0.9862764349272501,1.0083441910509008,0.9337028666097609,1.0,1.096258022580355
2022-01-13 02:00:00,0.9862764349272501,1.0083441910509008,0.9303413398723556,1.0,1.090782300876786
2022-01-13 03:00:00,0.9862764349272501,1.0083441910509008,0.9312131002252849,1.0,1.091804346643856
2022-01-13 04:00:00,0.9862764349272501,1.0083441910509008,0.9294595297925222,1.0,1.0897484728798774
2022-01-13 05:00:00,0.9862764349272501,1.0083441910509008,0.9316668347038025,1.0,1.0923363017867853
2022-01-13 06:00:00,0.9862764349272501,1.0083441910509008,0.9325499277274958,1.0,1.0933716338981414
2022-01-13 07:00:00,0.9862764349272501,1.0083441910509008,0.9335897537260964,1.0,1.0945907186578325
2022-01-13 08:00:00,0.9862764349272501,1.0083441910509008,0.9333408626172396,1.0,1.0942989204550193
2022-01-13 09:00:00,0.9862764349272501,1.0083441910509008,0.9374832745174847,1.0,1.0991554553202256
2022-01-13 10:00:00,0.9862764349272501,1.0083441910509008,0.9370440800693816,1.0,1.0986405468077012
2022-01-13 11:00:00,0.9862764349272501,1.0083441910509008,0.9351222301669708,1.0,1.0963873833653601
2022-01-13 12:00:00,0.9862764349272501,1.0083441910509008,0.9314036173885077,1.0,1.0920277076393083
2022-01-13 13:00:00,0.9862764349272501,1.0083441910509008,0.9355945673314595,1.0,1.096941148167778
2022-01-13 14:00:00,0.9862764349272501,1.0083441910509008,0.9378085007860169,1.0,1.0995367483326643
2022-01-13 15:00:00,0.9862764349272501,1.0083441910509008,0.9426965168929493,1.0,1.105267424377604
2022-01-13 16:00:00,0.9862764349272501,1.0083441910509008,0.9223781073327938,1.0,1.0814462625012113
2022-01-13 17:00:00,0.9862764349272501,1.0083441910509008,0.9235496489010302,1.0,1.0828197696775117
2022-01-13 18:00:00,0.9862764349272501,1.0083441910509008,0.9144668340195657,1.0,1.0721711407607601
2022-01-13 19:00:00,0.9862764349272501,1.0083441910509008,0.9123183307018728,1.0,1.0696522504326955
2022-01-13 20:00:00,0.9862764349272501,1.0083441910509008,0.9121147702760724,1.0,1.0694135976070271
2022-01-13 21:00:00,0.9862764349272501,1.0083441910509008,0.9136254366713251,1.0,1.0711846923689474
2022-01-13 22:00:00,0.9862764349272501,1.0083441910509008,0.9140190866123952,1.0,1.0716462048185857
2022-01-13 23:00:00,0.9862764349272501,1.0083441910509008,0.9094774653476863,1.0,1.0663216396744686
2022-01-14 00:00:00,0.9862764349272501,1.0083441910509008,0.9088798273328623,1.0,1.0656209730276793
2022-01-14 01:00:00,0.9862764349272501,1.0083441910509008,0.9130196733453873,1.0,1.0704744996639906
2022-01-14 02:00:00,0.9862764349272501,1.0083441910509008,0.9096341983225936,1.0,1.0650122728778668
2022-01-14 03:00:00,0.9862764349272501,1.0083441910509008,0.9121147702760724,1.0,1.062108185387588
2022-01-14 04:00:00,0.9862764349272501,1.0083441910509008,0.9104262023322208,1.0,1.0640850476331472
2022-01-14 05:00:00,0.9862764349272501,1.0083441910509008,0.9113830646278692,1.0,1.0629648173496373
2022-01-14 06:00:00,0.9862764349272501,1.0083441910509008,0.9158423636615558,1.0,1.0577441687322973
2022-01-14 07:00:00,0.9862764349272501,1.0083441910509008,0.9140691214229387,1.0,1.059820161970542
2022-01-14 08:00:00,0.9862764349272501,1.0083441910509008,0.9109522093148565,1.0,1.0634692338907037
2022-01-14 09:00:00,0.9862764349272501,1.0083441910509008,0.9081701455542573,1.0,1.0667262877943342
2022-01-14 10:00:00,0.9862764349272501,1.0083441910509008,0.9088139695480445,1.0,1.065972541786815
2022-01-14 11:00:00,0.9862764349272501,1.0083441910509008,0.8986383003217623,1.0,1.0778855337336195
2022-01-14 12:00:00,0.9862764349272501,1.0083441910509008,0.8969997671884542,1.0,1.0798038185744097
2022-01-14 13:00:00,0.9862764349272501,1.0083441910509008,0.8979887030806047,1.0,1.0786460386724581
2022-01-14 14:00:00,0.9862764349272501,1.0083441910509008,0.9003621492217663,1.0,1.0758673669077745
2022-01-14 15:00:00,0.9862764349272501,1.0083441910509008,0.9175689922732566,1.0,1.0557227476061872
2022-01-14 16:00:00,0.9862764349272501,1.0083441910509008,0.9205088581286467,1.0,1.0522809495798235
2022-01-14 17:00:00,0.9862764349272501,1.0083441910509008,0.9226693355890337,1.0,1.0497516072815927
2022-01-14 18:00:00,0.9862764349272501,1.0083441910509008,0.9166918863209104,1.0,1.056749604505172
2022-01-14 19:00:00,0.9862764349272501,1.0083441910509008,0.919404029641135,1.0,1.0535744087697443
2022-01-14 20:00:00,0.9862764349272501,1.0083441910509008,0.9199212698407266,1.0,1.052968858589675
2022-01-14 21:00:00,0.9862764349272501,1.0083441910509008,0.920375859615151,1.0,1.0524366553309619
2022-01-14 22:00:00,0.9862764349272501,1.0083441910509008,0.9244810661434535,1.0,1.0476305545012177
2022-01-14 23:00:00,0.9862764349272501,1.0083441910509008,0.9236612650168579,1.0,1.0485903227485867
2022-01-15 00:00:00,0.9862764349272501,1.0083441910509008,0.9196497133903416,1.0,1.053286778692481
2022-01-15 01:00:00,0.9862764349272501,1.0083441910509008,0.9204975254578827,1.0,1.052294217111673
2022-01-15 02:00:00,0.9862764349272501,1.0083441910509008,0.9180128908488469,1.0,1.0537120485114393
2022-01-15 03:00:00,0.9862764349272501,1.0083441910509008,0.9204291017853445,1.0,1.0564852478893112
2022-01-15 04:00:00,0.9862764349272501,1.0083441910509008,0.9169955163677976,1.0,1.0525443597822433
2022-01-15 05:00:00,0.9862764349272501,1.0083441910509008,0.9165144124202649,1.0,1.0519921740654103
2022-01-15 06:00:00,0.9862764349272501,1.0083441910509008,0.9180092558412434,1.0,1.0537078764415788
2022-01-15 07:00:00,0.9862764349272501,1.0083441910509008,0.9197807874880471,1.0,1.0557411469588946
2022-01-15 08:00:00,0.9862764349272501,1.0083441910509008,0.9203251833326774,1.0,1.0563659757744752
2022-01-15 09:00:00,0.9862764349272501,1.0083441910509008,0.9180624980114369,1.0,1.0537689849942415
2022-01-15 10:00:00,0.9862764349272501,1.0083441910509008,0.9196550589897586,1.0,1.0555968424248956
2022-01-15 11:00:00,0.9862764349272501,1.0083441910509008,0.9205608173549803,1.0,1.0566364240677864
2022-01-15 12:00:00,0.9862764349272501,1.0083441910509008,0.9187046114134105,1.0,1.054505968864308
2022-01-15 13:00:00,0.9862764349272501,1.0083441910509008,0.9123281666048001,1.0,1.0471874220813417
2022-01-15 14:00:00,0.9862764349272501,1.0083441910509008,0.9163743577155388,1.0,1.0518314266678437
2022-01-15 15:00:00,0.9862764349272501,1.0083441910509008,0.9222113246309824,1.0,1.0585307892003344
2022-01-15 16:00:00,0.9862764349272501,1.0083441910509008,0.9266545868664181,1.0,1.0636305310651288
2022-01-15 17:00:00,0.9862764349272501,1.0083441910509008,0.9252938110788189,1.0,1.0620687044420511
2022-01-15 18:00:00,0.9862764349272501,1.0083441910509008,0.9261886644212297,1.0,1.0630957698753605
2022-01-15 19:00:00,0.9862764349272501,1.0083441910509008,0.9251144127623834,1.0,1.0618628005236412
2022-01-15 20:00:00,0.9862764349272501,1.0083441910509008,0.9293669440106193,1.0,1.0667436314286955
2022-01-15 21:00:00,0.9862764349272501,1.0083441910509008,0.9288725829765324,1.0,1.0661762299276656
2022-01-15 22:00:00,0.9862764349272501,1.0083441910509008,0.924790041789758,1.0,1.0614905046425587
2022-01-15 23:00:00,0.9862764349272501,1.0083441910509008,0.9235738110103952,1.0,1.060094579150405
2022-01-16 00:00:00,0.9862764349272501,1.0083441910509008,0.9202507725887925,1.0,1.0562805710502718
2022-01-16 01:00:00,0.9862764349272501,1.0083441910509008,0.9200260435893005,1.0,1.0560226389665424
2022-01-16 02:00:00,0.9862764349272501,1.0083441910509008,0.9183071126407603,1.0,1.05257407128268
2022-01-16 03:00:00,0.9862764349272501,1.0083441910509008,0.9169343627104669,1.0,1.0510007068154321
2022-01-16 04:00:00,0.9862764349272501,1.0083441910509008,0.9180270032313079,1.0,1.0522530265082104
2022-01-16 05:00:00,0.9862764349272501,1.0083441910509008,0.9188478734777871,1.0,1.0531938592480494
2022-01-16 06:00:00,0.9862764349272501,1.0083441910509008,0.9174740544276103,1.0,1.0516192694190667
2022-01-16 07:00:00,0.9862764349272501,1.0083441910509008,0.9224138159368995,1.0,1.0572809307776905
2022-01-16 08:00:00,0.9862764349272501,1.0083441910509008,0.9224426821737515,1.0,1.057314015544525
2022-01-16 09:00:00,0.9862764349272501,1.0083441910509008,0.9201098625881595,1.0,1.054640276239591
2022-01-16 10:00:00,0.9862764349272501,1.0083441910509008,0.92011627730746,1.0,1.0546476284099988
2022-01-16 11:00:00,0.9862764349272501,1.0083441910509008,0.9167151931343687,1.0,1.0507495076598357
2022-01-16 12:00:00,0.9862764349272501,1.0083441910509008,0.9178878038224884,1.0,1.0520934844103633
2022-01-16 13:00:00,0.9862764349272501,1.0083441910509008,0.9185297034004853,1.0,1.0528291915958272
2022-01-16 14:00:00,0.9862764349272501,1.0083441910509008,0.9208362226369456,1.0,1.05547278700209
2022-01-16 15:00:00,0.9862764349272501,1.0083441910509008,0.9247438558107948,1.0,1.0599514841421145
2022-01-16 16:00:00,0.9862764349272501,1.0083441910509008,0.9231908522681592,1.0,1.0581715236864102
2022-01-16 17:00:00,0.9862764349272501,1.0083441910509008,0.9264210910838823,1.0,1.0618738316313816
2022-01-16 18:00:00,0.9862764349272501,1.0083441910509008,0.9200162076863732,1.0,1.0545329345516388
2022-01-16 19:00:00,0.9862764349272501,1.0083441910509008,0.9196447954388779,1.0,1.0541072438850327
2022-01-16 20:00:00,0.9862764349272501,1.0083441910509008,0.9148303347799238,1.0,1.0485891949217059
2022-01-16 21:00:00,0.9862764349272501,1.0083441910509008,0.9190486541918907,1.0,1.0534239821818103
2022-01-16 22:00:00,0.9862764349272501,1.0083441910509008,0.9173898077807978,1.0,1.0515227109143788
2022-01-16 23:00:00,0.9862764349272501,1.0083441910509008,0.9221048402905953,1.0,1.0569268012363864
2022-01-17 00:00:00,0.9862764349272501,1.0083441910509008,0.9200401559717616,1.0,1.0545603826544943
2022-01-17 01:00:00,0.9862764349272501,1.0083441910509008,0.9160461379113332,1.0,1.0499826762863123
2022-01-17 02:00:00,0.9862764349272501,1.0083441910509008,0.9161769981850619,1.0,1.0486624736415504
2022-01-17 03:00:00,0.9862764349272501,1.0083441910509008,0.9166459141659239,1.0,1.049199164003211
2022-01-17 04:00:00,0.9862764349272501,1.0083441910509008,0.9109663216973176,1.0,1.042698676366902
2022-01-17 05:00:00,0.9862764349272501,1.0083441910509008,0.9103237806473905,1.0,1.0419632661814073
2022-01-17 06:00:00,0.9862764349272501,1.0083441910509008,0.9112528458260704,1.0,1.0430266130219976
2022-01-17 07:00:00,0.9862764349272501,1.0083441910509008,0.9129908071085353,1.0,1.045015769091116
2022-01-17 08:00:00,0.9862764349272501,1.0083441910509008,0.9110048100131202,1.0,1.0427427275593775
2022-01-17 09:00:00,0.9862764349272501,1.0083441910509008,0.9138251482655454,1.0,1.045970701052447
2022-01-17 10:00:00,0.9862764349272501,1.0083441910509008,0.915006525736709,1.0,1.0473228279325995
2022-01-17 11:00:00,0.9862764349272501,1.0083441910509008,0.91394210998079,1.0,1.0461045677318035
2022-01-17 12:00:00,0.9862764349272501,1.0083441910509008,0.9114005981939571,1.0,1.0431957206553344
2022-01-17 13:00:00,0.9862764349272501,1.0083441910509008,0.908998713463897,1.0,1.0404466815160127
2022-01-17 14:00:00,0.9862764349272501,1.0083441910509008,0.9108653967803241,1.0,1.0425831643510772
2022-01-17 15:00:00,0.9862764349272501,1.0083441910509008,0.9111576941564472,1.0,1.0429177086850443
2022-01-17 16:00:00,0.9862764349272501,1.0083441910509008,0.9073567591469619,1.0,1.0385674086992362
2022-01-17 17:00:00,0.9862764349272501,1.0083441910509008,0.9018869279994799,1.0,1.032307000061919
2022-01-17 18:00:00,0.9862764349272501,1.0083441910509008,0.8996804783841065,1.0,1.0297816430888342
2022-01-17 19:00:00,0.9862764349272501,1.0083441910509008,0.9008428255213455,1.0,1.031111989101596
2022-01-17 20:00:00,0.9862764349272501,1.0083441910509008,0.9020892054814204,1.0,1.0325385135512626
2022-01-17 21:00:00,0.9862764349272501,1.0083441910509008,0.8987507717334966,1.0,1.0287175620617026
2022-01-17 22:00:00,0.9862764349272501,1.0083441910509008,0.8911642970408471,1.0,1.0200345825670771
2022-01-17 23:00:00,0.9862764349272501,1.0083441910509008,0.898724257560388,1.0,1.0286872156846638
2022-01-18 00:00:00,0.9862764349272501,1.0083441910509008,0.9011312740658884,1.0,1.0314421283163155
2022-01-18 01:00:00,0.9862764349272501,1.0083441910509008,0.9045877386489403,1.0,1.0353981701294672
2022-01-18 02:00:00,0.9862764349272501,1.0083441910509008,0.9024633974406124,1.0,1.0315206278381313
2022-01-18 03:00:00,0.9862764349272501,1.0083441910509008,0.9028110752266961,1.0,1.0311232600630151
2022-01-18 04:00:00,0.9862764349272501,1.0083441910509008,0.8979418756297115,1.0,1.0366883639836444
2022-01-18 05:00:00,0.9862764349272501,1.0083441910509008,0.8978366742331845,1.0,1.0368086007274064
2022-01-18 06:00:00,0.9862764349272501,1.0083441910509008,0.8991754261511855,1.0,1.0352785148479466
2022-01-18 07:00:00,0.9862764349272501,1.0083441910509008,0.9020605530685452,1.0,1.0319810465886348
2022-01-18 08:00:00,0.9862764349272501,1.0083441910509008,0.8982159979678168,1.0,1.0363750641757115
2022-01-18 09:00:00,0.9862764349272501,1.0083441910509008,0.8911595929133601,1.0,1.044439968201914
2022-01-18 10:00:00,0.9862764349272501,1.0083441910509008,0.8949194737193227,1.0,1.040142726530548
2022-01-18 11:00:00,0.9862764349272501,1.0083441910509008,0.8954360724469843,1.0,1.0395522956912613
2022-01-18 12:00:00,0.9862764349272501,1.0083441910509008,0.8939908361885961,1.0,1.0412040846162365
2022-01-18 13:00:00,0.9862764349272501,1.0083441910509008,0.892941174287068,1.0,1.0424037638339763
2022-01-18 14:00:00,0.9862764349272501,1.0083441910509008,0.8896698812678221,1.0,1.0461425889209999
2022-01-18 15:00:00,0.9862764349272501,1.0083441910509008,0.8854748686693134,1.0,1.0509371512703247
2022-01-18 16:00:00,0.9862764349272501,1.0083441910509008,0.8882537250702625,1.0,1.0477611416729027
2022-01-18 17:00:00,0.9862764349272501,1.0083441910509008,0.890799513336629,1.0,1.044851510227311
2022-01-18 18:00:00,0.9862764349272501,1.0083441910509008,0.8862557538321533,1.0,1.0500446622698796
2022-01-18 19:00:00,0.9862764349272501,1.0083441910509008,0.8887433819768624,1.0,1.047201503170433
2022-01-18 20:00:00,0.9862764349272501,1.0083441910509008,0.8905384342611012,1.0,1.0451499026340862
2022-01-18 21:00:00,0.9862764349272501,1.0083441910509008,0.8923841628278135,1.0,1.0430403831784887
2022-01-18 22:00:00,0.9862764349272501,1.0083441910509008,0.9048137505922923,1.0,1.0288343630262766
2022-01-18 23:00:00,0.9862764349272501,1.0083441910509008,0.9072156353223524,1.0,1.0260892017606684
2022-01-19 00:00:00,0.9862764349272501,1.0083441910509008,0.9045789718658964,1.0,1.0291026962471113
2022-01-19 01:00:00,0.9862764349272501,1.0083441910509008,0.9025474302634482,1.0,1.0314245850732968
2022-01-19 02:00:00,0.9862764349272501,1.0083441910509008,0.9060949838605662,1.0,1.0259258894969112
2022-01-19 03:00:00,0.9862764349272501,1.0083441910509008,0.9043044218798376,1.0,1.023898671972582
2022-01-19 04:00:00,0.9862764349272501,1.0083441910509008,0.8907452020465519,1.0,1.0085473530246152
2022-01-19 05:00:00,0.9862764349272501,1.0083441910509008,0.890936360681705,1.0,1.0087637767727344
2022-01-19 06:00:00,0.9862764349272501,1.0083441910509008,0.892057867439398,1.0,1.010033511178646
2022-01-19 07:00:00,0.9862764349272501,1.0083441910509008,0.8909461965846324,1.0,1.0087749126702885
2022-01-19 08:00:00,0.9862764349272501,1.0083441910509008,0.8817774244645419,1.0,0.998394319471909
2022-01-19 09:00:00,0.9862764349272501,1.0083441910509008,0.883737335034802,1.0,1.0006132681019546
2022-01-19 10:00:00,0.9862764349272501,1.0083441910509008,0.8878070467829754,1.0,1.0052208667573825
2022-01-19 11:00:00,0.9862764349272501,1.0083441910509008,0.8865542521036002,1.0,1.0038024923275948
2022-01-19 12:00:00,0.9862764349272501,1.0083441910509008,0.8978732381331969,1.0,1.016617489565221
2022-01-19 13:00:00,0.9862764349272501,1.0083441910509008,0.8989780666207087,1.0,1.0178683413622363
2022-01-19 14:00:00,0.9862764349272501,1.0083441910509008,0.9010222238377811,1.0,1.020182671375681
2022-01-19 15:00:00,0.9862764349272501,1.0083441910509008,0.907538509527141,1.0,1.0275602035053593
2022-01-19 16:00:00,0.9862764349272501,1.0083441910509008,0.8967472410719936,1.0,1.0153426713799907
2022-01-19 17:00:00,0.9862764349272501,1.0083441910509008,0.8953148342522061,1.0,1.0137209457774734
2022-01-19 18:00:00,0.9862764349272501,1.0083441910509008,0.9005678478873335,1.0,1.0196682413256213
2022-01-19 19:00:00,0.9862764349272501,1.0083441910509008,0.897360702061092,1.0,1.0160372124687536
2022-01-19 20:00:00,0.9862764349272501,1.0083441910509008,0.8944625318811549,1.0,1.0127559960459263
2022-01-19 21:00:00,0.9862764349272501,1.0083441910509008,0.8893638991571914,1.0,1.006983485672434
2022-01-19 22:00:00,0.9862764349272501,1.0083441910509008,0.8910370717747219,1.0,1.0088777986803006
2022-01-19 23:00:00,0.9862764349272501,1.0083441910509008,0.8964301401145754,1.0,1.0149836597262316
2022-01-20 00:00:00,0.9862764349272501,1.0083441910509008,0.8900244014211597,1.0,1.0077312854016736
2022-01-20 01:00:00,0.9862764349272501,1.0083441910509008,0.8936110848060103,1.0,1.0117920146532968
2022-01-20 02:00:00,0.9862764349272501,1.0083441910509008,0.8921478873335807,1.0,1.0087212315120246
2022-01-20 03:00:00,0.9862764349272501,1.0083441910509008,0.8967128154117479,1.0,1.0035602567099808
2022-01-20 04:00:00,0.9862764349272501,1.0083441910509008,0.8955506820984855,1.0,1.0048741308047444
2022-01-20 05:00:00,0.9862764349272501,1.0083441910509008,0.8947071465104782,1.0,1.0058278075855802
2022-01-20 06:00:00,0.9862764349272501,1.0083441910509008,0.8947697969356457,1.0,1.0057569768386132
2022-01-20 07:00:00,0.9862764349272501,1.0083441910509008,0.8971222883270924,1.0,1.0030973185514762
2022-01-20 08:00:00,0.9862764349272501,1.0083441910509008,0.8982159979678168,1.0,1.0018608022690998
2022-01-20 09:00:00,0.9862764349272501,1.0083441910509008,0.8964410451373861,1.0,1.0038675122710563
2022-01-20 10:00:00,0.9862764349272501,1.0083441910509008,0.8981961123379855,1.0,1.001883284383325
2022-01-20 11:00:00,0.9862764349272501,1.0083441910509008,0.8992838349073629,1.0,1.0006535369095322
2022-01-20 12:00:00,0.9862764349272501,1.0083441910509008,0.899869284955516,1.0,0.9999916441272946
2022-01-20 13:00:00,0.9862764349272501,1.0083441910509008,0.8977862117746876,1.0,1.0023467060281568
2022-01-20 14:00:00,0.9862764349272501,1.0083441910509008,0.905226430867287,1.0,0.9939350109037054
2022-01-20 15:00:00,0.9862764349272501,1.0083441910509008,0.917513184215343,1.0,0.980043965230604
2022-01-20 16:00:00,0.9862764349272501,1.0083441910509008,0.9246392958861976,1.0,0.9719873908136424
2022-01-20 17:00:00,0.9862764349272501,1.0083441910509008,0.9242432938813842,1.0,0.9724350991528332
2022-01-20 18:00:00,0.9862764349272501,1.0083441910509008,0.9191782315217595,1.0,0.9781615112147947
2022-01-20 19:00:00,0.9862764349272501,1.0083441910509008,0.9149703894846499,1.0,0.9829187749334429
2022-01-20 20:00:00,0.9862764349272501,1.0083441910509008,0.9168184701151056,1.0,0.9808293887694978
2022-01-20 21:00:00,0.9862764349272501,1.0083441910509008,0.9126566002329825,1.0,0.9855346777079482
2022-01-20 22:00:00,0.9862764349272501,1.0083441910509008,0.882813615455539,1.0,1.0192742875806189
2022-01-20 23:00:00,0.9862764349272501,1.0083441910509008,0.8789583691559769,1.0,1.0236329168223093
2022-01-21 00:00:00,0.9862764349272501,1.0083441910509008,0.8687523369250059,1.0,1.0351715597693492
2022-01-21 01:00:00,0.9862764349272501,1.0083441910509008,0.8735101342301396,1.0,1.029792532633639
2022-01-21 02:00:00,0.9862764349272501,1.007638350117165,0.8492648473382335,1.0,1.0557913147430948
2022-01-21 03:00:00,0.9862764349272501,1.009357959761864,0.8507143600761555,1.0,1.053989528489713
2022-01-21 04:00:00,0.9862764349272501,0.9745916078140531,0.8214087149521119,1.0,1.0904172929029396
2022-01-21 05:00:00,0.9862764349272501,0.9840300553225289,0.8293646774764665,1.0,1.080527801397432
2022-01-21 06:00:00,0.9862764349272501,0.9857793440243793,0.8308392076196601,1.0,1.0786949177857899
2022-01-21 07:00:00,0.9862764349272501,0.9800543300000083,0.8260134142899418,1.0,1.0846935184573607
2022-01-21 08:00:00,0.9862764349272501,0.9912958436472245,0.8354892376405464,1.0,1.072914795990201
2022-01-21 09:00:00,0.9862764349272501,0.9921692196623739,0.8362254335922599,1.0,1.071999683131314
2022-01-21 10:00:00,0.9862764349272501,0.9871445806533466,0.8319900082621584,1.0,1.0772644393058222
2022-01-21 11:00:00,0.9862764349272501,0.9874865239784764,0.8322782429827247,1.0,1.076906155212363
2022-01-21 12:00:00,0.9862764349272501,0.9855195888575152,0.8306202518675385,1.0,1.078967086117913
2022-01-21 13:00:00,0.9862764349272501,0.9675249482061429,0.8154520066097266,1.0,1.0978216536415022
2022-01-21 14:00:00,0.9862764349272501,0.9755519916634158,0.822218252527827,1.0,1.089411014284367
2022-01-21 15:00:00,0.9862764349272501,0.9736677520350306,0.820629968029039,1.0,1.0913852978498075
2022-01-21 16:00:00,0.9862764349272501,0.984331411902836,0.8296187003607637,1.0,1.0802120436058673
2022-01-21 17:00:00,0.9862764349272501,0.9810969020076369,0.8268922308341017,1.0,1.083601124077452
2022-01-21 18:00:00,0.9862764349272501,0.9725640462430133,0.819699619906499,1.0,1.0925417474719443
2022-01-21 19:00:00,0.9862764349272501,0.9696762993488914,0.8172654477559601,1.0,1.09556749385172
2022-01-21 20:00:00,0.9862764349272501,0.9623932616576463,0.8111263475614657,1.0,1.103198572937256
2022-01-21 21:00:00,0.9862764349272501,0.9717870637468173,0.8190446770659244,1.0,1.0933558603638323
2022-01-21 22:00:00,0.9862764349272501,0.9286083479330747,0.7826479874032019,1.0,1.1385979982128025
2022-01-21 23:00:00,0.9862764349272501,0.9149055018795282,0.7710974300068594,1.0,1.1529556751004615
2022-01-22 00:00:00,0.9862764349272501,0.9233138070709777,0.7781850533619116,1.0,1.1441455542949073
2022-01-22 01:00:00,0.9862764349272501,0.9243845361328266,0.7790876043674829,1.0,1.1430236572930597
2022-01-22 02:00:00,0.985586041422801,0.9232631158710485,0.7792334323195795,1.0,1.1413642384355687
2022-01-22 03:00:00,0.985082837642564,0.922791731871546,0.7788355058989758,1.0,1.1419469768016468
2022-01-22 04:00:00,0.9813814101585963,0.9193243618719816,0.7759084694821866,1.0,1.1462334386464843
2022-01-22 05:00:00,0.979715510916232,0.9177638047409045,0.7745910999618537,1.0,1.1481626439519153
2022-01-22 06:00:00,0.9654676244078885,0.9044168745497257,0.7633240731585905,1.0,1.1646625003322226
2022-01-22 07:00:00,0.964790827491213,0.9037828744687184,0.7627888717449575,1.0,1.1654462693436645
2022-01-22 08:00:00,0.9558880953771332,0.8954431011298584,0.7557487173127285,1.0,1.175756135385105
2022-01-22 09:00:00,0.961459840189365,0.9006625200947955,0.7601547741762218,1.0,1.1693037405589872
2022-01-22 10:00:00,0.9403409642884359,0.8808790832881642,0.7434542663015123,1.0,1.1937605902871773
2022-01-22 11:00:00,0.9581480508823566,0.8975601497423471,0.7575358581098302,1.0,1.1731389794132185
2022-01-22 12:00:00,0.9560468168274283,0.8955917859271222,0.7558742319870405,1.0,1.1755723269912908
2022-01-22 13:00:00,0.9658191369894619,0.9047461594499693,0.7636020443282762,1.0,1.164255428931953
2022-01-22 14:00:00,0.9611824156442155,0.9004026383196801,0.7599353907761468,1.0,1.1696250138333537
2022-01-22 15:00:00,0.9459064900319165,0.8860926764433277,0.7478554052135415,1.0,1.1873153974935262
2022-01-22 16:00:00,0.9410910380586548,0.8815817266060685,0.7440474140128259,1.0,1.1928919625453716
2022-01-22 17:00:00,0.9479887964862986,0.8880433095331549,0.7495020636579637,1.0,1.184903969144699
2022-01-22 18:00:00,0.9346037381685712,0.8755046471240356,0.7389173491642903,1.0,1.2004046218032678
2022-01-22 19:00:00,0.9289100455299629,0.8701709916283218,0.7344148576873141,1.0,1.2069982390920944
2022-01-22 20:00:00,0.9323451346348155,0.8733888649919325,0.7371312774870722,1.0,1.2030202121159224
2022-01-22 21:00:00,0.9531481900009153,0.8928764519804985,0.7535820389570178,1.0,1.1789291003842823
2022-01-22 22:00:00,0.9555322564868636,0.8951097634923811,0.7554673249594162,1.0,1.176168216894916
2022-01-22 23:00:00,0.9419322347057892,0.882369730701959,0.7447126204042812,1.0,1.191917809371342
2022-01-23 00:00:00,0.9468720680540694,0.886997196734689,0.7486189706342703,1.0,1.1861972036701705
2022-01-23 01:00:00,0.9559273025496934,0.8954798290610394,0.7557797217893475,1.0,1.1757107312673825
2022-01-23 02:00:00,0.9530414486088177,0.8921515167922862,0.754025937532608,1.0,1.1766811106491748
2022-01-23 03:00:00,0.9530414486088177,0.881167285069662,0.7447402036972731,1.0,1.1911684905837814
2022-01-23 04:00:00,0.9530414486088177,0.8854608658717332,0.7483698657014367,1.0,1.1855055786997013
2022-01-23 05:00:00,0.9530414486088177,0.8897074006632486,0.7519597564459376,1.0,1.17990471698413
2022-01-23 06:00:00,0.9530414486088177,0.8955082243518907,0.7568635955271444,1.0,1.1722538644863691
2022-01-23 07:00:00,0.9530414486088177,0.8912955829228189,0.7533023571955189,1.0,1.1778100233923692
2022-01-23 08:00:00,0.9530414486088177,0.8986114904997914,0.7594870018970462,1.0,1.1681608885861758
2022-01-23 09:00:00,0.9530414486088177,0.9053952216992935,0.7652217609516363,1.0,1.1592136546108576
2022-01-23 10:00:00,0.9530414486088177,0.9064110108304346,0.7660804780419881,1.0,1.1578739047359552
2022-01-23 11:00:00,0.9530414486088177,0.9070086975129261,0.7665857440988858,1.0,1.157085600713447
2022-01-23 12:00:00,0.9530414486088177,0.901635587823477,0.7620434813622468,1.0,1.1641723304426672
2022-01-23 13:00:00,0.9530414486088177,0.9043786737615308,0.7643624023893546,1.0,1.1605544052949293
2022-01-23 14:00:00,0.9530414486088177,0.908535416436125,0.7678763856221336,1.0,1.1550719726644154
2022-01-23 15:00:00,0.9530414486088177,0.8924532688922492,0.7542810295367888,1.0,1.1762831222027708
2022-01-23 16:00:00,0.9530414486088177,0.8913603344212183,0.7533570961335493,1.0,1.1777246210099055
2022-01-23 17:00:00,0.9530414486088177,0.8900111762475366,0.7522165590419317,1.0,1.179504059713274
2022-01-23 18:00:00,0.9530414486088177,0.8926156535093289,0.7544183045298181,1.0,1.176068949040498
2022-01-23 19:00:00,0.9530414486088177,0.883142458706385,0.7464099551311766,1.0,1.1885633843155763
2022-01-23 20:00:00,0.9530414486088177,0.8786713171547966,0.7426301886953829,1.0,1.1944604855453191
2022-01-23 21:00:00,0.9530414486088177,0.8915115898745107,0.7534849628716047,1.0,1.1775251263821185
2022-01-23 22:00:00,0.9530414486088177,0.8931415064982836,0.7548628445773383,1.0,1.1753753882860356
2022-01-23 23:00:00,0.9530414486088177,0.8970584662803677,0.7581741226802236,1.0,1.1702092113530833
2022-01-24 00:00:00,0.9530414486088177,0.915760520154014,0.7739842675160324,1.0,1.1455426013555052
2022-01-24 01:00:00,0.9530414486088177,0.905394968763753,0.7652215471276598,1.0,1.1592139882139139
2022-01-24 02:00:00,0.9530414486088177,0.8995294276731178,0.7613290954561549,1.0,1.1636395502826873
2022-01-24 03:00:00,0.9530414486088177,0.9108226718970486,0.7517688116347613,1.0,1.1490305055692076
2022-01-24 04:00:00,0.9530414486088177,0.9076908936963258,0.7544200151216315,1.0,1.1530818026863026
2022-01-24 05:00:00,0.9530414486088177,0.9129635664876871,0.7499564396084112,1.0,1.1462610246139293
2022-01-24 06:00:00,0.9530414486088177,0.9114960585155765,0.751198756912929,1.0,1.1481594064391023
2022-01-24 07:00:00,0.9530414486088177,0.909100812715314,0.753226449683797,1.0,1.1512579184611536
2022-01-24 08:00:00,0.9530414486088177,0.9187916695769263,0.745022665170469,1.0,1.138721736793956
2022-01-24 09:00:00,0.9530414486088177,0.9168508208234499,0.7466656886072873,1.0,1.1412324366123088
2022-01-24 10:00:00,0.9530414486088177,0.9282771763556942,0.7369927195501828,1.0,1.1264511978847387
2022-01-24 11:00:00,0.9530414486088177,0.959333282242594,0.7107022063213209,1.0,1.0862767333524947
2022-01-24 12:00:00,0.9530414486088177,0.9487364097018145,0.7196729774390045,1.0,1.0999849452446313
2022-01-24 13:00:00,0.9530414486088177,0.9641439804933372,0.7066297148614505,1.0,1.080053569799612
2022-01-24 14:00:00,0.9530414486088177,0.9580991610805057,0.7117469502713853,1.0,1.0878732038512546
2022-01-24 15:00:00,0.9530414486088177,0.9508664432179607,0.7178697998436518,1.0,1.0972295142753223
2022-01-24 16:00:00,0.9530414486088177,0.9353795613243308,0.7309802031498837,1.0,1.1172634872923044
2022-01-24 17:00:00,0.9530414486088177,0.9311674850863072,0.7345459317850196,1.0,1.122712267897569
2022-01-24 18:00:00,0.9530414486088177,0.9072832245281698,0.754765127019995,1.0,1.1536091672759463
2022-01-24 19:00:00,0.9530414486088177,0.8864870452896577,0.7723701103160661,1.0,1.1805112962249662
2022-01-24 20:00:00,0.9530414486088177,0.8891151727336872,0.770145271838698,1.0,1.1771115263642213
2022-01-24 21:00:00,0.9530414486088177,0.859817550582043,0.7949471425419051,1.0,1.2150112001448552
2022-01-24 22:00:00,0.9530414486088177,0.8701833095609495,0.7861720203628848,1.0,1.2016019588843938
2022-01-24 23:00:00,0.9530414486088177,0.8810888386838147,0.7769399563456969,1.0,1.1874944659956375
2022-01-25 00:00:00,0.9530414486088177,0.874014743025484,0.7829285244606077,1.0,1.1966455812757792
2022-01-25 01:00:00,0.9530414486088177,0.8896829796048239,0.7696645955391187,1.0,1.1763770061674936
2022-01-25 02:00:00,0.9530414486088177,0.8861791906576159,0.7715646353959078,1.0,1.1776294671363656
2022-01-25 03:00:00,0.9530414486088177,0.8817310529175789,0.7754382705574647,1.0,1.1835405268089152
2022-01-25 04:00:00,0.9530414486088177,0.8791639696722662,0.7776738002336668,1.0,1.1869518830065584
2022-01-25 05:00:00,0.9530414486088177,0.8905458103070315,0.7677619897946092,1.0,1.1718267355611494
2022-01-25 06:00:00,0.9530414486088177,0.8881734374408228,0.7698279570573031,1.0,1.1749793442251024
2022-01-25 07:00:00,0.9530414486088177,0.8930775363082194,0.7655572507710492,1.0,1.1684623650442771
2022-01-25 08:00:00,0.9530414486088177,0.8882277009890976,0.7697807019584566,1.0,1.174907234256697
2022-01-25 09:00:00,0.9530414486088177,0.8876121411903412,0.7703167586679963,1.0,1.1757252419073418
2022-01-25 10:00:00,0.9530414486088177,0.8794731000219409,0.7774045958470251,1.0,1.186541084589262
2022-01-25 11:00:00,0.9530414486088177,0.8789795718226986,0.7778343820401543,1.0,1.187196926383357
2022-01-25 12:00:00,0.9530414486088177,0.8795951316214551,0.7772983253306145,1.0,1.1863789187327123
2022-01-25 13:00:00,0.9530414486088177,0.876838248725389,0.7796991409407912,1.0,1.1900424966750496
2022-01-25 14:00:00,0.9530414486088177,0.877264499946227,0.7793279425172727,1.0,1.1894760581901995
2022-01-25 15:00:00,0.9530414486088177,0.8820333082475627,0.7751750532421702,1.0,1.1831388644962133
2022-01-25 16:00:00,0.9530414486088177,0.8761247198960366,0.7803205134170269,1.0,1.190990693816164
2022-01-25 17:00:00,0.9530414486088177,0.869269588654919,0.7862902650219895,1.0,1.200100368965088
2022-01-25 18:00:00,0.9530414486088177,0.8584077941524896,0.7957491962784363,1.0,1.2145344353558238
2022-01-25 19:00:00,0.9530414486088177,0.8571283038807225,0.7968634330209222,1.0,1.216234729678724
2022-01-25 20:00:00,0.9530414486088177,0.863512496273011,0.791303795803234,1.0,1.2077508776945134
2022-01-25 21:00:00,0.9530414486088177,0.8684988498402811,0.7869614584847919,1.0,1.2011245915480058
2022-01-25 22:00:00,0.9530414486088177,0.8756682676958418,0.7807180121896772,1.0,1.1915972659033394
2022-01-25 23:00:00,0.9530414486088177,0.8701417340099978,0.785530762256818,1.0,1.1989413888394038
2022-01-26 00:00:00,0.9530414486088177,0.8661085528155926,0.7890430348977836,1.0,1.204301019341794
2022-01-26 01:00:00,0.9530414486088177,0.8738579276893673,0.7822945363697478,1.0,1.1940029980167037
2022-01-26 02:00:00,0.9530414486088177,0.8673355515703519,0.7868941039321373,1.0,1.1993403912990475
2022-01-26 03:00:00,0.9530414486088177,0.8681272950294707,0.7861756553704885,1.0,1.1982455786762412
2022-01-26 04:00:00,0.9530414486088177,0.8548455628648185,0.798227843816125,1.0,1.2166113862609091
2022-01-26 05:00:00,0.9530414486088177,0.8455058177024276,0.8067029709558615,1.0,1.229526265164944
2022-01-26 06:00:00,0.9530414486088177,0.8498691253311488,0.8027435923796555,1.0,1.223492739767174
2022-01-26 07:00:00,0.9530414486088177,0.8567264248560942,0.7965211008342555,1.0,1.2140105546075637
2022-01-26 08:00:00,0.9530414486088177,0.8558317076197031,0.7973329904737141,1.0,1.215247758038753
2022-01-26 09:00:00,0.9530414486088177,0.8499431156425068,0.8026764516509777,1.0,1.223390426920876
2022-01-26 10:00:00,0.9530414486088177,0.8488087546269718,0.8037058002747209,1.0,1.2249590066727183
2022-01-26 11:00:00,0.9530414486088177,0.8419604093435283,0.809920166509007,1.0,1.234428810022904
2022-01-26 12:00:00,0.9530414486088177,0.8387724637309038,0.8128129910895271,1.0,1.2388370600151506
2022-01-26 13:00:00,0.9530414486088177,0.8460588599341395,0.8062011260825906,1.0,1.22876152551443
2022-01-26 14:00:00,0.9530414486088177,0.8358484326046521,0.8154663328161644,1.0,1.2428803724664619
2022-01-26 15:00:00,0.9530414486088177,0.8350974545081606,0.8161477898298473,1.0,1.2439188152726772
2022-01-26 16:00:00,0.9530414486088177,0.8407473452579498,0.811020932340962,1.0,1.236106219362847
2022-01-26 17:00:00,0.9530414486088177,0.8343181998595577,0.816854905720732,1.0,1.2449963585297072
2022-01-26 18:00:00,0.9530414486088177,0.8390941095111708,0.8125211213613572,1.0,1.2383922923871353
2022-01-26 19:00:00,0.9530414486088177,0.8410164437788764,0.810776745359592,1.0,1.2357341134059288
2022-01-26 20:00:00,0.9530414486088177,0.8504867323568482,0.8021831597367741,1.0,1.222638720753967
2022-01-26 21:00:00,0.9530414486088177,0.8634543591551299,0.7904159986520536,1.0,1.20470725401043
2022-01-26 22:00:00,0.9530414486088177,0.8796078108246279,0.775757937402603,1.0,1.1823704698084572
2022-01-26 23:00:00,0.9530414486088177,0.875435841198527,0.779543690909744,1.0,1.188139415489049
2022-01-27 00:00:00,0.9530414486088177,0.86842749775772,0.7859032436241965,1.0,1.1978304622234268
2022-01-27 01:00:00,0.9530414486088177,0.8640050450074992,0.7899162920185495,1.0,1.2039457727308172
2022-01-27 02:00:00,0.9530414486088177,0.8894881570542049,0.7662553860549134,1.0,1.1662548823545111
2022-01-27 03:00:00,0.9530414486088177,0.8894881570542049,0.7688973951107864,1.0,1.1702752131413419
2022-01-27 04:00:00,0.9530414486088177,0.8894881570542049,0.7633020492889924,1.0,1.1617608058873934
2022-01-27 05:00:00,0.9530414486088177,0.8894881570542049,0.7671964253762874,1.0,1.1676868567631258
2022-01-27 06:00:00,0.9530414486088177,0.8894881570542049,0.7680728898567036,1.0,1.1690205679880545
2022-01-27 07:00:00,0.9530414486088177,0.8894881570542049,0.7714981361391601,1.0,1.1742327465955524
2022-01-27 08:00:00,0.9530414486088177,0.8894881570542049,0.772312377842362,1.0,1.1754717737593796
2022-01-27 09:00:00,0.9530414486088177,0.8894881570542049,0.7780471368969523,1.0,1.18419832537016
2022-01-27 10:00:00,0.9530414486088177,0.8894881570542049,0.7798710554180428,1.0,1.1869737722471159
2022-01-27 11:00:00,0.9530414486088177,0.8894881570542049,0.7755058389340961,1.0,1.1803312461049056
2022-01-27 12:00:00,0.9530414486088177,0.8894881570542049,0.7833955160256794,1.0,1.1923369247527271
2022-01-27 13:00:00,0.9530414486088177,0.8894881570542049,0.7829682957202704,1.0,1.1916868259414544
2022-01-27 14:00:00,0.9530414486088177,0.8894881570542049,0.7863022391646838,1.0,1.196760069517714
2022-01-27 15:00:00,0.9530414486088177,0.8894881570542049,0.7873737111118333,1.0,1.198390522542383
2022-01-27 16:00:00,0.9530414486088177,0.8894881570542049,0.7824365154902642,1.0,1.1908776188625574
2022-01-27 17:00:00,0.9530414486088177,0.8894881570542049,0.7800498122625483,1.0,1.1872457855635443
2022-01-27 18:00:00,0.9530414486088177,0.8894881570542049,0.774761945319222,1.0,1.1791992672438354
2022-01-27 19:00:00,0.9530414486088177,0.8894881570542049,0.7731610452058097,1.0,1.1767631862628543
2022-01-27 20:00:00,0.9530414486088177,0.8894881570542049,0.7732215573912106,1.0,1.1768552673257122
2022-01-27 21:00:00,0.9530414486088177,0.8894881570542049,0.7599576284697216,1.0,1.1566716189468933
2022-01-27 22:00:00,0.9530414486088177,0.8894881570542049,0.7726763062506735,1.0,1.1760255616356492
2022-01-27 23:00:00,0.9530414486088177,0.8894881570542049,0.783689523993616,1.0,1.1927843150758002
2022-01-28 00:00:00,0.9530414486088177,0.8894881570542049,0.7932498078150096,1.0,1.2073321468830187
2022-01-28 01:00:00,0.9530414486088177,0.8894881570542049,0.7932087536114869,1.0,1.2072696749251788
2022-01-28 02:00:00,0.9530414486088177,0.8894881570542049,0.7875141934645129,1.0,1.196926263613046
2022-01-28 03:00:00,0.9530414486088177,0.8894881570542049,0.7889230796468654,1.0,1.199067197064873
2022-01-28 04:00:00,0.9530414486088177,0.8894881570542049,0.7977730402177241,1.0,1.2125155343903653
2022-01-28 05:00:00,0.9530414486088177,0.8894881570542049,0.7949390172307913,1.0,1.2082089731564123
2022-01-28 06:00:00,0.9530414486088177,0.8894881570542049,0.794640732783321,1.0,1.2077557022252698
2022-01-28 07:00:00,0.9530414486088177,0.8894881570542049,0.7882450438168093,1.0,1.198036858625695
2022-01-28 08:00:00,0.9530414486088177,0.8894881570542049,0.7859340342768387,1.0,1.1945250649168855
2022-01-28 09:00:00,0.9530414486088177,0.8894881570542049,0.7827512643839388,1.0,1.1896885503577042
2022-01-28 10:00:00,0.9530414486088177,0.8894881570542049,0.7791866048686864,1.0,1.184271719036501
2022-01-28 11:00:00,0.9530414486088177,0.8894881570542049,0.7818301106923962,1.0,1.1882887717402402
2022-01-28 12:00:00,0.9530414486088177,0.8894881570542049,0.7783310951379848,1.0,1.1829716925164282
2022-01-28 13:00:00,0.9530414486088177,0.8894881570542049,0.7748006474590013,1.0,1.1776068492590117
2022-01-28 14:00:00,0.9530414486088177,0.8894881570542049,0.7881000711606194,1.0,1.1978165592053978
2022-01-28 15:00:00,0.9530414486088177,0.8894881570542049,0.7850024032104387,1.0,1.1931093649548865
2022-01-28 16:00:00,0.9530414486088177,0.8894881570542049,0.7940835075000897,1.0,1.2069089466363394
2022-01-28 17:00:00,0.9530414486088177,0.8894881570542049,0.7922134030000358,1.0,1.2040671490995845
2022-01-28 18:00:00,0.9530414486088177,0.8894881570542049,0.7868598920958684,1.0,1.1959319918931204
2022-01-28 19:00:00,0.9530414486088177,0.8894881570542049,0.7909285347241585,1.0,1.2021146723789853
2022-01-28 20:00:00,0.9530414486088177,0.8894881570542049,0.7948509217523986,1.0,1.2080751038921609
2022-01-28 21:00:00,0.9530414486088177,0.8894881570542049,0.8060617128497946,1.0,1.2251109425443525
2022-01-28 22:00:00,0.9530414486088177,0.8894881570542049,0.8071267700776437,1.0,1.2267293959551204
2022-01-28 23:00:00,0.9530414486088177,0.8894881570542049,0.8041896839339505,1.0,1.2222662206790094
2022-01-29 00:00:00,0.9530414486088177,0.8894881570542049,0.8053355666249852,1.0,1.2240074958904743
2022-01-29 01:00:00,0.9530414486088177,0.8894881570542049,0.8069467302892781,1.0,1.2264558087694417
2022-01-29 02:00:00,0.9530414486088177,0.8894881570542049,0.8015677743318855,1.0,1.216576401125223
2022-01-29 03:00:00,0.9530414486088177,0.8894881570542049,0.8016616430576486,1.0,1.2167188454251852
2022-01-29 04:00:00,0.9530414486088177,0.8894881570542049,0.8057371280531925,1.0,1.2229033291547586
2022-01-29 05:00:00,0.9530414486088177,0.8894881570542049,0.8074160739180933,1.0,1.225451102829712
2022-01-29 06:00:00,0.9530414486088177,0.8894881570542049,0.8042189778187558,1.0,1.2205995602943194
2022-01-29 07:00:00,0.9530414486088177,0.8894881570542049,0.8060381922123597,1.0,1.223360189232998
2022-01-29 08:00:00,0.9530414486088177,0.8894881570542049,0.8080282519633317,1.0,1.2263800732870975
2022-01-29 09:00:00,0.9530414486088177,0.8894881570542049,0.8068620559945123,1.0,1.2246103894328955
2022-01-29 10:00:00,0.9530414486088177,0.8894881570542049,0.8052166804939505,1.0,1.2221135582524618
2022-01-29 11:00:00,0.9530414486088177,0.8894881570542049,0.8062864418492866,1.0,1.223736904112853
2022-01-29 12:00:00,0.9530414486088177,0.8894881570542049,0.8059203752012083,1.0,1.2231814037904483
2022-01-29 13:00:00,0.9530414486088177,0.8894881570542049,0.8081289630563485,1.0,1.2265329007706562
2022-01-29 14:00:00,0.9530414486088177,0.8894881570542049,0.8146103954375095,1.0,1.2363683714322948
2022-01-29 15:00:00,0.9530414486088177,0.8894881570542049,0.8032646814108277,1.0,1.2191514306571167
2022-01-29 16:00:00,0.9530414486088177,0.8894881570542049,0.8020762477484334,1.0,1.2173480014562263
2022-01-29 17:00:00,0.9530414486088177,0.8894881570542049,0.8015474610541008,1.0,1.2165455760489212
2022-01-29 18:00:00,0.9530414486088177,0.8894881570542049,0.8038931100782938,1.0,1.2201050611755435
2022-01-29 19:00:00,0.9530414486088177,0.8894881570542049,0.8071558501384724,1.0,1.2250562173785635
2022-01-29 20:00:00,0.9530414486088177,0.8894881570542049,0.8082467800675,1.0,1.226711686213206
2022-01-29 21:00:00,0.9530414486088177,0.8894881570542049,0.8186692021628723,1.0,1.2425275461518521
2022-01-29 22:00:00,0.9530414486088177,0.8894881570542049,0.8190307785074401,1.0,1.2430762325100215
2022-01-29 23:00:00,0.9530414486088177,0.8894881570542049,0.8144012755883151,1.0,1.2360510353836314
2022-01-30 00:00:00,0.9530414486088177,0.8894881570542049,0.8150384710388252,1.0,1.237017969356041
2022-01-30 01:00:00,0.9530414486088177,0.8894881570542049,0.8077276154521178,1.0,1.225923862157833
2022-01-30 02:00:00,0.9530414486088177,0.8894881570542049,0.8100520959026194,1.0,1.2277299989048334
2022-01-30 03:00:00,0.9530414486088177,0.8894881570542049,0.8105616384390506,1.0,1.2285021447605988
2022-01-30 04:00:00,0.9530414486088177,0.8894881570542049,0.8096928716217949,1.0,1.2271856409368576
2022-01-30 05:00:00,0.9530414486088177,0.8894881570542049,0.8135799776938827,1.0,1.2330760477819946
2022-01-30 06:00:00,0.9530414486088177,0.8894881570542049,0.8144536624626021,1.0,1.2344000041255356
2022-01-30 07:00:00,0.9530414486088177,0.8894881570542049,0.8137557410027146,1.0,1.2333423943591828
2022-01-30 08:00:00,0.9530414486088177,0.8894881570542049,0.8167062980569387,1.0,1.2378135822163834
2022-01-30 09:00:00,0.9530414486088177,0.8894881570542049,0.8116953331634145,1.0,1.2302201125857222
2022-01-30 10:00:00,0.9530414486088177,0.8894881570542049,0.8093067055199087,1.0,1.2266004561212838
2022-01-30 11:00:00,0.9530414486088177,0.8894881570542049,0.8155422403278861,1.0,1.236049603182062
2022-01-30 12:00:00,0.9530414486088177,0.8894881570542049,0.8138722750700059,1.0,1.2335189866761749
2022-01-30 13:00:00,0.9530414486088177,0.8894881570542049,0.810149599635986,1.0,1.2278777532104268
2022-01-30 14:00:00,0.9530414486088177,0.8894881570542049,0.8106636324759277,1.0,1.228656703540792
2022-01-30 15:00:00,0.9530414486088177,0.8894881570542049,0.8080998829955199,1.0,1.2247716725669653
2022-01-30 16:00:00,0.9530414486088177,0.8894881570542049,0.811031623539796,1.0,1.229214346435367
2022-01-30 17:00:00,0.9530414486088177,0.8894881570542049,0.8080303902030985,1.0,1.22466636522197
2022-01-30 18:00:00,0.9530414486088177,0.8894881570542049,0.811296551446904,1.0,1.2296158104367492
2022-01-30 19:00:00,0.9530414486088177,0.8894881570542049,0.807851633358593,1.0,1.224395482328382
2022-01-30 20:00:00,0.9530414486088177,0.8894881570542049,0.8012624336931848,1.0,1.2144104018872277
2022-01-30 21:00:00,0.9530414486088177,0.8894881570542049,0.8046680081697865,1.0,1.2195711098371973
2022-01-30 22:00:00,0.9530414486088177,0.8894881570542049,0.8056941494338795,1.0,1.221126094294528
2022-01-30 23:00:00,0.9530414486088177,0.8894881570542049,0.8068509371477248,1.0,1.2228790565604497
2022-01-31 00:00:00,0.9530414486088177,0.8894881570542049,0.8090513996917513,1.0,1.226213573136901
2022-01-31 01:00:00,0.9530414486088177,0.8894881570542049,0.7866296036729826,1.0,1.1922362392798171
2022-01-31 02:00:00,0.9530414486088177,0.8894881570542049,0.7862654614406945,1.0,1.1900160529294037
2022-01-31 03:00:00,0.9530414486088177,0.8894881570542049,0.7897195739600029,1.0,1.1847892305614376
2022-01-31 04:00:00,0.9530414486088177,0.8894881570542049,0.7904202751315872,1.0,1.1837289175182395
2022-01-31 05:00:00,0.9530414486088177,0.8894881570542049,0.788203561965333,1.0,1.1870832859402218
2022-01-31 06:00:00,0.9530414486088177,0.8894881570542049,0.7900424481647915,1.0,1.1843006517713157
2022-01-31 07:00:00,0.9530414486088177,0.8894881570542049,0.7883329254712252,1.0,1.1868875308620603
2022-01-31 08:00:00,0.9530414486088177,0.8894881570542049,0.792558728722376,1.0,1.1804929728294917
2022-01-31 09:00:00,0.9530414486088177,0.8894881570542049,0.7931063319266566,1.0,1.1796643302589604
2022-01-31 10:00:00,0.9530414486088177,0.8894881570542049,0.7944912698236207,1.0,1.1775686184552392
2022-01-31 11:00:00,0.9530414486088177,0.8894881570542049,0.7963027865540641,1.0,1.174827400236754
2022-01-31 12:00:00,0.9530414486088177,0.8894881570542049,0.7956874011491755,1.0,1.1757586119969996
2022-01-31 13:00:00,0.9530414486088177,0.8894881570542049,0.7918152627554556,1.0,1.1816179982952226
2022-01-31 14:00:00,0.9530414486088177,0.8894881570542049,0.7952749346981575,1.0,1.1763827633123274
2022-01-31 15:00:00,0.9530414486088177,0.8894881570542049,0.8007986494877632,1.0,1.1680241832558913
2022-01-31 16:00:00,0.9530414486088177,0.8894881570542049,0.8052979336050893,1.0,1.161215789281226
2022-01-31 17:00:00,0.9530414486088177,0.8894881570542049,0.8183446173662702,1.0,1.1414733234149501
2022-01-31 18:00:00,0.9530414486088177,0.8894881570542049,0.8214527626913083,1.0,1.1367700245452736
2022-01-31 19:00:00,0.9530414486088177,0.8894881570542049,0.8213770690035631,1.0,1.1368845655331565
2022-01-31 20:00:00,0.9530414486088177,0.8894881570542049,0.8203842842798322,1.0,1.1383868644222532
2022-01-31 21:00:00,0.9530414486088177,0.8894881570542049,0.8210751495484893,1.0,1.1373414352362374
2022-01-31 22:00:00,0.9530414486088177,0.8894881570542049,0.8202807934751185,1.0,1.1385434684847824
2022-01-31 23:00:00,0.9530414486088177,0.8894881570542049,0.8200763777534112,1.0,1.1388527938644886
2022-02-01 00:00:00,0.9530414486088177,0.8894881570542049,0.821218839260819,1.0,1.1371240014965276
2022-02-01 01:00:00,0.9530414486088177,0.8894881570542049,0.8188056218599948,1.0,1.1407757235000477
2022-02-01 02:00:00,0.9530414486088177,0.8894881570542049,0.816604090196085,1.0,1.1424411190333077
2022-02-01 03:00:00,0.9530414486088177,0.8894881570542049,0.8216330163036506,1.0,1.1494755588854415
2022-02-01 04:00:00,0.9530414486088177,0.8894881570542049,0.8240212162992029,1.0,1.1528161625976945
2022-02-01 05:00:00,0.9530414486088177,0.8894881570542049,0.823413528557475,1.0,1.1519661316414564
2022-02-01 06:00:00,0.9530414486088177,0.8894881570542049,0.8211089337368048,1.0,1.1487424744822958
2022-02-01 07:00:00,0.9530414486088177,0.8894881570542049,0.8177114845713171,1.0,1.1439901374437078
2022-02-01 08:00:00,0.9530414486088177,0.8894881570542049,0.8208256169677023,1.0,1.1483461722243735
2022-02-01 09:00:00,0.9530414486088177,0.8894881570542049,0.8241576359963256,1.0,1.1530069858735847
2022-02-01 10:00:00,0.9530414486088177,0.8894881570542049,0.8169492020944485,1.0,1.1429238600478637
2022-02-01 11:00:00,0.9530414486088177,0.8894881570542049,0.8167781429131036,1.0,1.1426845832128918
2022-02-01 12:00:00,0.9530414486088177,0.8894881570542049,0.8204452241131863,1.0,1.1478140803626045
2022-02-01 13:00:00,0.9530414486088177,0.8894881570542049,0.8251880537399523,1.0,1.1544483297082473
2022-02-01 14:00:00,0.9530414486088177,0.8894881570542049,0.8298960300585192,1.0,1.161033826398765
2022-02-01 15:00:00,0.9530414486088177,0.8894881570542049,0.8223536031050662,1.0,1.150483512552761
2022-02-01 16:00:00,0.9530414486088177,0.8894881570542049,0.8247730214012141,1.0,1.1538677842873966
2022-02-01 17:00:00,0.9530414486088177,0.8894881570542049,0.8351817587620789,1.0,1.1684274805994004
2022-02-01 18:00:00,0.9530414486088177,0.8894881570542049,0.8299274621830914,1.0,1.161077793517191
2022-02-01 19:00:00,0.9530414486088177,0.8894881570542049,0.822874905960215,1.0,1.1512127087073383
2022-02-01 20:00:00,0.9530414486088177,0.8894881570542049,0.819444100254365,1.0,1.1464137126859306
2022-02-01 21:00:00,0.9530414486088177,0.8894881570542049,0.8223339312992116,1.0,1.1504559957167393
2022-02-01 22:00:00,0.9530414486088177,0.8894881570542049,0.8281546475924275,1.0,1.1585979882187498
2022-02-01 23:00:00,0.9530414486088177,0.8894881570542049,0.8264267360368666,1.0,1.1561809930894886
2022-02-02 00:00:00,0.9530414486088177,0.8894881570542049,0.8263820468257402,1.0,1.1561184820163521
2022-02-02 01:00:00,0.9530414486088177,0.8894881570542049,0.8233750402416723,1.0,1.1519122943535876
2022-02-02 02:00:00,0.9530414486088177,0.8894881570542049,0.8209188442215353,1.0,1.1468687138474691
2022-02-02 03:00:00,0.9530414486088177,0.8894881570542049,0.8246308284567211,1.0,1.1520537710233971
2022-02-02 04:00:00,0.9530414486088177,0.8894881570542049,0.8233835932007395,1.0,1.1503115798651489
2022-02-02 05:00:00,0.9530414486088177,0.8894881570542049,0.8206430112916165,1.0,1.1464834187001796
2022-02-02 06:00:00,0.9530414486088177,0.8894881570542049,0.8204839262529656,1.0,1.1462612019640683
2022-02-02 07:00:00,0.9530414486088177,0.8894881570542049,0.8174457013683023,1.0,1.1420172804541167
2022-02-02 08:00:00,0.9530414486088177,0.8894881570542049,0.8175829763613317,1.0,1.142209031992535
2022-02-02 09:00:00,0.9530414486088177,0.8894881570542049,0.8210255423858992,1.0,1.1470177543734361
2022-02-02 10:00:00,0.9530414486088177,0.8894881570542049,0.8226292222110083,1.0,1.1492578424390731
2022-02-02 11:00:00,0.9530414486088177,0.8894881570542049,0.8233910770399234,1.0,1.150322033609455
2022-02-02 12:00:00,0.9530414486088177,0.8894881570542049,0.8219608084599027,1.0,1.1483241737333156
2022-02-02 13:00:00,0.9530414486088177,0.8894881570542049,0.8266345729422008,1.0,1.1548526863918085
2022-02-02 14:00:00,0.9530414486088177,0.8894881570542049,0.8193286353069571,1.0,1.1446474425215833
2022-02-02 15:00:00,0.9530414486088177,0.8894881570542049,0.8053520310711896,1.0,1.1251243283335342
2022-02-02 16:00:00,0.9530414486088177,0.8894881570542049,0.7994192710141926,1.0,1.1168371972043118
2022-02-02 17:00:00,0.9530414486088177,0.8894881570542049,0.7971018467549218,1.0,1.113600120610262
2022-02-02 18:00:00,0.9530414486088177,0.8894881570542049,0.8000703650231871,1.0,1.1177466729589607
2022-02-02 19:00:00,0.9530414486088177,0.8894881570542049,0.80036073798352,1.0,1.118152278238045
2022-02-02 20:00:00,0.9530414486088177,0.8894881570542049,0.8019716878238363,1.0,1.1204025213695799
2022-02-02 21:00:00,0.9530414486088177,0.8894881570542049,0.801994780813318,1.0,1.1204347786377251
2022-02-02 22:00:00,0.9530414486088177,0.8894881570542049,0.7882858841963553,1.0,1.1012856098174328
2022-02-02 23:00:00,0.9530414486088177,0.8894881570542049,0.7902983954648789,1.0,1.104096771000603
2022-02-03 00:00:00,0.9530414486088177,0.8894881570542049,0.7881404838922121,1.0,1.1010825084994817
2022-02-03 01:00:00,0.9530414486088177,0.8894881570542049,0.7876811899903009,1.0,1.1004409472774832
2022-02-03 02:00:00,0.9523743195947915,0.8888655153442669,0.7868372267543401,1.0,1.0977230733818444
2022-02-03 03:00:00,0.9552566469475052,0.8915556355365574,0.7892190120305921,1.0,1.09440085314237
2022-02-03 04:00:00,0.9515985571921131,0.8881414844315741,0.7861961824722499,1.0,1.0986172305124613
2022-02-03 05:00:00,0.9537871490539724,0.8901841306822601,0.7880047056670195,1.0,1.0960946217697132
2022-02-03 06:00:00,0.9562275143707374,0.8924617609483066,0.7900212795911001,1.0,1.093281814598649
2022-02-03 07:00:00,0.9543605611568196,0.8907193049659584,0.7884785395993451,1.0,1.095433697086108
2022-02-03 08:00:00,0.956628333570787,0.8928358516366859,0.7903524929309793,1.0,1.0928198234727897
2022-02-03 09:00:00,0.9580380579102776,0.8941515689189913,0.7915174059559386,1.0,1.0911949508751904
2022-02-03 10:00:00,0.946237050526503,0.8831375082771384,0.7817657496754151,1.0,1.1047969956046522
2022-02-03 11:00:00,0.9402211398861186,0.8775227668864787,0.7767945560415537,1.0,1.1117310380094947
2022-02-03 12:00:00,0.9504048974310869,0.8870274235242183,0.7852098124678194,1.0,1.0999930633488648
2022-02-03 13:00:00,0.9481337611374548,0.8849077372931623,0.7833330794244885,1.0,1.1026108142279263
2022-02-03 14:00:00,0.9456540643046102,0.8825933983217358,0.7812840042559523,1.0,1.1054689555830643
2022-02-03 15:00:00,0.9435819144311447,0.8806594291593458,0.7795717018506891,1.0,1.1078573512808572
2022-02-03 16:00:00,0.9535506424375454,0.8899633954406986,0.7878092705523329,1.0,1.096367223376579
2022-02-03 17:00:00,0.9481686937339731,0.8849403404196511,0.7833619456613403,1.0,1.1025705503144396
2022-02-03 18:00:00,0.9518451554475342,0.8883716383541213,0.7863999567220271,1.0,1.098332997108366
2022-02-03 19:00:00,0.9500861051428615,0.8867298898069275,0.7849463813285481,1.0,1.1003605088408328
2022-02-03 20:00:00,0.9448097305087664,0.8818053686792685,0.7805862966200416,1.0,1.1064421492846
2022-02-03 21:00:00,0.9401538622928243,0.8774599756799075,0.7767389618076166,1.0,1.1118085833243578
2022-02-03 22:00:00,0.954933196979744,0.8912537547357348,0.7889517320597406,1.0,1.0947736671561363
2022-02-03 23:00:00,0.9544591487069932,0.8908113182340491,0.7885600065344606,1.0,1.0953200633747122
2022-02-04 00:00:00,0.9641797258981276,0.8998836815650109,0.7965925180424671,1.0,1.0841159583817956
2022-02-04 01:00:00,0.9607972155152679,0.8967267329023284,0.7937974110192902,1.0,1.0880146982121583
2022-02-04 02:00:00,0.9599398237595895,0.8959265160662767,0.7936449545239166,1.0,1.0866905436757797
2022-02-04 03:00:00,0.9599398237595895,0.8959265160662767,0.7970488184087048,1.0,1.0913504055543228
2022-02-04 04:00:00,0.9599398237595895,0.8959265160662767,0.7964956557810305,1.0,1.0905931304315268
2022-02-04 05:00:00,0.9599398237595895,0.8959265160662767,0.7962997930183905,1.0,1.0903249959079546
2022-02-04 06:00:00,0.9599398237595895,0.8959265160662767,0.8015927917371573,1.0,1.097571067956542
2022-02-04 07:00:00,0.9599398237595895,0.8959265160662767,0.8111791620837061,1.0,1.11069473072435
2022-02-04 08:00:00,0.9599398237595895,0.8959265160662767,0.808816193317402,1.0,1.107459845768022
2022-02-04 09:00:00,0.9599398237595895,0.8959265160662767,0.8104205146144411,1.0,1.1096561485304262
2022-02-04 10:00:00,0.9599398237595895,0.8959265160662767,0.8117289035277534,1.0,1.111447322274682
2022-02-04 11:00:00,0.9599398237595895,0.8959265160662767,0.8091172574765692,1.0,1.1078720001448668
2022-02-04 12:00:00,0.9599398237595895,0.8959265160662767,0.807555059502936,1.0,1.1057333638684272
2022-02-04 13:00:00,0.9599398237595895,0.8959265160662767,0.8106937816566396,1.0,1.1100302488809997
2022-02-04 14:00:00,0.9599398237595895,0.8959265160662767,0.7993397284948672,1.0,1.0944866427656246
2022-02-04 15:00:00,0.9599398237595895,0.8959265160662767,0.8104857309273289,1.0,1.109745429130524
2022-02-04 16:00:00,0.9599398237595895,0.8959265160662767,0.8435138376614156,1.0,1.1549606376993613
2022-02-04 17:00:00,0.9599398237595895,0.8959265160662767,0.8599209790401184,1.0,1.1774218803442755
2022-02-04 18:00:00,0.9599398237595895,0.8959265160662767,0.8652332219167865,1.0,1.1846942974879737
2022-02-04 19:00:00,0.9599398237595895,0.8959265160662767,0.8642802084527184,1.0,1.183389629833431
2022-02-04 20:00:00,0.9599398237595895,0.8959265160662767,0.8696347884767692,1.0,1.1907200061863727
2022-02-04 21:00:00,0.9599398237595895,0.8959265160662767,0.8667413224243191,1.0,1.186758874774824
2022-02-04 22:00:00,0.9599398237595895,0.8959265160662767,0.8674247038537922,1.0,1.1876944183745364
2022-02-04 23:00:00,0.9599398237595895,0.8959265160662767,0.8677933363895907,1.0,1.1881990733075478
2022-02-05 00:00:00,0.9599398237595895,0.8959265160662767,0.8877386231104374,1.0,1.215504008050223
2022-02-05 01:00:00,0.9599398237595895,0.8959265160662767,0.8859241128443207,1.0,1.2130199583045531
2022-02-05 02:00:00,0.9592678658829578,0.8959265160662767,0.8815873349492723,1.0,1.2053930876293069
2022-02-05 03:00:00,0.9572080429744138,0.8959265160662767,0.8834805324388078,1.0,1.2079814118961831
2022-02-05 04:00:00,0.9553978462213777,0.8959265160662767,0.8851442968013643,1.0,1.2102560618985057
2022-02-05 05:00:00,0.9548629995004896,0.8959265160662767,0.8856358781237544,1.0,1.2109281375128664
2022-02-05 06:00:00,0.9535059917045176,0.8959265160662767,0.8868831133797359,1.0,1.212633321096409
2022-02-05 07:00:00,0.9540871344225594,0.8959265160662767,0.8863489810859863,1.0,1.2119030710378305
2022-02-05 08:00:00,0.9568153412498122,0.8959265160662767,0.8838414673114456,1.0,1.2084748715034213
2022-02-05 09:00:00,0.9554029643718169,0.8959265160662767,0.8851395926738772,1.0,1.2102496305529136
2022-02-05 10:00:00,0.9529020499527014,0.8959265160662767,0.8874382004232003,1.0,1.2133922198762612
2022-02-05 11:00:00,0.9525240047498119,0.8959265160662767,0.8877856643853073,1.0,1.2138672624483953
2022-02-05 12:00:00,0.9554169229639236,0.8959265160662767,0.8851267632352764,1.0,1.210232090519481
2022-02-05 13:00:00,0.9566941341416858,0.8959265160662767,0.8839528696032966,1.0,1.2086271774603947
2022-02-05 14:00:00,0.9536651196545338,0.8959265160662767,0.886736857779686,1.0,1.2124333647152772
2022-02-05 15:00:00,0.9550442285546749,0.8959265160662767,0.8854693092459198,1.0,1.2107004094121325
2022-02-05 16:00:00,0.9483471287050864,0.8959265160662767,0.8916246600626417,1.0,1.2191158251192216
2022-02-05 17:00:00,0.9589286720947652,0.8959265160662767,0.8818990903072735,1.0,1.20581931044172
2022-02-05 18:00:00,0.9519768279392296,0.8959265160662767,0.8882885783784615,1.0,1.2145548317589547
2022-02-05 19:00:00,0.9500207638986785,0.8959265160662767,0.8900864103743972,1.0,1.2170127751106483
2022-02-05 20:00:00,0.9529762631340686,0.8959265160662767,0.8873699905746391,1.0,1.2132989653651778
2022-02-05 21:00:00,0.9506905436765979,0.8959265160662767,0.889470811145532,1.0,1.2161711458397724
2022-02-05 22:00:00,0.9509189993007441,0.8959265160662767,0.889260836000431,1.0,1.2158840739592582
2022-02-05 23:00:00,0.9520815173800297,0.8959265160662767,0.888192357588955,1.0,1.2144232815082099
2022-02-06 00:00:00,0.9566538868677781,0.8959265160662767,0.8839898611512624,1.0,1.2086777512234588
2022-02-06 01:00:00,0.954602439114498,0.8959265160662767,0.8858753609776374,1.0,1.2112555514702756
2022-02-06 02:00:00,0.9509275094588582,0.8959265160662767,0.8886304829171747,1.0,1.2133212471851258
2022-02-06 03:00:00,0.9509275094588582,0.8959265160662767,0.8870368528189697,1.0,1.2154969734795402
2022-02-06 04:00:00,0.9509275094588582,0.8959265160662767,0.8851526359364548,1.0,1.2180694275391646
2022-02-06 05:00:00,0.9509275094588582,0.8959265160662767,0.8871491104067274,1.0,1.2153437122015893
2022-02-06 06:00:00,0.9509275094588582,0.8959265160662767,0.88792208408243,1.0,1.2142883988305564
2022-02-06 07:00:00,0.9509275094588582,0.8959265160662767,0.8854284688663736,1.0,1.217692842684771
2022-02-06 08:00:00,0.9509275094588582,0.8959265160662767,0.8885284888802979,1.0,1.2134604960033781
2022-02-06 09:00:00,0.9509275094588582,0.8959265160662767,0.8892749483828919,1.0,1.2124413814865662
2022-02-06 10:00:00,0.9509275094588582,0.8959265160662767,0.8894705973215553,1.0,1.2121742689735662
2022-02-06 11:00:00,0.9509275094588582,0.8959265160662767,0.8881660572398231,1.0,1.2139553109864767
2022-02-06 12:00:00,0.9509275094588582,0.8959265160662767,0.8868985087060569,1.0,1.2156858497592244
2022-02-06 13:00:00,0.9509275094588582,0.8959265160662767,0.8888958384722362,1.0,1.2129589667166742
2022-02-06 14:00:00,0.9509275094588582,0.8959265160662767,0.8905181209833165,1.0,1.2107441223056021
2022-02-06 15:00:00,0.9509275094588582,0.8959265160662767,0.8823930236934071,1.0,1.2218370276405617
2022-02-06 16:00:00,0.9509275094588582,0.8959265160662767,0.886562377414714,1.0,1.2161447578143458
2022-02-06 17:00:00,0.9509275094588582,0.8959265160662767,0.8892514277454571,1.0,1.212473493373375
2022-02-06 18:00:00,0.9509275094588582,0.8959265160662767,0.8892351771232292,1.0,1.2124956797678974
2022-02-06 19:00:00,0.9509275094588582,0.8959265160662767,0.8863827652743018,1.0,1.2163899758590673
2022-02-06 20:00:00,0.9509275094588582,0.8959265160662767,0.8907920294974452,1.0,1.210370164787402
2022-02-06 21:00:00,0.9509275094588582,0.8959265160662767,0.8877944311683512,1.0,1.2144626787980548
2022-02-06 22:00:00,0.9509275094588582,0.8959265160662767,0.8895050229818009,1.0,1.2121272688483278
2022-02-06 23:00:00,0.9509275094588582,0.8959265160662767,0.8882902889702751,1.0,1.2137857018388776
2022-02-07 00:00:00,0.9509275094588582,0.8959265160662767,0.9050870176344908,1.0,1.1908537276900204
2022-02-07 01:00:00,0.9509275094588582,0.8959265160662767,0.8931160822999932,1.0,1.2071972184444542
2022-02-07 02:00:00,0.9509275094588582,0.8959265160662767,0.8991514778657972,1.0,1.1972586655816004
2022-02-07 03:00:00,0.9509275094588582,0.8959265160662767,0.9039469081908267,1.0,1.2036434884415477
2022-02-07 04:00:00,0.9509275094588582,0.8959265160662767,0.9141390418633134,1.0,1.2172136925010408
2022-02-07 05:00:00,0.9509275094588582,0.8959265160662767,0.9141138106340649,1.0,1.2171800986589096
2022-02-07 06:00:00,0.9509275094588582,0.8959265160662767,0.9140928558843502,1.0,1.217152198688326
2022-02-07 07:00:00,0.9509275094588582,0.8959265160662767,0.9131947951822891,1.0,1.2159564856633216
2022-02-07 08:00:00,0.9509275094588582,0.8959265160662767,0.9126018612949521,1.0,1.2151670303732411
2022-02-07 09:00:00,0.9509275094588582,0.8959265160662767,0.9098614932098057,1.0,1.2115183974855126
2022-02-07 10:00:00,0.9509275094588582,0.8959265160662767,0.9059416720692857,1.0,1.206299394824945
2022-02-07 11:00:00,0.9509275094588582,0.8959265160662767,0.9087791162398454,1.0,1.2100772785968048
2022-02-07 12:00:00,0.9509275094588582,0.8959265160662767,0.9121626668468489,1.0,1.2145822697652984
2022-02-07 13:00:00,0.9509275094588582,0.8959265160662767,0.9104388179468449,1.0,1.2122870701444441
2022-02-07 14:00:00,0.9509275094588582,0.8959265160662767,0.9139478832281603,1.0,1.2169591764428611
2022-02-07 15:00:00,0.9509275094588582,0.8959265160662767,0.9268004148185147,1.0,1.2340715379921416
2022-02-07 16:00:00,0.9509275094588582,0.8959265160662767,0.9359614892754445,1.0,1.2462689496214985
2022-02-07 17:00:00,0.9509275094588582,0.8959265160662767,0.9353465315185093,1.0,1.2454501708929475
2022-02-07 18:00:00,0.9509275094588582,0.8959265160662767,0.944146243454848,1.0,1.2571664503765287
2022-02-07 19:00:00,0.9509275094588582,0.8959265160662767,0.9412561985860247,1.0,1.2533185319846327
2022-02-07 20:00:00,0.9509275094588582,0.8959265160662767,0.945321420030688,1.0,1.2587311262778205
2022-02-07 21:00:00,0.9509275094588582,0.8959265160662767,0.9426509723859163,1.0,1.255175588189896
2022-02-07 22:00:00,0.9509275094588582,0.8959265160662767,0.9416500623510716,1.0,1.2538429375541706
2022-02-07 23:00:00,0.9509275094588582,0.8959265160662767,0.9411948311047172,1.0,1.2532368249279242
2022-02-08 00:00:00,0.9509275094588582,0.8959265160662767,0.9364902759697772,1.0,1.246972996838364
2022-02-08 01:00:00,0.9509275094588582,0.8959265160662767,0.936633965682107,1.0,1.247164310922365
2022-02-08 02:00:00,0.9509275094588582,0.8959265160662767,0.940681867384659,1.0,1.2508002967473724
2022-02-08 03:00:00,0.9509275094588582,0.8959265160662767,0.9388087693489315,1.0,1.24830979547571
2022-02-08 04:00:00,0.9509275094588582,0.8959265160662767,0.9435941499470571,1.0,1.2546725144779707
2022-02-08 05:00:00,0.9509275094588582,0.8959265160662767,0.9473540307530195,1.0,1.2596717124643757
2022-02-08 06:00:00,0.9509275094588582,0.8959265160662767,0.9586663882393391,1.0,1.2747128049047056
2022-02-08 07:00:00,0.9509275094588582,0.8959265160662767,0.9566808187918774,1.0,1.2720727598352244
2022-02-08 08:00:00,0.9509275094588582,0.8959265160662767,0.9581352494812628,1.0,1.2740065942701384
2022-02-08 09:00:00,0.9509275094588582,0.8959265160662767,0.9401254973973344,1.0,1.2500605382646253
2022-02-08 10:00:00,0.9509275094588582,0.8959265160662767,0.936792195424851,1.0,1.2456285263554994
2022-02-08 11:00:00,0.9509275094588582,0.8959265160662767,0.936643373937081,1.0,1.2454306509119974
2022-02-08 12:00:00,0.9509275094588582,0.8959265160662767,0.9396687693831434,1.0,1.249453265351809
2022-02-08 13:00:00,0.9509275094588582,0.8959265160662767,0.9282781523213586,1.0,1.2343081177213617
2022-02-08 14:00:00,0.9509275094588582,0.8959265160662767,0.9320211410331632,1.0,1.239284855707714
2022-02-08 15:00:00,0.9509275094588582,0.8959265160662767,0.930787804335666,1.0,1.2376449914000718
2022-02-08 16:00:00,0.9509275094588582,0.8959265160662767,0.9274356858532345,1.0,1.2331879607567098
2022-02-08 17:00:00,0.9509275094588582,0.8959265160662767,0.91894110073162,1.0,1.2218934237682024
2022-02-08 18:00:00,0.9509275094588582,0.8959265160662767,0.9177548053089927,1.0,1.2203161062961496
2022-02-08 19:00:00,0.9509275094588582,0.8959265160662767,0.9179581519108165,1.0,1.220586479208176
2022-02-08 20:00:00,0.9509275094588582,0.8959265160662767,0.9184311305472355,1.0,1.2212153592096506
2022-02-08 21:00:00,0.9509275094588582,0.8959265160662767,0.9456254777255286,1.0,1.2573734005602528
2022-02-08 22:00:00,0.9509275094588582,0.8959265160662767,0.9435445427844671,1.0,1.2546065559968034
2022-02-08 23:00:00,0.9509275094588582,0.8959265160662767,0.9410212060356521,1.0,1.2512514868750126
2022-02-09 00:00:00,0.9509275094588582,0.8959265160662767,0.9405869295390126,1.0,1.2506740658610005
2022-02-09 01:00:00,0.9509275094588582,0.8959265160662767,0.944787501560915,1.0,1.2562592139753617
2022-02-09 02:00:00,0.9509275094588582,0.8959265160662767,0.9369662481418696,1.0,1.244115743296905
2022-02-09 03:00:00,0.9509275094588582,0.8959265160662767,0.9255243133256812,1.0,1.2289237036871041
2022-02-09 04:00:00,0.9509275094588582,0.8959265160662767,0.925619037347351,1.0,1.229049473595107
2022-02-09 05:00:00,0.9509275094588582,0.8959265160662767,0.9280587689212836,1.0,1.2322888294648875
2022-02-09 06:00:00,0.9509275094588582,0.8959265160662767,0.9307623592824409,1.0,1.2358785240851773
2022-02-09 07:00:00,0.9509275094588582,0.8959265160662767,0.9332673071692613,1.0,1.2392044709751404
2022-02-09 08:00:00,0.9509275094588582,0.8959265160662767,0.9358254972262753,1.0,1.2426011102061707
2022-02-09 09:00:00,0.9509275094588582,0.8959265160662767,0.9267510214799014,1.0,1.230552466581489
2022-02-09 10:00:00,0.9509275094588582,0.8959265160662767,0.9267029110851481,1.0,1.230488587960043
2022-02-09 11:00:00,0.9509275094588582,0.8959265160662767,0.9315346914862135,1.0,1.2369039888881264
2022-02-09 12:00:00,0.9509275094588582,0.8959265160662767,0.9334032992184306,1.0,1.239385034545095
2022-02-09 13:00:00,0.9509275094588582,0.8959265160662767,0.9427005795485063,1.0,1.2517295071633183
2022-02-09 14:00:00,0.9509275094588582,0.8959265160662767,0.9385921656605535,1.0,1.2462745567968008
2022-02-09 15:00:00,0.9509275094588582,0.8959265160662767,0.9417238316230265,1.0,1.2504326291954693
2022-02-09 16:00:00,0.9509275094588582,0.8959265160662767,0.9370288985670372,1.0,1.2441989274572771
2022-02-09 17:00:00,0.9509275094588582,0.8959265160662767,0.941622265234103,1.0,1.2502977743279717
2022-02-09 18:00:00,0.9509275094588582,0.8959265160662767,0.9410731652619856,1.0,1.249568706328533
2022-02-09 19:00:00,0.9509275094588582,0.8959265160662767,0.9432633642551312,1.0,1.2524767450817462
2022-02-09 20:00:00,0.9509275094588582,0.8959265160662767,0.9498572680480264,1.0,1.261231806984664
2022-02-09 21:00:00,0.9509275094588582,0.8959265160662767,0.9560183921121189,1.0,1.2694122451995506
2022-02-09 22:00:00,0.9509275094588582,0.8959265160662767,0.9496111566508665,1.0,1.2609050323478441
2022-02-09 23:00:00,0.9509275094588582,0.8959265160662767,0.9514836132146638,1.0,1.2633911882945283
2022-02-10 00:00:00,0.9509275094588582,0.8959265160662767,0.947782320178312,1.0,1.2584767930179375
2022-02-10 01:00:00,0.9509275094588582,0.8959265160662767,0.9422421409425018,1.0,1.2511208148771824
2022-02-10 02:00:00,0.950261860202237,0.8952993675050304,0.9452361042639922,1.0,1.253338923372922
2022-02-10 03:00:00,0.940249598973271,0.8858662085822039,0.935276397254158,1.0,1.240133345800262
2022-02-10 04:00:00,0.9397240407022727,0.8853710482402833,0.9347535976311723,1.0,1.239440165672626
2022-02-10 05:00:00,0.9399821983642231,0.8856142742405477,0.9350104002271665,1.0,1.2397806602874688
2022-02-10 06:00:00,0.9419417031488527,0.8874604426155771,0.9369596195985925,1.0,1.2423651306529204
2022-02-10 07:00:00,0.9418909744159465,0.8874126479977066,0.9369091571400957,1.0,1.2422982224688215
2022-02-10 08:00:00,0.9465470552781512,0.8917994243438572,0.9415407982989875,1.0,1.248439316433943
2022-02-10 09:00:00,0.9492012857608852,0.8943001359602306,0.944181096763047,1.0,1.251940088710445
2022-02-10 10:00:00,0.9532322854566022,0.898097985404825,0.9481909377977498,1.0,1.2572567377630244
2022-02-10 11:00:00,0.9586151199033652,0.9031694804078398,0.9535455178218007,1.0,1.2643563765181405
2022-02-10 12:00:00,0.9626585868300507,0.9069790759873346,0.9575677606471511,1.0,1.26968946910749
2022-02-10 13:00:00,0.962271242860996,0.9066141357271543,0.9571824498411714,1.0,1.2691785854305984
2022-02-10 14:00:00,0.9371364454195426,0.8829331176897567,0.9321795845998839,1.0,1.2360272812650672
2022-02-10 15:00:00,0.95303023033401,0.8979076170116124,0.9479899432596696,1.0,1.2569902390636472
2022-02-10 16:00:00,0.9652612287708462,0.9094311829075686,0.9601567413568071,1.0,1.2731221991628745
2022-02-10 17:00:00,0.9745116991971877,0.9181466124840697,0.9693586561932832,1.0,1.285323019937031
2022-02-10 18:00:00,0.973378470892606,0.9170789293255402,0.9682313761882199,1.0,1.28382835914648
2022-02-10 19:00:00,0.9709185572511734,0.9147612953979586,0.96578437459908,1.0,1.2805838792361874
2022-02-10 20:00:00,0.952770568006253,0.8976629733743772,0.9477316438958386,1.0,1.2566477598840216
2022-02-10 21:00:00,0.9467976896110689,0.8920355621592678,0.9417901170557977,1.0,1.2487698882248726
2022-02-10 22:00:00,0.9391413051306262,0.8848220176934752,0.9341739208303896,1.0,1.2386715720832515
2022-02-10 23:00:00,0.9437275265089559,0.8891429751802701,0.9387360691968599,1.0,1.2447205255406093
2022-02-11 00:00:00,0.9337597603974118,0.879751737807864,0.9288206237501988,1.0,1.2315736343836634
2022-02-11 01:00:00,0.9239057040303904,0.8704676332865318,0.919018291187202,1.0,1.2185767196224309
2022-02-11 02:00:00,0.9258137492122943,0.872265318446879,0.9222074757994022,1.0,1.2210933178299244
2022-02-11 03:00:00,0.9245769499114526,0.871100054767309,0.9209754220457651,1.0,1.2227245826097353
2022-02-11 04:00:00,0.9290087782982076,0.8752755492470182,0.9253902456923021,1.0,1.2168792643333108
2022-02-11 05:00:00,0.923789193327959,0.8703578614830287,0.920190688051345,1.0,1.2237635867301633
2022-02-11 06:00:00,0.9186011615505643,0.8654699018969112,0.9150225625349602,1.0,1.2306062923407206
2022-02-11 07:00:00,0.9269430100803486,0.8733292636426824,0.923332403740722,1.0,1.2196038898523844
2022-02-11 08:00:00,0.9294166086820326,0.8756597910018227,0.9257965112479964,1.0,1.2163413602927622
2022-02-11 09:00:00,0.9216156720297423,0.8683100551624237,0.9180255064634711,1.0,1.2266303321588972
2022-02-11 10:00:00,0.9324248943816679,0.8784940795247617,0.9287932542811835,1.0,1.2123736102252425
2022-02-11 11:00:00,0.9313606717274552,0.8774914107772247,0.9277331150047982,1.0,1.2137772566636842
2022-02-11 12:00:00,0.9294825054861559,0.875721876380099,0.9258621552088375,1.0,1.2162544463241052
2022-02-11 13:00:00,0.9341317718617607,0.8801022323848696,0.9304935825437526,1.0,1.2101223402618517
2022-02-11 14:00:00,0.9379896326451745,0.8837369571528171,0.9343366408766439,1.0,1.205034051145652
2022-02-11 15:00:00,0.932926740401343,0.8789668991156738,0.9292931747386642,1.0,1.2117117051479778
2022-02-11 16:00:00,0.9362636515313132,0.8821108055999842,0.9326172822801504,1.0,1.2073105176667314
2022-02-11 17:00:00,0.9343565078680054,0.8803139698150172,0.9307174562473378,1.0,1.2098259268247704
2022-02-11 18:00:00,0.9310230310991621,0.877173299050747,0.9273967698894786,1.0,1.2142225845877805
2022-02-11 19:00:00,0.9148866853442003,0.8619702684406527,0.9113223386184917,1.0,1.2355054657205589
2022-02-11 20:00:00,0.9164969714175978,0.8634874166746228,0.9129264460915543,1.0,1.2333815940825612
2022-02-11 21:00:00,0.9080832159517177,0.8555603070405045,0.904544973853604,1.0,1.244478837546468
2022-02-11 22:00:00,0.9123117730892716,0.859544287340319,0.9087573061942239,1.0,1.2389016219681488
2022-02-11 23:00:00,0.903974861453607,0.8516895769421059,0.9004523829399256,1.0,1.2498975129865204
2022-02-12 00:00:00,0.9087271586630203,0.8561670045480904,0.9051864457836476,1.0,1.2436295153771808
2022-02-12 01:00:00,0.907630094930531,0.8551333942276664,0.90409359143883,1.0,1.2450764772462566
2022-02-12 02:00:00,0.9090308126550456,0.8564530954019766,0.9067584796602081,1.0,1.2398385691798375
2022-02-12 03:00:00,0.9090629643309236,0.8564833874470258,0.9067905532567102,1.0,1.2397947171043497
2022-02-12 04:00:00,0.9056115890976721,0.8532316373844747,0.9033475595841892,1.0,1.2445020912343847
2022-02-12 05:00:00,0.9057474835143833,0.8533596717615495,0.9034831239854052,1.0,1.2443167431286561
2022-02-12 06:00:00,0.9053640211934116,0.8529983886375957,0.9031005928911225,1.0,1.2448397522156411
2022-02-12 07:00:00,0.9003082773338476,0.8482350655270883,0.8980571267531428,1.0,1.2517353449125195
2022-02-12 08:00:00,0.9015553336689026,0.8494099929810642,0.899301154649474,1.0,1.250034469077931
2022-02-12 09:00:00,0.9053708802175989,0.8530048509405396,0.9031074352583763,1.0,1.2448303971062036
2022-02-12 10:00:00,0.9076677959423238,0.8551689146388562,0.905398772992492,1.0,1.2416976048333523
2022-02-12 11:00:00,0.905171968516167,0.8528174441551684,0.9029090066080162,1.0,1.2451016952798883
2022-02-12 12:00:00,0.9078840695487299,0.8553726791285541,0.9056145213849636,1.0,1.241402626538904
2022-02-12 13:00:00,0.9052011193689629,0.8528449089426795,0.9029380866688447,1.0,1.2450619360647797
2022-02-12 14:00:00,0.9015045340210153,0.8493621315498865,0.8992504783670004,1.0,1.2501037553572019
2022-02-12 15:00:00,0.9027003620191714,0.8504887936787507,0.900443402332905,1.0,1.248472750496224
2022-02-12 16:00:00,0.9020881941104542,0.8499120331410135,0.8998327210555035,1.0,1.2493076940135126
2022-02-12 17:00:00,0.9147081555815844,0.8618020647167689,0.9124220353305632,1.0,1.2320951696901943
2022-02-12 18:00:00,0.9144316511690336,0.8615415531293458,0.9121462024006446,1.0,1.2324722975393896
2022-02-12 19:00:00,0.9169720622524079,0.8639350285821685,0.9146804441722702,1.0,1.2290073988815102
2022-02-12 20:00:00,0.913428090192628,0.8605960374298759,0.9111450785418231,1.0,1.2338410669889501
2022-02-12 21:00:00,0.9126851721353401,0.8598960892422717,0.9104039646386459,1.0,1.2348543422798892
2022-02-12 22:00:00,0.8966093341963355,0.8447500667176582,0.894367166387555,1.0,1.2567803800238109
2022-02-12 23:00:00,0.9027464460879299,0.8505322122766547,0.9004893744878915,1.0,1.2484098958546914
2022-02-13 00:00:00,0.9038944752612806,0.851613840231879,0.901634615706996,1.0,1.2468440844126056
2022-02-13 01:00:00,0.907592775365275,0.855098233200408,0.9053239346006536,1.0,1.2417999263428239
2022-02-13 02:00:00,0.9037631610222739,0.8508940780333963,0.9021356052843601,1.0,1.2444233378995662
2022-02-13 03:00:00,0.9037631610222739,0.8505897677856287,0.9018129449035482,1.0,1.2448683883283567
2022-02-13 04:00:00,0.9037631610222739,0.8507194374273216,0.9019504337205543,1.0,1.2446787478871955
2022-02-13 05:00:00,0.9037631610222739,0.8501489313365762,0.9013455256905231,1.0,1.2455131068421648
2022-02-13 06:00:00,0.9037631610222739,0.8513484259381151,0.9026173507038229,1.0,1.2437588590287476
2022-02-13 07:00:00,0.9037631610222739,0.8545379361294302,0.905999190719013,1.0,1.2390942350514431
2022-02-13 08:00:00,0.9037631610222739,0.8541686902290573,0.9056076790177098,1.0,1.2396342531661653
2022-02-13 09:00:00,0.9037631610222739,0.8549469097427322,0.9064328257437224,1.0,1.238496115588496
2022-02-13 10:00:00,0.9037631610222739,0.8522996727497258,0.9036259584018282,1.0,1.242367670909062
2022-02-13 11:00:00,0.9037631610222739,0.8575249761492681,0.9091663514616152,1.0,1.2347257214985958
2022-02-13 12:00:00,0.9037631610222739,0.8557075845303929,0.907239369783764,1.0,1.2373836369818703
2022-02-13 13:00:00,0.9037631610222739,0.8555720666466952,0.9070956800714343,1.0,1.2375818304133794
2022-02-13 14:00:00,0.9037631610222739,0.8562797039292777,0.9078459884056087,1.0,1.2365469185812876
2022-02-13 15:00:00,0.9037631610222739,0.8568661414378982,0.9084677885297975,1.0,1.2356892601008882
2022-02-13 16:00:00,0.9037631610222739,0.857473955279364,0.9091122539955147,1.0,1.2348003389661135
2022-02-13 17:00:00,0.9037631610222739,0.8522859596305421,0.9036114183714139,1.0,1.2423877261967742
2022-02-13 18:00:00,0.9037631610222739,0.8514605508537937,0.9027362368348577,1.0,1.2435948775586299
2022-02-13 19:00:00,0.9037631610222739,0.8456851093787641,0.8966125319666844,1.0,1.2520413979231986
2022-02-13 20:00:00,0.9037631610222739,0.8466984685537361,0.8976869974495075,1.0,1.2505593711474048
2022-02-13 21:00:00,0.9037631610222739,0.8548964938633804,0.9063793697495521,1.0,1.2385698482639087
2022-02-13 22:00:00,0.9037631610222739,0.8500470912602854,0.901237544582299,1.0,1.2456620468464983
2022-02-13 23:00:00,0.9037631610222739,0.853517115404314,0.9049168137490526,1.0,1.240587174263198
2022-02-14 00:00:00,0.9037631610222739,0.8472199704097516,0.8982399462532052,1.0,1.2497966803529366
2022-02-14 01:00:00,0.9037631610222739,0.8484067602096939,0.8994983003559741,1.0,1.2480610131737233
2022-02-14 02:00:00,0.9037631610222739,0.8384347377746704,0.8901712984931395,1.0,1.2591836896204083
2022-02-14 03:00:00,0.9037631610222739,0.8389796701406065,0.890749906174039,1.0,1.2583652956343072
2022-02-14 04:00:00,0.9037631610222739,0.8430497470245434,0.895071502566743,1.0,1.2522527454299146
2022-02-14 05:00:00,0.9037631610222739,0.8439974379757978,0.8960777582010048,1.0,1.2508294778398958
2022-02-14 06:00:00,0.9037631610222739,0.8405027017309886,0.892367056909679,1.0,1.2560779661010917
2022-02-14 07:00:00,0.9037631610222739,0.8483085658730479,0.9006553018937962,1.0,1.2443549107835585
2022-02-14 08:00:00,0.9037631610222739,0.851053969769872,0.9035703641678912,1.0,1.240231789862452
2022-02-14 09:00:00,0.9037631610222739,0.8457578957522254,0.8979470074051519,1.0,1.2481855753171707
2022-02-14 10:00:00,0.9037631610222739,0.8465978487819072,0.8988388672118892,1.0,1.2469241114162
2022-02-14 11:00:00,0.9037631610222739,0.8493424471615606,0.9017530741900774,1.0,1.2428022002423014
2022-02-14 12:00:00,0.9037631610222739,0.8473767838859133,0.8996659383536921,1.0,1.2457542858662227
2022-02-14 13:00:00,0.9037631610222739,0.8552760880197665,0.9080533976629894,1.0,1.2338908998725806
2022-02-14 14:00:00,0.9037631610222739,0.8545821349772627,0.9073165602393459,1.0,1.234933097092131
2022-02-14 15:00:00,0.9037631610222739,0.8552746783647179,0.9080519008951526,1.0,1.2338930169301943
2022-02-14 16:00:00,0.9037631610222739,0.8565836437670032,0.9094417567435805,1.0,1.2319271777174612
2022-02-14 17:00:00,0.9037631610222739,0.857791315385081,0.9107240591317377,1.0,1.2301134642161131
2022-02-14 18:00:00,0.9037631610222739,0.8563552796491277,0.9091992803540241,1.0,1.2322701410508825
2022-02-14 19:00:00,0.9037631610222739,0.8497939395357027,0.9022324675457967,1.0,1.2421241369323095
2022-02-14 20:00:00,0.9037631610222739,0.8472654211370728,0.8995476936945874,1.0,1.245921533417706
2022-02-14 21:00:00,0.9037631610222739,0.8486335920514,0.9010004137921597,1.0,1.2438667777851968
2022-02-14 22:00:00,0.9037631610222739,0.8495422154198786,0.9019651875749451,1.0,1.242502182934758
2022-02-14 23:00:00,0.9037631610222739,0.8584967470472665,0.911473084522052,1.0,1.2290540280988511
2022-02-15 00:00:00,0.9037631610222739,0.8557809459064634,0.9085894543725291,1.0,1.2331326908100695
2022-02-15 01:00:00,0.9037631610222739,0.8565036961878175,0.909356868624838,1.0,1.2320472451278388
2022-02-15 02:00:00,0.9037631610222739,0.8737018538481988,0.9282681025944545,1.0,1.2035359962902967
2022-02-15 03:00:00,0.9037631610222739,0.8737018538481988,0.9302470434986392,1.0,1.2061016333477517
2022-02-15 04:00:00,0.9037631610222739,0.8737018538481988,0.9301848207214248,1.0,1.2060209633981331
2022-02-15 05:00:00,0.9037631610222739,0.8737018538481988,0.9282582666915272,1.0,1.2035232443394979
2022-02-15 06:00:00,0.9037631610222739,0.8737018538481988,0.9303580181425366,1.0,1.2062455086187207
2022-02-15 07:00:00,0.9037631610222739,0.8737018538481988,0.9299431996277752,1.0,1.2057077089545973
2022-02-15 08:00:00,0.9037631610222739,0.8737018538481988,0.9329795000966484,1.0,1.2096441807229237
2022-02-15 09:00:00,0.9037631610222739,0.8737018538481988,0.9394925784263581,1.0,1.2180881898823053
2022-02-15 10:00:00,0.9037631610222739,0.8737018538481988,0.9407156515729745,1.0,1.2196738672425043
2022-02-15 11:00:00,0.9037631610222739,0.8737018538481988,0.9451524990891097,1.0,1.2254261059180513
2022-02-15 12:00:00,0.9037631610222739,0.8737018538481988,0.9447077452176129,1.0,1.2248494959688883
2022-02-15 13:00:00,0.9037631610222739,0.8737018538481988,0.9435873075798034,1.0,1.2233968824431114
2022-02-15 14:00:00,0.9037631610222739,0.8737018538481988,0.945060554779137,1.0,1.2253069028997148
2022-02-15 15:00:00,0.9037631610222739,0.8737018538481988,0.9451524990891097,1.0,1.2254261059180513
2022-02-15 16:00:00,0.9037631610222739,0.8737018538481988,0.944194567673578,1.0,1.2241841767967767
2022-02-15 17:00:00,0.9037631610222739,0.8737018538481988,0.942498943538496,1.0,1.2219858513655917
2022-02-15 18:00:00,0.9037631610222739,0.8737018538481988,0.9385923794845302,1.0,1.216921109167893
2022-02-15 19:00:00,0.9037631610222739,0.8737018538481988,0.9425695054508008,1.0,1.2220773327517571
2022-02-15 20:00:00,0.9037631610222739,0.8737018538481988,0.9399052587013528,1.0,1.2186232173832114
2022-02-15 21:00:00,0.9037631610222739,0.8737018538481988,0.9429009326146567,1.0,1.2225070180504123
2022-02-15 22:00:00,0.9037631610222739,0.8737018538481988,0.9395909374556315,1.0,1.2182157093902932
2022-02-15 23:00:00,0.9037631610222739,0.8737018538481988,0.9436471782932739,1.0,1.223474503013191
2022-02-16 00:00:00,0.9037631610222739,0.8737018538481988,0.9514517534421383,1.0,1.2335928987557199
2022-02-16 01:00:00,0.9037631610222739,0.8737018538481988,0.9442972031823849,1.0,1.2243172406311988
2022-02-16 02:00:00,0.9037631610222739,0.8737018538481988,0.9398496644674157,1.0,1.2168451768993915
2022-02-16 03:00:00,0.9037631610222739,0.8737018538481988,0.941541012122964,1.0,1.2190349070113318
2022-02-16 04:00:00,0.9037631610222739,0.8737018538481988,0.9395032696251922,1.0,1.2163967113138867
2022-02-16 05:00:00,0.9037631610222739,0.8737018538481988,0.93770714822107,1.0,1.2140713342038618
2022-02-16 06:00:00,0.9037631610222739,0.8737018538481988,0.9410855670526331,1.0,1.2184452578155756
2022-02-16 07:00:00,0.9037631610222739,0.8737018538481988,0.9407092368536742,1.0,1.2179580359449036
2022-02-16 08:00:00,0.9037631610222739,0.8737018538481988,0.9436664224511753,1.0,1.2217866032581948
2022-02-16 09:00:00,0.9037631610222739,0.8737018538481988,0.94299929164393,1.0,1.2209228917601855
2022-02-16 10:00:00,0.9037631610222739,0.8737018538481988,0.9401832298710383,1.0,1.2172770326483962
2022-02-16 11:00:00,0.9037631610222739,0.8737018538481988,0.9421097839009361,1.0,1.2197712764295066
2022-02-16 12:00:00,0.9037631610222739,0.8737018538481988,0.9435616487026015,1.0,1.2216509562601099
2022-02-16 13:00:00,0.9037631610222739,0.8737018538481988,0.94089312547362,1.0,1.2181961102680727
2022-02-16 14:00:00,0.9037631610222739,0.8737018538481988,0.9323380281666048,1.0,1.2071201176285369
2022-02-16 15:00:00,0.9037631610222739,0.8737018538481988,0.9292675158614625,1.0,1.2031448300928274
2022-02-16 16:00:00,0.9037631610222739,0.8737018538481988,0.9313929261896737,1.0,1.2058965263396904
2022-02-16 17:00:00,0.9037631610222739,0.8737018538481988,0.9322140102601296,1.0,1.2069595558757018
2022-02-16 18:00:00,0.9037631610222739,0.8737018538481988,0.9307215189028947,1.0,1.2050272782295142
2022-02-16 19:00:00,0.9037631610222739,0.8737018538481988,0.9362317627819696,1.0,1.2121612030063411
2022-02-16 20:00:00,0.9037631610222739,0.8737018538481988,0.9444468799660617,1.0,1.2227970349786224
2022-02-16 21:00:00,0.9037631610222739,0.8737018538481988,0.9418061538540488,1.0,1.2193781769656689
2022-02-16 22:00:00,0.9037631610222739,0.8737018538481988,0.9412053084795746,1.0,1.218600282956244
2022-02-16 23:00:00,0.9037631610222739,0.8737018538481988,0.9401233591575677,1.0,1.217199520078062
2022-02-17 00:00:00,0.9037631610222739,0.8737018538481988,0.9371490676419321,1.0,1.213348806316104
2022-02-17 01:00:00,0.9037631610222739,0.8737018538481988,0.9411967555205073,1.0,1.2185892097319102
2022-02-17 02:00:00,0.9037631610222739,0.8737018538481988,0.9401639857131372,1.0,1.215547965127996
2022-02-17 03:00:00,0.9037631610222739,0.8737018538481988,0.9400014794908593,1.0,1.2157580618917652
2022-02-17 04:00:00,0.9037631610222739,0.8737018538481988,0.9310230107100154,1.0,1.2273659080900123
2022-02-17 05:00:00,0.9037631610222739,0.8737018538481988,0.9315746765698527,1.0,1.2266526848656383
2022-02-17 06:00:00,0.9037631610222739,0.8737018538481988,0.9318398183009375,1.0,1.2263098954089622
2022-02-17 07:00:00,0.9037631610222739,0.8737018538481988,0.9362766658170727,1.0,1.220573700871843
2022-02-17 08:00:00,0.9037631610222739,0.8737018538481988,0.938036437145159,1.0,1.2182985740747108
2022-02-17 09:00:00,0.9037631610222739,0.8737018538481988,0.9286089380132844,1.0,1.2304869508044256
2022-02-17 10:00:00,0.9037631610222739,0.8737018538481988,0.9233339005085588,1.0,1.2373068023336176
2022-02-17 11:00:00,0.9037631610222739,0.8737018538481988,0.9198100813728525,1.0,1.241862584790086
2022-02-17 12:00:00,0.9037631610222739,0.8737018538481988,0.9221279332800769,1.0,1.2388659414752727
2022-02-17 13:00:00,0.9037631610222739,0.8737018538481988,0.9231778090055817,1.0,1.2375086058040798
2022-02-17 14:00:00,0.9037631610222739,0.8737018538481988,0.9025416570160778,1.0,1.2641881303716638
2022-02-17 15:00:00,0.9037631610222739,0.8737018538481988,0.8956608014464763,1.0,1.2730840696586272
2022-02-17 16:00:00,0.9037631610222739,0.8737018538481988,0.8953892449960913,1.0,1.2734351524086098
2022-02-17 17:00:00,0.9037631610222739,0.8737018538481988,0.8966914330140797,1.0,1.2717516138673544
2022-02-17 18:00:00,0.9037631610222739,0.8737018538481988,0.8916173900474347,1.0,1.2783116088729367
2022-02-17 19:00:00,0.9037631610222739,0.8737018538481988,0.8816425015352561,1.0,1.2912076799648213
2022-02-17 20:00:00,0.9037631610222739,0.8737018538481988,0.879765127019995,1.0,1.293634850472576
2022-02-17 21:00:00,0.9037631610222739,0.8737018538481988,0.8731023719066084,1.0,1.3022488177871123
2022-02-17 22:00:00,0.9037631610222739,0.8737018538481988,0.868351203144752,1.0,1.3083913836962586
2022-02-17 23:00:00,0.9037631610222739,0.8737018538481988,0.8693861111918889,1.0,1.3070533990427815
2022-02-18 00:00:00,0.9037631610222739,0.8737018538481988,0.8651117698980316,1.0,1.312579496816131
2022-02-18 01:00:00,0.9037631610222739,0.8737018538481988,0.8662086868984061,1.0,1.3111613436606893
2022-02-18 02:00:00,0.9031305268095583,0.8737018538481988,0.8709855145374644,1.0,1.3032837936026938
2022-02-18 03:00:00,0.9026649723375907,0.8737018538481988,0.8705364841864339,1.0,1.303955622956639
2022-02-18 04:00:00,0.9011463779885535,0.8737018538481988,0.8690717899461676,1.0,1.3061470663254602
2022-02-18 05:00:00,0.8970628001915805,0.8737018538481988,0.8651331522956998,1.0,1.3120399695157794
2022-02-18 06:00:00,0.8996144820831743,0.8737018538481988,0.8675942662673004,1.0,1.3083577048186799
2022-02-18 07:00:00,0.901434578375962,0.8737018538481988,0.8693497611158532,1.0,1.305731171963494
2022-02-18 08:00:00,0.900261824491815,0.8737018538481988,0.8682186322792095,1.0,1.307423542097956
2022-02-18 09:00:00,0.9047001104579063,0.8737018538481988,0.8724993882923675,1.0,1.3010187689236785
2022-02-18 10:00:00,0.9048996338030353,0.8737018538481988,0.8726918298713806,1.0,1.300730842057702
2022-02-18 11:00:00,0.9031992515173249,0.8737018538481988,0.8710517999702356,1.0,1.3031846187933018
2022-02-18 12:00:00,0.8898444889500253,0.8737018538481988,0.8581710436149593,1.0,1.32245652368933
2022-02-18 13:00:00,0.8954045395009529,0.8737018538481988,0.8635337489501242,1.0,1.3144329616907844
2022-02-18 14:00:00,0.8942539548773758,0.8737018538481988,0.8624240025111487,1.0,1.3160933399512489
2022-02-18 15:00:00,0.896357817705458,0.8737018538481988,0.8644531920498534,1.0,1.3130573111088966
2022-02-18 16:00:00,0.8818192166237264,0.8737018538481988,0.8504306156590994,1.0,1.3340375820763852
2022-02-18 17:00:00,0.8844507078533721,0.8737018538481988,0.8529687062623055,1.0,1.3302401466328948
2022-02-18 18:00:00,0.8865035813821435,0.8737018538481988,0.8549487162863735,1.0,1.3272776991007365
2022-02-18 19:00:00,0.8890508294216235,0.8737018538481988,0.8574055537784406,1.0,1.3236018327784362
2022-02-18 20:00:00,0.890487397506552,0.8737018538481988,0.8587911331473348,1.0,1.3215287593434055
2022-02-18 21:00:00,0.8863639150405531,0.8737018538481988,0.8548140071810643,1.0,1.3274792479069202
2022-02-18 22:00:00,0.8850803148535569,0.8737018538481988,0.8535759663560802,1.0,1.329331577411369
2022-02-18 23:00:00,0.8843975016280043,0.8737018538481988,0.852917388507902,1.0,1.3303169271304887
2022-02-19 00:00:00,0.8854017691318202,0.8737018538481988,0.8538860111222679,1.0,1.3288676952384066
2022-02-19 01:00:00,0.8904563605417543,0.8737018538481988,0.8587611977905996,1.0,1.3215735479670017
2022-02-19 02:00:00,0.8886628806632068,0.8737018538481988,0.8576322071937227,1.0,1.321438111813347
2022-02-19 03:00:00,0.8886628806632068,0.8737018538481988,0.8575637835211848,1.0,1.321543526691844
2022-02-19 04:00:00,0.8886628806632068,0.8737018538481988,0.8568987909537061,1.0,1.3225680275422402
2022-02-19 05:00:00,0.8886628806632068,0.8737018538481988,0.8588403126619716,1.0,1.3195768803648786
2022-02-19 06:00:00,0.8886628806632068,0.8737018538481988,0.8591738780655942,1.0,1.3190629828322042
2022-02-19 07:00:00,0.8886628806632068,0.8737018538481988,0.8620262899145217,1.0,1.314668500084847
2022-02-19 08:00:00,0.8886628806632068,0.8737018538481988,0.8598581147909741,1.0,1.318008834047231
2022-02-19 09:00:00,0.8886628806632068,0.8737018538481988,0.8537726844146268,1.0,1.3273841698035866
2022-02-19 10:00:00,0.8886628806632068,0.8737018538481988,0.8527506058060906,1.0,1.3289588045511405
2022-02-19 11:00:00,0.8886628806632068,0.8737018538481988,0.8530178857769422,1.0,1.3285470276820102
2022-02-19 12:00:00,0.8886628806632068,0.8737018538481988,0.8508069458580585,1.0,1.3319532459434549
2022-02-19 13:00:00,0.8886628806632068,0.8737018538481988,0.8491049070036759,1.0,1.334575441046076
2022-02-19 14:00:00,0.8886628806632068,0.8737018538481988,0.8544676123388408,1.0,1.326313549943848
2022-02-19 15:00:00,0.8886628806632068,0.8737018538481988,0.8514035147529989,1.0,1.3310341599715565
2022-02-19 16:00:00,0.8886628806632068,0.8737018538481988,0.8535289250812103,1.0,1.3277597103082333
2022-02-19 17:00:00,0.8886628806632068,0.8737018538481988,0.8530863094494802,1.0,1.3284416128035128
2022-02-19 18:00:00,0.8886628806632068,0.8737018538481988,0.8572922270707996,1.0,1.3219618919908804
2022-02-19 19:00:00,0.8886628806632068,0.8737018538481988,0.8567341464916617,1.0,1.3228216820936243
2022-02-19 20:00:00,0.8886628806632068,0.8737018538481988,0.8536957077830216,1.0,1.327502761541896
2022-02-19 21:00:00,0.8886628806632068,0.8737018538481988,0.8554939674269106,1.0,1.3247323267663882
2022-02-19 22:00:00,0.8886628806632068,0.8737018538481988,0.8525260906305753,1.0,1.3293046971212097
2022-02-19 23:00:00,0.8886628806632068,0.8737018538481988,0.8544162945844372,1.0,1.326392611102721
2022-02-20 00:00:00,0.8886628806632068,0.8737018538481988,0.8557206208421927,1.0,1.324383139981366
2022-02-20 01:00:00,0.8886628806632068,0.8737018538481988,0.8526479702972837,1.0,1.3291169268688863
2022-02-20 02:00:00,0.8886628806632068,0.8737018538481988,0.8541062498182496,1.0,1.3250202562526148
2022-02-20 03:00:00,0.8886628806632068,0.8737018538481988,0.8509159960861659,1.0,1.3200716355601212
2022-02-20 04:00:00,0.8886628806632068,0.8737018538481988,0.8498511526822934,1.0,1.3184198841493557
2022-02-20 05:00:00,0.8886628806632068,0.8737018538481988,0.8446039122945364,1.0,1.3102805308119698
2022-02-20 06:00:00,0.8886628806632068,0.8737018538481988,0.840500630182024,1.0,1.3039156493716917
2022-02-20 07:00:00,0.8886628806632068,0.8737018538481988,0.8285692522832124,1.0,1.2854080733233573
2022-02-20 08:00:00,0.8886628806632068,0.8737018538481988,0.8283019723123609,1.0,1.2849934770857154
2022-02-20 09:00:00,0.8886628806632068,0.8737018538481988,0.8148759648165476,1.0,1.2641674788764874
2022-02-20 10:00:00,0.8886628806632068,0.8737018538481988,0.8152544332552732,1.0,1.2647545471489883
2022-02-20 11:00:00,0.8886628806632068,0.8737018538481988,0.815359207003847,1.0,1.264917068874144
2022-02-20 12:00:00,0.8886628806632068,0.8737018538481988,0.8185879490517334,1.0,1.269925391424858
2022-02-20 13:00:00,0.8886628806632068,0.8737018538481988,0.8158916287057832,1.0,1.2657429445795267
2022-02-20 14:00:00,0.8886628806632068,0.8737018538481988,0.8157847167174427,1.0,1.2655771060844698
2022-02-20 15:00:00,0.8886628806632068,0.8737018538481988,0.8156820812086356,1.0,1.2654179011292153
2022-02-20 16:00:00,0.8886628806632068,0.8737018538481988,0.8184382722680565,1.0,1.2696932175317786
2022-02-20 17:00:00,0.8886628806632068,0.8737018538481988,0.8170975959342653,1.0,1.267613602803767
2022-02-20 18:00:00,0.8886628806632068,0.8737018538481988,0.8173520464665159,1.0,1.2680082984220018
2022-02-20 19:00:00,0.8886628806632068,0.8737018538481988,0.8206663181050746,1.0,1.2731492917687615
2022-02-20 20:00:00,0.8886628806632068,0.8737018538481988,0.8199393165843586,1.0,1.2720215900023755
2022-02-20 21:00:00,0.8886628806632068,0.8737018538481988,0.8182009276539404,1.0,1.2693250560727527
2022-02-20 22:00:00,0.8886628806632068,0.8737018538481988,0.8167020215774051,1.0,1.267000000372057
2022-02-20 23:00:00,0.8886628806632068,0.8737018538481988,0.8288429469733642,1.0,1.2858326198707024
2022-02-21 00:00:00,0.8886628806632068,0.8737018538481988,0.8196976954907089,1.0,1.2716467950035473
2022-02-21 01:00:00,0.8886628806632068,0.8737018538481988,0.827207193551753,1.0,1.283295290896334
2022-02-21 02:00:00,0.8886628806632068,0.873090262550505,0.8356061993557911,1.0,1.2945086960183183
2022-02-21 03:00:00,0.8886628806632068,0.8725541381358805,0.8350930218117562,1.0,1.2953035940336184
2022-02-21 04:00:00,0.8886628806632068,0.8683567307397151,0.8310752692899162,1.0,1.3015269830784062
2022-02-21 05:00:00,0.8886628806632068,0.8766912315354004,0.8390530418598922,1.0,1.2891696310155523
2022-02-21 06:00:00,0.8886628806632068,0.8751275353260786,0.8375562740231237,1.0,1.2914880835601776
2022-02-21 07:00:00,0.8886628806632068,0.8746249186873679,0.837075170075591,1.0,1.2922333004495217
2022-02-21 08:00:00,0.8886628806632068,0.8765326280627406,0.8389012268364485,1.0,1.2894047883450785
2022-02-21 09:00:00,0.8886628806632068,0.8715980495964665,0.8341778551915605,1.0,1.2967211621609038
2022-02-21 10:00:00,0.8886628806632068,0.8686627684263966,0.8313682081379694,1.0,1.3010732287946725
2022-02-21 11:00:00,0.8886628806632068,0.8545559947665862,0.8178652240105508,1.0,1.3219889828222582
2022-02-21 12:00:00,0.8886628806632068,0.8381997324170801,0.8022090324379525,1.0,1.346239996439041
2022-02-21 13:00:00,0.8886628806632068,0.837609995560993,0.801644537139514,1.0,1.3471143842558713
2022-02-21 14:00:00,0.8886628806632068,0.8379406056166783,0.8019609966250023,1.0,1.3466241971464359
2022-02-21 15:00:00,0.8886628806632068,0.8627877383828018,0.8257446375512535,1.0,1.3097839862123368
2022-02-21 16:00:00,0.8886628806632068,0.8662234023398546,0.8290332503126105,1.0,1.3046900147642881
2022-02-21 17:00:00,0.8886628806632068,0.8634266199768963,0.8263561741245619,1.0,1.308836732744104
2022-02-21 18:00:00,0.8886628806632068,0.8597809739574487,0.8228665668251244,1.0,1.3142420392481453
2022-02-21 19:00:00,0.8886628806632068,0.8420218527230081,0.805867560678968,1.0,1.3405730360049635
2022-02-21 20:00:00,0.8886628806632068,0.8508098254193968,0.8142793959216069,1.0,1.3275433327041681
2022-02-21 21:00:00,0.8886628806632068,0.8534010934234157,0.816759754051109,1.0,1.3237013256302173
2022-02-21 22:00:00,0.8886628806632068,0.8265613649162706,0.7910688032528613,1.0,1.363495907521182
2022-02-21 23:00:00,0.8886628806632068,0.8376524387438175,0.8016851636950835,1.0,1.34705145482966
2022-02-22 00:00:00,0.8886628806632068,0.825609744080312,0.7901579131121994,1.0,1.36490685149834
2022-02-22 01:00:00,0.8886628806632068,0.8306336766156902,0.7949668143477598,1.0,1.3574579946799645
2022-02-22 02:00:00,0.8880408166467425,0.8299949891406975,0.7954693006929607,1.0,1.3548673144017864
2022-02-22 03:00:00,0.8822627465776521,0.8245945963723135,0.7902926222175085,1.0,1.3636828081608396
2022-02-22 04:00:00,0.8724154450059601,0.8153909530173561,0.7814702449396417,1.0,1.3787066525432652
2022-02-22 05:00:00,0.8730073332245204,0.815944153102676,0.7820005284018111,1.0,1.37780361972532
2022-02-22 06:00:00,0.875890401643959,0.8186387728731045,0.78458352204012,1.0,1.3734049759992004
2022-02-22 07:00:00,0.8786732309296094,0.8212397055323097,0.7870767096082232,1.0,1.369159265250313
2022-02-22 08:00:00,0.8764393302337528,0.8191518213393285,0.7850753171864868,1.0,1.3725674858857835
2022-02-22 09:00:00,0.8843749283253369,0.8265687176445232,0.7921849644111372,1.0,1.360460291854866
2022-02-22 10:00:00,0.8851243351827076,0.8272691403331942,0.7928563716979162,1.0,1.3593169357869839
2022-02-22 11:00:00,0.8987258309793806,0.8399815890680227,0.8050422001289785,1.0,1.3385653872810594
2022-02-22 12:00:00,0.8944823743156703,0.8360155013595606,0.8012404098235866,1.0,1.345039549983908
2022-02-22 13:00:00,0.897274750185491,0.8386253566007871,0.8037421503507567,1.0,1.34077927418957
2022-02-22 14:00:00,0.902124414944017,0.8431580282676009,0.808087053556919,1.0,1.3333802311006002
2022-02-22 15:00:00,0.9092580999652937,0.8498254276830075,0.8144782522199205,1.0,1.322496500887544
2022-02-22 16:00:00,0.9002079381718239,0.8413668199268275,0.8063700470241688,1.0,1.336304163974834
2022-02-22 17:00:00,0.898866643095893,0.8401131971528367,0.8051683562752205,1.0,1.3383505528606612
2022-02-22 18:00:00,0.8972317905567245,0.8385852049816913,0.8037036620349541,1.0,1.3408448168940983
2022-02-22 19:00:00,0.8990193884426183,0.8402559584651773,0.8053052036202965,1.0,1.3381175121334494
2022-02-22 20:00:00,0.9072509306434824,0.8479494548130317,0.8126799925760314,1.0,1.3255588016935598
2022-02-22 21:00:00,0.9035659491537363,0.8445053381528151,0.8093785503760736,1.0,1.3311809092375404
2022-02-22 22:00:00,0.9030385003783257,0.844012365496139,0.808905999387608,1.0,1.3319856279986932
2022-02-22 23:00:00,0.9039167861219959,0.8448332430420974,0.8096928716217949,1.0,1.3306456438172263
2022-02-23 00:00:00,0.9113655084208933,0.8517950876642064,0.8163663179340155,1.0,1.319281267104296
2022-02-23 01:00:00,0.9092461667350809,0.8498142744554809,0.8144675610210864,1.0,1.3225147071943573
2022-02-23 02:00:00,0.9067132035382249,0.8468536628454617,0.8127676604064709,1.0,1.3235127101718511
2022-02-23 03:00:00,0.9067132035382249,0.8551713562244316,0.8047834731171943,1.0,1.3105133297719487
2022-02-23 04:00:00,0.9067132035382249,0.8538348227409335,0.8060664169772815,1.0,1.312602142905302
2022-02-23 05:00:00,0.9067132035382249,0.8482726158937757,0.8114056016750114,1.0,1.3212950868952742
2022-02-23 06:00:00,0.9067132035382249,0.8487203546107475,0.8109758154818822,1.0,1.3205953344956007
2022-02-23 07:00:00,0.9067132035382249,0.8485733359275627,0.8111169393064918,1.0,1.3208251039402696
2022-02-23 08:00:00,0.9067132035382249,0.8451228519843317,0.8144290727052838,1.0,1.3262177231795436
2022-02-23 09:00:00,0.9067132035382249,0.833405908445665,0.8256762138787156,1.0,1.3445296516486083
2022-02-23 10:00:00,0.9067132035382249,0.8289708448362572,0.8299334492544385,1.0,1.3514610298961192
2022-02-23 11:00:00,0.9067132035382249,0.8289507968340046,0.8299526934123398,1.0,1.3514923620931194
2022-02-23 12:00:00,0.9067132035382249,0.8309600521708633,0.8280240011426753,1.0,1.348352179682645
2022-02-23 13:00:00,0.9067132035382249,0.8256651520204051,0.8331065970683876,1.0,1.3566273610459465
2022-02-23 14:00:00,0.9067132035382249,0.8269950028364856,0.831830067927601,1.0,1.3545489919782598
2022-02-23 15:00:00,0.9067132035382249,0.8335662924636846,0.8255222606155052,1.0,1.3442789940726059
2022-02-23 16:00:00,0.9067132035382249,0.836580175468973,0.8226292222110083,1.0,1.339568720456894
2022-02-23 17:00:00,0.9067132035382249,0.8338536471626368,0.8252464276855863,1.0,1.3438298992489348
2022-02-23 18:00:00,0.9067132035382249,0.8462143543291885,0.8133813352195458,1.0,1.3245118591206384
2022-02-23 19:00:00,0.9067132035382249,0.8531153222156505,0.8067570684219618,1.0,1.3137266206420903
2022-02-23 20:00:00,0.9067132035382249,0.8567195075094836,0.8032973964792599,1.0,1.308093787892481
2022-02-23 21:00:00,0.9067132035382249,0.8553517882447038,0.8046102756960826,1.0,1.310231339998946
2022-02-23 22:00:00,0.9067132035382249,0.8589559735385371,0.8011506037533804,1.0,1.3045985072493362
2022-02-23 23:00:00,0.9067132035382249,0.8561804390044728,0.8038148505028283,1.0,1.3089362758562668
2022-02-24 00:00:00,0.9067132035382249,0.8650282906652302,0.7953217621490507,1.0,1.2951083329134676
2022-02-24 01:00:00,0.9067132035382249,0.8758742598838174,0.7849106727244424,1.0,1.278157614336305
2022-02-24 02:00:00,0.9067132035382249,0.8706189080726642,0.7888172367784081,1.0,1.2827197059495241
2022-02-24 03:00:00,0.9067132035382249,0.8462094864623253,0.7666971463907367,1.0,1.3186831404902757
2022-02-24 04:00:00,0.9067132035382249,0.823052979581333,0.7457124613192426,1.0,1.3528006027022559
2022-02-24 05:00:00,0.9067132035382249,0.8264082427548373,0.7487530382676494,1.0,1.3478571513811395
2022-02-24 06:00:00,0.9067132035382249,0.8171612129538784,0.7403732766215126,1.0,1.3614811919770995
2022-02-24 07:00:00,0.9067132035382249,0.8223403990761302,0.7450667129096653,1.0,1.3538504777366984
2022-02-24 08:00:00,0.9067132035382249,0.8318894497534663,0.753720169245954,1.0,1.33978145699369
2022-02-24 09:00:00,0.9067132035382249,0.836794929456501,0.7581655697211563,1.0,1.3325540060115515
2022-02-24 10:00:00,0.9067132035382249,0.8328993320588529,0.7546353358661495,1.0,1.3382935546269967
2022-02-24 11:00:00,0.9067132035382249,0.8295700238044124,0.7516182795551777,1.0,1.3431987654667261
2022-02-24 12:00:00,0.9067132035382249,0.835265948769841,0.7567799903522622,1.0,1.3348067180059842
2022-02-24 13:00:00,0.9067132035382249,0.8309999038910112,0.7529140528538657,1.0,1.3410920625830436
2022-02-24 14:00:00,0.9067132035382249,0.8358275188368549,0.7572888914167634,1.0,1.3339793330450662
2022-02-24 15:00:00,0.9067132035382249,0.8398505312917246,0.760934590219178,1.0,1.3280520584300848
2022-02-24 16:00:00,0.9067132035382249,0.8462802726052262,0.766761293583741,1.0,1.3185788482683112
2022-02-24 17:00:00,0.9067132035382249,0.8516482217752137,0.7716257890532386,1.0,1.3106700214360048
2022-02-24 18:00:00,0.9067132035382249,0.8444610687326722,0.7651127107235289,1.0,1.3212591583727984
2022-02-24 19:00:00,0.9067132035382249,0.8575942577788922,0.7770141532656052,1.0,1.3019094747909885
2022-02-24 20:00:00,0.9067132035382249,0.8788442578777529,0.7962711406055153,1.0,1.2706009497572512
2022-02-24 21:00:00,0.9067132035382249,0.9057524303324946,0.8206556269062406,1.0,1.2309559997811537
2022-02-24 22:00:00,0.9067132035382249,0.9050799619749358,0.8200462285726992,1.0,1.2319467758898164
2022-02-24 23:00:00,0.9067132035382249,0.8927254205006261,0.8088504051536709,1.0,1.250149245030017
2022-02-25 00:00:00,0.9067132035382249,0.9034754760691812,0.8185922255312669,1.0,1.2343107329210112
2022-02-25 01:00:00,0.9067132035382249,0.9010168373724222,0.8163641796942488,1.0,1.2379331494305774
2022-02-25 02:00:00,0.9067132035382249,0.9083011233962062,0.8235422505914369,1.0,1.2244670698682825
2022-02-25 03:00:00,0.9067132035382249,0.9083011233962062,0.828505105090208,1.0,1.2318448871034544
2022-02-25 04:00:00,0.9067132035382249,0.9083011233962062,0.831053886892248,1.0,1.2356339255111772
2022-02-25 05:00:00,0.9067132035382249,0.9083011233962062,0.8268779046276639,1.0,1.2294258785226848
2022-02-25 06:00:00,0.9067132035382249,0.9083011233962062,0.8212158457251455,1.0,1.2210086187041866
2022-02-25 07:00:00,0.9067132035382249,0.9083011233962062,0.8266683571305165,1.0,1.2291143636200368
2022-02-25 08:00:00,0.9067132035382249,0.9083011233962062,0.8217204703101131,1.0,1.2217587974493396
2022-02-25 09:00:00,0.9067132035382249,0.9083011233962062,0.8188616437418854,1.0,1.2175088441346371
2022-02-25 10:00:00,0.9067132035382249,0.9083011233962062,0.8259199732121322,1.0,1.2280018103962926
2022-02-25 11:00:00,0.9067132035382249,0.9083011233962062,0.8238993366324947,1.0,1.2249979166921834
2022-02-25 12:00:00,0.9067132035382249,0.9083011233962062,0.8274402616863356,1.0,1.2302618828022414
2022-02-25 13:00:00,0.9067132035382249,0.9083011233962062,0.84044289770832,1.0,1.2495917003839216
2022-02-25 14:00:00,0.9067132035382249,0.9083011233962062,0.84048993898319,1.0,1.2496616323008427
2022-02-25 15:00:00,0.9067132035382249,0.9083011233962062,0.8329996850800471,1.0,1.2385265638929122
2022-02-25 16:00:00,0.9067132035382249,0.9083011233962062,0.8415205705507934,1.0,1.2511937770261132
2022-02-25 17:00:00,0.9067132035382249,0.9083011233962062,0.8409240016558528,1.0,1.2503069131706142
2022-02-25 18:00:00,0.9067132035382249,0.9083011233962062,0.8324672633781108,1.0,1.2377350617423055
2022-02-25 19:00:00,0.9067132035382249,0.9083011233962062,0.825624896124312,1.0,1.2275631465537877
2022-02-25 20:00:00,0.9067132035382249,0.9083011233962062,0.8260995853525444,1.0,1.2282688231699912
2022-02-25 21:00:00,0.9067132035382249,0.9083011233962062,0.8352277309170653,1.0,1.241838793776173
2022-02-25 22:00:00,0.9067132035382249,0.9083011233962062,0.8320716890212506,1.0,1.2371469978954692
2022-02-25 23:00:00,0.9067132035382249,0.9083011233962062,0.8417686063637435,1.0,1.2515625089516969
2022-02-26 00:00:00,0.9067132035382249,0.9083011233962062,0.8376054535377604,1.0,1.2453735343041832
2022-02-26 01:00:00,0.9067132035382249,0.9083011233962062,0.8492139572317835,1.0,1.262630824166203
2022-02-26 02:00:00,0.9067132035382249,0.9083011233962062,0.8478882485763599,1.0,1.2588951093111334
2022-02-26 03:00:00,0.9067132035382249,0.9083011233962062,0.8447813861951818,1.0,1.2542827974731232
2022-02-26 04:00:00,0.9067132035382249,0.9083011233962062,0.8413388201706143,1.0,1.249172114706987
2022-02-26 05:00:00,0.9067132035382249,0.9083011233962062,0.8407892925505437,1.0,1.2483563100666784
2022-02-26 06:00:00,0.9067132035382249,0.9083011233962062,0.8334230565538759,1.0,1.2374207186819954
2022-02-26 07:00:00,0.9067132035382249,0.9083011233962062,0.8358649263675754,1.0,1.241045811675118
2022-02-26 08:00:00,0.9067132035382249,0.9083011233962062,0.837485712110819,1.0,1.2434519592134605
2022-02-26 09:00:00,0.9067132035382249,0.9083011233962062,0.8283468753474639,1.0,1.2298848423547857
2022-02-26 10:00:00,0.9067132035382249,0.9083011233962062,0.828539316926477,1.0,1.2301705326957497
2022-02-26 11:00:00,0.9067132035382249,0.9083011233962062,0.832852146536137,1.0,1.2365731706704683
2022-02-26 12:00:00,0.9067132035382249,0.9083011233962062,0.8315242996409467,1.0,1.2346019073178158
2022-02-26 13:00:00,0.9067132035382249,0.9083011233962062,0.8327110227115274,1.0,1.2363636644204279
2022-02-26 14:00:00,0.9067132035382249,0.9083011233962062,0.8346931709753622,1.0,1.2393062749323585
2022-02-26 15:00:00,0.9067132035382249,0.9083011233962062,0.8372141556604338,1.0,1.2430488183989887
2022-02-26 16:00:00,0.9067132035382249,0.9083011233962062,0.8373189294090075,1.0,1.2432043609179582
2022-02-26 17:00:00,0.9067132035382249,0.9083011233962062,0.8360188796307857,1.0,1.2412743639478894
2022-02-26 18:00:00,0.9067132035382249,0.9083011233962062,0.8381271840408626,1.0,1.2444042603500076
2022-02-26 19:00:00,0.9067132035382249,0.9083011233962062,0.8351486160456932,1.0,1.239982408739307
2022-02-26 20:00:00,0.9067132035382249,0.9083011233962062,0.8383110726608084,1.0,1.2446772533424846
2022-02-26 21:00:00,0.9067132035382249,0.9083011233962062,0.8396923755501691,1.0,1.2467278751231827
2022-02-26 22:00:00,0.9067132035382249,0.9083011233962062,0.8422154984750073,1.0,1.2504735929269348
2022-02-26 23:00:00,0.9067132035382249,0.9083011233962062,0.8359226588412791,1.0,1.2411315187774072
2022-02-27 00:00:00,0.9067132035382249,0.9083011233962062,0.8353367811451727,1.0,1.2402617504060276
2022-02-27 01:00:00,0.9067132035382249,0.9083011233962062,0.8282185809614552,1.0,1.2296943821274762
2022-02-27 02:00:00,0.9067132035382249,0.9083011233962062,0.8166977450978714,1.0,1.2108934035509011
2022-02-27 03:00:00,0.9067132035382249,0.9083011233962062,0.8227960049128197,1.0,1.2018531103912395
2022-02-27 04:00:00,0.9067132035382249,0.9083011233962062,0.8243227081063234,1.0,1.1995898672930638
2022-02-27 05:00:00,0.9067132035382249,0.9083011233962062,0.8231766115913122,1.0,1.201288884520826
2022-02-27 06:00:00,0.9067132035382249,0.9083011233962062,0.823871539515526,1.0,1.2002586968360822
2022-02-27 07:00:00,0.9067132035382249,0.9083011233962062,0.8280240011426753,1.0,1.194102929193704
2022-02-27 08:00:00,0.9067132035382249,0.9083011233962062,0.8282912811135268,1.0,1.19370670316111
2022-02-27 09:00:00,0.9067132035382249,0.9083011233962062,0.8286611965931853,1.0,1.1931583263320003
2022-02-27 10:00:00,0.9067132035382249,0.9083011233962062,0.8343638820512733,1.0,1.1847044477005777
2022-02-27 11:00:00,0.9067132035382249,0.9083011233962062,0.8406887952815034,1.0,1.175328154865277
2022-02-27 12:00:00,0.9067132035382249,0.9083011233962062,0.8431221121361357,1.0,1.1717209130645423
2022-02-27 13:00:00,0.9067132035382249,0.9083011233962062,0.8489017742258288,1.0,1.163152921335733
2022-02-27 14:00:00,0.9067132035382249,0.9083011233962062,0.8338528427470051,1.0,1.1854620318748972
2022-02-27 15:00:00,0.9067132035382249,0.9083011233962062,0.8283639812655983,1.0,1.1935989296802447
2022-02-27 16:00:00,0.9067132035382249,0.9083011233962062,0.8402718385269751,1.0,1.1759462674761234
2022-02-27 17:00:00,0.9067132035382249,0.9083011233962062,0.8347337975309317,1.0,1.184156070871468
2022-02-27 18:00:00,0.9067132035382249,0.9083011233962062,0.8322748217990977,1.0,1.1878013503713314
2022-02-27 19:00:00,0.9067132035382249,0.9083011233962062,0.831077407529683,1.0,1.1895764429973519
2022-02-27 20:00:00,0.9067132035382249,0.9083011233962062,0.802737177660355,1.0,1.2315890816853432
2022-02-27 21:00:00,0.9067132035382249,0.9083011233962062,0.8106978443121966,1.0,1.219787885530568
2022-02-27 22:00:00,0.9067132035382249,0.9083011233962062,0.7986937662613133,1.0,1.237583189106423
2022-02-27 23:00:00,0.9067132035382249,0.9083011233962062,0.8072317576501942,1.0,1.224926144721245
2022-02-28 00:00:00,0.9067132035382249,0.9083011233962062,0.8048198231932301,1.0,1.228501688439372
2022-02-28 01:00:00,0.9067132035382249,0.9083011233962062,0.8021705441221498,1.0,1.2324290808744423
2022-02-28 02:00:00,0.9060785042957482,0.9083011233962062,0.8107277796689321,1.0,1.2180482531133947
2022-02-28 03:00:00,0.9012759472996381,0.9083011233962062,0.8064299177376396,1.0,1.2245043671607487
2022-02-28 04:00:00,0.9018995629095807,0.9083011233962062,0.8069879983167776,1.0,1.2236660359337044
2022-02-28 05:00:00,0.9022699093446042,0.9083011233962062,0.8073194254806335,1.0,1.2231681763927393
2022-02-28 06:00:00,0.9027955623491535,0.9083011233962062,0.8077898382293321,1.0,1.2224615370442726
2022-02-28 07:00:00,0.906355666789056,0.9083011233962062,0.8109758154818822,1.0,1.2176756614569306
2022-02-28 08:00:00,0.9148951387811443,0.9083011233962062,0.8186178844084687,1.0,1.2061959840413865
2022-02-28 09:00:00,0.9139776353550217,0.9083011233962062,0.8177968003380128,1.0,1.2074293909041647
2022-02-28 10:00:00,0.9091726890270728,0.9083011233962062,0.8134968001669537,1.0,1.213888716948557
2022-02-28 11:00:00,0.9157361835884232,0.9083011233962062,0.8193705448063866,1.0,1.20506536108384
2022-02-28 12:00:00,0.914727885552424,0.9083011233962062,0.8184682076247919,1.0,1.2064208238340803
2022-02-28 13:00:00,0.9134328676957614,0.9083011233962062,0.8173092816711797,1.0,1.2081617262289392
2022-02-28 14:00:00,0.9067953038474065,0.9083011233962062,0.8113692515989757,1.0,1.2170846540018494
2022-02-28 15:00:00,0.9501640660545675,0.9083011233962062,0.8501804416063825,1.0,1.158783695756315
2022-02-28 16:00:00,0.9740406591203028,0.9083011233962062,0.8715478715961361,1.0,1.126686209350738
2022-02-28 17:00:00,0.978685520215048,0.9083011233962062,0.8757046097028187,1.0,1.120442087107924
2022-02-28 18:00:00,0.988909471153533,0.9083011233962062,0.8848541376650079,1.0,1.1066979517802482
2022-02-28 19:00:00,0.9833996719331203,0.9083011233962062,0.8799233567627391,1.0,1.1141048169509937
2022-02-28 20:00:00,0.9863146567765303,0.9083011233962062,0.8825320092782499,1.0,1.1101861805640425
2022-02-28 21:00:00,1.0000652615091736,0.9083011233962062,0.8948375791362537,1.0,1.0917011376075634
2022-02-28 22:00:00,0.9941182145622495,0.9083011233962062,0.8895155003566583,1.0,1.0996957982363516
2022-02-28 23:00:00,1.027492401687456,0.9083011233962062,0.9193824334194901,1.0,1.0548306236027982
2022-03-01 00:00:00,1.0304814558178708,0.9083011233962062,0.922057371367772,1.0,1.050812415307654
2022-03-01 01:00:00,1.0398858659356265,0.9083011233962062,0.9304734830899445,1.0,1.0381699949641785
2022-03-01 02:00:00,1.0314033567907255,0.9083011233962062,0.9241763669766828,1.0,1.045924142193431
2022-03-01 03:00:00,1.0339016997445531,0.9083011233962062,0.9219376299408306,1.0,1.043390625898683
2022-03-01 04:00:00,1.0341045260588562,0.9083011233962062,0.9217558795606515,1.0,1.0431849440600454
2022-03-01 05:00:00,1.029747339589239,0.9083011233962062,0.9256603053748504,1.0,1.047603473911249
2022-03-01 06:00:00,1.032742010465126,0.9083011233962062,0.9229768144675012,1.0,1.0445666420584228
2022-03-01 07:00:00,1.0269769707550518,0.9083011233962062,0.9281428017441193,1.0,1.0504128458484052
2022-03-01 08:00:00,1.026211003144566,0.9083011233962062,0.928829176709266,1.0,1.0511895972625542
2022-03-01 09:00:00,1.0260511282850562,0.9083011233962062,0.9289724387736424,1.0,1.0513517229471276
2022-03-01 10:00:00,1.0314296049019882,0.9083011233962062,0.9241528463392479,1.0,1.0458975245437252
2022-03-01 11:00:00,1.0238677626663815,0.9083011233962062,0.9309289281602756,1.0,1.0535658274454032
2022-03-01 12:00:00,1.0231495188945552,0.9083011233962062,0.931572538330086,1.0,1.054294183132814
2022-03-01 13:00:00,0.9990704560988765,0.9083011233962062,0.953149515816987,1.0,1.078712247058606
2022-03-01 14:00:00,1.0043081473917628,0.9083011233962062,0.9484560795288345,1.0,1.073400816049081
2022-03-01 15:00:00,1.018448720786589,0.9083011233962062,0.9357848706707058,1.0,1.0590611622165333
2022-03-01 16:00:00,1.022529108991981,0.9083011233962062,0.9321284806694571,1.0,1.0549233275804115
2022-03-01 17:00:00,1.0283943687632406,0.9083011233962062,0.9268726873226328,1.0,1.0489754927642787
2022-03-01 18:00:00,1.0223740065163376,0.9083011233962062,0.9322674662542999,1.0,1.055080613692311
2022-03-01 19:00:00,1.0187374500104793,0.9083011233962062,0.9355261436589216,1.0,1.0587683680697668
2022-03-01 20:00:00,1.020911270861422,0.9083011233962062,0.9335782072313558,1.0,1.0565639427168387
2022-03-01 21:00:00,1.01222314603345,0.9083011233962062,0.9413635382223188,1.0,1.06537438476954
2022-03-01 22:00:00,1.0170193918187354,0.9083011233962062,0.9370656762910263,1.0,1.0605106142323444
2022-03-01 23:00:00,1.0105456531045667,0.9083011233962062,0.9428667207783875,1.0,1.0670754945643899
2022-03-02 00:00:00,1.0042126997144436,0.9083011233962062,0.9485416091195069,1.0,1.0734976075025577
2022-03-02 01:00:00,1.0074269002481646,0.9083011233962062,0.9456614001536111,1.0,1.0702381553067357
2022-03-02 02:00:00,1.0125999756110784,0.9083011233962062,0.9403671184909843,1.0,1.0627568278445523
2022-03-02 03:00:00,1.0125999756110784,0.9083011233962062,0.9446649804222766,1.0,1.0676138476787012
2022-03-02 04:00:00,1.0125999756110784,0.9083011233962062,0.9469742793704338,1.0,1.0702235896791392
2022-03-02 05:00:00,1.0125999756110784,0.9083011233962062,0.945150360849343,1.0,1.0681623767843487
2022-03-02 06:00:00,1.0125999756110784,0.9083011233962062,0.945684920791046,1.0,1.0687664837288946
2022-03-02 07:00:00,1.0125999756110784,0.9083011233962062,0.9384170438236515,1.0,1.0605530457108487
2022-03-02 08:00:00,1.0125999756110784,0.9083011233962062,0.9393300722040804,1.0,1.0615848603721332
2022-03-02 09:00:00,1.0125999756110784,0.9083011233962062,0.9364926280335206,1.0,1.0583782607104837
2022-03-02 10:00:00,1.0125999756110784,0.9083011233962062,0.9379872576305224,1.0,1.060067343727434
2022-03-02 11:00:00,1.0125999756110784,0.9083011233962062,0.943009982842764,1.0,1.065743532578387
2022-03-02 12:00:00,1.0125999756110784,0.9083011233962062,0.9422615989243798,1.0,1.0648977828560229
2022-03-02 13:00:00,1.0125999756110784,0.9083011233962062,0.93996085293529,1.0,1.0622977065666974
2022-03-02 14:00:00,1.0125999756110784,0.9083011233962062,0.9299025730722057,1.0,1.0509308302981222
2022-03-02 15:00:00,1.0125999756110784,0.9083011233962062,0.9576098839705571,1.0,1.0822429014478239
2022-03-02 16:00:00,1.0125999756110784,0.9083011233962062,0.9426079937666033,1.0,1.0652892441560884
2022-03-02 17:00:00,1.0125999756110784,0.9083011233962062,0.945150360849343,1.0,1.0681623767843487
2022-03-02 18:00:00,1.0125999756110784,0.9083011233962062,0.9344484708164483,1.0,1.0560681557545404
2022-03-02 19:00:00,1.0125999756110784,0.9083011233962062,0.9315468794528843,1.0,1.0527890632595454
2022-03-02 20:00:00,1.0125999756110784,0.9083011233962062,0.9335055070792841,1.0,1.0550025111043615
2022-03-02 21:00:00,1.0125999756110784,0.9083011233962062,0.9356031202905268,1.0,1.0573730267547594
2022-03-02 22:00:00,1.0125999756110784,0.9083011233962062,0.9412416585556104,1.0,1.0637451468058292
2022-03-02 23:00:00,1.0125999756110784,0.9083011233962062,0.9411347465672697,1.0,1.06362432541692
2022-03-03 00:00:00,1.0125999756110784,0.9083011233962062,0.9376836275836351,1.0,1.059724210982932
2022-03-03 01:00:00,1.0125999756110784,0.9083011233962062,0.9392937221280445,1.0,1.061543781099904
2022-03-03 02:00:00,1.0125999756110784,0.9076653126098289,0.9362788040568394,1.0,1.056655224403657
2022-03-03 03:00:00,1.0125999756110784,0.906863140696131,0.9354513052670832,1.0,1.057589069876986
2022-03-03 04:00:00,1.0125999756110784,0.8971500203147659,0.9254315137198016,1.0,1.0688965631276872
2022-03-03 05:00:00,1.0125999756110784,0.8996415206772073,0.9280016779195097,1.0,1.0659960921743492
2022-03-03 06:00:00,1.0125999756110784,0.8972992616010351,0.925585466983012,1.0,1.068722824434975
2022-03-03 07:00:00,1.0125999756110784,0.8995793368079283,0.9279375307265054,1.0,1.0660684832963128
2022-03-03 08:00:00,1.0125999756110784,0.9003669991521279,0.928750061837894,1.0,1.0651515290847748
2022-03-03 09:00:00,1.0125999756110784,0.9001389916314385,0.9285148554635446,1.0,1.065416963198641
2022-03-03 10:00:00,1.0125999756110784,0.8939226774991905,0.9221022744028751,1.0,1.072653662357594
2022-03-03 11:00:00,1.0125999756110784,0.8987336361857352,0.9270651289016459,1.0,1.0670530025550167
2022-03-03 12:00:00,1.0125999756110784,0.8984869735042623,0.9268106783693955,1.0,1.0673401540054717
2022-03-03 13:00:00,1.0125999756110784,0.9021454578135046,0.9305846715578189,1.0,1.0630811429966183
2022-03-03 14:00:00,1.0125999756110784,0.9107289045696364,0.9394391224321879,1.0,1.0530887551282542
2022-03-03 15:00:00,1.0125999756110784,0.8991461225186186,0.9274906386152416,1.0,1.0665728081126586
2022-03-03 16:00:00,1.0125999756110784,0.8813283711745693,0.9091103295797246,1.0,1.0873152775926045
2022-03-03 17:00:00,1.0125999756110784,0.8784782771659527,0.906170249900358,1.0,1.0906332040159323
2022-03-03 18:00:00,1.0125999756110784,0.8781176107241351,0.9057981961809326,1.0,1.0910530725233207
2022-03-03 19:00:00,1.0125999756110784,0.875219842415738,0.9028089369869293,1.0,1.0944264988068206
2022-03-03 20:00:00,1.0125999756110784,0.8745109463059585,0.9020776589866795,1.0,1.0952517575972047
2022-03-03 21:00:00,1.0125999756110784,0.8706327456585974,0.8980770123829741,1.0,1.0997665505703293
2022-03-03 22:00:00,1.0125999756110784,0.8717105993927651,0.8991888970617163,1.0,1.0985117711229617
2022-03-03 23:00:00,1.0125999756110784,0.8799313069114365,0.9076691559768932,1.0,1.088941664799385
2022-03-04 00:00:00,1.0125999756110784,0.8792576483275817,0.9069742280526792,1.0,1.0897259019539898
2022-03-04 01:00:00,1.0125999756110784,0.861587065474159,0.888745734040606,1.0,1.110297045778622
2022-03-04 02:00:00,1.0118911556281507,0.8584475393128842,0.8867486180984033,1.0,1.1110714780060782
2022-03-04 03:00:00,1.0094098969085752,0.8563425397480882,0.8845740282555555,1.0,1.113795936835015
2022-03-04 04:00:00,1.0103638518341937,0.857151836532587,0.885410080004379,1.0,1.1127484801957679
2022-03-04 05:00:00,1.008748715873172,0.8557816204933589,0.8839945652787494,1.0,1.114521923405951
2022-03-04 06:00:00,1.0084583817653752,0.8555353127763375,0.8837401147464987,1.0,1.1148407145570263
2022-03-04 07:00:00,1.0092244734447722,0.8561852339792343,0.8844115220332778,1.0,1.1139995345449454
2022-03-04 08:00:00,1.0100369209901199,0.8568744816243443,0.8851235558756262,1.0,1.1131074551053821
2022-03-04 09:00:00,1.0134916528946616,0.859805336475624,0.8881513033854322,1.0,1.1093141082993105
2022-03-04 10:00:00,1.0120692597446985,0.858598635643494,0.8869047096013807,1.0,1.1108759170478555
2022-03-04 11:00:00,1.0156581796822555,0.8616433301959178,0.8900500602983613,1.0,1.1069352297938082
2022-03-04 12:00:00,1.0152995316667417,0.8613390677219502,0.88973573905264,1.0,1.1073290306274892
2022-03-04 13:00:00,1.0118496793270368,0.8584123524961669,0.8867122680223676,1.0,1.111117019599089
2022-03-04 14:00:00,1.0073604796770674,0.8546038970397021,0.8827779068514333,1.0,1.116046227313193
2022-03-04 15:00:00,1.0020637120465872,0.8501103335636232,0.8781357883176842,1.0,1.1218621566323885
2022-03-04 16:00:00,0.9921508760803773,0.8417006843681792,0.8694481201451265,1.0,1.1327465973619564
2022-03-04 17:00:00,0.9936049864017804,0.8429342927660342,0.8707225110461465,1.0,1.1311499626893444
2022-03-04 18:00:00,0.9955763305958976,0.8446067014664818,0.8724502087777307,1.0,1.1289853975627162
2022-03-04 19:00:00,0.9901014588488695,0.8399620416597932,0.8676519987410043,1.0,1.1349968878401344
2022-03-04 20:00:00,0.9699659345493054,0.8228798770498994,0.8500051059455039,1.0,1.1571059917882325
2022-03-04 21:00:00,0.9619683277815879,0.8160950308616973,0.8429959559898937,1.0,1.1658874824875984
2022-03-04 22:00:00,0.9601702081391817,0.8145695788663634,0.8414200732817533,1.0,1.167861844490476
2022-03-04 23:00:00,0.9503500839048735,0.8062385825553464,0.8328136582203345,1.0,1.1786444863650787
2022-03-05 00:00:00,0.9539219253655012,0.8092687884185336,0.8359440412389473,1.0,1.174722551531683
2022-03-05 01:00:00,0.944275025682904,0.8010847488126305,0.8274894412009723,1.0,1.1853149902825346
2022-03-05 02:00:00,0.9487978541516916,0.8054855735006065,0.8326190784015545,1.0,1.1773327345341122
2022-03-05 03:00:00,0.9458548571607942,0.8054855735006065,0.8300360847632455,1.0,1.180984604824351
2022-03-05 04:00:00,0.9501840836945895,0.8054855735006065,0.8338357368288706,1.0,1.175612606889124
2022-03-05 05:00:00,0.9457306081156488,0.8054855735006065,0.8299270345351382,1.0,1.181138781467399
2022-03-05 06:00:00,0.9493192128901453,0.8054855735006065,0.8330766617116523,1.0,1.1766857972475964
2022-03-05 07:00:00,0.9487954178959045,0.8054855735006065,0.8326169401617877,1.0,1.1773357576055445
2022-03-05 08:00:00,0.9495725834920107,0.8054855735006065,0.8332990386474007,1.0,1.1763713978186354
2022-03-05 09:00:00,0.9510928071032028,0.8054855735006065,0.8346333002618915,1.0,1.1744850012448695
2022-03-05 10:00:00,0.9500281633242108,0.8054855735006065,0.8336988894837946,1.0,1.1758060834607922
2022-03-05 11:00:00,0.9523547876009552,0.8054855735006065,0.8357409084611002,1.0,1.1729190502429294
2022-03-05 12:00:00,0.9520697456738566,0.8054855735006065,0.8354907344083832,1.0,1.1732727496005104
2022-03-05 13:00:00,0.9508102014318915,0.8054855735006065,0.8343852644489413,1.0,1.1748356775310183
2022-03-05 14:00:00,0.9491486749850436,0.8054855735006065,0.8329269849279755,1.0,1.1768974122478586
2022-03-05 15:00:00,0.9519211340708396,0.8054855735006065,0.8353603017826077,1.0,1.1734571569578818
2022-03-05 16:00:00,0.9527348435037533,0.8054855735006065,0.836074473864723,1.0,1.1724474510994878
2022-03-05 17:00:00,0.9571152314090791,0.8054855735006065,0.8399190289654511,1.0,1.167011968664182
2022-03-05 18:00:00,0.9593273516638265,0.8054855735006065,0.8418605506737166,1.0,1.1642670198036382
2022-03-05 19:00:00,0.9587523952980552,0.8054855735006065,0.8413559260887489,1.0,1.1649804646616648
2022-03-05 20:00:00,0.959627011125648,0.8054855735006065,0.8421235541650344,1.0,1.1638951820174632
2022-03-05 21:00:00,0.9600679734231252,0.8054855735006065,0.8425105755628275,1.0,1.1633480060882138
2022-03-05 22:00:00,0.9582943792100678,0.8054855735006065,0.8409539370125881,1.0,1.1655488020909406
2022-03-05 23:00:00,0.9601361885851658,0.8054855735006065,0.8425704462762981,1.0,1.163263360088109
2022-03-06 00:00:00,0.9586110924623995,0.8054855735006065,0.8412319081822738,1.0,1.1651558028047393
2022-03-06 01:00:00,0.9646871143955934,0.8054855735006065,0.8465646781607032,1.0,1.1576162626525408
2022-03-06 02:00:00,0.9590740999512435,0.8054855735006065,0.8422283279136081,1.0,1.1620987923459165
2022-03-06 03:00:00,0.9590740999512435,0.8054855735006065,0.8434514010602248,1.0,1.1637861569874317
2022-03-06 04:00:00,0.9590740999512435,0.8054855735006065,0.8392433451991385,1.0,1.1579806786404006
2022-03-06 05:00:00,0.9590740999512435,0.8054855735006065,0.8426666670658046,1.0,1.1627035296737323
2022-03-06 06:00:00,0.9590740999512435,0.8054855735006065,0.8431798446098395,1.0,1.1634115148380044
2022-03-06 07:00:00,0.9590740999512435,0.8054855735006065,0.8429895412705932,1.0,1.1631489703395868
2022-03-06 08:00:00,0.9590740999512435,0.8054855735006065,0.8411185814746326,1.0,1.1605677744281782
2022-03-06 09:00:00,0.9590740999512435,0.8054855735006065,0.8361471740167945,1.0,1.1537091681492924
2022-03-06 10:00:00,0.9590740999512435,0.8054855735006065,0.8260653735162753,1.0,1.1398002096095303
2022-03-06 11:00:00,0.9590740999512435,0.8054855735006065,0.8169628868289561,1.0,1.1272423227582544
2022-03-06 12:00:00,0.9590740999512435,0.8054855735006065,0.8188680584611857,1.0,1.1298707176806144
2022-03-06 13:00:00,0.9590740999512435,0.8054855735006065,0.8218744235733235,1.0,1.134018330767975
2022-03-06 14:00:00,0.9590740999512435,0.8054855735006065,0.8300275318041782,1.0,1.1452664450653478
2022-03-06 15:00:00,0.9590740999512435,0.8054855735006065,0.8286590583534185,1.0,1.143378484627289
2022-03-06 16:00:00,0.9590740999512435,0.8054855735006065,0.8298992374181695,1.0,1.1450894487742798
2022-03-06 17:00:00,0.9590740999512435,0.8054855735006065,0.8372740263739046,1.0,1.1552637855725065
2022-03-06 18:00:00,0.9590740999512435,0.8054855735006065,0.8328179346998681,1.0,1.1491161143960773
2022-03-06 19:00:00,0.9590740999512435,0.8054855735006065,0.8303974472838368,1.0,1.1457767843712607
2022-03-06 20:00:00,0.9590740999512435,0.8054855735006065,0.8257168404342851,1.0,1.1393193696854624
2022-03-06 21:00:00,0.9590740999512435,0.8054855735006065,0.8298265372660979,1.0,1.144989150876008
2022-03-06 22:00:00,0.9590740999512435,0.8054855735006065,0.8331557765830244,1.0,1.1495822046292232
2022-03-06 23:00:00,0.9590740999512435,0.8054855735006065,0.8322320570037615,1.0,1.1483078313335333
2022-03-07 00:00:00,0.9590740999512435,0.8054855735006065,0.8204075910932904,1.0,1.1319946731734307
2022-03-07 01:00:00,0.9590740999512435,0.8054855735006065,0.8202001818359097,1.0,1.1317085291695375
2022-03-07 02:00:00,0.9584027480812776,0.8049217335991561,0.8184617929054914,1.0,1.127729179037974
2022-03-07 03:00:00,0.9448841194696668,0.793568012003798,0.806915298164706,1.0,1.143636220181598
2022-03-07 04:00:00,0.9468568378670649,0.7952248143403059,0.8086002311009539,1.0,1.1413149704739727
2022-03-07 05:00:00,0.9482938180194842,0.7964316728950718,0.8098275807271041,1.0,1.1396241109153726
2022-03-07 06:00:00,0.9506595780265161,0.7984185741742594,0.8118482173067416,1.0,1.1368403787152384
2022-03-07 07:00:00,0.9540943110737624,0.8013032604758947,0.8147818822668078,1.0,1.132798811965414
2022-03-07 08:00:00,0.9475903486417318,0.7958408588639058,0.8092267353526298,1.0,1.1404518662045133
2022-03-07 09:00:00,0.9542094697619353,0.801399977363559,0.814880241296081,1.0,1.1326633075408574
2022-03-07 10:00:00,0.9540467455286474,0.8012633121962074,0.8147412557112383,1.0,1.1328547811842529
2022-03-07 11:00:00,0.950937460947977,0.7986519562292751,0.8120855619208577,1.0,1.1365134006472861
2022-03-07 12:00:00,0.9585078929704791,0.8050100403226756,0.8185515989756976,1.0,1.1276054576068568
2022-03-07 13:00:00,0.9648466277194787,0.8103336742262768,0.8239656220652658,1.0,1.1201468227595133
2022-03-07 14:00:00,0.9756114616139095,0.8193746006818398,0.833160053062558,1.0,1.1074801048118126
2022-03-07 15:00:00,0.9714932867868541,0.8159159206773279,0.829642648646152,1.0,1.1123258608638982
2022-03-07 16:00:00,0.977233697047303,0.8207370472732828,0.8345456324314523,1.0,1.1055712598745777
2022-03-07 17:00:00,0.9712504521617937,0.8157119741968187,0.8294352393887713,1.0,1.1126115984548113
2022-03-07 18:00:00,0.9653473176680569,0.8107541824335123,0.8243932700186283,1.0,1.1195576730875272
2022-03-07 19:00:00,0.9496782257273028,0.7975943780880778,0.8110100273181512,1.0,1.1379951120723313
2022-03-07 20:00:00,0.9328650572540477,0.7834737124891102,0.796649609044241,1.0,1.1577787580576235
2022-03-07 21:00:00,0.9396368888085674,0.7891610859919702,0.8024335476134677,1.0,1.1498105087440118
2022-03-07 22:00:00,0.9461809064364843,0.794657128260538,0.8080229063639147,1.0,1.142110322531154
2022-03-07 23:00:00,0.9556239188666686,0.8025879130489991,0.81608834676433,1.0,1.1309989597174968
2022-03-08 00:00:00,0.9497307981719035,0.7976385314498374,0.8110549303532542,1.0,1.1379332513567728
2022-03-08 01:00:00,0.9552759393524068,0.8022956598449704,0.815791131436743,1.0,1.131408418739527
2022-03-08 02:00:00,0.9564105000220904,0.8032485291297711,0.8173328023086147,1.0,1.12770571255924
2022-03-08 03:00:00,0.9564105000220904,0.8032485291297711,0.8245878498374082,1.0,1.1176972023592144
2022-03-08 04:00:00,0.9564105000220904,0.8032485291297711,0.8263412064461941,1.0,1.1152784053170626
2022-03-08 05:00:00,0.9564105000220904,0.8032485291297711,0.8230910820006396,1.0,1.1197620291025148
2022-03-08 06:00:00,0.9564105000220904,0.8032485291297711,0.8190177352448625,1.0,1.125381307596782
2022-03-08 07:00:00,0.9564105000220904,0.8032485291297711,0.8174717878934575,1.0,1.127513978647362
2022-03-08 08:00:00,0.9564105000220904,0.8032485291297711,0.8231723351117786,1.0,1.1196499385078784
2022-03-08 09:00:00,0.9564105000220904,0.8032485291297711,0.8279641304292045,1.0,1.113039543176827
2022-03-08 10:00:00,0.9564105000220904,0.8032485291297711,0.8325698988869179,1.0,1.1066857763124427
2022-03-08 11:00:00,0.9564105000220904,0.8032485291297711,0.8341479198348252,1.0,1.1045088589745062
2022-03-08 12:00:00,0.9564105000220904,0.8032485291297711,0.8325249958518148,1.0,1.1067477211147418
2022-03-08 13:00:00,0.9564105000220904,0.8032485291297711,0.8293112214822962,1.0,1.1111811991078566
2022-03-08 14:00:00,0.9564105000220904,0.8032485291297711,0.8302734293773616,1.0,1.1098538104871636
2022-03-08 15:00:00,0.9564105000220904,0.8032485291297711,0.8279192273941015,1.0,1.113101487979126
2022-03-08 16:00:00,0.9564105000220904,0.8032485291297711,0.8257253933933523,1.0,1.116127934034306
2022-03-08 17:00:00,0.9564105000220904,0.8032485291297711,0.8179015740865867,1.0,1.126921078396786
2022-03-08 18:00:00,0.9564105000220904,0.8032485291297711,0.83421848174713,1.0,1.104411517142322
2022-03-08 19:00:00,0.9564105000220904,0.8032485291297711,0.8261231059899793,1.0,1.1155792800710864
2022-03-08 20:00:00,0.9564105000220904,0.8032485291297711,0.8276840210197521,1.0,1.1134259607530732
2022-03-08 21:00:00,0.9564105000220904,0.8032485291297711,0.8225265867022012,1.0,1.120540763759988
2022-03-08 22:00:00,0.9564105000220904,0.8032485291297711,0.8222186801757804,1.0,1.1209655281186097
2022-03-08 23:00:00,0.9564105000220904,0.8032485291297711,0.8232771088603524,1.0,1.1195054006358474
2022-03-09 00:00:00,0.9564105000220904,0.8032485291297711,0.8270104754932064,1.0,1.1143551327875583
2022-03-09 01:00:00,0.9564105000220904,0.8032485291297711,0.8317167412199598,1.0,1.1078627275561241
2022-03-09 02:00:00,0.9564105000220904,0.8026862551593802,0.8372205703797342,1.0,1.0986912900916443
2022-03-09 03:00:00,0.9564105000220904,0.7987117661706169,0.841366617287583,1.0,1.1041314435843093
2022-03-09 04:00:00,0.9564105000220904,0.7614655364569409,0.880220572090326,1.0,1.1551128923286171
2022-03-09 05:00:00,0.9564105000220904,0.7525900659456748,0.8894791502806225,1.0,1.1672613526809836
2022-03-09 06:00:00,0.9564105000220904,0.7550928256441172,0.8868683595253449,1.0,1.1638356552005589
2022-03-09 07:00:00,0.9564105000220904,0.7534284187029745,0.8886046102159963,1.0,1.166113842222758
2022-03-09 08:00:00,0.9564105000220904,0.7497367969037158,0.892455580036025,1.0,1.1711668161476105
2022-03-09 09:00:00,0.9564105000220904,0.7440979009738098,0.8983378776345251,1.0,1.1788851566624743
2022-03-09 10:00:00,0.9564105000220904,0.744911656584196,0.8974889964471007,1.0,1.177771313992754
2022-03-09 11:00:00,0.9564105000220904,0.7407403904201252,0.9018403143725634,1.0,1.1834808097934622
2022-03-09 12:00:00,0.9564105000220904,0.7419599989545833,0.9005680617113102,1.0,1.1818114486134024
2022-03-09 13:00:00,0.9564105000220904,0.7468773785750284,0.8954384245107279,1.0,1.1750806965613638
2022-03-09 14:00:00,0.9564105000220904,0.7478018213465252,0.8944740783758957,1.0,1.173815348843369
2022-03-09 15:00:00,0.9564105000220904,0.74084697805675,0.9017291259046892,1.0,1.183334916043272
2022-03-09 16:00:00,0.9564105000220904,0.734603402265222,0.9082422042343989,1.0,1.1918809230255605
2022-03-09 17:00:00,0.9564105000220904,0.740281243677741,0.9023192800803294,1.0,1.1841092751788962
2022-03-09 18:00:00,0.9564105000220904,0.7385409955336151,0.9041346456423529,1.0,1.1864912712156537
2022-03-09 19:00:00,0.9564105000220904,0.7444320122193839,0.8979893445525348,1.0,1.1784278358686093
2022-03-09 20:00:00,0.9564105000220904,0.7409310183087044,0.9016414580742498,1.0,1.183219884432545
2022-03-09 21:00:00,0.9564105000220904,0.7483040130960079,0.8939502096330266,1.0,1.1731279648280504
2022-03-09 22:00:00,0.9564105000220904,0.7476234920314028,0.8946601052356082,1.0,1.174059440310033
2022-03-09 23:00:00,0.9564105000220904,0.7472893807858285,0.8950086383175987,1.0,1.1745167611038982
2022-03-10 00:00:00,0.9564105000220904,0.7462747484756491,0.8960670670021706,1.0,1.1759055573797461
2022-03-10 01:00:00,0.9564105000220904,0.7489271408178151,0.8933001847439157,1.0,1.1722750475192467
2022-03-10 02:00:00,0.9564105000220904,0.7663572577685596,0.8745050571936371,1.0,1.1460067576614539
2022-03-10 03:00:00,0.9564105000220904,0.7663572577685596,0.869773132589682,1.0,1.1398063636399425
2022-03-10 04:00:00,0.9564105000220904,0.7663572577685596,0.8709619939000296,1.0,1.141364167108519
2022-03-10 05:00:00,0.9564105000220904,0.7663572577685596,0.8444692031892274,1.0,1.106649805641493
2022-03-10 06:00:00,0.9564105000220904,0.7663572577685596,0.8372804410932049,1.0,1.0972301379052427
2022-03-10 07:00:00,0.9564105000220904,0.7663572577685596,0.8407016247201042,1.0,1.1017130255846004
2022-03-10 08:00:00,0.9564105000220904,0.7663572577685596,0.837917636543715,1.0,1.098065075735523
2022-03-10 09:00:00,0.9564105000220904,0.7663572577685596,0.8375926240991596,1.0,1.0976392014059841
2022-03-10 10:00:00,0.9564105000220904,0.7663572577685596,0.8360680591454225,1.0,1.0956415145838703
2022-03-10 11:00:00,0.9564105000220904,0.7663572577685596,0.8340003812909152,1.0,1.0929321693426586
2022-03-10 12:00:00,0.9564105000220904,0.7663572577685596,0.8343959556477755,1.0,1.0934505032305843
2022-03-10 13:00:00,0.9564105000220904,0.7663572577685596,0.8380437926899569,1.0,1.0982303822186994
2022-03-10 14:00:00,0.9564105000220904,0.7663572577685596,0.8297452841549591,1.0,1.0873565777914576
2022-03-10 15:00:00,0.9564105000220904,0.7663572577685596,0.838599735029328,1.0,1.098958851466595
2022-03-10 16:00:00,0.9564105000220904,0.7663572577685596,0.8365128130169195,1.0,1.0962242899821868
2022-03-10 17:00:00,0.9564105000220904,0.7663572577685596,0.8356810377476295,1.0,1.095134387915143
2022-03-10 18:00:00,0.9564105000220904,0.7663572577685596,0.8362284271279333,1.0,1.0958516499438402
2022-03-10 19:00:00,0.9564105000220904,0.7663572577685596,0.8361664181746958,1.0,1.0957703976046518
2022-03-10 20:00:00,0.9564105000220904,0.7663572577685596,0.8418862095509182,1.0,1.103265225443578
2022-03-10 21:00:00,0.9564105000220904,0.7663572577685596,0.8457906353651171,1.0,1.1083813210076447
2022-03-10 22:00:00,0.9564105000220904,0.7663572577685596,0.8394144043804834,1.0,1.100026339095242
2022-03-10 23:00:00,0.9564105000220904,0.7663572577685596,0.8420401628141287,1.0,1.1034669553891492
2022-03-11 00:00:00,0.9564105000220904,0.7663572577685596,0.8419182831474205,1.0,1.1033072525155718
2022-03-11 01:00:00,0.9564105000220904,0.7663572577685596,0.8390017241054887,1.0,1.0994855907689194
2022-03-11 02:00:00,0.9557410126720749,0.7658208076881216,0.8259199732121322,1.0,1.0808288360016904
2022-03-11 03:00:00,0.9455878301136196,0.7576852161790973,0.8171446372091352,1.0,1.0923108717633316
2022-03-11 04:00:00,0.9568345084544426,0.7666970093077581,0.826865075189063,1.0,1.0795922229883754
2022-03-11 05:00:00,0.9508004898725535,0.7618620415469125,0.8216499083978083,1.0,1.0864159766975963
2022-03-11 06:00:00,0.9579626398498264,0.7676009639198719,0.8278401125227294,1.0,1.078316441237082
2022-03-11 07:00:00,0.9621436531353502,0.7709511465831884,0.8314537377286418,1.0,1.0735882150097005
2022-03-11 08:00:00,0.9669406855380902,0.7747949360412776,0.8355997846364905,1.0,1.0681633447997048
2022-03-11 09:00:00,0.9643405405895189,0.7727114792488837,0.833352494641571,1.0,1.0711037979150764
2022-03-11 10:00:00,0.9641822063585879,0.772584608426131,0.8332156472964951,1.0,1.0712828550029772
2022-03-11 11:00:00,0.9641055132154807,0.7725231553713601,0.8331493618637239,1.0,1.071369585779929
2022-03-11 12:00:00,0.9859086316091615,0.7899936641357438,0.8519936689286393,1.0,1.0467128652225843
2022-03-11 13:00:00,0.9863514726612967,0.7903485059681304,0.8523764138468984,1.0,1.0462120649298616
2022-03-11 14:00:00,0.9702409646640598,0.7774393997530317,0.838452196485418,1.0,1.0644311236237718
2022-03-11 15:00:00,0.9716832905489476,0.7785951136540455,0.8396987902694695,1.0,1.062800025463675
2022-03-11 16:00:00,0.9659115130370381,0.7739702756933844,0.8347102768934967,1.0,1.0693272158710603
2022-03-11 17:00:00,0.9569681029617907,0.7668040565644558,0.8269805401364709,1.0,1.079441143570459
2022-03-11 18:00:00,0.9590017082403116,0.7684335536941872,0.8287381732247905,1.0,1.0771413790977327
2022-03-11 19:00:00,0.9547316319498892,0.7650120061930723,0.8250475713872727,1.0,1.0819703249370582
2022-03-11 20:00:00,0.9586380343036419,0.768142147273177,0.8284238519790691,1.0,1.077552650846505
2022-03-11 21:00:00,0.947997479190602,0.7596160315128667,0.8192272827420102,1.0,1.0895858467068407
2022-03-11 22:00:00,0.9601347875804123,0.7693414730195122,0.8297174870379904,1.0,1.0758600018124422
2022-03-11 23:00:00,0.9615548477140754,0.7704793457110765,0.8309448366641407,1.0,1.0742540835553316
2022-03-12 00:00:00,0.9570819056902724,0.7668952449683094,0.8270788991657443,1.0,1.0793124462885304
2022-03-12 01:00:00,0.9672227183869362,0.7750209246943061,0.8358435439699072,1.0,1.0678443993618814
2022-03-12 02:00:00,0.9676824245086381,0.7753892802516726,0.8368271342626408,1.0,1.0650442731651824
2022-03-12 03:00:00,0.9676824245086381,0.7753892802516726,0.8354565225721142,1.0,1.0667884371704373
2022-03-12 04:00:00,0.9676824245086381,0.7753892802516726,0.834787253525102,1.0,1.067640111637902
2022-03-12 05:00:00,0.9676824245086381,0.7753892802516726,0.8352042102796303,1.0,1.067109515723667
2022-03-12 06:00:00,0.9676824245086381,0.7753892802516726,0.8364786011806503,1.0,1.0654877969293892
2022-03-12 07:00:00,0.9676824245086381,0.7753892802516726,0.8346076413846897,1.0,1.0678686760317264
2022-03-12 08:00:00,0.9676824245086381,0.7753892802516726,0.8351956573205631,1.0,1.0671203997424203
2022-03-12 09:00:00,0.9676824245086381,0.7753892802516726,0.8351208189287246,1.0,1.0672156349065138
2022-03-12 10:00:00,0.9676824245086381,0.7753892802516726,0.836596204367825,1.0,1.065338141671528
2022-03-12 11:00:00,0.9676824245086381,0.7753892802516726,0.837667462490998,1.0,1.0639749183226468
2022-03-12 12:00:00,0.9676824245086381,0.7753892802516726,0.8343702967705736,1.0,1.0681707075521372
2022-03-12 13:00:00,0.9676824245086381,0.7753892802516726,0.8365299189350539,1.0,1.0654224928168678
2022-03-12 14:00:00,0.9676824245086381,0.7753892802516726,0.8344216145249771,1.0,1.0681054034396158
2022-03-12 15:00:00,0.9676824245086381,0.7753892802516726,0.8309042101085712,1.0,1.0725814561520097
2022-03-12 16:00:00,0.9676824245086381,0.7753892802516726,0.8336326040510235,1.0,1.0691094541696302
2022-03-12 17:00:00,0.9676824245086381,0.7753892802516726,0.8359397647594138,1.0,1.0661734901108624
2022-03-12 18:00:00,0.9676824245086381,0.7753892802516726,0.8348706448760077,1.0,1.0675339924550549
2022-03-12 19:00:00,0.9676824245086381,0.7753892802516726,0.8338571192265387,1.0,1.0688237486773497
2022-03-12 20:00:00,0.9676824245086381,0.7753892802516726,0.8333589093608715,1.0,1.0694577427697434
2022-03-12 21:00:00,0.9676824245086381,0.7753892802516726,0.8356596553499613,1.0,1.0665299417250407
2022-03-12 22:00:00,0.9676824245086381,0.7753892802516726,0.8346953092151291,1.0,1.0677571148395024
2022-03-12 23:00:00,0.9676824245086381,0.7753892802516726,0.8349540362269133,1.0,1.0674278732722078
2022-03-13 00:00:00,0.9676824245086381,0.7753892802516726,0.8287809380201266,1.0,1.0752834138075764
2022-03-13 01:00:00,0.9676824245086381,0.7753892802516726,0.8310496104127145,1.0,1.0723964278331994
2022-03-13 02:00:00,0.9676824245086381,0.7748465077554965,0.832636184319689,1.0,1.0688863777587334
2022-03-13 03:00:00,0.9676824245086381,0.7782048766392489,0.836245533046068,1.0,1.0735191853088766
2022-03-13 04:00:00,0.9676824245086381,0.7787758789316878,0.8368592078591429,1.0,1.0743068723745703
2022-03-13 05:00:00,0.9676824245086381,0.777655759452095,0.8356553788704276,1.0,1.0727616883397773
2022-03-13 06:00:00,0.9676824245086381,0.7775224592653585,0.8355121168060513,1.0,1.0725778032059743
2022-03-13 07:00:00,0.9676824245086381,0.7780079106916828,0.8360338473091535,1.0,1.0732474744395257
2022-03-13 08:00:00,0.9676824245086381,0.7768838121020383,0.8348257418409046,1.0,1.071696801296261
2022-03-13 09:00:00,0.9676824245086381,0.7764898802069061,0.8344023703670758,1.0,1.0711533795575594
2022-03-13 10:00:00,0.9676824245086381,0.7746674478031637,0.8324437427406759,1.0,1.0686393678775055
2022-03-13 11:00:00,0.9676824245086381,0.7749619019469999,0.8327602022261642,1.0,1.0690455619044137
2022-03-13 12:00:00,0.9676824245086381,0.7699581710568119,0.8273825292126317,1.0,1.0621430080012086
2022-03-13 13:00:00,0.9676824245086381,0.7649385237264165,0.8219877502809646,1.0,1.0552184976641166
2022-03-13 14:00:00,0.9676824245086381,0.7699701083869673,0.8273953586512325,1.0,1.062159475326624
2022-03-13 15:00:00,0.9676824245086381,0.7717487705801396,0.8293069450027626,1.0,1.0646131068134888
2022-03-13 16:00:00,0.9676824245086381,0.7736587434050225,0.8313596551789022,1.0,1.067247878879921
2022-03-13 17:00:00,0.9676824245086381,0.773346383265953,0.8310239515355127,1.0,1.0668169838648898
2022-03-13 18:00:00,0.9676824245086381,0.7738119391420182,0.8315242996409467,1.0,1.0674592095560826
2022-03-13 19:00:00,0.9676824245086381,0.7746435731428527,0.8324180838634743,1.0,1.0686064332266751
2022-03-13 20:00:00,0.9676824245086381,0.7722680444419046,0.8298650255819006,1.0,1.0653294354690501
2022-03-13 21:00:00,0.9676824245086381,0.7688380515772191,0.8261787002239164,1.0,1.0605978239664156
2022-03-13 22:00:00,0.9676824245086381,0.7699004739610602,0.8273205202593941,1.0,1.0620634159283686
2022-03-13 23:00:00,0.9676824245086381,0.7495990544765758,0.8055019216788432,1.0,1.0340579845055835
2022-03-14 00:00:00,0.9676824245086381,0.7503749809366845,0.8063358351878999,1.0,1.0351283606575716
2022-03-14 01:00:00,0.9676824245086381,0.7518532203209429,0.8079245473346414,1.0,1.0371675644548206
2022-03-14 02:00:00,0.967005046811482,0.7553801208335619,0.8128531899971433,1.0,1.042032858259356
2022-03-14 03:00:00,0.9664277101182606,0.7549291318107794,0.8123678095700768,1.0,1.0426549892467787
2022-03-14 04:00:00,0.9688845702312641,0.7568483185773336,0.8144333491848174,1.0,1.0400075067188044
2022-03-14 05:00:00,0.9785136306741536,0.7643701002524623,0.8225287249419682,1.0,1.0296313484880475
2022-03-14 06:00:00,0.9770588439405739,0.7632336873844819,0.8213056517953515,1.0,1.0311990089497467
2022-03-14 07:00:00,0.9818377674937142,0.7669667639210817,0.8253234043171915,1.0,1.026049299146368
2022-03-14 08:00:00,0.992804621331469,0.7755335686181642,0.8345434941916854,1.0,1.0142315510504825
2022-03-14 09:00:00,0.992756297995913,0.7754958206382839,0.834502867636116,1.0,1.0142836236881962
2022-03-14 10:00:00,0.9946816014178008,0.776999779626153,0.8361215151395928,1.0,1.0122089401750733
2022-03-14 11:00:00,0.9933183746884324,0.7759348892463672,0.8349754186245815,1.0,1.0136779366916306
2022-03-14 12:00:00,0.9882978344575123,0.772013072810365,0.8307545333248944,1.0,1.0190880096835784
2022-03-14 13:00:00,0.9869574977291967,0.7709660630526279,0.8296276809677844,1.0,1.02053234021385
2022-03-14 14:00:00,0.9875068577544646,0.7713951979817953,0.8300895407574158,1.0,1.0199403565429985
2022-03-14 15:00:00,0.9937914347101908,0.7763044221020391,0.8353731312212085,1.0,1.0131681729750641
2022-03-14 16:00:00,0.9896788645210329,0.7730918703406332,0.8319155975182734,1.0,1.0175998285110213
2022-03-14 17:00:00,0.9867514877197212,0.7708051374541901,0.8294544835466725,1.0,1.0207543340904195
2022-03-14 18:00:00,0.9842997142736184,0.7688899241592023,0.8273932204114658,1.0,1.023396335288108
2022-03-14 19:00:00,0.9827152175340726,0.7676521877662796,0.8260610970367417,1.0,1.0251037696720915
2022-03-14 20:00:00,0.9860088343522295,0.7702250106055009,0.8288301175347634,1.0,1.0215546083121259
2022-03-14 21:00:00,0.9838470009194624,0.7685362851897958,0.8270126137329731,1.0,1.0238841736835318
2022-03-14 22:00:00,0.983941104257124,0.7686097944137735,0.8270917286043451,1.0,1.0237827690732473
2022-03-14 23:00:00,0.9991604116238041,0.7804984213403371,0.8398869553689489,1.0,1.0073826288585488
2022-03-15 00:00:00,1.0077950286876207,0.7872433893242414,0.847146279377276,1.0,0.9980780706986387
2022-03-15 01:00:00,1.0055899585861985,0.7855208894002224,0.84529242549945,1.0,1.000454227377473
2022-03-15 02:00:00,0.9858061322022394,0.7700666689556226,0.8292406595699913,1.0,1.0195695648953236
2022-03-15 03:00:00,0.9858061322022394,0.7700666689556226,0.8325527929687833,1.0,1.0236413209786839
2022-03-15 04:00:00,0.9858061322022394,0.7700666689556226,0.8277909330080928,1.0,1.0177873501603216
2022-03-15 05:00:00,0.9858061322022394,0.7700666689556226,0.8282549310374909,1.0,1.0183577640209343
2022-03-15 06:00:00,0.9858061322022394,0.7700666689556226,0.8276583621425503,1.0,1.017624374771575
2022-03-15 07:00:00,0.9858061322022394,0.7700666689556226,0.8279320568327023,1.0,1.0179608400902775
2022-03-15 08:00:00,0.9858061322022394,0.7700666689556226,0.8209849158303297,1.0,1.0094204039929
2022-03-15 09:00:00,0.9858061322022394,0.7700666689556226,0.8192721857771132,1.0,1.007314867115707
2022-03-15 10:00:00,0.9858061322022394,0.7700666689556226,0.8240447369366378,1.0,1.0131819811105813
2022-03-15 11:00:00,0.9858061322022394,0.7700666689556226,0.8256804903582491,1.0,1.0151928871168892
2022-03-15 12:00:00,0.9858061322022394,0.7700666689556226,0.8253127131183575,1.0,1.0147407618448827
2022-03-15 13:00:00,0.9858061322022394,0.7700666689556226,0.8297495606344927,1.0,1.0201951800972862
2022-03-15 14:00:00,0.9858061322022394,0.7700666689556226,0.8270040607739059,1.0,1.0168200123690518
2022-03-15 15:00:00,0.9858061322022394,0.7700666689556226,0.833478650787813,1.0,1.0247795200646073
2022-03-15 16:00:00,0.9858061322022394,0.7700666689556226,0.8332306149748628,1.0,1.0244745983695331
2022-03-15 17:00:00,0.9858061322022394,0.7700666689556226,0.8364465275841482,1.0,1.028428065864287
2022-03-15 18:00:00,0.9858061322022394,0.7700666689556226,0.8391407096903314,1.0,1.0317401463452645
2022-03-15 19:00:00,0.9858061322022394,0.7700666689556226,0.841490635194058,1.0,1.0346290165425616
2022-03-15 20:00:00,0.9858061322022394,0.7700666689556226,0.8488376270328244,1.0,1.0436610074414807
2022-03-15 21:00:00,0.9858061322022394,0.7700666689556226,0.8423224104633479,1.0,1.0356515556751806
2022-03-15 22:00:00,0.9858061322022394,0.7700666689556226,0.8469623907573303,1.0,1.0413556942813085
2022-03-15 23:00:00,0.9858061322022394,0.7700666689556226,0.8430130619080283,1.0,1.036500604877844
2022-03-16 00:00:00,0.9858061322022394,0.7700666689556226,0.8390060005850224,1.0,1.0315745423212157
2022-03-16 01:00:00,0.9858061322022394,0.7700666689556226,0.8366240014847937,1.0,1.0286462425943832
2022-03-16 02:00:00,0.9858061322022394,0.7700666689556226,0.8439389197270578,1.0,1.036186118492145
2022-03-16 03:00:00,0.9858061322022394,0.7700666689556226,0.8731494131814782,1.0,1.0003261679010524
2022-03-16 04:00:00,0.9858061322022394,0.7700666689556226,0.8361621416951622,1.0,1.0457331970588535
2022-03-16 05:00:00,0.9858061322022394,0.7700666689556226,0.8351721366831282,1.0,1.046948566147769
2022-03-16 06:00:00,0.9858061322022394,0.7700666689556226,0.8395982930004292,1.0,1.0415148425752956
2022-03-16 07:00:00,0.9858061322022394,0.7700666689556226,0.8452133106280778,1.0,1.03462162610123
2022-03-16 08:00:00,0.9858061322022394,0.7700666689556226,0.8452068959087775,1.0,1.0346295010629292
2022-03-16 09:00:00,0.9858061322022394,0.7700666689556226,0.8607754196509365,1.0,1.0155169690188806
2022-03-16 10:00:00,0.9858061322022394,0.7700666689556226,0.865049760944794,1.0,1.0102696195399556
2022-03-16 11:00:00,0.9858061322022394,0.7700666689556226,0.8608823316392772,1.0,1.0153857196572267
2022-03-16 12:00:00,0.9858061322022394,0.7700666689556226,0.8651352905354666,1.0,1.0101646200506325
2022-03-16 13:00:00,0.9858061322022394,0.7700666689556226,0.8619279308852483,1.0,1.014102100900251
2022-03-16 14:00:00,0.9858061322022394,0.7700666689556226,0.8676990400158743,1.0,1.0070172603581706
2022-03-16 15:00:00,0.9858061322022394,0.7700666689556226,0.8718279810055884,1.0,1.0019484100110951
2022-03-16 16:00:00,0.9858061322022394,0.7700666689556226,0.8676177869047353,1.0,1.0071170098730278
2022-03-16 17:00:00,0.9858061322022394,0.7700666689556226,0.8608759169199767,1.0,1.015393594618926
2022-03-16 18:00:00,0.9858061322022394,0.7700666689556226,0.8635294724705906,1.0,1.0121359854626748
2022-03-16 19:00:00,0.9858061322022394,0.7700666689556226,0.8527976470809605,1.0,1.0253107963854986
2022-03-16 20:00:00,0.9858061322022394,0.7700666689556226,0.873164380859846,1.0,1.0003077929904207
2022-03-16 21:00:00,0.9858061322022394,0.7700666689556226,0.8808470763420019,1.0,0.9908762138619679
2022-03-16 22:00:00,0.9858061322022394,0.7700666689556226,0.8778022229140615,1.0,0.9946141956818724
2022-03-16 23:00:00,0.9858061322022394,0.7700666689556226,0.8732007309358818,1.0,1.0002631682074585
2022-03-17 00:00:00,0.9858061322022394,0.7700666689556226,0.8782427003060248,1.0,0.9940734483118581
2022-03-17 01:00:00,0.9858061322022394,0.7700666689556226,0.8762348931649883,1.0,0.9965383113237194
2022-03-17 02:00:00,0.9858061322022394,0.7700666689556226,0.8803723871137696,1.0,0.9900083223781294
2022-03-17 03:00:00,0.9858061322022394,0.7700666689556226,0.8782084884697559,1.0,0.98757517574622
2022-03-17 04:00:00,0.9858061322022394,0.7700666689556226,0.8759569219953026,1.0,0.9850434530155868
2022-03-17 05:00:00,0.9858061322022394,0.7700666689556226,0.8830002837871818,1.0,0.9929632010447468
2022-03-17 06:00:00,0.9858061322022394,0.7700666689556226,0.8770944655512466,1.0,0.9863225380039029
2022-03-17 07:00:00,0.9858061322022394,0.7700666689556226,0.8707438934438146,1.0,0.9791817815841686
2022-03-17 08:00:00,0.9858061322022394,0.7700666689556226,0.8700040624844977,1.0,0.978349895482745
2022-03-17 09:00:00,0.9858061322022394,0.7700666689556226,0.8719626901108976,1.0,0.9805522297859357
2022-03-17 10:00:00,0.9858061322022394,0.7700666689556226,0.8721957582454801,1.0,0.9808142979508351
2022-03-17 11:00:00,0.9858061322022394,0.7700666689556226,0.8699869565663633,1.0,0.9783306611220185
2022-03-17 12:00:00,0.9858061322022394,0.7700666689556226,0.8704915811513309,1.0,0.9788980747634519
2022-03-17 13:00:00,0.9858061322022394,0.7700666689556226,0.8767288265511218,1.0,0.9859114035433727
2022-03-17 14:00:00,0.9858061322022394,0.7700666689556226,0.8783731329318003,1.0,0.9877603064682131
2022-03-17 15:00:00,0.9858061322022394,0.7700666689556226,0.8721294728127089,1.0,0.9807397648030197
2022-03-17 16:00:00,0.9858061322022394,0.7700666689556226,0.8714516508066296,1.0,0.97997760325923
2022-03-17 17:00:00,0.9858061322022394,0.7700666689556226,0.8716419541458758,1.0,0.9801915855223128
2022-03-17 18:00:00,0.9858061322022394,0.7700666689556226,0.8709705468590968,1.0,0.9794366368637956
2022-03-17 19:00:00,0.9858061322022394,0.7700666689556226,0.871537180397302,1.0,0.9800737750628628
2022-03-17 20:00:00,0.9858061322022394,0.7700666689556226,0.8729698010410661,1.0,0.981684652773712
2022-03-17 21:00:00,0.9858061322022394,0.7700666689556226,0.8693155492795842,1.0,0.9775757124635012
2022-03-17 22:00:00,0.9858061322022394,0.7700666689556226,0.8756190801121463,1.0,0.9846635743912373
2022-03-17 23:00:00,0.9858061322022394,0.7700666689556226,0.8752320587143533,1.0,0.984228396979799
2022-03-18 00:00:00,0.9858061322022394,0.7700666689556226,0.8737972998308224,1.0,0.982615114973859
2022-03-18 01:00:00,0.9858061322022394,0.7700666689556226,0.8612265882417339,1.0,0.9684802641349304
2022-03-18 02:00:00,0.9858061322022394,0.7700666689556226,0.8657147535122726,1.0,0.972163933823311
2022-03-18 03:00:00,0.9858061322022394,0.7700666689556226,0.8652379260442734,1.0,0.9726993346582948
2022-03-18 04:00:00,0.9858061322022394,0.7700666689556226,0.8652977967577442,1.0,0.9726321094413461
2022-03-18 05:00:00,0.9858061322022394,0.7700666689556226,0.8672500096648438,1.0,0.9704400871886995
2022-03-18 06:00:00,0.9858061322022394,0.7700666689556226,0.8702991395723177,1.0,0.9670164029255296
2022-03-18 07:00:00,0.9858061322022394,0.7700666689556226,0.8700938685547038,1.0,0.9672468893836391
2022-03-18 08:00:00,0.9858061322022394,0.7700666689556226,0.8666149524541005,1.0,0.9711531546684762
2022-03-18 09:00:00,0.9858061322022394,0.7700666689556226,0.8672970509397135,1.0,0.9703872673753827
2022-03-18 10:00:00,0.9858061322022394,0.7700666689556226,0.8652635849214753,1.0,0.972670523851031
2022-03-18 11:00:00,0.9858061322022394,0.7700666689556226,0.8623662700374448,1.0,0.9759237441712241
2022-03-18 12:00:00,0.9858061322022394,0.7700666689556226,0.8627361855171032,1.0,0.9755083883665058
2022-03-18 13:00:00,0.9858061322022394,0.7700666689556226,0.8639442909853521,1.0,0.9741518795245065
2022-03-18 14:00:00,0.9858061322022394,0.7700666689556226,0.8669976973723599,1.0,0.9707233934601259
2022-03-18 15:00:00,0.9858061322022394,0.7700666689556226,0.8664631374306568,1.0,0.971323618611453
2022-03-18 16:00:00,0.9858061322022394,0.7700666689556226,0.8738871059010285,1.0,0.962987691709822
2022-03-18 17:00:00,0.9858061322022394,0.7700666689556226,0.8842361863723991,1.0,0.951367332780129
2022-03-18 18:00:00,0.9858061322022394,0.7700666689556226,0.8895475739531604,1.0,0.9454034956765426
2022-03-18 19:00:00,0.9858061322022394,0.7700666689556226,0.8905076436084591,1.0,0.9443254913047591
2022-03-18 20:00:00,0.9858061322022394,0.7700666689556226,0.897794764733755,1.0,0.9361432220418676
2022-03-18 21:00:00,0.9858061322022394,0.7700666689556226,0.8911833273747718,1.0,0.9435668067134816
2022-03-18 22:00:00,0.9858061322022394,0.7700666689556226,0.8928404631940511,1.0,0.9417061087443676
2022-03-18 23:00:00,0.9858061322022394,0.7700666689556226,0.8907300205442076,1.0,0.9440757976418069
2022-03-19 00:00:00,0.9858061322022394,0.7700666689556226,0.8920493144803306,1.0,0.9425944419683316
2022-03-19 01:00:00,0.9858061322022394,0.7700666689556226,0.8942388720015463,1.0,0.9401359197484958
2022-03-19 02:00:00,0.9858061322022394,0.7700666689556226,0.8911726361759377,1.0,0.9422177957158656
2022-03-19 03:00:00,0.9858061322022394,0.7700666689556226,0.8921647794277385,1.0,0.9432666785032744
2022-03-19 04:00:00,0.9858061322022394,0.7700666689556226,0.8927656248022127,1.0,0.9439018855361663
2022-03-19 05:00:00,0.9858061322022394,0.7700666689556226,0.8928297719952171,1.0,0.943969701233628
2022-03-19 06:00:00,0.9858061322022394,0.7700666689556226,0.891660154842771,1.0,0.9427331950165752
2022-03-19 07:00:00,0.9858061322022394,0.7700666689556226,0.8921027704745009,1.0,0.9432011233290613
2022-03-19 08:00:00,0.9858061322022394,0.7700666689556226,0.8889146549821841,1.0,0.9398306831652112
2022-03-19 09:00:00,0.9858061322022394,0.7700666689556226,0.8907321587839744,1.0,0.9417521279266281
2022-03-19 10:00:00,0.9858061322022394,0.7700666689556226,0.8901484193276347,1.0,0.9411350050797259
2022-03-19 11:00:00,0.9858061322022394,0.7700666689556226,0.8905033671289255,1.0,0.9415102519390146
2022-03-19 12:00:00,0.9858061322022394,0.7700666689556226,0.8913436953572826,1.0,0.9423986375757637
2022-03-19 13:00:00,0.9858061322022394,0.7700666689556226,0.8938604035628206,1.0,0.9450592734395139
2022-03-19 14:00:00,0.9858061322022394,0.7700666689556226,0.8912624422461439,1.0,0.9423127376923122
2022-03-19 15:00:00,0.9858061322022394,0.7700666689556226,0.8930970519660686,1.0,0.9442522666397187
2022-03-19 16:00:00,0.9858061322022394,0.7700666689556226,0.8954149038732929,1.0,0.9467026738413374
2022-03-19 17:00:00,0.9858061322022394,0.7700666689556226,0.8963578676104571,1.0,0.9476995645940255
2022-03-19 18:00:00,0.9858061322022394,0.7700666689556226,0.8945745756449357,1.0,0.9458142882045882
2022-03-19 19:00:00,0.9858061322022394,0.7700666689556226,0.8971575692832449,1.0,0.948545000289049
2022-03-19 20:00:00,0.9858061322022394,0.7700666689556226,0.8975424524412711,1.0,0.9489518944738196
2022-03-19 21:00:00,0.9858061322022394,0.7700666689556226,0.9009978479044394,1.0,0.9526049000437603
2022-03-19 22:00:00,0.9858061322022394,0.7700666689556226,0.8992893943307565,1.0,0.9507987419680285
2022-03-19 23:00:00,0.9858061322022394,0.7700666689556226,0.8958019252710859,1.0,0.9471118285493568
2022-03-20 00:00:00,0.9858061322022394,0.7700666689556226,0.9013848693022324,1.0,0.9530140547517797
2022-03-20 01:00:00,0.9858061322022394,0.7700666689556226,0.8977455852191182,1.0,0.9491666441824486
2022-03-20 02:00:00,0.9858061322022394,0.7700666689556226,0.8962595085811838,1.0,0.9462689493469644
2022-03-20 03:00:00,0.9858061322022394,0.7700666689556226,0.89292171630519,1.0,0.9427451986948309
2022-03-20 04:00:00,0.9858061322022394,0.7700666689556226,0.8956971515225121,1.0,0.9456752616970533
2022-03-20 05:00:00,0.9858061322022394,0.7700666689556226,0.8938005328493498,1.0,0.943672976733285
2022-03-20 06:00:00,0.9858061322022394,0.7700666689556226,0.8948397173760205,1.0,0.9447700573335007
2022-03-20 07:00:00,0.9858061322022394,0.7700666689556226,0.8946793493935096,1.0,0.9446007547717391
2022-03-20 08:00:00,0.9858061322022394,0.7700666689556226,0.8941255452939052,1.0,0.9440160965917886
2022-03-20 09:00:00,0.9858061322022394,0.7700666689556226,0.8941554806506405,1.0,0.9440476997366508
2022-03-20 10:00:00,0.9858061322022394,0.7700666689556226,0.8922438942991106,1.0,0.9420296132004513
2022-03-20 11:00:00,0.9858061322022394,0.7700666689556226,0.8920813880768328,1.0,0.9418580532711995
2022-03-20 12:00:00,0.9858061322022394,0.7700666689556226,0.8885490159820593,1.0,0.9381288821774618
2022-03-20 13:00:00,0.9858061322022394,0.7700666689556226,0.8892332527074391,1.0,0.9388512397743118
2022-03-20 14:00:00,0.9858061322022394,0.7700666689556226,0.8861092844081266,1.0,0.9355532258711939
2022-03-20 15:00:00,0.9858061322022394,0.7700666689556226,0.8848819347819765,1.0,0.9342574969318443
2022-03-20 16:00:00,0.9858061322022394,0.7700666689556226,0.8831243016936569,1.0,0.932401940854936
2022-03-20 17:00:00,0.9858061322022394,0.7700666689556226,0.8821877526757932,1.0,0.9314132138942478
2022-03-20 18:00:00,0.9858061322022394,0.7700666689556226,0.8767737295862248,1.0,0.9256975594091726
2022-03-20 19:00:00,0.9858061322022394,0.7700666689556226,0.8806824318799574,1.0,0.929824027181178
2022-03-20 20:00:00,0.9858061322022394,0.7700666689556226,0.883772188343001,1.0,0.9330859232044533
2022-03-20 21:00:00,0.9858061322022394,0.7700666689556226,0.8818178371961346,1.0,0.9310226893184507
2022-03-20 22:00:00,0.9858061322022394,0.7700666689556226,0.8833124667931364,1.0,0.9326005891940697
2022-03-20 23:00:00,0.9858061322022394,0.7700666689556226,0.8850914822791239,1.0,0.9344787189458795
2022-03-21 00:00:00,0.9858061322022394,0.7700666689556226,0.8815591101843504,1.0,0.9307495478521418
2022-03-21 01:00:00,0.9858061322022394,0.7700666689556226,0.884636037208793,1.0,0.9339978996704764
2022-03-21 02:00:00,0.9858061322022394,0.7695276222873536,0.8805776581313836,1.0,0.9284118092793052
2022-03-21 03:00:00,0.9858061322022394,0.7615009368981799,0.8713917800931588,1.0,0.9380957625109357
2022-03-21 04:00:00,0.9858061322022394,0.7619904600760112,0.8719519989120634,1.0,0.9375051675978335
2022-03-21 05:00:00,0.9858061322022394,0.7625341671170377,0.8725742266842059,1.0,0.9368492014920595
2022-03-21 06:00:00,0.9858061322022394,0.7639933946051534,0.8742441919420861,1.0,0.9350886876480411
2022-03-21 07:00:00,0.9858061322022394,0.7623846943909823,0.872403167502861,1.0,0.9370295358166709
2022-03-21 08:00:00,0.9858061322022394,0.7669380073084442,0.877614057814582,1.0,0.9315361014531972
2022-03-21 09:00:00,0.9858061322022394,0.7680366318449513,0.8788713427974676,1.0,0.9302106441673035
2022-03-21 10:00:00,0.9858061322022394,0.7712689795458988,0.8825704975940526,1.0,0.9263109143975826
2022-03-21 11:00:00,0.9858061322022394,0.771231611364385,0.8825277327987163,1.0,0.9263559979787355
2022-03-21 12:00:00,0.9858061322022394,0.7695967534231543,0.8806567730027558,1.0,0.9283284046541723
2022-03-21 13:00:00,0.9858061322022394,0.7693034131982706,0.8803210693593662,1.0,0.9286823107662223
2022-03-21 14:00:00,0.9858061322022394,0.7670968220798781,0.8777958081947611,1.0,0.9313444962332976
2022-03-21 15:00:00,0.9858061322022394,0.7658057514085748,0.8763182845158939,1.0,0.9329021339621283
2022-03-21 16:00:00,0.9858061322022394,0.7692137295626374,0.8802184338505593,1.0,0.928790511360989
2022-03-21 17:00:00,0.9858061322022394,0.7611833073553121,0.8710282793328007,1.0,0.9384789729507349
2022-03-21 18:00:00,0.9858061322022394,0.7661756964055617,0.8767416559897226,1.0,0.9324558065087152
2022-03-21 19:00:00,0.9858061322022394,0.7640961571043164,0.8743617951292608,1.0,0.9349647077998708
2022-03-21 20:00:00,0.9858061322022394,0.7686494700217783,0.8795726854409819,1.0,0.929471273436397
2022-03-21 21:00:00,0.9858061322022394,0.7674555566224109,0.8782063502299889,1.0,0.9309116938542303
2022-03-21 22:00:00,0.9858061322022394,0.7707028515959641,0.8819226109447085,1.0,0.9269939306520483
2022-03-21 23:00:00,0.9858061322022394,0.7673415836687937,0.8780759176042134,1.0,0.9310491987767465
2022-03-22 00:00:00,0.9858061322022394,0.7651723607319151,0.8755934212349445,1.0,0.933666300662669
2022-03-22 01:00:00,0.9858061322022394,0.7674985300311519,0.8782555297446256,1.0,0.9308598477359046
2022-03-22 02:00:00,0.9858061322022394,0.7677544217329315,0.8791642816455209,1.0,0.9286020443733096
2022-03-22 03:00:00,0.9858061322022394,0.7677544217329315,0.8934242026503909,1.0,0.913541690383006
2022-03-22 04:00:00,0.9858061322022394,0.7677544217329315,0.9022786535247599,1.0,0.9041902245149828
2022-03-22 05:00:00,0.9858061322022394,0.7677544217329315,0.9185805935069355,1.0,0.8869732296398778
2022-03-22 06:00:00,0.9858061322022394,0.7677544217329315,0.9155357400789951,1.0,0.8901889957340737
2022-03-22 07:00:00,0.9858061322022394,0.7677544217329315,0.9024946157412079,1.0,0.9039621399816163
2022-03-22 08:00:00,0.9858061322022394,0.7677544217329315,0.90159441679938,1.0,0.9049128685810942
2022-03-22 09:00:00,0.9858061322022394,0.7677544217329315,0.9088195289714383,1.0,0.8972821988954988
2022-03-22 10:00:00,0.9858061322022394,0.7677544217329315,0.9069400162164103,1.0,0.8992672118145986
2022-03-22 11:00:00,0.9858061322022394,0.7677544217329315,0.9145243526692929,1.0,0.8912571539942947
2022-03-22 12:00:00,0.9858061322022394,0.7677544217329315,0.9182491663430796,1.0,0.8873232603594005
2022-03-22 13:00:00,0.9858061322022394,0.7677544217329315,0.9174152528340229,1.0,0.8882039828149738
2022-03-22 14:00:00,0.9858061322022394,0.7677544217329315,0.9148151532775795,1.0,0.8909500302661972
2022-03-22 15:00:00,0.9858061322022394,0.7677544217329315,0.9131751233764345,1.0,0.8926821177621582
2022-03-22 16:00:00,0.9858061322022394,0.7677544217329315,0.9094866597786835,1.0,0.8965776209310401
2022-03-22 17:00:00,0.9858061322022394,0.7677544217329315,0.9081973011992959,1.0,0.8979393533431188
2022-03-22 18:00:00,0.9858061322022394,0.7677544217329315,0.9104424529544486,1.0,0.8955681775011907
2022-03-22 19:00:00,0.9858061322022394,0.7677544217329315,0.9090889471820565,1.0,0.8969976577944674
2022-03-22 20:00:00,0.9858061322022394,0.7677544217329315,0.903097599355449,1.0,0.9033253098983556
2022-03-22 21:00:00,0.9858061322022394,0.7677544217329315,0.9094781068196163,1.0,0.8965866539818665
2022-03-22 22:00:00,0.9858061322022394,0.7677544217329315,0.9145756704236964,1.0,0.8912029556893364
2022-03-22 23:00:00,0.9858061322022394,0.7677544217329315,0.9085458342812862,1.0,0.8975712565219434
2022-03-23 00:00:00,0.9858061322022394,0.7677544217329315,0.9048424030051676,1.0,0.9014825675297714
2022-03-23 01:00:00,0.9858061322022394,0.7677544217329315,0.905622860520054,1.0,0.9006583016418631
2022-03-23 02:00:00,0.9858061322022394,0.7677544217329315,0.9040833278879493,1.0,0.90098422082421
2022-03-23 03:00:00,0.9858061322022394,0.7677544217329315,0.903792527279663,1.0,0.90069443841488
2022-03-23 04:00:00,0.9858061322022394,0.7677544217329315,0.8986158488042106,1.0,0.8955358853782027
2022-03-23 05:00:00,0.9858061322022394,0.7677544217329315,0.8959473255752293,1.0,0.8928767056219975
2022-03-23 06:00:00,0.9858061322022394,0.7677544217329315,0.8973628403008588,1.0,0.8942872641144717
2022-03-23 07:00:00,0.9858061322022394,0.7677544217329315,0.9017911348579266,1.0,0.8987000535977259
2022-03-23 08:00:00,0.9858061322022394,0.7677544217329315,0.8993749239214289,1.0,0.8962923026966746
2022-03-23 09:00:00,0.9858061322022394,0.7677544217329315,0.9018274849339626,1.0,0.8987362763988922
2022-03-23 10:00:00,0.9858061322022394,0.7677544217329315,0.9005680617113102,1.0,0.8974812628761318
2022-03-23 11:00:00,0.9858061322022394,0.7677544217329315,0.9003798966118306,1.0,0.8972937566112712
2022-03-23 12:00:00,0.9858061322022394,0.7677544217329315,0.897974376874167,1.0,0.8948966594752688
2022-03-23 13:00:00,0.9858061322022394,0.7677544217329315,0.9045430494378139,1.0,0.9014423327213127
2022-03-23 14:00:00,0.9858061322022394,0.7677544217329315,0.897610876113809,1.0,0.8945344314636061
2022-03-23 15:00:00,0.9858061322022394,0.7677544217329315,0.9051438948122881,1.0,0.9020410743170608
2022-03-23 16:00:00,0.9858061322022394,0.7677544217329315,0.9099485195683149,1.0,0.9068288763300363
2022-03-23 17:00:00,0.9858061322022394,0.7677544217329315,0.9093669183517421,1.0,0.9062493115113761
2022-03-23 18:00:00,0.9858061322022394,0.7677544217329315,0.9005466793136421,1.0,0.8974599553460341
2022-03-23 19:00:00,0.9858061322022394,0.7677544217329315,0.8988382257399592,1.0,0.8957574836912199
2022-03-23 20:00:00,0.9858061322022394,0.7677544217329315,0.9014853665712727,1.0,0.8983953559173274
2022-03-23 21:00:00,0.9858061322022394,0.7677544217329315,0.9044233080108725,1.0,0.9013230105527651
2022-03-23 22:00:00,0.9858061322022394,0.7677544217329315,0.9050220151455799,1.0,0.9019196213955034
2022-03-23 23:00:00,0.9858061322022394,0.7677544217329315,0.9072500609825981,1.0,0.904139866031694
2022-03-24 00:00:00,0.9858061322022394,0.7677544217329315,0.9159163467574877,1.0,0.9127758079803321
2022-03-24 01:00:00,0.9858061322022394,0.7677544217329315,0.9193888481387904,1.0,0.9162361508682145
2022-03-24 02:00:00,0.9858061322022394,0.7677544217329315,0.9146697529734361,1.0,0.9102574371342499
2022-03-24 03:00:00,0.9858061322022394,0.7677544217329315,0.9171608023017722,1.0,0.9127363092284949
2022-03-24 04:00:00,0.9858061322022394,0.7677544217329315,0.9122492655574049,1.0,0.9078487820177819
2022-03-24 05:00:00,0.9858061322022394,0.7677544217329315,0.91604891762303,1.0,0.9116298598817074
2022-03-24 06:00:00,0.9858061322022394,0.7677544217329315,0.9184565756004603,1.0,0.9140257482749434
2022-03-24 07:00:00,0.9858061322022394,0.7677544217329315,0.9227309168943179,1.0,0.9182791948984592
2022-03-24 08:00:00,0.9858061322022394,0.7677544217329315,0.9200452877472018,1.0,0.9156066941685264
2022-03-24 09:00:00,0.9858061322022394,0.7677544217329315,0.9191515035246743,1.0,0.9147172791166855
2022-03-24 10:00:00,0.9858061322022394,0.7677544217329315,0.9188329057994192,1.0,0.9144002388230869
2022-03-24 11:00:00,0.9858061322022394,0.7677544217329315,0.9183518018518866,1.0,0.9139214867018807
2022-03-24 12:00:00,0.9858061322022394,0.7677544217329315,0.9176632886469731,1.0,0.9132363392217546
2022-03-24 13:00:00,0.9858061322022394,0.7677544217329315,0.9144559289967549,1.0,0.9100446584137138
2022-03-24 14:00:00,0.9858061322022394,0.7677544217329315,0.9180674159629006,1.0,0.9136384910035679
2022-03-24 15:00:00,0.9858061322022394,0.7677544217329315,0.9307600072186973,1.0,0.9262690358545881
2022-03-24 16:00:00,0.9858061322022394,0.7677544217329315,0.9394989931456584,1.0,0.9349653021628965
2022-03-24 17:00:00,0.9858061322022394,0.7677544217329315,0.939584522736331,1.0,0.935050413651111
2022-03-24 18:00:00,0.9858061322022394,0.7677544217329315,0.9356458850858631,1.0,0.9311310296188369
2022-03-24 19:00:00,0.9858061322022394,0.7677544217329315,0.9395246520228603,1.0,0.9349908356093609
2022-03-24 20:00:00,0.9858061322022394,0.7677544217329315,0.9377948160515093,1.0,0.9332694557602242
2022-03-24 21:00:00,0.9858061322022394,0.7677544217329315,0.9368967553494482,1.0,0.9323757851339728
2022-03-24 22:00:00,0.9858061322022394,0.7677544217329315,0.9401810916312715,1.0,0.9356440662814066
2022-03-24 23:00:00,0.9858061322022394,0.7677544217329315,0.9385603058880281,1.0,0.9340312035797433
2022-03-25 00:00:00,0.9858061322022394,0.7677544217329315,0.9395524491398287,1.0,0.9350184968430305
2022-03-25 01:00:00,0.9858061322022394,0.7677544217329315,0.9391119717478655,1.0,0.9345801726787263
2022-03-25 02:00:00,0.9858061322022394,0.7677544217329315,0.942406999228523,1.0,0.9365461035571311
2022-03-25 03:00:00,0.9858061322022394,0.7677544217329315,0.9386116236424314,1.0,0.9327744910640651
2022-03-25 04:00:00,0.9858061322022394,0.7677544217329315,0.9393086898064124,1.0,0.9334671928515241
2022-03-25 05:00:00,0.9858061322022394,0.7677544217329315,0.941893821684488,1.0,0.9360361390510263
2022-03-25 06:00:00,0.9858061322022394,0.7677544217329315,0.9411347465672697,1.0,0.9352818165524132
2022-03-25 07:00:00,0.9858061322022394,0.7677544217329315,0.9419130658423894,1.0,0.9360552627200054
2022-03-25 08:00:00,0.9858061322022394,0.7677544217329315,0.9380385753849259,1.0,0.9322050306989149
2022-03-25 09:00:00,0.9858061322022394,0.7677544217329315,0.9400378295668952,1.0,0.9341917674206145
2022-03-25 10:00:00,0.9858061322022394,0.7677544217329315,0.9421611016553395,1.0,0.9363017455646225
2022-03-25 11:00:00,0.9858061322022394,0.7677544217329315,0.9445217183579002,1.0,0.9386475822927042
2022-03-25 12:00:00,0.9858061322022394,0.7677544217329315,0.9519820369043077,1.0,0.9460611913002013
2022-03-25 13:00:00,0.9858061322022394,0.7677544217329315,0.9574217188710777,1.0,0.9514668150649112
2022-03-25 14:00:00,0.9858061322022394,0.7677544217329315,0.9608642848956453,1.0,0.9548878269600302
2022-03-25 15:00:00,0.9858061322022394,0.7677544217329315,0.9584117238831117,1.0,0.9524506215912714
2022-03-25 16:00:00,0.9858061322022394,0.7677544217329315,0.9469721411306669,1.0,0.9410826628093542
2022-03-25 17:00:00,0.9858061322022394,0.7677544217329315,0.9431104801118042,1.0,0.9372451799009163
2022-03-25 18:00:00,0.9858061322022394,0.7677544217329315,0.9471538915108458,1.0,0.9412632752385995
2022-03-25 19:00:00,0.9858061322022394,0.7677544217329315,0.949476019897604,1.0,0.9435708646287234
2022-03-25 20:00:00,0.9858061322022394,0.7677544217329315,0.949292131277658,1.0,0.9433881273473691
2022-03-25 21:00:00,0.9858061322022394,0.7677544217329315,0.9513533944128649,1.0,0.945436484780223
2022-03-25 22:00:00,0.9858061322022394,0.7677544217329315,0.9508466315881305,1.0,0.9449328948304447
2022-03-25 23:00:00,0.9858061322022394,0.7677544217329315,0.9461125687444084,1.0,0.9402284722616289
2022-03-26 00:00:00,0.9858061322022394,0.7677544217329315,0.9463392221596905,1.0,0.9404537065851584
2022-03-26 01:00:00,0.9858061322022394,0.7677544217329315,0.9428667207783875,1.0,0.9370029467605165
2022-03-26 02:00:00,0.9858061322022394,0.7677544217329315,0.9461082922648748,1.0,0.9389079104481093
2022-03-26 03:00:00,0.9858061322022394,0.7677544217329315,0.9457447915045168,1.0,0.9385471903159421
2022-03-26 04:00:00,0.9858061322022394,0.7677544217329315,0.9481225141252119,1.0,0.9409067243569411
2022-03-26 05:00:00,0.9858061322022394,0.7677544217329315,0.9481845230784494,1.0,0.9409682589677226
2022-03-26 06:00:00,0.9858061322022394,0.7677544217329315,0.9503655276405978,1.0,0.9431325797607254
2022-03-26 07:00:00,0.9858061322022394,0.7677544217329315,0.9491723898507165,1.0,0.941948568973965
2022-03-26 08:00:00,0.9858061322022394,0.7677544217329315,0.9504489189915035,1.0,0.9432153332028108
2022-03-26 09:00:00,0.9858061322022394,0.7677544217329315,0.9504788543482388,1.0,0.9432450395666362
2022-03-26 10:00:00,0.9858061322022394,0.7677544217329315,0.9498587648158632,1.0,0.9426296934588216
2022-03-26 11:00:00,0.9858061322022394,0.7677544217329315,0.9489564276342686,1.0,0.9417342587777952
2022-03-26 12:00:00,0.9858061322022394,0.7677544217329315,0.9470448412827385,1.0,0.9398372952592221
2022-03-26 13:00:00,0.9858061322022394,0.7677544217329315,0.947198794545949,1.0,0.9399900708446106
2022-03-26 14:00:00,0.9858061322022394,0.7677544217329315,0.9452701022762844,1.0,0.9380761322609944
2022-03-26 15:00:00,0.9858061322022394,0.7677544217329315,0.9454561291359972,1.0,0.9382607360933388
2022-03-26 16:00:00,0.9858061322022394,0.7677544217329315,0.9442651295858827,1.0,0.9370788471897088
2022-03-26 17:00:00,0.9858061322022394,0.7677544217329315,0.9461425041011439,1.0,0.9389418605781956
2022-03-26 18:00:00,0.9858061322022394,0.7677544217329315,0.947493871633769,1.0,0.9402828907166051
2022-03-26 19:00:00,0.9858061322022394,0.7677544217329315,0.9487661242950223,1.0,0.94154541117919
2022-03-26 20:00:00,0.9858061322022394,0.7677544217329315,0.9474147567623971,1.0,0.9402043810407805
2022-03-26 21:00:00,0.9858061322022394,0.7677544217329315,0.9516955127755549,1.0,0.9444523910678309
2022-03-26 22:00:00,0.9858061322022394,0.7677544217329315,0.9490483719442415,1.0,0.9418254997524022
2022-03-26 23:00:00,0.9858061322022394,0.7677544217329315,0.9475152540314371,1.0,0.940304109547909
2022-03-27 00:00:00,0.9858061322022394,0.7677544217329315,0.9505879045763462,1.0,0.9433532556062865
2022-03-27 01:00:00,0.9858061322022394,0.7677544217329315,0.9546655278116569,1.0,0.9473996867359493
2022-03-27 02:00:00,0.9858061322022394,0.7677544217329315,0.9550910375252526,1.0,0.9464949951287027
2022-03-27 03:00:00,0.9858061322022394,0.7677544217329315,0.954560754063083,1.0,0.9459695013682654
2022-03-27 04:00:00,0.9858061322022394,0.7677544217329315,0.9549007341860063,1.0,0.9463064106743522
2022-03-27 05:00:00,0.9858061322022394,0.7677544217329315,0.9522193815184238,1.0,0.9436492769018184
2022-03-27 06:00:00,0.9858061322022394,0.7677544217329315,0.9533269897176325,1.0,0.9447468808046673
2022-03-27 07:00:00,0.9858061322022394,0.7677544217329315,0.9538423055014342,1.0,0.945257542079931
2022-03-27 08:00:00,0.9858061322022394,0.7677544217329315,0.955518685478615,1.0,0.9469187804193779
2022-03-27 09:00:00,0.9858061322022394,0.7677544217329315,0.9526940707466562,1.0,0.944119678574468
2022-03-27 10:00:00,0.9858061322022394,0.7677544217329315,0.9512443441847576,1.0,0.9426830464390789
2022-03-27 11:00:00,0.9858061322022394,0.7677544217329315,0.9511181880385156,1.0,0.9425580297783297
2022-03-27 12:00:00,0.9858061322022394,0.7677544217329315,0.9520226634598772,1.0,0.9434543356681079
2022-03-27 13:00:00,0.9858061322022394,0.7677544217329315,0.9492108781665192,1.0,0.9406679473819182
2022-03-27 14:00:00,0.9858061322022394,0.7677544217329315,0.9529442447993731,1.0,0.944367592969513
2022-03-27 15:00:00,0.9858061322022394,0.7677544217329315,0.9528544387291671,1.0,0.9442785980584713
2022-03-27 16:00:00,0.9858061322022394,0.7677544217329315,0.9580033200876507,1.0,0.9493809729582011
2022-03-27 17:00:00,0.9858061322022394,0.7677544217329315,0.9600453390649561,1.0,0.9514045477211753
2022-03-27 18:00:00,0.9858061322022394,0.7677544217329315,0.9592520521114689,1.0,0.9506184260069728
2022-03-27 19:00:00,0.9858061322022394,0.7677544217329315,0.9575820868535887,1.0,0.948963544446886
2022-03-27 20:00:00,0.9858061322022394,0.7677544217329315,0.9575200779003511,1.0,0.948902095579738
2022-03-27 21:00:00,0.9858061322022394,0.7677544217329315,0.9853278860677428,1.0,0.9764587341058958
2022-03-27 22:00:00,0.9858061322022394,0.7677544217329315,0.9948280853516891,1.0,0.9858731243382464
2022-03-27 23:00:00,0.9858061322022394,0.7677544217329315,0.9956128193461091,1.0,0.9866507703466354
2022-03-28 00:00:00,0.9858061322022394,0.7677544217329315,1.000443102979338,1.0,0.9914374252048123
2022-03-28 01:00:00,0.9858061322022394,0.7677544217329315,1.002476568997576,1.0,0.9934525242619731
2022-03-28 02:00:00,0.9858061322022394,0.7677544217329315,0.9999748284704059,1.0,0.9895860393734954
2022-03-28 03:00:00,0.9858061322022394,0.7677544217329315,1.002350412851334,1.0,0.9919369447986217
2022-03-28 04:00:00,0.9858061322022394,0.7677544217329315,1.0051899952616608,1.0,0.9947470279710501
2022-03-28 05:00:00,0.9858061322022394,0.7677544217329315,1.0066611042212275,1.0,0.9962028541929104
2022-03-28 06:00:00,0.9858061322022394,0.7677544217329315,1.0057544905600992,1.0,0.9953056589631594
2022-03-28 07:00:00,0.9858061322022394,0.7677544217329315,1.0021451418337202,1.0,0.9917338062560366
2022-03-28 08:00:00,0.9858061322022394,0.7677544217329315,1.0039412632378424,1.0,0.9935112685036569
2022-03-28 09:00:00,0.9858061322022394,0.7677544217329315,1.0046083940450878,1.0,0.9941714687670586
2022-03-28 10:00:00,0.9858061322022394,0.7677544217329315,1.0071635905664282,1.0,0.9967001204169471
2022-03-28 11:00:00,0.9858061322022394,0.7677544217329315,1.0087437497541025,1.0,0.9982638639895559
2022-03-28 12:00:00,0.9858061322022394,0.7677544217329315,1.009616151578962,1.0,0.999127202795543
2022-03-28 13:00:00,0.9858061322022394,0.7677544217329315,1.0085491699353226,1.0,0.998071305579397
2022-03-28 14:00:00,0.9858061322022394,0.7677544217329315,1.0192168481319483,1.0,1.0086281617143704
2022-03-28 15:00:00,0.9858061322022394,0.7677544217329315,1.0167193840843116,1.0,1.006156642779584
2022-03-28 16:00:00,0.9858061322022394,0.7677544217329315,1.0130587176035293,1.0,1.0025340054368153
2022-03-28 17:00:00,0.9858061322022394,0.7677544217329315,1.0138883546330524,1.0,1.0033550237130968
2022-03-28 18:00:00,0.9858061322022394,0.7677544217329315,1.0165483249029668,1.0,1.0059873606607632
2022-03-28 19:00:00,0.9858061322022394,0.7677544217329315,1.0247570273677584,1.0,1.014110786337685
2022-03-28 20:00:00,0.9858061322022394,0.7677544217329315,1.0239979522505402,1.0,1.0133595969354168
2022-03-28 21:00:00,0.9858061322022394,0.7677544217329315,1.0238119253908275,1.0,1.013175502631199
2022-03-28 22:00:00,0.9858061322022394,0.7677544217329315,1.0173458883359876,1.0,1.006776638539766
2022-03-28 23:00:00,0.9858061322022394,0.7677544217329315,1.0155711493295336,1.0,1.0050203365569983
2022-03-29 00:00:00,0.9858061322022394,0.7677544217329315,1.0068770664376756,1.0,0.9964165728679221
2022-03-29 01:00:00,0.9858061322022394,0.7677544217329315,1.012663143246669,1.0,1.0021425405370417
2022-03-29 02:00:00,0.9858061322022394,0.7677544217329315,1.0153915371891213,1.0,1.003435818181481
2022-03-29 03:00:00,0.9858061322022394,0.7677544217329315,1.0127700552350096,1.0,1.0008451741054374
2022-03-29 04:00:00,0.9858061322022394,0.7677544217329315,1.011286116836842,1.0,0.9993786920591288
2022-03-29 05:00:00,0.9858061322022394,0.7677544217329315,1.0166573751310741,1.0,1.0046867654025395
2022-03-29 06:00:00,0.9858061322022394,0.7677544217329315,1.0174485238447946,1.0,1.0054686074157013
2022-03-29 07:00:00,0.9858061322022394,0.7677544217329315,1.015964585446627,1.0,1.0040021253693927
2022-03-29 08:00:00,0.9858061322022394,0.7677544217329315,1.0113288816321784,1.0,0.99942095378957
2022-03-29 09:00:00,0.9858061322022394,0.7677544217329315,1.015564734610233,1.0,1.0036069781897679
2022-03-29 10:00:00,0.9858061322022394,0.7677544217329315,1.016567569060868,1.0,1.0045980157686132
2022-03-29 11:00:00,0.9858061322022394,0.7677544217329315,1.017025152370966,1.0,1.0050502162843338
2022-03-29 12:00:00,0.9858061322022394,0.7677544217329315,1.0229480765250354,1.0,1.0109034659504357
2022-03-29 13:00:00,0.9858061322022394,0.7677544217329315,1.0218511595246607,1.0,1.0098194525646196
2022-03-29 14:00:00,0.9858061322022394,0.7677544217329315,1.0187592648218504,1.0,1.0067639294537232
2022-03-29 15:00:00,0.9858061322022394,0.7677544217329315,1.0208868133898286,1.0,1.0088664505431713
2022-03-29 16:00:00,0.9858061322022394,0.7677544217329315,1.0133388270129817,1.0,1.001407255120305
2022-03-29 17:00:00,0.9858061322022394,0.7677544217329315,1.0144763705689257,1.0,1.00253141715004
2022-03-29 18:00:00,0.9858061322022394,0.7677544217329315,1.0138648339956176,1.0,1.0019270744047313
2022-03-29 19:00:00,0.9858061322022394,0.7677544217329315,1.015111427779669,1.0,1.0031590038470914
2022-03-29 20:00:00,0.9858061322022394,0.7677544217329315,1.0193408660384233,1.0,1.007338688987723
2022-03-29 21:00:00,0.9858061322022394,0.7677544217329315,1.014211228837841,1.0,1.0022693944213048
2022-03-29 22:00:00,0.9858061322022394,0.7677544217329315,1.0097765195614727,1.0,0.9978868529745556
2022-03-29 23:00:00,0.9858061322022394,0.7677544217329315,1.011343849310546,1.0,0.9994357453952243
2022-03-30 00:00:00,0.9858061322022394,0.7677544217329315,1.0132212238258071,1.0,1.0012910353615918
2022-03-30 01:00:00,0.9858061322022394,0.7677544217329315,1.0095370367075898,1.0,0.9976501872840849
2022-03-30 02:00:00,0.9858061322022394,0.7672169936377184,1.0012983988860626,1.0,0.9881231462393104
2022-03-30 03:00:00,0.9858061322022394,0.7726285261840072,1.0083610048358431,1.0,0.9950928309699125
2022-03-30 04:00:00,0.9858061322022394,0.7761821483738046,1.0129988468900586,1.0,0.9996696539128966
2022-03-30 05:00:00,0.9858061322022394,0.7733494085092774,1.0093018303332404,1.0,0.9960212782243676
2022-03-30 06:00:00,0.9858061322022394,0.7774780981903696,1.0146901945456068,1.0,1.0013387488635193
2022-03-30 07:00:00,0.9858061322022394,0.7761477426264621,1.0129539438549555,1.0,0.9996253416575704
2022-03-30 08:00:00,0.9858061322022394,0.7755825053486936,1.0122162511354054,1.0,0.9988973546057818
2022-03-30 09:00:00,0.9858061322022394,0.7765737185459399,1.0135098861943266,1.0,1.0001739695806575
2022-03-30 10:00:00,0.9858061322022394,0.7738114285450187,1.0099048139474815,1.0,0.9966163285101776
2022-03-30 11:00:00,0.9858061322022394,0.7740014793398626,1.0101528497604317,1.0,0.9968611009681702
2022-03-30 12:00:00,0.9858061322022394,0.774705977975922,1.0110722928601608,1.0,0.9977684471486603
2022-03-30 13:00:00,0.9858061322022394,0.7741669546008905,1.0103688119768797,1.0,0.9970742218152155
2022-03-30 14:00:00,0.9858061322022394,0.769341958128344,1.004071695863618,1.0,0.9908599555325562
2022-03-30 15:00:00,0.9858061322022394,0.771135972096914,1.0064130684082773,1.0,0.9931705231317114
2022-03-30 16:00:00,0.9858061322022394,0.7719699018777378,1.0075014324495846,1.0,0.9942445677965241
2022-03-30 17:00:00,0.9858061322022394,0.7732838737524346,1.0092163007425679,1.0,0.995936873928508
2022-03-30 18:00:00,0.9858061322022394,0.7799815259017622,1.017957424909296,1.0,1.0045629929653541
2022-03-30 19:00:00,0.9858061322022394,0.7712834252998101,1.0066055099872904,1.0,0.9933604327973954
2022-03-30 20:00:00,0.9858061322022394,0.7704970082176973,1.0055791548992206,1.0,0.9923475812470808
2022-03-30 21:00:00,0.9858061322022394,0.7734657327026733,1.0094536453566842,1.0,0.9961710958495185
2022-03-30 22:00:00,0.9858061322022394,0.7690552435671572,1.0036975039044258,1.0,0.9904906867381706
2022-03-30 23:00:00,0.9858061322022394,0.7707231031288048,1.0058742319870406,1.0,0.9926387760677963
2022-03-31 00:00:00,0.9858061322022394,0.7703659387040118,1.0054080957178755,1.0,0.9921787726553617
2022-03-31 01:00:00,0.9858061322022394,0.7717749359761307,1.007246981917334,1.0,0.993993465016342
2022-03-31 02:00:00,0.9858061322022394,0.7746373964769409,1.0124001397553513,1.0,0.9976801188567832
2022-03-31 03:00:00,0.9858061322022394,0.771792239841318,1.0086817408008648,1.0,1.0013444864993786
2022-03-31 04:00:00,0.9858061322022394,0.7698632923580521,1.0061607561157935,1.0,1.0038288392599422
2022-03-31 05:00:00,0.9858061322022394,0.7686116852124215,1.004525002694182,1.0,1.005440823875575
2022-03-31 06:00:00,0.9858061322022394,0.7697863962327649,1.006060258846753,1.0,1.0039278762232555
2022-03-31 07:00:00,0.9858061322022394,0.7700547146273837,1.0064109301685105,1.0,1.0035823004363746
2022-03-31 08:00:00,0.9858061322022394,0.7707091497362102,1.0072662260752352,1.0,1.0027394326634949
2022-03-31 09:00:00,0.9858061322022394,0.7720818273769736,1.0090602092395906,1.0,1.0009715175098792
2022-03-31 10:00:00,0.9858061322022394,0.7730683883035294,1.0103495678189782,1.0,0.9997008943422627
2022-03-31 11:00:00,0.9858061322022394,0.7727771646801017,1.0099689611404858,1.0,1.0000759705011943
2022-03-31 12:00:00,0.9858061322022394,0.7708154954413945,1.007405211660078,1.0,1.0026024666504019
2022-03-31 13:00:00,0.9858061322022394,0.774691387373419,1.012470701667656,1.0,0.9976105822655206
2022-03-31 14:00:00,0.9858061322022394,0.7668708878229432,1.0022499155822941,1.0,1.0076828521514354
2022-03-31 15:00:00,0.9858061322022394,0.7631896903357944,0.9974388761069667,1.0,1.012423983373885
2022-03-31 16:00:00,0.9858061322022394,0.7594217801967262,0.9925145099239983,1.0,1.017276794576241
2022-03-31 17:00:00,0.9858061322022394,0.7470742257809435,0.9763772144038673,1.0,1.0331796022810527
2022-03-31 18:00:00,0.9858061322022394,0.7491831429191367,0.9791334054632881,1.0,1.0304634608829473
2022-03-31 19:00:00,0.9858061322022394,0.7511889865276897,0.9817548874173997,1.0,1.0278800711590703
2022-03-31 20:00:00,0.9858061322022394,0.7451550948243099,0.9738690591573965,1.0,1.035651312025023
2022-03-31 21:00:00,0.9858061322022394,0.7478350065949542,0.9773714958954349,1.0,1.0321997684950799
2022-03-31 22:00:00,0.9858061322022394,0.7477417495919464,0.9772496162287265,1.0,1.0323198771527153
2022-03-31 23:00:00,0.9858061322022394,0.7484943499670967,0.9782332065214601,1.0,1.0313505792139035
2022-04-01 00:00:00,0.9858061322022394,0.7439738394528782,0.9723252500457583,1.0,1.0371726883550714
2022-04-01 01:00:00,0.9858061322022394,0.7445202927687483,0.9730394221278735,1.0,1.0364688937647166
2022-04-01 02:00:00,0.9851160679096979,0.7339732812504427,0.9599277358777816,1.0,1.0479932792186968
2022-04-01 03:00:00,0.9734468666857958,0.7339732812504427,0.9485565767978748,1.0,1.0604072930134865
2022-04-01 04:00:00,0.9776291715998155,0.7339732812504427,0.9526320617934186,1.0,1.055958043240476
2022-04-01 05:00:00,0.9785266336721316,0.7339732812504427,0.9535066018580448,1.0,1.055003298666939
2022-04-01 06:00:00,0.978484942280019,0.7339732812504427,0.9534659753024753,1.0,1.0550476511043407
2022-04-01 07:00:00,0.9817785622569045,0.7339732812504427,0.9566754731924603,1.0,1.0515438085496247
2022-04-01 08:00:00,0.9865994037553838,0.7339732812504427,0.9613731859601465,1.0,1.0464152661827288
2022-04-01 09:00:00,0.9891974357691296,0.7339732812504427,0.9639048618440521,1.0,1.043651409030974
2022-04-01 10:00:00,0.9881134595742053,0.7339732812504427,0.9628485713992468,1.0,1.0448045724034123
2022-04-01 11:00:00,0.9911305997928712,0.7339732812504427,0.9657886510786136,1.0,1.0415948565388324
2022-04-01 12:00:00,0.987727265626216,0.7339732812504427,0.962472241200288,1.0,1.0452154160340785
2022-04-01 13:00:00,0.991547513713996,0.7339732812504427,0.9661949166343078,1.0,1.0411513321648178
2022-04-01 14:00:00,0.9956881272359034,0.7339732812504427,0.9702297750742824,1.0,1.0367464348292088
2022-04-01 15:00:00,1.010802354018573,0.7339732812504427,0.9849579705880842,1.0,1.0206675091017714
2022-04-01 16:00:00,1.0201697515411077,0.7339732812504427,0.9940861161526052,1.0,1.0107022167193047
2022-04-01 17:00:00,1.0090644812526215,0.7339732812504427,0.9832644846927691,1.0,1.0225163054397695
2022-04-01 18:00:00,1.0185152615593809,0.7339732812504427,0.9924738833684288,1.0,1.0124623081825
2022-04-01 19:00:00,1.0157329097068222,0.7339732812504427,0.9897625953441112,1.0,1.015422249794345
2022-04-01 20:00:00,1.0163495034533276,0.7339732812504427,0.9903634407185853,1.0,1.0147663005885657
2022-04-01 21:00:00,1.0115593819279838,0.7339732812504427,0.9856956633076344,1.0,1.0198621622121131
2022-04-01 22:00:00,1.015151424501043,0.7339732812504427,0.989195961805906,1.0,1.016040849579155
2022-04-01 23:00:00,1.0165864861032303,0.7339732812504427,0.990594370613401,1.0,1.0145141919970202
2022-04-02 00:00:00,1.014521665051765,0.7339732812504427,0.9885822869928308,1.0,1.0167108048177984
2022-04-02 01:00:00,1.0280603960693422,0.7339732812504427,1.0017752263540616,1.0,1.0023079343563743
2022-04-02 02:00:00,1.024110353242496,0.7339732812504427,0.9986255991775475,1.0,1.0042792455344505
2022-04-02 03:00:00,1.024110353242496,0.7339732812504427,0.9931538436142752,1.0,0.9987765146254639
2022-04-02 04:00:00,1.024110353242496,0.7339732812504427,0.9954503131238314,1.0,1.0010859843387314
2022-04-02 05:00:00,1.024110353242496,0.7339732812504427,0.9940625955151703,1.0,0.999690410927269
2022-04-02 06:00:00,1.024110353242496,0.7339732812504427,0.9943298754860218,1.0,0.9999592039572117
2022-04-02 07:00:00,1.024110353242496,0.7339732812504427,0.9961473792878122,1.0,1.001786996560822
2022-04-02 08:00:00,1.024110353242496,0.7339732812504427,0.9952471803459843,1.0,1.000881701635975
2022-04-02 09:00:00,1.024110353242496,0.7339732812504427,0.9944367874743624,1.0,1.0000667211691887
2022-04-02 10:00:00,1.024110353242496,0.7339732812504427,0.9970433017501065,1.0,1.0026879907971897
2022-04-02 11:00:00,1.024110353242496,0.7339732812504427,0.9980739333177098,1.0,1.0037244567206487
2022-04-02 12:00:00,1.024110353242496,0.7339732812504427,0.994317046047421,1.0,0.9999463018917746
2022-04-02 13:00:00,1.024110353242496,0.7339732812504427,0.9980717950779431,1.0,1.0037223063764091
2022-04-02 14:00:00,1.024110353242496,0.7339732812504427,0.9984160516803997,1.0,1.0040685117989754
2022-04-02 15:00:00,1.024110353242496,0.7339732812504427,0.9957881550069876,1.0,1.0014257387285788
2022-04-02 16:00:00,1.024110353242496,0.7339732812504427,0.9889628936713234,1.0,0.9945618399159626
2022-04-02 17:00:00,1.024110353242496,0.7339732812504427,0.9893221179521479,1.0,0.9949230977482056
2022-04-02 18:00:00,1.024110353242496,0.7339732812504427,0.9903869613560202,1.0,0.9959939691794972
2022-04-02 19:00:00,1.024110353242496,0.7339732812504427,0.9791269907439876,1.0,0.9846702564140718
2022-04-02 20:00:00,1.024110353242496,0.7339732812504427,0.9850092883424877,1.0,0.9905858534170504
2022-04-02 21:00:00,1.024110353242496,0.7339732812504427,0.9862965086821087,1.0,0.9918803606492544
2022-04-02 22:00:00,1.024110353242496,0.7339732812504427,0.9873335549690127,1.0,0.9929232776054321
2022-04-02 23:00:00,1.024110353242496,0.7339732812504427,0.9850285325003891,1.0,0.9906052065152063
2022-04-03 00:00:00,1.024110353242496,0.7339732812504427,0.9784491687379082,1.0,0.9839885972901372
2022-04-03 01:00:00,1.024110353242496,0.7339732812504427,0.9841283335585612,1.0,0.9896999115903594
2022-04-03 02:00:00,1.024110353242496,0.7339732812504427,0.9792916352060321,1.0,0.9834570532271556
2022-04-03 03:00:00,1.024110353242496,0.7339732812504427,0.9778397704043668,1.0,0.984915072684679
2022-04-03 04:00:00,1.024110353242496,0.7339732812504427,0.981397801376342,1.0,0.9813419587269189
2022-04-03 05:00:00,1.024110353242496,0.7339732812504427,0.9903741319174194,1.0,0.9723275762781942
2022-04-03 06:00:00,1.024110353242496,0.7339732812504427,0.9901175431454019,1.0,0.9725852527655326
2022-04-03 07:00:00,1.024110353242496,0.7339732812504427,0.9916977023330761,1.0,0.9709983950643398
2022-04-03 08:00:00,1.024110353242496,0.7339732812504427,0.9906670707654726,1.0,0.9720333956218161
2022-04-03 09:00:00,1.024110353242496,0.7339732812504427,0.9886763695425705,1.0,0.9740325357027505
2022-04-03 10:00:00,1.024110353242496,0.7339732812504427,0.9905344998999303,1.0,0.9721665284736076
2022-04-03 11:00:00,1.024110353242496,0.7339732812504427,0.9865274385769244,1.0,0.9761905762842104
2022-04-03 12:00:00,1.024110353242496,0.7339732812504427,0.9879600592206884,1.0,0.9747518825632371
2022-04-03 13:00:00,1.024110353242496,0.7339732812504427,0.9905751264554997,1.0,0.9721257296964457
2022-04-03 14:00:00,1.024110353242496,0.7339732812504427,0.9917917848828159,1.0,0.970903913685649
2022-04-03 15:00:00,1.024110353242496,0.7339732812504427,0.9961473792878122,1.0,0.9665298553130783
2022-04-03 16:00:00,1.024110353242496,0.7339732812504427,0.9914004870054892,1.0,0.9712968703288403
2022-04-03 17:00:00,1.024110353242496,0.7339732812504427,0.9887918344899784,1.0,0.9739165812834482
2022-04-03 18:00:00,1.024110353242496,0.7339732812504427,0.991015603847463,1.0,0.971683385059848
2022-04-03 19:00:00,1.024110353242496,0.7339732812504427,0.9952407656266837,1.0,0.9674403122350076
2022-04-03 20:00:00,1.024110353242496,0.7339732812504427,0.991186663028808,1.0,0.9715116007349557
2022-04-03 21:00:00,1.024110353242496,0.7339732812504427,0.9904147584729889,1.0,0.9722867775010322
2022-04-03 22:00:00,1.024110353242496,0.7339732812504427,1.0034943711265787,1.0,0.9591517185589531
2022-04-03 23:00:00,1.024110353242496,0.7339732812504427,0.9975265439374059,1.0,0.965144844193634
2022-04-04 00:00:00,1.024110353242496,0.7339732812504427,0.9912786073387809,1.0,0.971419266660326
2022-04-04 01:00:00,1.024110353242496,0.7339732812504427,0.9796187858903544,1.0,0.983128515705799
2022-04-04 02:00:00,1.024110353242496,0.7339732812504427,0.9794733855862111,1.0,0.9818976925968746
2022-04-04 03:00:00,1.024110353242496,0.7339732812504427,0.9833628437220424,1.0,0.985796722332683
2022-04-04 04:00:00,1.024110353242496,0.7339732812504427,0.9826828834761963,1.0,0.9851150887669947
2022-04-04 05:00:00,1.024110353242496,0.7339732812504427,0.9842352455469018,1.0,0.9866712710584717
2022-04-04 06:00:00,1.024110353242496,0.7339732812504427,0.987487508232223,1.0,0.9899315372641696
2022-04-04 07:00:00,1.024110353242496,0.7339732812504427,0.9869422570916859,1.0,0.9893849443105516
2022-04-04 08:00:00,1.024110353242496,0.7339732812504427,0.9862751262844406,1.0,0.9887161717555367
2022-04-04 09:00:00,1.024110353242496,0.7339732812504427,0.9860057080738222,1.0,0.988446090531396
2022-04-04 10:00:00,1.024110353242496,0.7339732812504427,0.9805425054696172,1.0,0.9829694434863216
2022-04-04 11:00:00,1.024110353242496,0.7339732812504427,0.9825716950083219,1.0,0.9850036266744921
2022-04-04 12:00:00,1.024110353242496,0.7339732812504427,0.9860955141440284,1.0,0.9885361176061096
2022-04-04 13:00:00,1.024110353242496,0.7339732812504427,0.9829458869675141,1.0,0.9853787394857986
2022-04-04 14:00:00,1.024110353242496,0.7339732812504427,0.9861126200621627,1.0,0.9885532656203406
2022-04-04 15:00:00,1.024110353242496,0.7339732812504427,0.9805425054696172,1.0,0.9829694434863216
2022-04-04 16:00:00,1.024110353242496,0.7339732812504427,0.9749146584033678,1.0,0.9773277468042726
2022-04-04 17:00:00,1.024110353242496,0.7339732812504427,0.9761698051464864,1.0,0.9785859823484834
2022-04-04 18:00:00,1.024110353242496,0.7339732812504427,0.9694749764365976,1.0,0.9718746782787662
2022-04-04 19:00:00,1.024110353242496,0.7339732812504427,0.9719574728058665,1.0,0.9743632838440621
2022-04-04 20:00:00,1.024110353242496,0.7339732812504427,0.9808739326334731,1.0,0.9833016862620503
2022-04-04 21:00:00,1.024110353242496,0.7339732812504427,0.9891660264491705,1.0,0.9916141861606014
2022-04-04 22:00:00,1.024110353242496,0.7339732812504427,0.9923541419414874,1.0,0.9948101473129324
2022-04-04 23:00:00,1.024110353242496,0.7339732812504427,0.9969534956799002,1.0,0.9994208196393335
2022-04-05 00:00:00,1.024110353242496,0.7339732812504427,0.9953113275389887,1.0,0.997774610273143
2022-04-05 01:00:00,1.024110353242496,0.7339732812504427,0.9938145597022201,1.0,0.9962741590279172
2022-04-05 02:00:00,1.024110353242496,0.7339732812504427,0.99626284423522,1.0,0.9973302569558404
2022-04-05 03:00:00,1.024110353242496,0.7339732812504427,0.9959356935508977,1.0,0.9970027564556688
2022-04-05 04:00:00,1.024110353242496,0.7339732812504427,0.9963633415042601,1.0,0.9974308616846512
2022-04-05 05:00:00,1.024110353242496,0.7339732812504427,0.9988180407565604,1.0,0.9998881856990105
2022-04-05 06:00:00,1.024110353242496,0.7339732812504427,0.9975971058497108,1.0,0.9986659452702656
2022-04-05 07:00:00,1.024110353242496,0.7339732812504427,0.9958694081181265,1.0,0.9969364001451766
2022-04-05 08:00:00,1.024110353242496,0.7339732812504427,0.9979734360486697,1.0,0.9990426778717701
2022-04-05 09:00:00,1.024110353242496,0.7339732812504427,0.9969791545571021,1.0,0.998047333214386
2022-04-05 10:00:00,1.024110353242496,0.7339732812504427,0.9946313672931423,1.0,0.9956970355072724
2022-04-05 11:00:00,1.024110353242496,0.7339732812504427,0.9966370361944121,1.0,0.9977048490312
2022-04-05 12:00:00,1.024110353242496,0.7339732812504427,0.997287061083523,1.0,0.9983555689792534
2022-04-05 13:00:00,1.024110353242496,0.7339732812504427,0.9987795524407578,1.0,0.999849656228402
2022-04-05 14:00:00,1.024110353242496,0.7339732812504427,0.9916720434558742,1.0,0.992734547322714
2022-04-05 15:00:00,1.024110353242496,0.7339732812504427,0.9785924308022845,1.0,0.9796409488942865
2022-04-05 16:00:00,1.024110353242496,0.7339732812504427,0.9773415605386995,1.0,0.978388741099513
2022-04-05 17:00:00,1.024110353242496,0.7339732812504427,0.9807520529667648,1.0,0.9818028803006478
2022-04-05 18:00:00,1.024110353242496,0.7339732812504427,0.9816244547916242,1.0,0.982676214967772
2022-04-05 19:00:00,1.024110353242496,0.7339732812504427,0.9802239077443623,1.0,0.9812741703428546
2022-04-05 20:00:00,1.024110353242496,0.7339732812504427,0.9833072494881053,1.0,0.9843608090438178
2022-04-05 21:00:00,1.024110353242496,0.7339732812504427,0.9800378808846496,1.0,0.9810879445682471
2022-04-05 22:00:00,1.024110353242496,0.7339732812504427,0.9812588157914992,1.0,0.982310184996992
2022-04-05 23:00:00,1.024110353242496,0.7339732812504427,0.9795503622178164,1.0,0.9805999046072073
2022-04-06 00:00:00,1.024110353242496,0.7339732812504427,0.9717179899519836,1.0,0.9727591573383941
2022-04-06 01:00:00,1.024110353242496,0.7339732812504427,0.9610781088723265,1.0,0.9621078992413113
2022-04-06 02:00:00,1.024110353242496,0.7339732812504427,0.9651086908327674,1.0,0.9647901758351782
2022-04-06 03:00:00,1.024110353242496,0.7339732812504427,0.9659447425815909,1.0,0.9639544207347179
2022-04-06 04:00:00,1.024110353242496,0.7339732812504427,0.9657822363593132,1.0,0.9641168692964442
2022-04-06 05:00:00,1.024110353242496,0.7339732812504427,0.9683652299976221,1.0,0.9615347921574263
2022-04-06 06:00:00,1.024110353242496,0.7339732812504427,0.9689553841732624,1.0,0.9609448473806307
2022-04-06 07:00:00,1.024110353242496,0.7339732812504427,0.9711299740161102,1.0,0.9587710291270038
2022-04-06 08:00:00,1.024110353242496,0.7339732812504427,0.9669582682310599,1.0,0.9629412547050039
2022-04-06 09:00:00,1.024110353242496,0.7339732812504427,0.9689938724890649,1.0,0.9609063727212745
2022-04-06 10:00:00,1.024110353242496,0.7339732812504427,0.9682070002548782,1.0,0.9616929657570018
2022-04-06 11:00:00,1.024110353242496,0.7339732812504427,0.96284643315948,1.0,0.9670516308128944
2022-04-06 12:00:00,1.024110353242496,0.7339732812504427,0.9572848715260017,1.0,0.9726112190898695
2022-04-06 13:00:00,1.024110353242496,0.7339732812504427,0.9560382777419503,1.0,0.9738573705567962
2022-04-06 14:00:00,1.024110353242496,0.7339732812504427,0.9434825338312295,1.0,0.9864086594312281
2022-04-06 15:00:00,1.024110353242496,0.7339732812504427,0.9452786552353517,1.0,0.9846131753279375
2022-04-06 16:00:00,1.024110353242496,0.7339732812504427,0.9435338515856331,1.0,0.9863573598854198
2022-04-06 17:00:00,1.024110353242496,0.7339732812504427,0.9352674166471374,1.0,0.9946208617227076
2022-04-06 18:00:00,1.024110353242496,0.7339732812504427,0.9359195797760151,1.0,0.9939689299947271
2022-04-06 19:00:00,1.024110353242496,0.7339732812504427,0.9365311163493233,1.0,0.9933576104071782
2022-04-06 20:00:00,1.024110353242496,0.7339732812504427,0.9348055568575059,1.0,0.9950825576349825
2022-04-06 21:00:00,1.024110353242496,0.7339732812504427,0.9371576206009992,1.0,0.9927313284521019
2022-04-06 22:00:00,1.024110353242496,0.7339732812504427,0.9363921307644806,1.0,0.9934965466770757
2022-04-06 23:00:00,1.024110353242496,0.7339732812504427,0.9294342985632739,1.0,1.0004519100962517
2022-04-07 00:00:00,1.024110353242496,0.7339732812504427,0.9221600068765791,1.0,1.0077236207145788
2022-04-07 01:00:00,1.024110353242496,0.7339732812504427,0.9160232587458282,1.0,1.013858191400822
2022-04-07 02:00:00,1.0233934759952263,0.7334594999535674,0.9263466803399971,1.0,1.002187707536236
2022-04-07 03:00:00,1.0229895538481348,0.7331700115573884,0.9259810413398722,1.0,1.0025832599997917
2022-04-07 04:00:00,1.02190297965128,0.7323912708425205,0.9249974510471387,1.0,1.00364731925848
2022-04-07 05:00:00,1.0239698327431233,0.7338725711153669,0.9268684108430993,1.0,1.001623293494671
2022-04-07 06:00:00,1.023986367567858,0.7338844215175496,0.926883378521467,1.0,1.0016071012885606
2022-04-07 07:00:00,1.023702913429548,0.733681271765845,0.9266267897494495,1.0,1.00188468196474
2022-04-07 08:00:00,1.0248343678649685,0.734492177858066,0.9276510065977525,1.0,1.0007766724323233
2022-04-07 09:00:00,1.0266366637610558,0.7357838716959879,0.9292824835398302,1.0,0.9990117219662817
2022-04-07 10:00:00,1.0253162399000955,0.7348375324359638,0.9280872075101823,1.0,1.000304785282818
2022-04-07 11:00:00,1.0242154929963252,0.7340486342335109,0.9270907877788478,1.0,1.0013827235753152
2022-04-07 12:00:00,1.0324710947746019,0.7399653707519083,0.9345639357638562,1.0,0.9932981863815862
2022-04-07 13:00:00,1.0276051320669481,0.7364779666809788,0.9301591618442232,1.0,0.9980633213226683
2022-04-07 14:00:00,1.0298751272912468,0.7381048576092133,0.9322140102601296,1.0,0.9958403627409306
2022-04-07 15:00:00,1.0243501337120224,0.7341451303655705,0.9272126674455561,1.0,1.00125087275413
2022-04-07 16:00:00,1.0221982443786861,0.732602885167213,0.9252647310179902,1.0,1.003358172720793
2022-04-07 17:00:00,1.0263319505623727,0.7355654857129055,0.9290066506099114,1.0,0.9993101211931749
2022-04-07 18:00:00,1.0300286649494979,0.7382148970580533,0.9323529958449724,1.0,0.9956900065413333
2022-04-07 19:00:00,1.0311719299740147,0.7390342677232621,0.9333879038921095,1.0,0.9945704311474091
2022-04-07 20:00:00,1.0237548800215717,0.7337185158869909,0.9266738310243194,1.0,1.001833792174107
2022-04-07 21:00:00,1.0277988257281265,0.7366167856779768,0.9303344975051018,1.0,0.9978736411939457
2022-04-07 22:00:00,1.0266909924708985,0.7358228087317312,0.9293316630544668,1.0,0.9989585190033474
2022-04-07 23:00:00,1.029289322072073,0.7376850147890237,0.9316837267979602,1.0,0.9964140294717017
2022-04-08 00:00:00,1.0248461784540648,0.7345006424310536,0.9276616977965866,1.0,1.0007651065708159
2022-04-08 01:00:00,1.0224013865111417,0.7327484758226012,0.925448619637936,1.0,1.0031592399028644
2022-04-08 02:00:00,1.028339352691882,0.7364882749401982,0.9314763175405795,1.0,0.9952353471135531
2022-04-08 03:00:00,1.028339352691882,0.7364832032870835,0.93148273225988,1.0,0.9952422005674637
2022-04-08 04:00:00,1.028339352691882,0.7367131182282808,0.9311919316515933,1.0,0.9949315106568503
2022-04-08 05:00:00,1.028339352691882,0.73766997011591,0.9299816879435777,1.0,0.9936384923523861
2022-04-08 06:00:00,1.028339352691882,0.7358864387705939,0.9322375308975646,1.0,0.9960486236442762
2022-04-08 07:00:00,1.028339352691882,0.7370410851296942,0.930777113136832,1.0,0.9944883206372991
2022-04-08 08:00:00,1.028339352691882,0.7340048554650614,0.9346173917580265,1.0,0.9985912550451044
2022-04-08 09:00:00,1.028339352691882,0.7349853750672257,0.9333772126932754,1.0,0.997266253955724
2022-04-08 10:00:00,1.028339352691882,0.7369464142715543,0.9308968545637734,1.0,0.9946162517769633
2022-04-08 11:00:00,1.028339352691882,0.7374603417871713,0.9302468296746624,1.0,0.993921768447357
2022-04-08 12:00:00,1.028339352691882,0.741654598912981,0.9249418568132016,1.0,0.9882539620633009
2022-04-08 13:00:00,1.028339352691882,0.7441211128777356,0.9218221649934227,1.0,0.9849208989781182
2022-04-08 14:00:00,1.028339352691882,0.7482798684317428,0.9165620951670649,1.0,0.9793010667714361
2022-04-08 15:00:00,1.028339352691882,0.7341045979763161,0.9344912356117845,1.0,0.9984564704515294
2022-04-08 16:00:00,1.028339352691882,0.7357985301166067,0.9323487193654388,1.0,0.9961674168453931
2022-04-08 17:00:00,1.028339352691882,0.7393199479292071,0.9278947659311692,1.0,0.9914088353468081
2022-04-08 18:00:00,1.028339352691882,0.7468276850899167,0.9183988431267566,1.0,0.9812634390745012
2022-04-08 19:00:00,1.028339352691882,0.7476780322621385,0.91732330852405,1.0,0.9801143433021592
2022-04-08 20:00:00,1.028339352691882,0.7512552382589999,0.9127987931774756,1.0,0.9752803738105579
2022-04-08 21:00:00,1.028339352691882,0.7502628847995682,0.9140539399205941,1.0,0.9766213662923962
2022-04-08 22:00:00,1.028339352691882,0.7541038167583909,0.9091958591703971,1.0,0.9714310171974443
2022-04-08 23:00:00,1.028339352691882,0.7586260407856141,0.9034760677941747,1.0,0.9653200207938367
2022-04-09 00:00:00,1.028339352691882,0.759587964326358,0.9022594093668586,1.0,0.9640201490354617
2022-04-09 01:00:00,1.028339352691882,0.7564435393952795,0.9062365353331291,1.0,0.9682692904600263
2022-04-09 02:00:00,1.028339352691882,0.7558637853723915,0.9063348943624024,1.0,0.9670186394639918
2022-04-09 03:00:00,1.028339352691882,0.7558637853723915,0.9008845211967984,1.0,0.9728335254061697
2022-04-09 04:00:00,1.028339352691882,0.7558637853723915,0.9050134621865126,1.0,0.9684284470404005
2022-04-09 05:00:00,1.028339352691882,0.7558637853723915,0.9056078928416863,1.0,0.96779426175522
2022-04-09 06:00:00,1.028339352691882,0.7558637853723915,0.909274974041769,1.0,0.9638819316685838
2022-04-09 07:00:00,1.028339352691882,0.7558637853723915,0.9064075945144741,1.0,0.966941077234869
2022-04-09 08:00:00,1.028339352691882,0.7558637853723915,0.9073334523335038,1.0,0.9659532994345695
2022-04-09 09:00:00,1.028339352691882,0.7558637853723915,0.9070191310877823,1.0,0.9662886420134241
2022-04-09 10:00:00,1.028339352691882,0.7558637853723915,0.9065230594618819,1.0,0.9668178901650857
2022-04-09 11:00:00,1.028339352691882,0.7558637853723915,0.907365525930006,1.0,0.9659190808040742
2022-04-09 12:00:00,1.028339352691882,0.7558637853723915,0.9066727362455588,1.0,0.966658203222774
2022-04-09 13:00:00,1.028339352691882,0.7558637853723915,0.9078316621991709,1.0,0.965421770040875
2022-04-09 14:00:00,1.028339352691882,0.7558637853723915,0.9069186338187422,1.0,0.9663958603889762
2022-04-09 15:00:00,1.028339352691882,0.7558637853723915,0.9069806427719798,1.0,0.9663297043700184
2022-04-09 16:00:00,1.028339352691882,0.7558637853723915,0.9025758688523468,1.0,0.9710290629580478
2022-04-09 17:00:00,1.028339352691882,0.7558637853723915,0.9066470773683571,1.0,0.9666855781271702
2022-04-09 18:00:00,1.028339352691882,0.7558637853723915,0.909274974041769,1.0,0.9638819316685838
2022-04-09 19:00:00,1.028339352691882,0.7558637853723915,0.9070255458070828,1.0,0.966281798287325
2022-04-09 20:00:00,1.028339352691882,0.7558637853723915,0.9078444916377719,1.0,0.9654080825886767
2022-04-09 21:00:00,1.028339352691882,0.7558637853723915,0.9060120201576138,1.0,0.9673631070109784
2022-04-09 22:00:00,1.028339352691882,0.7558637853723915,0.9087960083340033,1.0,0.9643929298839811
2022-04-09 23:00:00,1.028339352691882,0.7558637853723915,0.9085821843573221,1.0,0.9646210540872835
2022-04-10 00:00:00,1.028339352691882,0.7558637853723915,0.9129228110839507,1.0,0.9599901327602448
2022-04-10 01:00:00,1.028339352691882,0.7558637853723915,0.9103141585684399,1.0,0.9627732480405341
2022-04-10 02:00:00,1.028339352691882,0.7553346807226309,0.913066073148327,1.0,0.9584834669676442
2022-04-10 03:00:00,1.028339352691882,0.7540328853441098,0.9146398176167008,1.0,0.9601353828395509
2022-04-10 04:00:00,1.028339352691882,0.7548624261491729,0.9136369831660658,1.0,0.9590827353613929
2022-04-10 05:00:00,1.028339352691882,0.7555433924816873,0.9128137608558432,1.0,0.9582186217599199
2022-04-10 06:00:00,1.028339352691882,0.7570733558001937,0.9109641834575507,1.0,0.956277171720247
2022-04-10 07:00:00,1.028339352691882,0.7548252825310356,0.913681886201169,1.0,0.9591298688305643
2022-04-10 08:00:00,1.028339352691882,0.7575349979113268,0.9104061028784127,1.0,0.9556913700319757
2022-04-10 09:00:00,1.028339352691882,0.7572095490666966,0.9107995389955061,1.0,0.9561043489999524
2022-04-10 10:00:00,1.028339352691882,0.7592400668581941,0.9083448397432058,1.0,0.9535277193519239
2022-04-10 11:00:00,1.028339352691882,0.7590596549986707,0.9085629401994207,1.0,0.9537566533450416
2022-04-10 12:00:00,1.028339352691882,0.7565445014276695,0.9116035171478275,1.0,0.9569482625432091
2022-04-10 13:00:00,1.028339352691882,0.7582601828368617,0.9095294245740198,1.0,0.9547711451576798
2022-04-10 14:00:00,1.028339352691882,0.7584830445456845,0.9092600063634014,1.0,0.9544883443426524
2022-04-10 15:00:00,1.028339352691882,0.7562809586132678,0.9119221148730826,1.0,0.9572826857292337
2022-04-10 16:00:00,1.028339352691882,0.7555469299691289,0.9128094843763096,1.0,0.9582141328580942
2022-04-10 17:00:00,1.028339352691882,0.7548252825310356,0.913681886201169,1.0,0.9591298688305643
2022-04-10 18:00:00,1.028339352691882,0.7493297957904583,0.9203253971566542,1.0,0.9661033778169966
2022-04-10 19:00:00,1.028339352691882,0.7492254399109302,0.9204515533028962,1.0,0.9662358004208587
2022-04-10 20:00:00,1.028339352691882,0.746796954782249,0.9233873565027291,1.0,0.9693174315242933
2022-04-10 21:00:00,1.028339352691882,0.7491989087551179,0.9204836268993983,1.0,0.9662694671845524
2022-04-10 22:00:00,1.028339352691882,0.7560651718793282,0.9121829801246336,1.0,0.9575565087406095
2022-04-10 23:00:00,1.028339352691882,0.7667802213400354,0.8992295236172858,1.0,0.94395962511016
2022-04-11 00:00:00,1.028339352691882,0.7658445559117234,0.9003606524539295,1.0,0.9451469396430929
2022-04-11 01:00:00,1.028339352691882,0.7632586525918895,0.9034867589930088,1.0,0.9484283268777771
2022-04-11 02:00:00,1.028339352691882,0.7651511199359772,0.9005680617113102,1.0,0.9440411344414917
2022-04-11 03:00:00,1.028339352691882,0.7651511199359772,0.8958617959845567,1.0,0.9489742068968504
2022-04-11 04:00:00,1.028339352691882,0.7651511199359772,0.8996079920560115,1.0,0.9450474722572374
2022-04-11 05:00:00,1.028339352691882,0.7651511199359772,0.9027490662734585,1.0,0.9417550218088403
2022-04-11 06:00:00,1.028339352691882,0.7651511199359772,0.9033092850923633,1.0,0.9411678046424142
2022-04-11 07:00:00,1.028339352691882,0.7651511199359772,0.902381289033567,1.0,0.9421405231547383
2022-04-11 08:00:00,1.028339352691882,0.7651511199359772,0.9034012294023362,1.0,0.9410714293059396
2022-04-11 09:00:00,1.028339352691882,0.7651511199359772,0.9012095336413538,1.0,0.9433687483730648
2022-04-11 10:00:00,1.028339352691882,0.7651511199359772,0.8838983444892429,1.0,0.9615142070730119
2022-04-11 11:00:00,1.028339352691882,0.7651511199359772,0.8884527951925527,1.0,0.956740265987181
2022-04-11 12:00:00,1.028339352691882,0.7651511199359772,0.8771564745044842,1.0,0.9685809846521788
2022-04-11 13:00:00,1.028339352691882,0.7651511199359772,0.8788328544816649,1.0,0.9668238157266897
2022-04-11 14:00:00,1.028339352691882,0.7651511199359772,0.8787580160898265,1.0,0.9669022607680062
2022-04-11 15:00:00,1.028339352691882,0.7651511199359772,0.8717403131751492,1.0,0.9742581643565964
2022-04-11 16:00:00,1.028339352691882,0.7651511199359772,0.8669036148226201,1.0,0.9793279553125352
2022-04-11 17:00:00,1.028339352691882,0.7651511199359772,0.8707609993619492,1.0,0.9752846737543949
2022-04-11 18:00:00,1.028339352691882,0.7651511199359772,0.8640426500146255,1.0,0.9823267971777192
2022-04-11 19:00:00,1.028339352691882,0.7651511199359772,0.8651652258922019,1.0,0.9811501215579721
2022-04-11 20:00:00,1.028339352691882,0.7651511199359772,0.8537619932157928,1.0,0.9931029045677077
2022-04-11 21:00:00,1.028339352691882,0.7651511199359772,0.8506123660392785,1.0,0.9964043201636837
2022-04-11 22:00:00,1.028339352691882,0.7651511199359772,0.841092922597431,1.0,1.0063825294191389
2022-04-11 23:00:00,1.028339352691882,0.7651511199359772,0.8490535892492725,1.0,0.998038218309961
2022-04-12 00:00:00,1.028339352691882,0.7651511199359772,0.8440244493177304,1.0,1.003309725086428
2022-04-12 01:00:00,1.028339352691882,0.7651511199359772,0.8443729823997208,1.0,1.0029443953225827
2022-04-12 02:00:00,1.0276195151449976,0.764615514152022,0.8434620922590589,1.0,1.0025774966210865
2022-04-12 03:00:00,1.0272470350669949,0.764338364835416,0.8431563239724047,1.0,1.0029408997470894
2022-04-12 04:00:00,1.033881348064708,0.7692747236423778,0.848602420658475,1.0,0.9964682580552767
2022-04-12 05:00:00,1.0383667375354824,0.7726121440843051,0.8522844695369256,1.0,0.9920921728596339
2022-04-12 06:00:00,1.043242840374791,0.7762402805926022,0.8562872543803979,1.0,0.9873348955737785
2022-04-12 07:00:00,1.0388043365082409,0.7729377460786393,0.85264369381775,1.0,0.9916652377185957
2022-04-12 08:00:00,1.0452172452637847,0.7777093657813251,0.8579080401236415,1.0,0.9854086048779032
2022-04-12 09:00:00,1.0451911977058825,0.7776899847102338,0.8578866577259734,1.0,0.9854340176839174
2022-04-12 10:00:00,1.0461106764998331,0.7783741365197576,0.858641456363658,1.0,0.9845369456316168
2022-04-12 11:00:00,1.0446259656994026,0.7772694154675518,0.857422659696575,1.0,0.9859854755744253
2022-04-12 12:00:00,1.0504554091579352,0.7816068991777917,0.8622080402947007,1.0,0.9802980895884505
2022-04-12 13:00:00,1.0564984425912667,0.7861033076709805,0.8671687565537048,1.0,0.9744023185931596
2022-04-12 14:00:00,1.051020641164415,0.7820274684204735,0.8626720383240989,1.0,0.9797466316979428
2022-04-12 15:00:00,1.0404844039929386,0.7741878251640302,0.8540228584673438,1.0,0.9900261117306808
2022-04-12 16:00:00,1.0454516732849053,0.777883795421147,0.8581004817026546,1.0,0.9851798896237756
2022-04-12 17:00:00,1.0431126025852797,0.7761433752371455,0.8561803423920573,1.0,0.9874619596038494
2022-04-12 18:00:00,1.0412423879278954,0.7747518143327881,0.8546450862394862,1.0,0.9892865990756678
2022-04-12 19:00:00,1.0321804425336887,0.768009139700114,0.8472061500907468,1.0,0.9981277142880028
2022-04-12 20:00:00,1.0225871269582751,0.7608710912171768,0.8393310130295777,1.0,1.0074872507430273
2022-04-12 21:00:00,1.0280492998503854,0.764935301825029,0.8438149018205828,1.0,1.0021581853218524
2022-04-12 22:00:00,1.032563341634852,0.7682940414451566,0.8475204713364681,1.0,0.9977541460395944
2022-04-12 23:00:00,1.0362178140085436,0.7710132057192702,0.8505204217293056,1.0,0.9941887293558042
2022-04-13 00:00:00,1.042763565309389,0.7758836688845216,0.8558938182633045,1.0,0.9878024912044395
2022-04-13 01:00:00,1.0390179264830397,0.7730966708615884,0.8528190294786286,1.0,0.9914568527092793
2022-04-13 02:00:00,1.0368272620050378,0.7709266478517734,0.8516173387296802,1.0,0.9914814486613047
2022-04-13 03:00:00,1.0368272620050378,0.7675067841416935,0.8553956083976373,1.0,0.9958797029374317
2022-04-13 04:00:00,1.0368272620050378,0.7670848654723119,0.8558617446668022,1.0,0.9964223285357313
2022-04-13 05:00:00,1.0368272620050378,0.7660455520527799,0.8570099794215804,1.0,0.9977589796654881
2022-04-13 06:00:00,1.0368272620050378,0.765108815190483,0.8580448874687175,1.0,0.9989637080580436
2022-04-13 07:00:00,1.0368272620050378,0.7695854109807574,0.8530991388880811,1.0,0.9932064006779182
2022-04-13 08:00:00,1.0368272620050378,0.7660629707134425,0.8569907352636791,1.0,0.9977365776912464
2022-04-13 09:00:00,1.0368272620050378,0.7654455759632922,0.8576728337492922,1.0,0.9985306032227034
2022-04-13 10:00:00,1.0368272620050378,0.767024867863363,0.8559280300995735,1.0,0.996499490891453
2022-04-13 11:00:00,1.0368272620050378,0.7723298177384785,0.8500671148987414,1.0,0.9896768451807207
2022-04-13 12:00:00,1.0368272620050378,0.7740832962451748,0.8481298696700096,1.0,0.987421713107053
2022-04-13 13:00:00,1.0368272620050378,0.7744045737640617,0.8477749218687188,1.0,0.9870085211377055
2022-04-13 14:00:00,1.0368272620050378,0.758623267203795,0.865210128927305,1.0,1.0073047098007153
2022-04-13 15:00:00,1.0368272620050378,0.7562098149986624,0.8678765139165195,1.0,1.0104086277873199
2022-04-13 16:00:00,1.0368272620050378,0.7462753722007902,0.8788520986395663,1.0,1.0231852204298548
2022-04-13 17:00:00,1.0368272620050378,0.7490913890079018,0.8757409597788547,1.0,1.0195635679274413
2022-04-13 18:00:00,1.0368272620050378,0.7484856066981934,0.8764102288258667,1.0,1.0203426588094038
2022-04-13 19:00:00,1.0368272620050378,0.7422148888596768,0.883338125670338,1.0,1.0284073695364275
2022-04-13 20:00:00,1.0368272620050378,0.7480753004692533,0.876863535656431,1.0,1.020870349758209
2022-04-13 21:00:00,1.0368272620050378,0.7446612429793943,0.8806353906050877,1.0,1.0252611367095887
2022-04-13 22:00:00,1.0368272620050378,0.745007680785905,0.8802526456868283,1.0,1.024815586333003
2022-04-13 23:00:00,1.0368272620050378,0.7438406305215145,0.8815420042662159,1.0,1.026316518607199
2022-04-14 00:00:00,1.0368272620050378,0.7463644009108432,0.8787537396102929,1.0,1.0230707214503971
2022-04-14 01:00:00,1.0368272620050378,0.745541853046223,0.8796624915111881,1.0,1.0241285924562566
2022-04-14 02:00:00,1.0368272620050378,0.7397218759542645,0.8854720889576166,1.0,1.0294482707805392
2022-04-14 03:00:00,1.0368272620050378,0.7397218759542645,0.8844307661911791,1.0,1.0282377397202773
2022-04-14 04:00:00,1.0368272620050378,0.7397218759542645,0.8824764150443128,1.0,1.025965819003482
2022-04-14 05:00:00,1.0368272620050378,0.7397218759542645,0.8817707959212648,1.0,1.0251455412829757
2022-04-14 06:00:00,1.0368272620050378,0.7397218759542645,0.8822176880325286,1.0,1.025665050505963
2022-04-14 07:00:00,1.0368272620050378,0.7397218759542645,0.8797779564585958,1.0,1.0228288781450616
2022-04-14 08:00:00,1.0368272620050378,0.7397218759542645,0.8812148535818937,1.0,1.0244992618668196
2022-04-14 09:00:00,1.0368272620050378,0.7397218759542645,0.8793631379438344,1.0,1.0223466542730069
2022-04-14 10:00:00,1.0368272620050378,0.7397218759542645,0.8795491648035471,1.0,1.022562909308413
2022-04-14 11:00:00,1.0368272620050378,0.7397218759542645,0.8744772600766687,1.0,1.016666852481018
2022-04-14 12:00:00,1.0368272620050378,0.7397218759542645,0.8741287269946783,1.0,1.0162616850008892
2022-04-14 13:00:00,1.0368272620050378,0.7397218759542645,0.878651104101486,1.0,1.0215189194823142
2022-04-14 14:00:00,1.0368272620050378,0.7397218759542645,0.8671324064776691,1.0,1.008128507117569
2022-04-14 15:00:00,1.0368272620050378,0.7397218759542645,0.8634696017571198,1.0,1.003870520041124
2022-04-14 16:00:00,1.0368272620050378,0.7397218759542645,0.8533813865373002,1.0,0.9921430343279497
2022-04-14 17:00:00,1.0368272620050378,0.7397218759542645,0.8530798947301796,1.0,0.9917925520291881
2022-04-14 18:00:00,1.0368272620050378,0.7397218759542645,0.8536614959467527,1.0,0.9924686597260901
2022-04-14 19:00:00,1.0368272620050378,0.7397218759542645,0.846840511090622,1.0,0.9845393084278652
2022-04-14 20:00:00,1.0368272620050378,0.7397218759542645,0.849308039781523,1.0,0.9874077947595741
2022-04-14 21:00:00,1.0368272620050378,0.7397218759542645,0.8521925252269527,1.0,0.9907609906534002
2022-04-14 22:00:00,1.0368272620050378,0.7397218759542645,0.8533600041396321,1.0,0.9921181774273283
2022-04-14 23:00:00,1.0368272620050378,0.7397218759542645,0.8508069458580585,1.0,0.989150263493134
2022-04-15 00:00:00,1.0368272620050378,0.7397218759542645,0.8527976470809605,1.0,0.9914644409409857
2022-04-15 01:00:00,1.0368272620050378,0.7397218759542645,0.8510870552675108,1.0,0.9894758888912741
2022-04-15 02:00:00,1.0368272620050378,0.7392040706410965,0.8528853149113998,1.0,0.9901781427754675
2022-04-15 03:00:00,1.0368272620050378,0.7405345323318159,0.854420571063971,1.0,0.9883959636205178
2022-04-15 04:00:00,1.0368272620050378,0.744021898490498,0.8584447383051114,1.0,0.9837245692338675
2022-04-15 05:00:00,1.0368272620050378,0.7422078010041272,0.8563514015734023,1.0,0.9861545878866469
2022-04-15 06:00:00,1.0368272620050378,0.7426710536819543,0.8568859615151053,1.0,0.9855340519691854
2022-04-15 07:00:00,1.0368272620050378,0.7410626403845387,0.8550299693975124,1.0,0.9876885526746118
2022-04-15 08:00:00,1.0368272620050378,0.7448668713748545,0.8594197756387777,1.0,0.9825927117204177
2022-04-15 09:00:00,1.0368272620050378,0.7432992243130878,0.8576108247960547,1.0,0.9846926052651075
2022-04-15 10:00:00,1.0368272620050378,0.7424561044394425,0.8566379257021551,1.0,0.9858219806348876
2022-04-15 11:00:00,1.0368272620050378,0.7452689746992085,0.8598837736681759,1.0,0.982054086544061
2022-04-15 12:00:00,1.0368272620050378,0.744533329446819,0.8590348924807515,1.0,0.9830394975809901
2022-04-15 13:00:00,1.0368272620050378,0.7432751351738407,0.857583027679086,1.0,0.9847248731328156
2022-04-15 14:00:00,1.0368272620050378,0.7411497318879702,0.8551304666665526,1.0,0.987571891922129
2022-04-15 15:00:00,1.0368272620050378,0.7487433697829116,0.8638929732309487,1.0,0.9774000671630996
2022-04-15 16:00:00,1.0368272620050378,0.7480596088304388,0.863103962756995,1.0,0.9783159781772728
2022-04-15 17:00:00,1.0368272620050378,0.747442556263573,0.8623919289146464,1.0,0.9791425320193317
2022-04-15 18:00:00,1.0368272620050378,0.7484005628013195,0.8634973988740885,1.0,0.9778592637420211
2022-04-15 19:00:00,1.0368272620050378,0.7475870910990552,0.8625587116164579,1.0,0.9789489248130836
2022-04-15 20:00:00,1.0368272620050378,0.7461806559691722,0.8609357876334475,1.0,0.9808328718584969
2022-04-15 21:00:00,1.0368272620050378,0.7477445970095163,0.8627404619966369,1.0,0.9787379426011467
2022-04-15 22:00:00,1.0368272620050378,0.7482078496873434,0.8632750219383399,1.0,0.9781174066836852
2022-04-15 23:00:00,1.0368272620050378,0.7489601720361346,0.8641431472836657,1.0,0.9771096563537277
2022-04-16 00:00:00,1.0368272620050378,0.7505000239372317,0.8659200245298865,1.0,0.9750469949640855
2022-04-16 01:00:00,1.0368272620050378,0.7505797033978181,0.8660119688398594,1.0,0.9749402627862821
2022-04-16 02:00:00,1.0368272620050378,0.750437239857709,0.8664545844715895,1.0,0.9730402173650635
2022-04-16 03:00:00,1.0368272620050378,0.750437239857709,0.865458164740255,1.0,0.9719213446124025
2022-04-16 04:00:00,1.0368272620050378,0.750437239857709,0.8635145047922228,1.0,0.9697388224403664
2022-04-16 05:00:00,1.0368272620050378,0.750437239857709,0.865652744559035,1.0,0.9721398369310552
2022-04-16 06:00:00,1.0368272620050378,0.750437239857709,0.8639635351432534,1.0,0.970243035483411
2022-04-16 07:00:00,1.0368272620050378,0.750437239857709,0.8633434456108778,1.0,0.9695467412811112
2022-04-16 08:00:00,1.0368272620050378,0.750437239857709,0.8626356882480631,1.0,0.9687520054846932
2022-04-16 09:00:00,1.0368272620050378,0.750437239857709,0.8622892934058396,1.0,0.9683630411372017
2022-04-16 10:00:00,1.0368272620050378,0.750437239857709,0.8612950119142719,1.0,0.9672465693990313
2022-04-16 11:00:00,1.0368272620050378,0.750437239857709,0.8632130129851023,1.0,0.9694002793971792
2022-04-16 12:00:00,1.0368272620050378,0.750437239857709,0.8632172894646359,1.0,0.9694050814261606
2022-04-16 13:00:00,1.0368272620050378,0.750437239857709,0.863899387950249,1.0,0.9701710050486904
2022-04-16 14:00:00,1.0368272620050378,0.750437239857709,0.8634952606343215,1.0,0.9697172133099501
2022-04-16 15:00:00,1.0368272620050378,0.750437239857709,0.864868010564615,1.0,0.9712586646129724
2022-04-16 16:00:00,1.0368272620050378,0.750437239857709,0.8554447879122739,1.0,0.9606773937525065
2022-04-16 17:00:00,1.0368272620050378,0.750437239857709,0.8585537885332187,1.0,0.9641684688219682
2022-04-16 18:00:00,1.0368272620050378,0.750437239857709,0.8574076920182074,1.0,0.9628815250549589
2022-04-16 19:00:00,1.0368272620050378,0.750437239857709,0.8581624906558922,1.0,0.9637290831701721
2022-04-16 20:00:00,1.0368272620050378,0.750437239857709,0.8586457328431917,1.0,0.9642717124450678
2022-04-16 21:00:00,1.0368272620050378,0.750437239857709,0.8601767125162292,1.0,0.965990838820401
2022-04-16 22:00:00,1.0368272620050378,0.750437239857709,0.8645387216405259,1.0,0.9708889083814063
2022-04-16 23:00:00,1.0368272620050378,0.750437239857709,0.8629350418154168,1.0,0.9690881475133897
2022-04-17 00:00:00,1.0368272620050378,0.750437239857709,0.8623128140432745,1.0,0.9683894522965992
2022-04-17 01:00:00,1.0368272620050378,0.750437239857709,0.862216593253768,1.0,0.9682814066445182
2022-04-17 02:00:00,1.0368272620050378,0.750437239857709,0.8624988409029871,1.0,0.9672423007039892
2022-04-17 03:00:00,1.0368272620050378,0.750437239857709,0.857674971989059,1.0,0.9726513886548402
2022-04-17 04:00:00,1.0368272620050378,0.750437239857709,0.8592080899018633,1.0,0.97093227692578
2022-04-17 05:00:00,1.0368272620050378,0.750437239857709,0.8603071451420047,1.0,0.9696998872064814
2022-04-17 06:00:00,1.0368272620050378,0.750437239857709,0.8619920780782527,1.0,0.9678105426562726
2022-04-17 07:00:00,1.0368272620050378,0.750437239857709,0.8613121178324064,1.0,0.9685729938833874
2022-04-17 08:00:00,1.0368272620050378,0.750437239857709,0.8604097806508118,1.0,0.9695848002288037
2022-04-17 09:00:00,1.0368272620050378,0.750437239857709,0.8624261407509155,1.0,0.9673238206465109
2022-04-17 10:00:00,1.0368272620050378,0.750437239857709,0.8632878513769408,1.0,0.9663575695630919
2022-04-17 11:00:00,1.0368272620050378,0.750437239857709,0.8632322571430037,1.0,0.9664199083426673
2022-04-17 12:00:00,1.0368272620050378,0.750437239857709,0.8643163447047774,1.0,0.9652043021409469
2022-04-17 13:00:00,1.0368272620050378,0.750437239857709,0.8633797956869138,1.0,0.9662544708122557
2022-04-17 14:00:00,1.0368272620050378,0.750437239857709,0.8607048577386317,1.0,0.9692539251679804
2022-04-17 15:00:00,1.0368272620050378,0.750437239857709,0.8619771103998849,1.0,0.9678273261738508
2022-04-17 16:00:00,1.0368272620050378,0.750437239857709,0.8638031671607425,1.0,0.9657797370293353
2022-04-17 17:00:00,1.0368272620050378,0.750437239857709,0.8583399645565375,1.0,0.9719057209453037
2022-04-17 18:00:00,1.0368272620050378,0.750437239857709,0.8563877516494381,1.0,0.9740947711665477
2022-04-17 19:00:00,1.0368272620050378,0.750437239857709,0.8568752703162712,1.0,0.973548108022579
2022-04-17 20:00:00,1.0368272620050378,0.750437239857709,0.8622486668502701,1.0,0.9675228252120784
2022-04-17 21:00:00,1.0368272620050378,0.750437239857709,0.8598559765512074,1.0,0.9702057903791895
2022-04-17 22:00:00,1.0368272620050378,0.750437239857709,0.8586350416443577,1.0,0.9715748458844803
2022-04-17 23:00:00,1.0368272620050378,0.750437239857709,0.8542409589235588,1.0,0.9765020071163061
2022-04-18 00:00:00,1.0368272620050378,0.750437239857709,0.8470928233831058,1.0,0.9845173355824831
2022-04-18 01:00:00,1.0368272620050378,0.750437239857709,0.8483458318864576,1.0,0.9831123153966681
2022-04-18 02:00:00,1.0368272620050378,0.750437239857709,0.8488718388690936,1.0,0.9811683479277892
2022-04-18 03:00:00,1.0368272620050378,0.750437239857709,0.8497741760506882,1.0,0.9801255110344214
2022-04-18 04:00:00,1.0368272620050378,0.750437239857709,0.8500692531385083,1.0,0.9797844885432251
2022-04-18 05:00:00,1.0368272620050378,0.750437239857709,0.828902817686835,1.0,1.004246674342867
2022-04-18 06:00:00,1.0368272620050378,0.750437239857709,0.8308678600325354,1.0,1.0019756622456986
2022-04-18 07:00:00,1.0368272620050378,0.750437239857709,0.8322106746060933,1.0,1.000423762793009
2022-04-18 08:00:00,1.0368272620050378,0.750437239857709,0.8311223105647859,1.0,1.0016815921264788
2022-04-18 09:00:00,1.0368272620050378,0.750437239857709,0.8300467759620795,1.0,1.002924594395114
2022-04-18 10:00:00,1.0368272620050378,0.750437239857709,0.8321957069277257,1.0,1.000441061035316
2022-04-18 11:00:00,1.0368272620050378,0.750437239857709,0.8311394164829206,1.0,1.0016618227066993
2022-04-18 12:00:00,1.0368272620050378,0.750437239857709,0.8326875020740925,1.0,0.9998726902166557
2022-04-18 13:00:00,1.0368272620050378,0.750437239857709,0.841058710761162,1.0,0.9901980304120696
2022-04-18 14:00:00,1.0368272620050378,0.750437239857709,0.8398912318484826,1.0,0.9915472933120195
2022-04-18 15:00:00,1.0368272620050378,0.750437239857709,0.8402504561293069,1.0,0.9911321354966504
2022-04-18 16:00:00,1.0368272620050378,0.750437239857709,0.8383281785789428,1.0,0.9933537240443702
2022-04-18 17:00:00,1.0368272620050378,0.750437239857709,0.8426431464283698,1.0,0.9883668879049947
2022-04-18 18:00:00,1.0368272620050378,0.750437239857709,0.8586457328431917,1.0,0.9698725957012853
2022-04-18 19:00:00,1.0368272620050378,0.750437239857709,0.8682827794722139,1.0,0.9587349988330172
2022-04-18 20:00:00,1.0368272620050378,0.750437239857709,0.868930666121558,1.0,0.957986232058869
2022-04-18 21:00:00,1.0368272620050378,0.750437239857709,0.8684880504898278,1.0,0.9584977657956634
2022-04-18 22:00:00,1.0368272620050378,0.750437239857709,0.8715008303212661,1.0,0.9550158767370013
2022-04-18 23:00:00,1.0368272620050378,0.750437239857709,0.8739234559770643,1.0,0.9522160326607315
2022-04-19 00:00:00,1.0368272620050378,0.750437239857709,0.8713960565726924,1.0,0.9551369644331507
2022-04-19 01:00:00,1.0368272620050378,0.750437239857709,0.8729869069592006,1.0,0.9532984083936584
2022-04-19 02:00:00,1.0368272620050378,0.750437239857709,0.8702264394202461,1.0,0.9551150749165024
2022-04-19 03:00:00,1.0368272620050378,0.750437239857709,0.8672243507876419,1.0,0.9518204813395716
2022-04-19 04:00:00,1.0368272620050378,0.750437239857709,0.8692043608117099,1.0,0.953993411291308
2022-04-19 05:00:00,1.0368272620050378,0.750437239857709,0.8726512033158111,1.0,0.9577760928055619
2022-04-19 06:00:00,1.0368272620050378,0.750437239857709,0.868532953524931,1.0,0.95325658623208
2022-04-19 07:00:00,1.0368272620050378,0.750437239857709,0.8692706462444811,1.0,0.9540661551665822
2022-04-19 08:00:00,1.0368272620050378,0.750437239857709,0.8689563249987597,1.0,0.9537212084031855
2022-04-19 09:00:00,1.0368272620050378,0.750437239857709,0.8698223121043186,1.0,0.9546715719349924
2022-04-19 10:00:00,1.0368272620050378,0.750437239857709,0.868464529852393,1.0,0.9531814957801841
2022-04-19 11:00:00,1.0368272620050378,0.750437239857709,0.8712463797890154,1.0,0.9562343919650749
2022-04-19 12:00:00,1.0368272620050378,0.750437239857709,0.8687403627823117,1.0,0.9534842041643893
2022-04-19 13:00:00,1.0368272620050378,0.750437239857709,0.8749498110651341,1.0,0.9602986626739383
2022-04-19 14:00:00,1.0368272620050378,0.750437239857709,0.8849503584545144,1.0,0.9712736015338419
2022-04-19 15:00:00,1.0368272620050378,0.750437239857709,0.887663784718599,1.0,0.974251407266837
2022-04-19 16:00:00,1.0368272620050378,0.750437239857709,0.8852176384253659,1.0,0.9715669236115602
2022-04-19 17:00:00,1.0368272620050378,0.750437239857709,0.8829895925883477,1.0,0.9691217907717014
2022-04-19 18:00:00,1.0368272620050378,0.750437239857709,0.8830366338632175,1.0,0.9691734154573797
2022-04-19 19:00:00,1.0368272620050378,0.750437239857709,0.8839432475243459,1.0,0.9701683639449998
2022-04-19 20:00:00,1.0368272620050378,0.750437239857709,0.8845312634602193,1.0,0.9708136725159798
2022-04-19 21:00:00,1.0368272620050378,0.750437239857709,0.8820701494886185,1.0,0.9681127628243508
2022-04-19 22:00:00,1.0368272620050378,0.750437239857709,0.8823887472138736,1.0,0.9684624027409909
2022-04-19 23:00:00,1.0368272620050378,0.750437239857709,0.8841442420624263,1.0,0.970388942147444
2022-04-20 00:00:00,1.0368272620050378,0.750437239857709,0.8860900402502253,1.0,0.9725243268732323
2022-04-20 01:00:00,1.0368272620050378,0.750437239857709,0.8819653757400447,1.0,0.9679977805698853
2022-04-20 02:00:00,1.0368272620050378,0.750437239857709,0.8831264399334238,1.0,0.967914997852027
2022-04-20 03:00:00,1.0368272620050378,0.750437239857709,0.8836396174774587,1.0,0.9684773935454599
2022-04-20 04:00:00,1.0368272620050378,0.750437239857709,0.8839432475243459,1.0,0.968810144330741
2022-04-20 05:00:00,1.0368272620050378,0.750437239857709,0.8831050575357556,1.0,0.9678915646981339
2022-04-20 06:00:00,1.0368272620050378,0.750437239857709,0.8850978969984244,1.0,0.9700755346409652
2022-04-20 07:00:00,1.0368272620050378,0.750437239857709,0.8855832774254908,1.0,0.9706074672343371
2022-04-20 08:00:00,1.0368272620050378,0.750437239857709,0.882940413073711,1.0,0.9677111294131574
2022-04-20 09:00:00,1.0368272620050378,0.750437239857709,0.8855640332675896,1.0,0.9705863773958335
2022-04-20 10:00:00,1.0368272620050378,0.750437239857709,0.8869367831978829,1.0,0.9720907858757667
2022-04-20 11:00:00,1.0368272620050378,0.750437239857709,0.893024351813997,1.0,0.9787622047891152
2022-04-20 12:00:00,1.0368272620050378,0.750437239857709,0.8988724375762281,1.0,0.9851711723788618
2022-04-20 13:00:00,1.0368272620050378,0.750437239857709,0.8989900407634027,1.0,0.9853000547252735
2022-04-20 14:00:00,1.0368272620050378,0.750437239857709,0.8883993391983824,1.0,0.9736936136020506
2022-04-20 15:00:00,1.0368272620050378,0.750437239857709,0.8874798960986532,1.0,0.9726859879846499
2022-04-20 16:00:00,1.0368272620050378,0.750437239857709,0.8812597566169967,1.0,0.9658692835171645
2022-04-20 17:00:00,1.0368272620050378,0.750437239857709,0.8837208705885974,1.0,0.9685664395302533
2022-04-20 18:00:00,1.0368272620050378,0.750437239857709,0.8835690555651537,1.0,0.9684000641376128
2022-04-20 19:00:00,1.0368272620050378,0.750437239857709,0.8751230084862459,1.0,0.9591439683498618
2022-04-20 20:00:00,1.0368272620050378,0.750437239857709,0.8797736799790623,1.0,0.9642406793215982
2022-04-20 21:00:00,1.0368272620050378,0.750437239857709,0.8844264897116454,1.0,0.9693397336087237
2022-04-20 22:00:00,1.0368272620050378,0.750437239857709,0.8860515519344226,1.0,0.9711206533045947
2022-04-20 23:00:00,1.0368272620050378,0.750437239857709,0.885341656331841,1.0,0.9703426725953459
2022-04-21 00:00:00,1.0368272620050378,0.750437239857709,0.8829489660327783,1.0,0.9677205026747147
2022-04-21 01:00:00,1.0368272620050378,0.750437239857709,0.8867614475370044,1.0,0.9718986340138438
2022-04-21 02:00:00,1.0368272620050378,0.750437239857709,0.8898618951988819,1.0,0.9739310299273823
2022-04-21 03:00:00,1.0368272620050378,0.750437239857709,0.8886602044499334,1.0,0.9752461364277927
2022-04-21 04:00:00,1.0368272620050378,0.750437239857709,0.8903879021815176,1.0,0.9733553783275587
2022-04-21 05:00:00,1.0368272620050378,0.750437239857709,0.8884998364674225,1.0,0.9754216399643243
2022-04-21 06:00:00,1.0368272620050378,0.750437239857709,0.8854571212792489,1.0,0.9787515270641174
2022-04-21 07:00:00,1.0368272620050378,0.750437239857709,0.886752894577937,1.0,0.9773334584889419
2022-04-21 08:00:00,1.0368272620050378,0.750437239857709,0.8938048093288834,1.0,0.9696159829758585
2022-04-21 09:00:00,1.0368272620050378,0.750437239857709,0.8951112738264057,1.0,0.9681862141649141
2022-04-21 10:00:00,1.0368272620050378,0.750437239857709,0.8926800952115402,1.0,0.9708468477787335
2022-04-21 11:00:00,1.0368272620050378,0.750437239857709,0.9022679623259259,1.0,0.9603540763412967
2022-04-21 12:00:00,1.0368272620050378,0.750437239857709,0.9062985442863667,1.0,0.9559430874564687
2022-04-21 13:00:00,1.0368272620050378,0.750437239857709,0.9109770128961516,1.0,0.9508230642840529
2022-04-21 14:00:00,1.0368272620050378,0.750437239857709,0.9117253968145359,1.0,0.9500040477802387
2022-04-21 15:00:00,1.0368272620050378,0.750437239857709,0.9077675150061666,1.0,0.9543354750618391
2022-04-21 16:00:00,1.0368272620050378,0.750437239857709,0.9001233078398132,1.0,0.9627011436365128
2022-04-21 17:00:00,1.0368272620050378,0.750437239857709,0.8931911345158083,1.0,0.9702875765089861
2022-04-21 18:00:00,1.0368272620050378,0.750437239857709,0.8876680611981326,1.0,0.976331918307135
2022-04-21 19:00:00,1.0368272620050378,0.750437239857709,0.8856046598231588,1.0,0.9785900638105084
2022-04-21 20:00:00,1.0368272620050378,0.750437239857709,0.8804386725465408,1.0,0.9842436177339802
2022-04-21 21:00:00,1.0368272620050378,0.750437239857709,0.8673120186180812,1.0,0.9986091672108813
2022-04-21 22:00:00,1.0368272620050378,0.750437239857709,0.8697068471569107,1.0,0.995988314398676
2022-04-21 23:00:00,1.0368272620050378,0.750437239857709,0.8626827295229329,1.0,1.0036753692987608
2022-04-22 00:00:00,1.0368272620050378,0.750437239857709,0.8642115709562036,1.0,1.002002235583826
2022-04-22 01:00:00,1.0368272620050378,0.750437239857709,0.8631894923476675,1.0,1.0031207781233207
2022-04-22 02:00:00,1.0368272620050378,0.750437239857709,0.8647439926581398,1.0,1.0000560469312612
2022-04-22 03:00:00,1.0368272620050378,0.750437239857709,0.864594315874463,1.0,1.0002291257519473
2022-04-22 04:00:00,1.0368272620050378,0.750437239857709,0.8646563248277006,1.0,1.0001574216690916
2022-04-22 05:00:00,1.0368272620050378,0.750437239857709,0.8673932717292201,1.0,0.9969925518051163
2022-04-22 06:00:00,1.0368272620050378,0.750437239857709,0.8682528441154785,1.0,0.9959985848634616
2022-04-22 07:00:00,1.0368272620050378,0.750437239857709,0.8685521976828322,1.0,0.9956524272220892
2022-04-22 08:00:00,1.0368272620050378,0.750437239857709,0.8692877521626156,1.0,0.9948018684461458
2022-04-22 09:00:00,1.0368272620050378,0.750437239857709,0.8628537887042779,1.0,1.0022417851810692
2022-04-22 10:00:00,1.0368272620050378,0.750437239857709,0.860668507662596,1.0,1.004768735963087
2022-04-22 11:00:00,1.0368272620050378,0.750437239857709,0.8640661706520605,1.0,1.0008398467335113
2022-04-22 12:00:00,1.0368272620050378,0.750437239857709,0.8665294228634279,1.0,0.9979914638559335
2022-04-22 13:00:00,1.0368272620050378,0.750437239857709,0.8628730328621792,1.0,1.0022195321898382
2022-04-22 14:00:00,1.0368272620050378,0.750437239857709,0.8595117199487506,1.0,1.0061063879915328
2022-04-22 15:00:00,1.0368272620050378,0.750437239857709,0.851358611717896,1.0,1.0155342386097659
2022-04-22 16:00:00,1.0368272620050378,0.750437239857709,0.8420765128901645,1.0,1.0262675980468887
2022-04-22 17:00:00,1.0368272620050378,0.750437239857709,0.8408897898195838,1.0,1.0276398658394719
2022-04-22 18:00:00,1.0368272620050378,0.750437239857709,0.8399446878426529,1.0,1.0287327349643758
2022-04-22 19:00:00,1.0368272620050378,0.750437239857709,0.8439774080428606,1.0,1.0240694970241744
2022-04-22 20:00:00,1.0368272620050378,0.750437239857709,0.8435326541713636,1.0,1.0245837883770705
2022-04-22 21:00:00,1.0368272620050378,0.750437239857709,0.8460899889324708,1.0,1.0216266130979186
2022-04-22 22:00:00,1.0368272620050378,0.750437239857709,0.8456944145756106,1.0,1.0220840356954464
2022-04-22 23:00:00,1.0368272620050378,0.750437239857709,0.8478283778628891,1.0,1.0196164262233778
2022-04-23 00:00:00,1.0368272620050378,0.750437239857709,0.8476316598043425,1.0,1.019843901244851
2022-04-23 01:00:00,1.0368272620050378,0.750437239857709,0.8448647775460876,1.0,1.0230433868729638
2022-04-23 02:00:00,1.0368272620050378,0.7499119337898087,0.8457884971253503,1.0,1.0205751540877621
2022-04-23 03:00:00,1.0368272620050378,0.7519876302178873,0.843447124580691,1.0,1.0234000247245314
2022-04-23 04:00:00,1.0368272620050378,0.7527231281303023,0.842617487551168,1.0,1.024400983452446
2022-04-23 05:00:00,1.0368272620050378,0.7513677647092282,0.8441463289844388,1.0,1.0225564332193045
2022-04-23 06:00:00,1.0368272620050378,0.7508237237276222,0.8447600037975137,1.0,1.021816033335512
2022-04-23 07:00:00,1.0368272620050378,0.7504066888288301,0.8452304165462124,1.0,1.0212484794176222
2022-04-23 08:00:00,1.0368272620050378,0.7500995994942652,0.8455768113884359,1.0,1.0208305533508126
2022-04-23 09:00:00,1.0368272620050378,0.7494285524298452,0.8463337482658875,1.0,1.0199173075011172
2022-04-23 10:00:00,1.0368272620050378,0.751650211072501,0.8438277312591836,1.0,1.0229408220091478
2022-04-23 11:00:00,1.0368272620050378,0.7502285011902553,0.8454314110842928,1.0,1.021005979107251
2022-04-23 12:00:00,1.0368272620050378,0.7500029232222724,0.8456858616165435,1.0,1.0206989840334835
2022-04-23 13:00:00,1.0368272620050378,0.7483613222115727,0.8475375772546028,1.0,1.0184648854294265
2022-04-23 14:00:00,1.0368272620050378,0.7481490135358241,0.8477770601084856,1.0,1.01817594888941
2022-04-23 15:00:00,1.0368272620050378,0.7478950013701962,0.8480635842372385,1.0,1.0178302569576045
2022-04-23 16:00:00,1.0368272620050378,0.7466552703528779,0.8494619930447337,1.0,1.0161430739471504
2022-04-23 17:00:00,1.0368272620050378,0.7459330417326973,0.8502766623958891,1.0,1.015160173752987
2022-04-23 18:00:00,1.0368272620050378,0.7459880145148108,0.8502146534426515,1.0,1.015234987678527
2022-04-23 19:00:00,1.0368272620050378,0.7485698396609688,0.8473023708802534,1.0,1.0187486623883715
2022-04-23 20:00:00,1.0368272620050378,0.7471310692601362,0.8489252948632638,1.0,1.016790601371652
2022-04-23 21:00:00,1.0368272620050378,0.7464789783274796,0.8496608493430471,1.0,1.0159031534273153
2022-04-23 22:00:00,1.0368272620050378,0.7446876238758501,0.8516814859226846,1.0,1.0134652513709252
2022-04-23 23:00:00,1.0368272620050378,0.7461662021533856,0.850013658904571,1.0,1.015477487988898
2022-04-24 00:00:00,1.0368272620050378,0.7532159875561475,0.8420615452117969,1.0,1.0250717289917701
2022-04-24 01:00:00,1.0368272620050378,0.7508199325012695,0.8447642802770473,1.0,1.0218108737544402
2022-04-24 02:00:00,1.0368272620050378,0.7519133519425021,0.8429403617559567,1.0,1.0225826281820303
2022-04-24 03:00:00,1.0368272620050378,0.7519133519425021,0.8443430470429854,1.0,1.0208812321502079
2022-04-24 04:00:00,1.0368272620050378,0.7519133519425021,0.8492524455475859,1.0,1.0149263460388296
2022-04-24 05:00:00,1.0368272620050378,0.7519133519425021,0.8477022217166472,1.0,1.0168066998849747
2022-04-24 06:00:00,1.0368272620050378,0.7519133519425021,0.8469239024415276,1.0,1.0177507671953154
2022-04-24 07:00:00,1.0368272620050378,0.7519133519425021,0.8486558766526454,1.0,1.0156499580706566
2022-04-24 08:00:00,1.0368272620050378,0.7519133519425021,0.8487307150444838,1.0,1.0155591823677392
2022-04-24 09:00:00,1.0368272620050378,0.7519133519425021,0.8479823311260996,1.0,1.0164669393969128
2022-04-24 10:00:00,1.0368272620050378,0.7519133519425021,0.8488226593544568,1.0,1.0154476579327265
2022-04-24 11:00:00,1.0368272620050378,0.7519133519425021,0.8475760655704052,1.0,1.0169597217841784
2022-04-24 12:00:00,1.0368272620050378,0.7519133519425021,0.8458569207978884,1.0,1.0190449693597654
2022-04-24 13:00:00,1.0368272620050378,0.7519133519425021,0.8454057522070909,1.0,1.0195922171687817
2022-04-24 14:00:00,1.0368272620050378,0.7519133519425021,0.8452988402187503,1.0,1.0197218967443777
2022-04-24 15:00:00,1.0368272620050378,0.7519133519425021,0.84882052111469,1.0,1.0154502515242383
2022-04-24 16:00:00,1.0368272620050378,0.7519133519425021,0.8468961053245591,1.0,1.0177844838849703
2022-04-24 17:00:00,1.0368272620050378,0.7519133519425021,0.8430622414226648,1.0,1.0224347934658506
2022-04-24 18:00:00,1.0368272620050378,0.7519133519425021,0.8416125148607664,1.0,1.0241932485109353
2022-04-24 19:00:00,1.0368272620050378,0.7519133519425021,0.8468084374941198,1.0,1.017890821136959
2022-04-24 20:00:00,1.0368272620050378,0.7519133519425021,0.8476658716406115,1.0,1.0168507909406774
2022-04-24 21:00:00,1.0368272620050378,0.7519133519425021,0.8434578157795252,1.0,1.0219549790361446
2022-04-24 22:00:00,1.0368272620050378,0.7519133519425021,0.8461519978857084,1.0,1.01868705373112
2022-04-24 23:00:00,1.0368272620050378,0.7519133519425021,0.8445098297447968,1.0,1.0206789320122778
2022-04-25 00:00:00,1.0368272620050378,0.7519133519425021,0.842480640206092,1.0,1.023140250357094
2022-04-25 01:00:00,1.0368272620050378,0.7519133519425021,0.8297388694356586,1.0,1.038595462176651
2022-04-25 02:00:00,1.0368272620050378,0.7519133519425021,0.8346974474548959,1.0,1.031149302881879
2022-04-25 03:00:00,1.0368272620050378,0.7519133519425021,0.8346375767414251,1.0,1.0312232543763078
2022-04-25 04:00:00,1.0368272620050378,0.7519133519425021,0.8380480691694905,1.0,1.0270106603186757
2022-04-25 05:00:00,1.0368272620050378,0.7519133519425021,0.8358435439699072,1.0,1.0297336599885305
2022-04-25 06:00:00,1.0368272620050378,0.7519133519425021,0.8322812365183982,1.0,1.0341337739070353
2022-04-25 07:00:00,1.0368272620050378,0.7519133519425021,0.8248786504456945,1.0,1.043277347968178
2022-04-25 08:00:00,1.0368272620050378,0.7519133519425021,0.8211794956491096,1.0,1.0478464938739482
2022-04-25 09:00:00,1.0368272620050378,0.7519133519425021,0.8204631853272275,1.0,1.048731270682291
2022-04-25 10:00:00,1.0368272620050378,0.7519133519425021,0.8239335484687637,1.0,1.0444447251302302
2022-04-25 11:00:00,1.0368272620050378,0.7519133519425021,0.8204717382862948,1.0,1.048720706183087
2022-04-25 12:00:00,1.0368272620050378,0.7519133519425021,0.829163682938386,1.0,1.0379845338669274
2022-04-25 13:00:00,1.0368272620050378,0.7519133519425021,0.8285585610843783,1.0,1.0387319721856167
2022-04-25 14:00:00,1.0368272620050378,0.7519133519425021,0.8271537375575827,1.0,1.0404671911798893
2022-04-25 15:00:00,1.0368272620050378,0.7519133519425021,0.8342420023845649,1.0,1.031711862464497
2022-04-25 16:00:00,1.0368272620050378,0.7519133519425021,0.8325164428927475,1.0,1.0338432501789228
2022-04-25 17:00:00,1.0368272620050378,0.7519133519425021,0.8428890440015532,1.0,1.021031153769159
2022-04-25 18:00:00,1.0368272620050378,0.7519133519425021,0.8413730320068833,1.0,1.0229037112530843
2022-04-25 19:00:00,1.0368272620050378,0.7519133519425021,0.8517114212794199,1.0,1.010133872840137
2022-04-25 20:00:00,1.0368272620050378,0.7519133519425021,0.8589579158491463,1.0,1.001183100889469
2022-04-25 21:00:00,1.0368272620050378,0.7519133519425021,0.8581517994570581,1.0,1.0021788049394547
2022-04-25 22:00:00,1.0368272620050378,0.7519133519425021,0.859176016305361,1.0,1.0009137061597646
2022-04-25 23:00:00,1.0368272620050378,0.7519133519425021,0.8616499597155628,1.0,0.9978579247649806
2022-04-26 00:00:00,1.0368272620050378,0.7519133519425021,0.8633840721664473,1.0,0.9957159725513507
2022-04-26 01:00:00,1.0368272620050378,0.7519133519425021,0.8659328539684873,1.0,0.9925677517885311
2022-04-26 02:00:00,1.0368272620050378,0.7519133519425021,0.8646242512311983,1.0,0.992740529255662
2022-04-26 03:00:00,1.0368272620050378,0.7519133519425021,0.8656506063192682,1.0,0.993918836721912
2022-04-26 04:00:00,1.0368272620050378,0.7519133519425021,0.8657147535122726,1.0,0.9939924809385525
2022-04-26 05:00:00,1.0368272620050378,0.7519133519425021,0.8662557281732761,1.0,0.9946135471655552
2022-04-26 06:00:00,1.0368272620050378,0.7519133519425021,0.866721864442441,1.0,0.9951486951398103
2022-04-26 07:00:00,1.0368272620050378,0.7519133519425021,0.8654838236174568,1.0,0.9937273617586463
2022-04-26 08:00:00,1.0368272620050378,0.7519133519425021,0.8668501588284497,1.0,0.9952959835730915
2022-04-26 09:00:00,1.0368272620050378,0.7519133519425021,0.8653726351495826,1.0,0.9935997117831359
2022-04-26 10:00:00,1.0368272620050378,0.7519133519425021,0.8626848677626998,1.0,0.990514019105894
2022-04-26 11:00:00,1.0368272620050378,0.7519133519425021,0.8624646290667182,1.0,0.9902611739620945
2022-04-26 12:00:00,1.0368272620050378,0.7519133519425021,0.8642671651901408,1.0,0.992330576449696
2022-04-26 13:00:00,1.0368272620050378,0.7519133519425021,0.8605615956742554,1.0,0.9880763955350894
2022-04-26 14:00:00,1.0368272620050378,0.7519133519425021,0.8504904863725702,1.0,0.9765142535225121
2022-04-26 15:00:00,1.0368272620050378,0.7519133519425021,0.8389782034680537,1.0,0.9632975714427422
2022-04-26 16:00:00,1.0368272620050378,0.7519133519425021,0.8235272829130693,1.0,0.9455591344612382
2022-04-26 17:00:00,1.0368272620050378,0.7519133519425021,0.8254688046213349,1.0,0.9477880994182277
2022-04-26 18:00:00,1.0368272620050378,0.7519133519425021,0.819855925233453,1.0,0.9413442304621735
2022-04-26 19:00:00,1.0368272620050378,0.7519133519425021,0.8200419520931655,1.0,0.9415577986904312
2022-04-26 20:00:00,1.0368272620050378,0.7519133519425021,0.8171895402442382,1.0,0.9382830858571449
2022-04-26 21:00:00,1.0368272620050378,0.7519133519425021,0.8140591572256252,1.0,0.9346892480850827
2022-04-26 22:00:00,1.0368272620050378,0.7519133519425021,0.8183548809171508,1.0,0.9396209557927828
2022-04-26 23:00:00,1.0368272620050378,0.7519133519425021,0.8159985406941239,1.0,0.9369157582348508
2022-04-27 00:00:00,1.0368272620050378,0.7519133519425021,0.8138346420501099,1.0,0.9344314933268405
2022-04-27 01:00:00,1.0368272620050378,0.7519133519425021,0.8150962035125291,1.0,0.9358798295874393
2022-04-27 02:00:00,1.0361014829216344,0.7513870125961424,0.8180127625544609,1.0,0.937913240955026
2022-04-27 03:00:00,1.0390530845930905,0.7535275318395233,0.8203434439002861,1.0,0.9352413537554466
2022-04-27 04:00:00,1.0370682001663225,0.7520880817428277,0.8187761141512129,1.0,0.9370381366153472
2022-04-27 05:00:00,1.038728137620086,0.7532918783448391,0.8200868551282686,1.0,0.9355355064746663
2022-04-27 06:00:00,1.038608990396651,0.7532054720634549,0.8199927725785289,1.0,0.9356433624717135
2022-04-27 07:00:00,1.0451323008797133,0.7579362159692388,0.8251437921767792,1.0,0.9297382466333769
2022-04-27 08:00:00,1.0572474071898919,0.766722163762712,0.8347102768934967,1.0,0.9187712527518
2022-04-27 09:00:00,1.0542903897355524,0.7645777169610865,0.832375319068138,1.0,0.9214480424966999
2022-04-27 10:00:00,1.056261734705112,0.7660073481621701,0.8339319576183771,1.0,0.9196635160001
2022-04-27 11:00:00,1.0576617145804725,0.7670226219684343,0.8350374275778191,1.0,0.9183962080347948
2022-04-27 12:00:00,1.0553112648090743,0.7653180616902191,0.833181435460226,1.0,0.9205239127038178
2022-04-27 13:00:00,1.0521755265195825,0.7630440054665172,0.8307053538102576,1.0,0.9233624864442885
2022-04-27 14:00:00,1.063941314833781,0.771576625753205,0.8399960055970562,1.0,0.9127117067358731
2022-04-27 15:00:00,1.0460773549928677,0.7586215748829451,0.8258900378553967,1.0,0.9288827524749793
2022-04-27 16:00:00,1.0550892177108548,0.765157031802185,0.8330060997993476,1.0,0.9207249170619513
2022-04-27 17:00:00,1.0601773457298143,0.7688469727731139,0.8370238523211875,1.0,0.916118975733502
2022-04-27 18:00:00,1.0579081327016673,0.7672013258685697,0.835232007396599,1.0,0.9181731422227198
2022-04-27 19:00:00,1.0493836904431868,0.761019349191356,0.8285008286106743,1.0,0.9258897485569183
2022-04-27 20:00:00,1.0509596832622579,0.7621622686405742,0.8297452841549591,1.0,0.9244631078687023
2022-04-27 21:00:00,1.057518196334062,0.7669185416749488,0.834924100870178,1.0,0.9185261254857836
2022-04-27 22:00:00,1.0608759817217737,0.7693536277866848,0.837575518181025,1.0,0.9154865473871794
2022-04-27 23:00:00,1.0567058289015512,0.7663294079382384,0.8342826289401344,1.0,0.919261507283833
2022-04-28 00:00:00,1.0610113762938587,0.7694518167428032,0.8376824301693656,1.0,0.9153639837541712
2022-04-28 01:00:00,1.0650109319532537,0.7723523185065402,0.8408406103049471,1.0,0.911743454035108
2022-04-28 02:00:00,1.0603439281707903,0.7689677793588963,0.8377423008828364,1.0,0.913982280665117
2022-04-28 03:00:00,1.0603439281707903,0.7689677793588963,0.8418712418725506,1.0,0.9184863740227792
2022-04-28 04:00:00,1.0603439281707903,0.7689677793588963,0.8403338474802127,1.0,0.9168092931713244
2022-04-28 05:00:00,1.0603439281707903,0.7689677793588963,0.841137825632534,1.0,0.9176863201534481
2022-04-28 06:00:00,1.0603439281707903,0.7689677793588963,0.8395320075676581,1.0,0.91593459870777
2022-04-28 07:00:00,1.0603439281707903,0.7689677793588963,0.8416595561356361,1.0,0.9182554546844008
2022-04-28 08:00:00,1.0603439281707903,0.7689677793588963,0.8410180842055925,1.0,0.9175556991135574
2022-04-28 09:00:00,1.0603439281707903,0.7689677793588963,0.8461284772482736,1.0,0.9231304184946101
2022-04-28 10:00:00,1.0603439281707903,0.7689677793588963,0.8492225101908506,1.0,0.9265055728646449
2022-04-28 11:00:00,1.0603439281707903,0.7689677793588963,0.84818332566418,1.0,0.9253719688398785
2022-04-28 12:00:00,1.0603439281707903,0.7689677793588963,0.8474670153422978,1.0,0.9245905751191034
2022-04-28 13:00:00,1.0603439281707903,0.7689677793588963,0.8448284274700517,1.0,0.9217122472043673
2022-04-28 14:00:00,1.0603439281707903,0.7689677793588963,0.8350459805368862,1.0,0.9110409747490049
2022-04-28 15:00:00,1.0603439281707903,0.7689677793588963,0.8392005804038022,1.0,0.915573058329501
2022-04-28 16:00:00,1.0603439281707903,0.7689677793588963,0.842367313498451,1.0,0.919027518330898
2022-04-28 17:00:00,1.0603439281707903,0.7689677793588963,0.8520770602795448,1.0,0.9296194851548981
2022-04-28 18:00:00,1.0603439281707903,0.7689677793588963,0.8600548328495209,1.0,0.938322111937621
2022-04-28 19:00:00,1.0603439281707903,0.7689677793588963,0.8559772096142101,1.0,0.9338739990256262
2022-04-28 20:00:00,1.0603439281707903,0.7689677793588963,0.854054932063846,1.0,0.9317770648316653
2022-04-28 21:00:00,1.0603439281707903,0.7689677793588963,0.8516130622501467,1.0,0.9291133286253214
2022-04-28 22:00:00,1.0603439281707903,0.7689677793588963,0.8513735793962637,1.0,0.92885208654554
2022-04-28 23:00:00,1.0603439281707903,0.7689677793588963,0.8501077414543109,1.0,0.9274712355524087
2022-04-29 00:00:00,1.0603439281707903,0.7689677793588963,0.8488761153486271,1.0,0.9261277048563894
2022-04-29 01:00:00,1.0603439281707903,0.7689677793588963,0.851108437665179,1.0,0.9285628542429246
2022-04-29 02:00:00,1.0603439281707903,0.7689677793588963,0.8505054540509379,1.0,0.9266060237108964
2022-04-29 03:00:00,1.0603439281707903,0.7689677793588963,0.8442553792125461,1.0,0.9197975455039424
2022-04-29 04:00:00,1.0603439281707903,0.7689677793588963,0.8445076915050299,1.0,0.920072400251948
2022-04-29 05:00:00,1.0603439281707903,0.7689677793588963,0.8445461798208326,1.0,0.9201143272474065
2022-04-29 06:00:00,1.0603439281707903,0.7689677793588963,0.8436310132006369,1.0,0.9191173964665046
2022-04-29 07:00:00,1.0603439281707903,0.7689677793588963,0.8428355880073828,1.0,0.9182509052270291
2022-04-29 08:00:00,1.0603439281707903,0.7689677793588963,0.8457008292949111,1.0,0.9213721371111613
2022-04-29 09:00:00,1.0603439281707903,0.7689677793588963,0.8417942652409454,1.0,0.9171165470721244
2022-04-29 10:00:00,1.0603439281707903,0.7689677793588963,0.8362070447302653,1.0,0.9110301448980666
2022-04-29 11:00:00,1.0603439281707903,0.7689677793588963,0.8287125143475887,1.0,0.9028660271712878
2022-04-29 12:00:00,1.0603439281707903,0.7689677793588963,0.8276070443881469,1.0,0.901661790690619
2022-04-29 13:00:00,1.0603439281707903,0.7689677793588963,0.830827233476966,1.0,0.9051696826439795
2022-04-29 14:00:00,1.0603439281707903,0.7689677793588963,0.8385633849532922,1.0,0.9135970087311364
2022-04-29 15:00:00,1.0603439281707903,0.7689677793588963,0.8319177357580402,1.0,0.9063576141819701
2022-04-29 16:00:00,1.0603439281707903,0.7689677793588963,0.8329569202847108,1.0,0.9074896430593493
2022-04-29 17:00:00,1.0603439281707903,0.7689677793588963,0.8226356369303087,1.0,0.896246220443897
2022-04-29 18:00:00,1.0603439281707903,0.7689677793588963,0.825090336182609,1.0,0.8989202310431386
2022-04-29 19:00:00,1.0603439281707903,0.7689677793588963,0.8230098288895009,1.0,0.8966538440108546
2022-04-29 20:00:00,1.0603439281707903,0.7689677793588963,0.8185708431335988,1.0,0.891818263867975
2022-04-29 21:00:00,1.0603439281707903,0.7689677793588963,0.8233391178135898,1.0,0.8970125527497771
2022-04-29 22:00:00,1.0603439281707903,0.7689677793588963,0.8233476707726571,1.0,0.8970218698598791
2022-04-29 23:00:00,1.0603439281707903,0.7689677793588963,0.8242756668314536,1.0,0.8980327763059338
2022-04-30 00:00:00,1.0603439281707903,0.7689677793588963,0.824066119334306,1.0,0.8978045071084375
2022-04-30 01:00:00,1.0603439281707903,0.7689677793588963,0.8250839214633087,1.0,0.8989132432105622
2022-04-30 02:00:00,1.0603439281707903,0.7689677793588963,0.8265443392240412,1.0,0.8992434211748715
2022-04-30 03:00:00,1.0603439281707903,0.7689677793588963,0.8263262387678265,1.0,0.8994806700444613
2022-04-30 04:00:00,1.0603439281707903,0.7689677793588963,0.82554578125294,1.0,0.9003296488425033
2022-04-30 05:00:00,1.0603439281707903,0.7689677793588963,0.8233669149305585,1.0,0.9026998115690917
2022-04-30 06:00:00,1.0603439281707903,0.7689677793588963,0.8264139065982657,1.0,0.8993853053027635
2022-04-30 07:00:00,1.0603439281707903,0.7689677793588963,0.8265657216217094,1.0,0.8992201614817745
2022-04-30 08:00:00,1.0603439281707903,0.7689677793588963,0.8254067956680973,1.0,0.900480836847634
2022-04-30 09:00:00,1.0603439281707903,0.7689677793588963,0.8238330511997236,1.0,0.9021927502595762
2022-04-30 10:00:00,1.0603439281707903,0.7689677793588963,0.8247567707789863,1.0,0.9011879315177841
2022-04-30 11:00:00,1.0603439281707903,0.7689677793588963,0.8236384713809435,1.0,0.9024044134667595
2022-04-30 12:00:00,1.0603439281707903,0.7689677793588963,0.8239100278313287,1.0,0.9021090153644269
2022-04-30 13:00:00,1.0603439281707903,0.7689677793588963,0.8229456816964965,1.0,0.9031580275231035
2022-04-30 14:00:00,1.0603439281707903,0.7689677793588963,0.8223149009652869,1.0,0.9038441884694661
2022-04-30 15:00:00,1.0603439281707903,0.7689677793588963,0.8169265367529204,1.0,0.9097056311299204
2022-04-30 16:00:00,1.0603439281707903,0.7689677793588963,0.8212350898830468,1.0,0.9050188029708667
2022-04-30 17:00:00,1.0603439281707903,0.7689677793588963,0.8205700973155682,1.0,0.9057421794261848
2022-04-30 18:00:00,1.0603439281707903,0.7689677793588963,0.8176342941157352,1.0,0.9089357352884084
2022-04-30 19:00:00,1.0603439281707903,0.7689677793588963,0.81878466711028,1.0,0.9076843637997877
2022-04-30 20:00:00,1.0603439281707903,0.7689677793588963,0.8214061490643918,1.0,0.9048327254260904
2022-04-30 21:00:00,1.0603439281707903,0.7689677793588963,0.8185323548177963,1.0,0.9079588281783327
2022-04-30 22:00:00,1.0603439281707903,0.7689677793588963,0.817910127045654,1.0,0.9086356852474565
2022-04-30 23:00:00,1.0603439281707903,0.7689677793588963,0.816851698361082,1.0,0.90978704005576
2022-05-01 00:00:00,1.0603439281707903,0.7689677793588963,0.8035860588477796,1.0,0.9242173536531643
2022-05-01 01:00:00,1.0603439281707903,0.7689677793588963,0.8045760638598134,1.0,0.9231404298627713
2022-05-01 02:00:00,1.0603439281707903,0.7689677793588963,0.8100114693470499,1.0,0.9159688662755052
2022-05-01 03:00:00,1.0603439281707903,0.7689677793588963,0.8075246964982474,1.0,0.918780473332576
2022-05-01 04:00:00,1.0603439281707903,0.7689677793588963,0.8122865564589381,1.0,0.9133965963625876
2022-05-01 05:00:00,1.0603439281707903,0.7689677793588963,0.8103343435518385,1.0,0.9156038166919991
2022-05-01 06:00:00,1.0603439281707903,0.7689677793588963,0.8127719368860044,1.0,0.9128478132138731
2022-05-01 07:00:00,1.0603439281707903,0.7689677793588963,0.8104498084992464,1.0,0.9154732691588247
2022-05-01 08:00:00,1.0603439281707903,0.7689677793588963,0.8106336971191922,1.0,0.91526536012451
2022-05-01 09:00:00,1.0603439281707903,0.7689677793588963,0.812183920950131,1.0,0.9135126386142982
2022-05-01 10:00:00,1.0603439281707903,0.7689677793588963,0.8108967006105102,1.0,0.9149680018545016
2022-05-01 11:00:00,1.0603439281707903,0.7689677793588963,0.8121604003126961,1.0,0.9135392316303153
2022-05-01 12:00:00,1.0603439281707903,0.7689677793588963,0.8101632843704936,1.0,0.91579722044485
2022-05-01 13:00:00,1.0603439281707903,0.7689677793588963,0.8109587095637476,1.0,0.9148978929940932
2022-05-01 14:00:00,1.0603439281707903,0.7689677793588963,0.8098938661598752,1.0,0.9161018313555902
2022-05-01 15:00:00,1.0603439281707903,0.7689677793588963,0.811296551446904,1.0,0.9145159205822125
2022-05-01 16:00:00,1.0603439281707903,0.7689677793588963,0.8218893912516914,1.0,0.9025393931869177
2022-05-01 17:00:00,1.0603439281707903,0.7689677793588963,0.8222956568073856,1.0,0.9020800592738967
2022-05-01 18:00:00,1.0603439281707903,0.7689677793588963,0.8199564225024931,1.0,0.9047248555941334
2022-05-01 19:00:00,1.0603439281707903,0.7689677793588963,0.8101247960546909,1.0,0.9158407362892416
2022-05-01 20:00:00,1.0603439281707903,0.7689677793588963,0.8073386696385348,1.0,0.9189907999138013
2022-05-01 21:00:00,1.0603439281707903,0.7689677793588963,0.8179464771216897,1.0,0.906997349690132
2022-05-01 22:00:00,1.0603439281707903,0.7689677793588963,0.8188252936658494,1.0,0.9060037379098603
2022-05-01 23:00:00,1.0603439281707903,0.7689677793588963,0.8179935183965595,1.0,0.906944163658098
2022-05-02 00:00:00,1.0603439281707903,0.7689677793588963,0.8212436428421139,1.0,0.9032694923539301
2022-05-02 01:00:00,1.0603439281707903,0.7689677793588963,0.8257061492354509,1.0,0.898224071951431
2022-05-02 02:00:00,1.0603439281707903,0.7689677793588963,0.8220176856377001,1.0,0.9011119906110115
2022-05-02 03:00:00,1.0603439281707903,0.7689677793588963,0.8246370293520449,1.0,0.9039829334053006
2022-05-02 04:00:00,1.0603439281707903,0.7689677793588963,0.8258066465044911,1.0,0.9052648972489544
2022-05-02 05:00:00,1.0603439281707903,0.7689677793588963,0.832180739249358,1.0,0.9122512486528527
2022-05-02 06:00:00,1.0603439281707903,0.7689677793588963,0.8329868556414463,1.0,0.9131347959454625
2022-05-02 07:00:00,1.0603439281707903,0.7689677793588963,0.8313553786993685,1.0,0.9113466087193053
2022-05-02 08:00:00,1.0603439281707903,0.7689677793588963,0.8304252444008052,1.0,0.9103271310739863
2022-05-02 09:00:00,1.0603439281707903,0.7689677793588963,0.831314752143799,1.0,0.9113020798106591
2022-05-02 10:00:00,1.0603439281707903,0.7689677793588963,0.8282720369556255,1.0,0.9079670989157423
2022-05-02 11:00:00,1.0603439281707903,0.7689677793588963,0.8268458310311617,1.0,0.9064038998595866
2022-05-02 12:00:00,1.0603439281707903,0.7689677793588963,0.8228622903455908,1.0,0.9020377231854966
2022-05-02 13:00:00,1.0603439281707903,0.7689677793588963,0.8222849656085516,1.0,0.9014049439573676
2022-05-02 14:00:00,1.0603439281707903,0.7689677793588963,0.8312612961496287,1.0,0.911243489141388
2022-05-02 15:00:00,1.0603439281707903,0.7689677793588963,0.8296832752017215,1.0,0.9095138925845021
2022-05-02 16:00:00,1.0603439281707903,0.7689677793588963,0.8266320070544805,1.0,0.9061695371825017
2022-05-02 17:00:00,1.0603439281707903,0.7689677793588963,0.8235187299540021,1.0,0.9027572166041469
2022-05-02 18:00:00,1.0603439281707903,0.7689677793588963,0.819674174853274,1.0,0.8985433756701621
2022-05-02 19:00:00,1.0603439281707903,0.7689677793588963,0.8162594059456749,1.0,0.8948006037171174
2022-05-02 20:00:00,1.0603439281707903,0.7689677793588963,0.82363419490141,1.0,0.9028837724497727
2022-05-02 21:00:00,1.0603439281707903,0.7689677793588963,0.818500281221294,1.0,0.8972567245729663
2022-05-02 22:00:00,1.0603439281707903,0.7689677793588963,0.8255179841359714,1.0,0.9049485076348899
2022-05-02 23:00:00,1.0603439281707903,0.7689677793588963,0.824487352568368,1.0,0.9038188795313411
2022-05-03 00:00:00,1.0603439281707903,0.7689677793588963,0.8230675613632048,1.0,0.902262711355498
2022-05-03 01:00:00,1.0603439281707903,0.7689677793588963,0.820640659227873,1.0,0.8996026949705853
2022-05-03 02:00:00,1.0603439281707903,0.7689677793588963,0.8228558756262904,1.0,0.9007678497861206
2022-05-03 03:00:00,1.0603439281707903,0.7689677793588963,0.820561544356501,1.0,0.8982566570655582
2022-05-03 04:00:00,1.0603439281707903,0.7689677793588963,0.8230055524099672,1.0,0.9009316741015347
2022-05-03 05:00:00,1.0603439281707903,0.7689677793588963,0.8225992868542729,1.0,0.9004870081025534
2022-05-03 06:00:00,1.0603439281707903,0.7689677793588963,0.8229371287374292,1.0,0.9008567829859169
2022-05-03 07:00:00,1.0603439281707903,0.7689677793588963,0.821880838292624,1.0,0.8997006513885657
2022-05-03 08:00:00,1.0603439281707903,0.7689677793588963,0.8236555772990781,1.0,0.9016431396999047
2022-05-03 09:00:00,1.0603439281707903,0.7689677793588963,0.8231081879187742,1.0,0.9010440107749617
2022-05-03 10:00:00,1.0603439281707903,0.7689677793588963,0.8215643788071357,1.0,0.8993542799788328
2022-05-03 11:00:00,1.0603439281707903,0.7689677793588963,0.8206834240232093,1.0,0.8983900568652525
2022-05-03 12:00:00,1.0603439281707903,0.7689677793588963,0.8238458806383244,1.0,0.901851430615217
2022-05-03 13:00:00,1.0603439281707903,0.7689677793588963,0.8212928223567507,1.0,0.8990570558637244
2022-05-03 14:00:00,1.0603439281707903,0.7689677793588963,0.8195437422274983,1.0,0.8971426517207419
2022-05-03 15:00:00,1.0603439281707903,0.7689677793588963,0.8177326531450085,1.0,0.8951603775042309
2022-05-03 16:00:00,1.0603439281707903,0.7689677793588963,0.8188274319056162,1.0,0.8963586353541172
2022-05-03 17:00:00,1.0603439281707903,0.7689677793588963,0.8149999827230225,1.0,0.8921694135742413
2022-05-03 18:00:00,1.0603439281707903,0.7689677793588963,0.812923751909448,1.0,0.889896936284711
2022-05-03 19:00:00,1.0603439281707903,0.7689677793588963,0.8064790972522763,1.0,0.8828431293324508
2022-05-03 20:00:00,1.0603439281707903,0.7689677793588963,0.805572483591148,1.0,0.8818508220505138
2022-05-03 21:00:00,1.0603439281707903,0.7689677793588963,0.8069944130360781,1.0,0.8834071530469482
2022-05-03 22:00:00,1.0603439281707903,0.7689677793588963,0.8072531400478623,1.0,0.8836903350778783
2022-05-03 23:00:00,1.0603439281707903,0.7689677793588963,0.8060300669012457,1.0,0.8823516563862084
2022-05-04 00:00:00,1.0603439281707903,0.7689677793588963,0.8056943632578563,1.0,0.8819842218502081
2022-05-04 01:00:00,1.0603439281707903,0.7689677793588963,0.8093229561421363,1.0,0.8859557913253194
2022-05-04 02:00:00,1.0603439281707903,0.7689677793588963,0.8091219616040561,1.0,0.8844957611893445
2022-05-04 03:00:00,1.0603439281707903,0.7689677793588963,0.8107577150256674,1.0,0.8827079232228207
2022-05-04 04:00:00,1.0603439281707903,0.7689677793588963,0.8117519965172351,1.0,0.8816211981843455
2022-05-04 05:00:00,1.0603439281707903,0.7689677793588963,0.8114034634352446,1.0,0.8820021362085853
2022-05-04 06:00:00,1.0603439281707903,0.7689677793588963,0.8134048558569807,1.0,0.8798146638730738
2022-05-04 07:00:00,1.0603439281707903,0.7689677793588963,0.8199478695434258,1.0,0.8726633120069787
2022-05-04 08:00:00,1.0603439281707903,0.7689677793588963,0.8262236032590194,1.0,0.8658040905275705
2022-05-04 09:00:00,1.0603439281707903,0.7689677793588963,0.8322983424365327,1.0,0.8591645510989508
2022-05-04 10:00:00,1.0603439281707903,0.7689677793588963,0.8304958063131102,1.0,0.861134678426767
2022-05-04 11:00:00,1.0603439281707903,0.7689677793588963,0.8327366815887292,1.0,0.8586854572647843
2022-05-04 12:00:00,1.0603439281707903,0.7689677793588963,0.8329462290858768,1.0,0.8584564270416217
2022-05-04 13:00:00,1.0603439281707903,0.7689677793588963,0.8320054035884794,1.0,0.8594847260027596
2022-05-04 14:00:00,1.0603439281707903,0.7689677793588963,0.8270511020487759,1.0,0.8648996548503878
2022-05-04 15:00:00,1.0603439281707903,0.7689677793588963,0.8285949111604141,1.0,0.8632123097368843
2022-05-04 16:00:00,1.0603439281707903,0.7689677793588963,0.8325527929687833,1.0,0.8588864429708248
2022-05-04 17:00:00,1.0603439281707903,0.7689677793588963,0.8371585614264967,1.0,0.8538524521474363
2022-05-04 18:00:00,1.0603439281707903,0.7689677793588963,0.832670396155958,1.0,0.8587579056006827
2022-05-04 19:00:00,1.0603439281707903,0.7689677793588963,0.8463872042600578,1.0,0.8437657741559113
2022-05-04 20:00:00,1.0603439281707903,0.7689677793588963,0.8514997355425055,1.0,0.8381779041193644
2022-05-04 21:00:00,1.0603439281707903,0.7689677793588963,0.8505567718053414,1.0,0.8392085401235958
2022-05-04 22:00:00,1.0603439281707903,0.7689677793588963,0.8490771098867075,1.0,0.8408257739442944
2022-05-04 23:00:00,1.0603439281707903,0.7689677793588963,0.8477984425061538,1.0,0.8422233257142046
2022-05-05 00:00:00,1.0603439281707903,0.7689677793588963,0.84784120730149,1.0,0.8421765848523346
2022-05-05 01:00:00,1.0603439281707903,0.7689677793588963,0.8472745737632847,1.0,0.8427959012721108
2022-05-05 02:00:00,1.0603439281707903,0.7689677793588963,0.8467678109385504,1.0,0.8421115065811345
2022-05-05 03:00:00,1.0603439281707903,0.7689677793588963,0.8497057523781503,1.0,0.8450329241561061
2022-05-05 04:00:00,1.0603439281707903,0.7689677793588963,0.8488504564714254,1.0,0.8441824386903211
2022-05-05 05:00:00,1.0603439281707903,0.7689677793588963,0.849036483331138,1.0,0.8443674192791293
2022-05-05 06:00:00,1.0603439281707903,0.7689677793588963,0.8461926244412779,1.0,0.8415395551053941
2022-05-05 07:00:00,1.0603439281707903,0.7689677793588963,0.8448070450723836,1.0,0.8401617686508223
2022-05-05 08:00:00,1.0603439281707903,0.7689677793588963,0.8457307646516465,1.0,0.8410802929538702
2022-05-05 09:00:00,1.0603439281707903,0.7689677793588963,0.8435818336860003,1.0,0.8389434482210854
2022-05-05 10:00:00,1.0603439281707903,0.7689677793588963,0.8436310132006369,1.0,0.8389923511353679
2022-05-05 11:00:00,1.0603439281707903,0.7689677793588963,0.844233996814878,1.0,0.8395919433887464
2022-05-05 12:00:00,1.0603439281707903,0.7689677793588963,0.8438833254931207,1.0,0.8392432443477745
2022-05-05 13:00:00,1.0603439281707903,0.7689677793588963,0.8440885965107348,1.0,0.8394473608595628
2022-05-05 14:00:00,1.0603439281707903,0.7689677793588963,0.833057417553751,1.0,0.8284782245646005
2022-05-05 15:00:00,1.0603439281707903,0.7689677793588963,0.8164176356884191,1.0,0.8119320298277529
2022-05-05 16:00:00,1.0603439281707903,0.7689677793588963,0.788021811585154,1.0,0.7836959123636902
2022-05-05 17:00:00,1.0603439281707903,0.7689677793588963,0.790617634662064,1.0,0.7862771357523477
2022-05-05 18:00:00,1.0603439281707903,0.7689677793588963,0.7860738751575882,1.0,0.7817589317153648
2022-05-05 19:00:00,1.0603439281707903,0.7689677793588963,0.7767725321719555,1.0,0.7725099022749526
2022-05-05 20:00:00,1.0603439281707903,0.7689677793588963,0.7750811845164072,1.0,0.7708280672663628
2022-05-05 21:00:00,1.0603439281707903,0.7689677793588963,0.7787033626813867,1.0,0.7744298732139623
2022-05-05 22:00:00,1.0603439281707903,0.7689677793588963,0.7782821294473248,1.0,0.7740110091220632
2022-05-05 23:00:00,1.0603439281707903,0.7689677793588963,0.7736977433872796,1.0,0.7694524070254555
2022-05-06 00:00:00,1.0603439281707903,0.7689677793588963,0.7804781016878408,1.0,0.7761946305554662
2022-05-06 01:00:00,1.0603439281707903,0.7689677793588963,0.7765822288327092,1.0,0.7723206692588155
2022-05-06 02:00:00,1.0596016874210707,0.7689677793588963,0.775331358569124,1.0,0.7699972918901442
2022-05-06 03:00:00,1.0631894380721434,0.7689677793588963,0.7779571170027695,1.0,0.7673901251423952
2022-05-06 04:00:00,1.0639695108928569,0.7689677793588963,0.7785280270205082,1.0,0.766823257453756
2022-05-06 05:00:00,1.0631602218616296,0.7689677793588963,0.7779357346051013,1.0,0.7674113561419696
2022-05-06 06:00:00,1.065141080934453,0.7689677793588963,0.7793854611669998,1.0,0.7659718943708185
2022-05-06 07:00:00,1.0626635462828982,0.7689677793588963,0.7775722338447433,1.0,0.7677722831347362
2022-05-06 08:00:00,1.0615387221781238,0.7689677793588963,0.7767490115345206,1.0,0.7685896766183546
2022-05-06 09:00:00,1.05681153931702,0.7689677793588963,0.7732893395918186,1.0,0.7720248523495092
2022-05-06 10:00:00,1.0622136166409883,0.7689677793588963,0.7772429449206542,1.0,0.7680992405281836
2022-05-06 11:00:00,1.0489377705835996,0.7689677793588963,0.7675267834202598,1.0,0.7777466067348378
2022-05-06 12:00:00,1.044201822859342,0.7689677793588963,0.7640606967582574,1.0,0.7811881517658646
2022-05-06 13:00:00,1.0455925144797902,0.7689677793588963,0.76507849888726,1.0,0.7801775561861184
2022-05-06 14:00:00,1.0431179014492868,0.7689677793588963,0.7632674098047701,1.0,0.7819758218500787
2022-05-06 15:00:00,1.0547167370231936,0.7689677793588963,0.7717562216790143,1.0,0.7735471150190011
2022-05-06 16:00:00,1.0507228810459817,0.7689677793588963,0.768833247917782,1.0,0.7764493926608357
2022-05-06 17:00:00,1.0569050311906636,0.7689677793588963,0.7733577632643565,1.0,0.7719569131508709
2022-05-06 18:00:00,1.0473075060369397,0.7689677793588963,0.7663336456303786,1.0,0.778931296511095
2022-05-06 19:00:00,1.0488179841204939,0.7689677793588963,0.7674391155898206,1.0,0.7778336538330932
2022-05-06 20:00:00,1.0505008378460783,0.7689677793588963,0.7686707416955043,1.0,0.7766107482576019
2022-05-06 21:00:00,1.0527855455082433,0.7689677793588963,0.7703428451931513,1.0,0.7749504840908759
2022-05-06 22:00:00,1.0491539705414006,0.7689677793588963,0.767685013163004,1.0,0.7775894973379864
2022-05-06 23:00:00,1.0502934027514317,0.7689677793588963,0.7685189266720607,1.0,0.7767614883545808
2022-05-07 00:00:00,1.0509010999301147,0.7689677793588963,0.7689636805435576,1.0,0.7763198835634313
2022-05-07 01:00:00,1.050345991930356,0.7689677793588963,0.7685574149878632,1.0,0.7767232725553468
2022-05-07 02:00:00,1.0501007189214733,0.7689677793588963,0.7689166392686877,1.0,0.775288592432892
2022-05-07 03:00:00,1.0501007189214733,0.7689677793588963,0.767809031069479,1.0,0.7764051451165958
2022-05-07 04:00:00,1.0501007189214733,0.7689677793588963,0.7647064451678346,1.0,0.7795327859352328
2022-05-07 05:00:00,1.0501007189214733,0.7689677793588963,0.763359354114743,1.0,0.7808907554154129
2022-05-07 06:00:00,1.0501007189214733,0.7689677793588963,0.7666501051158668,1.0,0.7775734299709729
2022-05-07 07:00:00,1.0501007189214733,0.7689677793588963,0.7647299658052695,1.0,0.7795090753570074
2022-05-07 08:00:00,1.0501007189214733,0.7689677793588963,0.7669280762855525,1.0,0.7772932140464912
2022-05-07 09:00:00,1.0501007189214733,0.7689677793588963,0.7688738744733514,1.0,0.77533170257512
2022-05-07 10:00:00,1.0501007189214733,0.7689677793588963,0.7683863558065183,1.0,0.7758231581965186
2022-05-07 11:00:00,1.0501007189214733,0.7689677793588963,0.7706293693219042,1.0,0.7735620312366631
2022-05-07 12:00:00,1.0501007189214733,0.7689677793588963,0.7699707914737262,1.0,0.7742259274269733
2022-05-07 13:00:00,1.0501007189214733,0.7689677793588963,0.7694469227308571,1.0,0.7747540266692655
2022-05-07 14:00:00,1.0501007189214733,0.7689677793588963,0.7666522433556336,1.0,0.7775712744638615
2022-05-07 15:00:00,1.0501007189214733,0.7689677793588963,0.7678133075490127,1.0,0.7764008341023728
2022-05-07 16:00:00,1.0501007189214733,0.7689677793588963,0.767935187215721,1.0,0.7762779701970233
2022-05-07 17:00:00,1.0501007189214733,0.7689677793588963,0.767945878414555,1.0,0.7762671926614663
2022-05-07 18:00:00,1.0501007189214733,0.7689677793588963,0.7663935163438494,1.0,0.7778320908243405
2022-05-07 19:00:00,1.0501007189214733,0.7689677793588963,0.7666479668761,1.0,0.7775755854780843
2022-05-07 20:00:00,1.0501007189214733,0.7689677793588963,0.7660364303027919,1.0,0.7781920605119437
2022-05-07 21:00:00,1.0501007189214733,0.7689677793588963,0.7642103735419342,1.0,0.7800328635850767
2022-05-07 22:00:00,1.0501007189214733,0.7689677793588963,0.7470894877290695,1.0,0.7972920090260325
2022-05-07 23:00:00,1.0501007189214733,0.7689677793588963,0.7482398607236145,1.0,0.7961323462001009
2022-05-08 00:00:00,1.0501007189214733,0.7689677793588963,0.7576630833759554,1.0,0.7866330263601744
2022-05-08 01:00:00,1.0501007189214733,0.7689677793588963,0.7498927200633603,1.0,0.7944661392029909
2022-05-08 02:00:00,1.0501007189214733,0.768429501913345,0.7436918247396052,1.0,0.7996316933366626
2022-05-08 03:00:00,1.0501007189214733,0.7630333220482538,0.7384681049892831,1.0,0.8052469858681546
2022-05-08 04:00:00,1.0501007189214733,0.7609724805361252,0.7364731272868473,1.0,0.8073915081489086
2022-05-08 05:00:00,1.0501007189214733,0.759112642858513,0.7346727294031915,1.0,0.8093268648052803
2022-05-08 06:00:00,1.0501007189214733,0.7603275011989961,0.7358487612749383,1.0,0.8080626769656075
2022-05-08 07:00:00,1.0501007189214733,0.7675040007412315,0.7427959022773108,1.0,0.8005947746181588
2022-05-08 08:00:00,1.0501007189214733,0.7635612332180274,0.7389791442935512,1.0,0.8046976387887331
2022-05-08 09:00:00,1.0501007189214733,0.7650433603934167,0.7404139031770821,1.0,0.8031553296243324
2022-05-08 10:00:00,1.0501007189214733,0.7631216753821071,0.7385536345799556,1.0,0.8051550449343602
2022-05-08 11:00:00,1.0501007189214733,0.7665895437358496,0.7419106710138506,1.0,0.8015463632829307
2022-05-08 12:00:00,1.0501007189214733,0.7677050045757478,0.7429904820960908,1.0,0.8003856089937766
2022-05-08 13:00:00,1.0501007189214733,0.7641819153883469,0.7395799896680254,1.0,0.8040517537288276
2022-05-08 14:00:00,1.0501007189214733,0.7582644508535211,0.7338516453327356,1.0,0.8102094977697064
2022-05-08 15:00:00,1.0501007189214733,0.7603385453657278,0.7358594524737723,1.0,0.8080511843488832
2022-05-08 16:00:00,1.0501007189214733,0.7584301133544961,0.7340120133152466,1.0,0.8100371085188419
2022-05-08 17:00:00,1.0501007189214733,0.7589094301906504,0.7344760113446449,1.0,0.8095383289530074
2022-05-08 18:00:00,1.0501007189214733,0.7518720871492338,0.7276635794475813,1.0,0.8168614243297301
2022-05-08 19:00:00,1.0501007189214733,0.7617720782074978,0.7372471700824333,1.0,0.8065594426980693
2022-05-08 20:00:00,1.0501007189214733,0.7633977795503987,0.7388209145508071,1.0,0.8048677295162527
2022-05-08 21:00:00,1.0501007189214733,0.7553267025028985,0.7310077864428756,1.0,0.8132665338183697
2022-05-08 22:00:00,1.0501007189214733,0.7604092280328103,0.7359278761463102,1.0,0.8079776316018478
2022-05-08 23:00:00,1.0501007189214733,0.7563471835089043,0.7319956532151428,1.0,0.8122046160330444
2022-05-09 00:00:00,1.0501007189214733,0.7511740958117926,0.7269878956812688,1.0,0.8175877577067057
2022-05-09 01:00:00,1.0501007189214733,0.7536987923266512,0.7294319037347351,1.0,0.814960545523531
2022-05-09 02:00:00,1.0501007189214733,0.750519477193663,0.727372778839295,1.0,0.8160545305382177
2022-05-09 03:00:00,1.0501007189214733,0.7383858867083839,0.7156103218820614,1.0,0.8292476211748947
2022-05-09 04:00:00,1.0501007189214733,0.739863709945093,0.7170429425258256,1.0,0.8276407550184552
2022-05-09 05:00:00,1.0501007189214733,0.741681211955613,0.7188048520936788,1.0,0.8256645494768042
2022-05-09 06:00:00,1.0501007189214733,0.738549108976319,0.7157685516248056,1.0,0.8290701464053775
2022-05-09 07:00:00,1.0501007189214733,0.7399320868411199,0.7171092279585968,1.0,0.8275664074798738
2022-05-09 08:00:00,1.0501007189214733,0.7385998402217582,0.7158177311394421,1.0,0.8290149853283655
2022-05-09 09:00:00,1.0501007189214733,0.7420517706179519,0.7191640763745032,1.0,0.8252616337838464
2022-05-09 10:00:00,1.0501007189214733,0.7384322065411763,0.7156552249171645,1.0,0.829197256713275
2022-05-09 11:00:00,1.0501007189214733,0.7231775416082203,0.7008671586898919,1.0,0.8457839527400443
2022-05-09 12:00:00,1.0501007189214733,0.7297395179204736,0.707228421996158,1.0,0.8386489873439138
2022-05-09 13:00:00,1.0501007189214733,0.7242451034687686,0.7019020667370289,1.0,0.8446231718150939
2022-05-09 14:00:00,1.0501007189214733,0.7282087577320018,0.7057444835979902,1.0,0.8403134128850616
2022-05-09 15:00:00,1.0501007189214733,0.7153274328030743,0.6932571633598075,1.0,0.854319529830743
2022-05-09 16:00:00,1.0501007189214733,0.7127996933564047,0.6908067405870408,1.0,0.8570679904505634
2022-05-09 17:00:00,1.0501007189214733,0.6984934821425308,0.6769381174594974,1.0,0.872623414167976
2022-05-09 18:00:00,1.0501007189214733,0.6889538022936248,0.667690230468035,1.0,0.8829960949539472
2022-05-09 19:00:00,1.0501007189214733,0.6781987782604997,0.657264173365059,1.0,0.8946902432805128
2022-05-09 20:00:00,1.0501007189214733,0.6817036456084562,0.6606618363545235,1.0,0.8908793323512854
2022-05-09 21:00:00,1.0501007189214733,0.681919804828154,0.6608713838516711,1.0,0.8906442981970599
2022-05-09 22:00:00,1.0501007189214733,0.6795751390063304,0.6585984349795498,1.0,0.8931936992780974
2022-05-09 23:00:00,1.0501007189214733,0.6851026390528872,0.6639568638351809,1.0,0.8871835401914746
2022-05-10 00:00:00,1.0501007189214733,0.662421360928887,0.641969344313052,1.0,0.9118453382312763
2022-05-10 01:00:00,1.0501007189214733,0.6783156806956423,0.6573775000727,1.0,0.8945631329726154
2022-05-10 02:00:00,1.0493656484182283,0.6796545249353982,0.6595991311904179,1.0,0.8909287776853199
2022-05-10 03:00:00,1.0545446558660267,0.6830088712987237,0.6628556703552727,1.0,0.8865317147720776
2022-05-10 04:00:00,1.0412145776024877,0.6743752286564152,0.6544737704693692,1.0,0.8978491715152882
2022-05-10 05:00:00,1.0605295889639423,0.6868852006483316,0.6666189723448621,1.0,0.881450407662881
2022-05-10 06:00:00,1.081044987475149,0.7001726409700273,0.6795189728580396,1.0,0.8640324952823224
2022-05-10 07:00:00,1.089740143117973,0.7058043308262474,0.6849864519417782,1.0,0.856650164442427
2022-05-10 08:00:00,1.0739276778308666,0.6955628924877947,0.6750436370261018,1.0,0.8700752087934295
2022-05-10 09:00:00,1.0789366587702016,0.6988071158582335,0.678193264202616,1.0,0.8658225011957893
2022-05-10 10:00:00,1.0666029358462588,0.6908187939542405,0.6704378685683886,1.0,0.8762940357895711
2022-05-10 11:00:00,1.063736288913564,0.6889621202941726,0.6686353324449659,1.0,0.878727866410624
2022-05-10 12:00:00,1.0746179854552285,0.6960099918389142,0.6754776996987647,1.0,0.8694891262120846
2022-05-10 13:00:00,1.092647596412699,0.707687434004608,0.6868146469424026,1.0,0.8541816885456298
2022-05-10 14:00:00,1.0809701758114252,0.7001241868531572,0.6794719315831698,1.0,0.8640960116211872
2022-05-10 15:00:00,1.0560918970930446,0.6840109905339916,0.6638285694491722,1.0,0.8852180814000977
2022-05-10 16:00:00,1.0641171482925222,0.6892087957982386,0.6688748152988488,1.0,0.8784045105036751
2022-05-10 17:00:00,1.0603901672270022,0.6867948997941646,0.6665313045144228,1.0,0.8815687790216747
2022-05-10 18:00:00,1.0763896616734183,0.6971574734247925,0.6765917226172738,1.0,0.8679849438235099
2022-05-10 19:00:00,1.0743935504640567,0.695864629488304,0.6753365758741551,1.0,0.8696796752286795
2022-05-10 20:00:00,1.0642429679087853,0.6892902868129747,0.668953930170221,1.0,0.8782976875701294
2022-05-10 21:00:00,1.0533102634145817,0.6822093783703671,0.66207948931992,1.0,0.8875797343633494
2022-05-10 22:00:00,1.0267895286244437,0.6650323939399171,0.6454033573785521,1.0,0.9100962764909769
2022-05-10 23:00:00,1.04572368060694,0.6772956904277676,0.6573090764001621,1.0,0.8940208685455184
2022-05-11 00:00:00,1.0535006931040607,0.6823327161224,0.6621992307468614,1.0,0.8874180564098749
2022-05-11 01:00:00,1.0545174516246727,0.6829912516198618,0.6628385644371383,1.0,0.8865548116225739
2022-05-11 02:00:00,1.0446173630033662,0.6765791491855246,0.6570738700258127,1.0,0.8930911482803443
2022-05-11 03:00:00,1.0446173630033662,0.6765791491855246,0.6720351336741972,1.0,0.9134190033884874
2022-05-11 04:00:00,1.0446173630033662,0.6765791491855246,0.6662169832687014,1.0,0.9055138878033427
2022-05-11 05:00:00,1.0446173630033662,0.6765791491855246,0.6664414984442166,1.0,0.9058189363650627
2022-05-11 06:00:00,1.0446173630033662,0.6765791491855246,0.6711285200130689,1.0,0.912187188244018
2022-05-11 07:00:00,1.0446173630033662,0.6765791491855246,0.6511958489068462,1.0,0.8851046864120742
2022-05-11 08:00:00,1.0446173630033662,0.6765791491855246,0.653577848007075,1.0,0.8883411063907038
2022-05-11 09:00:00,1.0446173630033662,0.6765791491855246,0.6705511952760296,1.0,0.9114027776567379
2022-05-11 10:00:00,1.0446173630033662,0.6765791491855246,0.678024343261038,1.0,0.9215565369254188
2022-05-11 11:00:00,1.0446173630033662,0.6765791491855246,0.6800107680044064,1.0,0.9242554903905417
2022-05-11 12:00:00,1.0446173630033662,0.6765791491855246,0.6732111655459438,1.0,0.9150168768070208
2022-05-11 13:00:00,1.0446173630033662,0.6765791491855246,0.6256887867285443,1.0,0.8504482645762818
2022-05-11 14:00:00,1.0446173630033662,0.6765791491855246,0.6669226023917494,1.0,0.9064726118544628
2022-05-11 15:00:00,1.0446173630033662,0.6765791491855246,0.6795788435715104,1.0,0.9236686350622804
2022-05-11 16:00:00,1.0446173630033662,0.6765791491855246,0.6615427911384502,1.0,0.8991630672707716
2022-05-11 17:00:00,1.0446173630033662,0.6765791491855246,0.6476827209699739,1.0,0.8803314027272552
2022-05-11 18:00:00,1.0446173630033662,0.6765791491855246,0.638633690276825,1.0,0.8680364930777393
2022-05-11 19:00:00,1.0446173630033662,0.6765791491855246,0.6387256345867979,1.0,0.8681614177268248
2022-05-11 20:00:00,1.0446173630033662,0.6765791491855246,0.6270978867348735,1.0,0.8523628074541246
2022-05-11 21:00:00,1.0446173630033662,0.6765791491855246,0.6079242907458693,1.0,0.8263116602832343
2022-05-11 22:00:00,1.0446173630033662,0.6765791491855246,0.6213075334463464,1.0,0.8444954597861454
2022-05-11 23:00:00,1.0446173630033662,0.6765791491855246,0.6159148927544462,1.0,0.83716848385607
2022-05-12 00:00:00,1.0446173630033662,0.6765791491855246,0.6210552211538626,1.0,0.84415264330726
2022-05-12 01:00:00,1.0446173630033662,0.6765791491855246,0.6366729244106583,1.0,0.8653724023053845
2022-05-12 02:00:00,1.0438861308492637,0.6761055437810948,0.6236595971898398,1.0,0.8465044166879684
2022-05-12 03:00:00,1.0291253927603385,0.6665452894992374,0.6148372199119728,1.0,0.8584741417533681
2022-05-12 04:00:00,1.0145900367605074,0.6571310109856199,0.6061495517394152,1.0,0.870261100779233
2022-05-12 05:00:00,0.9928031014814105,0.6430200200557822,0.5931276715595294,1.0,0.8879284846009209
2022-05-12 06:00:00,0.968880402596136,0.6275257349411967,0.5788292622388567,1.0,0.9073277942258184
2022-05-12 07:00:00,0.9680575790962686,0.6269928075333374,0.5783374670924899,1.0,0.9079950353225325
2022-05-12 08:00:00,1.0063832667226997,0.6518156393611457,0.6012444297143482,1.0,0.8769161054568934
2022-05-12 09:00:00,1.0038396688600664,0.6501681985481548,0.5997241412401447,1.0,0.8789787507602136
2022-05-12 10:00:00,1.002515996273323,0.6493108805442074,0.5989329925264243,1.0,0.8800521386114492
2022-05-12 11:00:00,1.0221063505571222,0.6619991870026297,0.6106419934894876,1.0,0.864165998413163
2022-05-12 12:00:00,1.0174412990622217,0.6589777203076365,0.6078537288335645,1.0,0.8679489653267067
2022-05-12 13:00:00,1.0186648018315898,0.6597701601923663,0.6085850068338142,1.0,0.8669568068263754
2022-05-12 14:00:00,1.0081684359680643,0.6529718601286316,0.6023114113579875,1.0,0.8754684823818487
2022-05-12 15:00:00,1.0567686848624047,0.6844493333276211,0.6313593985901301,1.0,0.8360577419520246
2022-05-12 16:00:00,1.037278500395981,0.6718259049884165,0.6197102683405377,1.0,0.8518626527994064
2022-05-12 17:00:00,1.0614015389160056,0.6874499463414372,0.6341284190881519,1.0,0.8323008844727002
2022-05-12 18:00:00,1.023658982726437,0.6630047978505031,0.6115699895482839,1.0,0.8629069434741462
2022-05-12 19:00:00,1.0129372347738173,0.6560605220185287,0.605161684967148,1.0,0.8716013850691542
2022-05-12 20:00:00,1.0232261060156371,0.6627244316924555,0.6113112625364997,1.0,0.8632579703119827
2022-05-12 21:00:00,1.0223925500353368,0.6621845530575372,0.6108130526708325,1.0,0.8639339145534364
2022-05-12 22:00:00,1.016328698590662,0.6582571097691834,0.6071887362660859,1.0,0.8688511913313939
2022-05-12 23:00:00,1.0301521333884338,0.6672102902212184,0.615450894725048,1.0,0.8576415409065988
2022-05-13 00:00:00,1.0374859950176867,0.6719602953782245,0.6198342862470128,1.0,0.8516943920011046
2022-05-13 01:00:00,1.055495097184349,0.6836244543832826,0.630598185233145,1.0,0.837090515127808
2022-05-13 02:00:00,1.054122965659704,0.6827357504306257,0.6302197167944193,1.0,0.8364188988452939
2022-05-13 03:00:00,1.054122965659704,0.6827357504306257,0.643562332939327,1.0,0.8187180194940639
2022-05-13 04:00:00,1.054122965659704,0.6827357504306257,0.6528401552875248,1.0,0.806409667650316
2022-05-13 05:00:00,1.054122965659704,0.6827357504306257,0.6504752621054305,1.0,0.8095470350481462
2022-05-13 06:00:00,1.054122965659704,0.6827357504306257,0.6518907768310602,1.0,0.8076691532964612
2022-05-13 07:00:00,1.054122965659704,0.6827357504306257,0.6488501998826534,1.0,0.8117029113793858
2022-05-13 08:00:00,1.054122965659704,0.6827357504306257,0.6444582554016213,1.0,0.8175294508324988
2022-05-13 09:00:00,1.054122965659704,0.6827357504306257,0.6477083798471757,1.0,0.8132176981700198
2022-05-13 10:00:00,1.054122965659704,0.6827357504306257,0.6499984346374315,1.0,0.810179614550602
2022-05-13 11:00:00,1.054122965659704,0.6827357504306257,0.6507083302400131,1.0,0.8092378369953762
2022-05-13 12:00:00,1.054122965659704,0.6827357504306257,0.654715391563019,1.0,0.803921899831241
2022-05-13 13:00:00,1.054122965659704,0.6827357504306257,0.6556818759376181,1.0,0.80263972075003
2022-05-13 14:00:00,1.054122965659704,0.6827357504306257,0.6566141484759482,1.0,0.8014029285389505
2022-05-13 15:00:00,1.054122965659704,0.6827357504306257,0.6552777486216906,1.0,0.8031758531534566
2022-05-13 16:00:00,1.054122965659704,0.6827357504306257,0.6477746652799469,1.0,0.8131297611091404
2022-05-13 17:00:00,1.054122965659704,0.6827357504306257,0.6392965446045368,1.0,0.8243771948635676
2022-05-13 18:00:00,1.054122965659704,0.6827357504306257,0.631975211642972,1.0,0.8340899850716785
2022-05-13 19:00:00,1.054122965659704,0.6827357504306257,0.643288638249175,1.0,0.8190811144551148
2022-05-13 20:00:00,1.054122965659704,0.6827357504306257,0.6423969922664143,1.0,0.8202640097579132
2022-05-13 21:00:00,1.054122965659704,0.6827357504306257,0.636290179492399,1.0,0.8283655660763608
2022-05-13 22:00:00,1.054122965659704,0.6827357504306257,0.6413706371783445,1.0,0.821625615861854
2022-05-13 23:00:00,1.054122965659704,0.6827357504306257,0.6365574594632505,1.0,0.8280109811534596
2022-05-14 00:00:00,1.054122965659704,0.6827357504306257,0.6252525858161148,1.0,0.8430085050524905
2022-05-14 01:00:00,1.054122965659704,0.6827357504306257,0.6299310544258997,1.0,0.8368018505620272
2022-05-14 02:00:00,1.054122965659704,0.6827357504306257,0.6341989810004567,1.0,0.8299688546414964
2022-05-14 03:00:00,1.054122965659704,0.6827357504306257,0.6303950524552979,1.0,0.824992702749709
2022-05-14 04:00:00,1.054122965659704,0.6827357504306257,0.6314363752217355,1.0,0.8263549208336329
2022-05-14 05:00:00,1.054122965659704,0.6827357504306257,0.6267450771733496,1.0,0.8202179465500008
2022-05-14 06:00:00,1.054122965659704,0.6827357504306257,0.6287828196711215,1.0,0.8228836423076586
2022-05-14 07:00:00,1.054122965659704,0.6827357504306257,0.6299695427417022,1.0,0.8244360674341016
2022-05-14 08:00:00,1.054122965659704,0.6827357504306257,0.628241845010118,1.0,0.8221759602229919
2022-05-14 09:00:00,1.054122965659704,0.6827357504306257,0.6305404527594412,1.0,0.8251829097922282
2022-05-14 10:00:00,1.054122965659704,0.6827357504306257,0.6297065392503844,1.0,0.8240920164601332
2022-05-14 11:00:00,1.054122965659704,0.6827357504306257,0.6260950522842387,1.0,0.8193676091834446
2022-05-14 12:00:00,1.054122965659704,0.6827357504306257,0.6207858029432441,1.0,0.8124222549691063
2022-05-14 13:00:00,1.054122965659704,0.6827357504306257,0.6213438835223822,1.0,0.8131523143528929
2022-05-14 14:00:00,1.054122965659704,0.6827357504306257,0.6157096217368323,1.0,0.8057817914552765
2022-05-14 15:00:00,1.054122965659704,0.6827357504306257,0.6178949027785142,1.0,0.8086404914178433
2022-05-14 16:00:00,1.054122965659704,0.6827357504306257,0.6153803328127432,1.0,0.8053510284472184
2022-05-14 17:00:00,1.054122965659704,0.6827357504306257,0.6265590503136369,1.0,0.8199745934220719
2022-05-14 18:00:00,1.054122965659704,0.6827357504306257,0.6322189709763887,1.0,0.8273786822683682
2022-05-14 19:00:00,1.054122965659704,0.6827357504306257,0.630461337888069,1.0,0.8250794147837986
2022-05-14 20:00:00,1.054122965659704,0.6827357504306257,0.6263559175357898,1.0,0.8197088629950231
2022-05-14 21:00:00,1.054122965659704,0.6827357504306257,0.6272283193606492,1.0,0.8208501052501379
2022-05-14 22:00:00,1.054122965659704,0.6827357504306257,0.6341433867665196,1.0,0.8298961284193568
2022-05-14 23:00:00,1.054122965659704,0.6827357504306257,0.6455466194429286,1.0,0.8448133954451589
2022-05-15 00:00:00,1.054122965659704,0.6827357504306257,0.6424718306582528,1.0,0.8407910759283572
2022-05-15 01:00:00,1.054122965659704,0.6827357504306257,0.6396963954409306,1.0,0.8371603591461537
2022-05-15 02:00:00,1.054122965659704,0.6822578354053243,0.6391853561366625,1.0,0.8353207519589393
2022-05-15 03:00:00,1.054122965659704,0.6841879239739316,0.6373764052939395,1.0,0.8329576526278505
2022-05-15 04:00:00,1.054122965659704,0.6870442725411852,0.6346993291058907,1.0,0.8294604890787686
2022-05-15 05:00:00,1.054122965659704,0.689521903966135,0.6323772007191327,1.0,0.8264270069587183
2022-05-15 06:00:00,1.054122965659704,0.6854951825434493,0.6361511939075561,1.0,0.8313571137192052
2022-05-15 07:00:00,1.054122965659704,0.6816737896918922,0.6397327455169665,1.0,0.8360358269338315
2022-05-15 08:00:00,1.054122965659704,0.6848655082586554,0.6367413480831963,1.0,0.8321280539265107
2022-05-15 09:00:00,1.054122965659704,0.6901607039652012,0.6317784935844254,1.0,0.82564489370493
2022-05-15 10:00:00,1.054122965659704,0.6864533825420488,0.635253133205495,1.0,0.8301839438385227
2022-05-15 11:00:00,1.054122965659704,0.6820639139770363,0.6393671065168416,1.0,0.8355581791966964
2022-05-15 12:00:00,1.054122965659704,0.6754112682724746,0.6456022136768658,1.0,0.8437033300825774
2022-05-15 13:00:00,1.054122965659704,0.6737298554177895,0.6471780963850062,1.0,0.8457619638970129
2022-05-15 14:00:00,1.054122965659704,0.6766158625564282,0.6444732230799889,1.0,0.8422284879468622
2022-05-15 15:00:00,1.054122965659704,0.6815118082635575,0.6398845605404101,1.0,0.8362341485088992
2022-05-15 16:00:00,1.054122965659704,0.6804874468364834,0.6408446301957088,1.0,0.8374883229765812
2022-05-15 17:00:00,1.054122965659704,0.6759359968431362,0.645110418530499,1.0,0.8430608799098227
2022-05-15 18:00:00,1.054122965659704,0.6810441154070983,0.6403228996926066,1.0,0.836806767141137
2022-05-15 19:00:00,1.054122965659704,0.6735998139894082,0.6472999760517145,1.0,0.8459211798093912
2022-05-15 20:00:00,1.054122965659704,0.6702506768514463,0.6504389120293947,1.0,0.8500216878685384
2022-05-15 21:00:00,1.054122965659704,0.6564708483001597,0.66335388022094,1.0,0.8668929880573999
2022-05-15 22:00:00,1.054122965659704,0.6562586754433268,0.6635527365192535,1.0,0.8671527613881226
2022-05-15 23:00:00,1.054122965659704,0.655749916872642,0.6640295639872527,1.0,0.8677756587295324
2022-05-16 00:00:00,1.054122965659704,0.6503520568805319,0.6690886392755301,1.0,0.8743845157240434
2022-05-16 01:00:00,1.054122965659704,0.6553552297303616,0.6643994794669111,1.0,0.8682588929899088
2022-05-16 02:00:00,1.054122965659704,0.6620748038855231,0.657206440891355,1.0,0.8576599651280978
2022-05-16 03:00:00,1.054122965659704,0.6680803423309128,0.6512428901817161,1.0,0.8498803156633842
2022-05-16 04:00:00,1.054122965659704,0.6718443011701173,0.6475052470693285,1.0,0.8450044364004514
2022-05-16 05:00:00,1.054122965659704,0.6718766005880739,0.6474731734728264,1.0,0.8449625953312615
2022-05-16 06:00:00,1.054122965659704,0.6725979542557704,0.6467568631509443,1.0,0.8440281447860197
2022-05-16 07:00:00,1.054122965659704,0.6881555072381802,0.6313080808357266,1.0,0.8238746964595384
2022-05-16 08:00:00,1.054122965659704,0.6878260531750233,0.631635231520049,1.0,0.8243014753652756
2022-05-16 09:00:00,1.054122965659704,0.683319207722818,0.6361105673519867,1.0,0.8301396992195768
2022-05-16 10:00:00,1.054122965659704,0.6873307954330228,0.6321270266664157,1.0,0.8249430384261878
2022-05-16 11:00:00,1.054122965659704,0.6751388418016865,0.644233740226106,1.0,0.8407366473430788
2022-05-16 12:00:00,1.054122965659704,0.6799256155428488,0.6394804332244826,1.0,0.8345358008891316
2022-05-16 13:00:00,1.054122965659704,0.6812929575696764,0.6381226509725568,1.0,0.8327645289600915
2022-05-16 14:00:00,1.054122965659704,0.6892407676815208,0.6302304079932534,1.0,0.8224688365347568
2022-05-16 15:00:00,1.054122965659704,0.6900331800687216,0.6294435357590665,1.0,0.8214423356372973
2022-05-16 16:00:00,1.054122965659704,0.6858794749195081,0.6335682002692471,1.0,0.8268230971351218
2022-05-16 17:00:00,1.054122965659704,0.693579656160352,0.6259218548631269,1.0,0.8168481862402432
2022-05-16 18:00:00,1.054122965659704,0.6847640683527414,0.6346758084684558,1.0,0.8282680087244807
2022-05-16 19:00:00,1.054122965659704,0.6808709118417107,0.6385417459668521,1.0,0.8333112522641731
2022-05-16 20:00:00,1.054122965659704,0.6880069299155801,0.6314556193796367,1.0,0.824067165377812
2022-05-16 21:00:00,1.054122965659704,0.6801344851123011,0.6392730239671018,1.0,0.8342652286417035
2022-05-16 22:00:00,1.054122965659704,0.6751259220345038,0.6442465696647068,1.0,0.8407533837707548
2022-05-16 23:00:00,1.054122965659704,0.6783580171246903,0.6410370717747219,1.0,0.8365664874471495
2022-05-17 00:00:00,1.054122965659704,0.6815018271391289,0.6379152417151762,1.0,0.8324939567126632
2022-05-17 01:00:00,1.054122965659704,0.675619026481974,0.6437569127581069,1.0,0.8401146101144552
2022-05-17 02:00:00,1.054122965659704,0.6781287715064808,0.6403442820902747,1.0,0.8344927817655033
2022-05-17 03:00:00,1.054122965659704,0.6765578874732963,0.6418282204884423,1.0,0.8325596807944725
2022-05-17 04:00:00,1.054122965659704,0.6699438771779577,0.6480761570870673,1.0,0.8244206014899307
2022-05-17 05:00:00,1.054122965659704,0.6694119495874702,0.6485786434322681,1.0,0.8237660211899419
2022-05-17 06:00:00,1.054122965659704,0.6675898146498427,0.6502999264445519,1.0,0.8215237354814695
2022-05-17 07:00:00,1.054122965659704,0.6660302482249665,0.6517731736438855,1.0,0.8196045617508639
2022-05-17 08:00:00,1.054122965659704,0.6687532647839303,0.6492008712044105,1.0,0.8229554557971897
2022-05-17 09:00:00,1.054122965659704,0.6650003458689161,0.6527460727377851,1.0,0.8183371828721622
2022-05-17 10:00:00,1.054122965659704,0.6635290567888442,0.654135928586213,1.0,0.8165266416168739
2022-05-17 11:00:00,1.054122965659704,0.667716571862895,0.6501801850176104,1.0,0.8216797205742328
2022-05-17 12:00:00,1.054122965659704,0.6708402317559707,0.6472294141394097,1.0,0.825523638931614
2022-05-17 13:00:00,1.054122965659704,0.6646359188813906,0.6530903293402417,1.0,0.8178887257304678
2022-05-17 14:00:00,1.054122965659704,0.6663018708243643,0.651516584871868,1.0,0.8199388155210711
2022-05-17 15:00:00,1.054122965659704,0.6764809277368002,0.641900920640514,1.0,0.8324649755595805
2022-05-17 16:00:00,1.054122965659704,0.6747176443623756,0.6435666094188606,1.0,0.8302951115013197
2022-05-17 17:00:00,1.054122965659704,0.6747561242306236,0.6435302593428248,1.0,0.8303424641187657
2022-05-17 18:00:00,1.054122965659704,0.6761391359658911,0.6422237948453026,1.0,0.8320443728987366
2022-05-17 19:00:00,1.054122965659704,0.6816032772571121,0.6370620840482181,1.0,0.8387684445760686
2022-05-17 20:00:00,1.054122965659704,0.6758380875848918,0.6425081807342886,1.0,0.8316739083034238
2022-05-17 21:00:00,1.054122965659704,0.6755257215955843,0.6428032578221087,1.0,0.8312895164676857
2022-05-17 22:00:00,1.054122965659704,0.6656680847591026,0.6521152920065755,1.0,0.8191588900572545
2022-05-17 23:00:00,1.054122965659704,0.6701340129975362,0.6478965449466552,1.0,0.8246545791290756
2022-05-18 00:00:00,1.054122965659704,0.6677844775127445,0.6501160378246061,1.0,0.8217632840167846
2022-05-18 01:00:00,1.054122965659704,0.6665712299021006,0.6512621343396173,1.0,0.820270283843193
2022-05-18 02:00:00,1.054122965659704,0.6745890602609901,0.6432373204947714,1.0,0.8295557824586156
2022-05-18 03:00:00,1.054122965659704,0.6745890602609901,0.6451510450860684,1.0,0.8320228756174243
2022-05-18 04:00:00,1.054122965659704,0.6745890602609901,0.6368226011943351,1.0,0.8212861964514357
2022-05-18 05:00:00,1.054122965659704,0.6745890602609901,0.63669858328786,1.0,0.8211263177886303
2022-05-18 06:00:00,1.054122965659704,0.6745890602609901,0.6411546749618965,1.0,0.8268709235349513
2022-05-18 07:00:00,1.054122965659704,0.6745890602609901,0.6349003236439711,1.0,0.818808077177951
2022-05-18 08:00:00,1.054122965659704,0.6745890602609901,0.6384989811715158,1.0,0.8234473149279788
2022-05-18 09:00:00,1.054122965659704,0.6745890602609901,0.6377997767677683,1.0,0.8225459300531962
2022-05-18 10:00:00,1.054122965659704,0.6745890602609901,0.6395830687332896,1.0,0.8248448749631923
2022-05-18 11:00:00,1.054122965659704,0.6745890602609901,0.6394868479437831,1.0,0.8247208311730846
2022-05-18 12:00:00,1.054122965659704,0.6745890602609901,0.6368824719078059,1.0,0.8213633792541695
2022-05-18 13:00:00,1.054122965659704,0.6745890602609901,0.6307136501805529,1.0,0.8134107940439316
2022-05-18 14:00:00,1.054122965659704,0.6745890602609901,0.6266167827873409,1.0,0.8081292851140127
2022-05-18 15:00:00,1.054122965659704,0.6745890602609901,0.6240936598625025,1.0,0.804876581284522
2022-05-18 16:00:00,1.054122965659704,0.6745890602609901,0.6187886870010417,1.0,0.7980376336565843
2022-05-18 17:00:00,1.054122965659704,0.6745890602609901,0.6238456240495523,1.0,0.8045568239589111
2022-05-18 18:00:00,1.054122965659704,0.6745890602609901,0.6188378665156784,1.0,0.7981010338159727
2022-05-18 19:00:00,1.054122965659704,0.6745890602609901,0.6233794877803873,1.0,0.803955900709056
2022-05-18 20:00:00,1.054122965659704,0.6745890602609901,0.6248954997750571,1.0,0.8059102795354195
2022-05-18 21:00:00,1.054122965659704,0.6745890602609901,0.6240551715467,1.0,0.804826963768479
2022-05-18 22:00:00,1.054122965659704,0.6745890602609901,0.6235933117570684,1.0,0.804231553575962
2022-05-18 23:00:00,1.054122965659704,0.6745890602609901,0.6184765039950871,1.0,0.7976351804709015
2022-05-19 00:00:00,1.054122965659704,0.6745890602609901,0.6129876425136803,1.0,0.7905591713774247
2022-05-19 01:00:00,1.054122965659704,0.6745890602609901,0.6172384631701029,1.0,0.7960391503715158
2022-05-19 02:00:00,1.0533850795837423,0.6741168479188074,0.6139968916836157,1.0,0.7907516300843387
2022-05-19 03:00:00,1.0684996096154293,0.6837894354086181,0.6228107160024153,1.0,0.7794055046339592
2022-05-19 04:00:00,1.0692146346897085,0.6842470177862293,0.6232276727569437,1.0,0.7788687519743706
2022-05-19 05:00:00,1.0656798440660922,0.6819849182374235,0.6211664096217367,1.0,0.7815222369171572
2022-05-19 06:00:00,1.064554137923509,0.6812645193147229,0.6205099700133255,1.0,0.7823672782837913
2022-05-19 07:00:00,1.0738641310701498,0.6872224765288494,0.6259389607812614,1.0,0.7753784833981743
2022-05-19 08:00:00,1.0693063045710263,0.6843056821936153,0.623281128751114,1.0,0.7787999375308337
2022-05-19 09:00:00,1.061092683204947,0.6790493512918259,0.6184914716734548,1.0,0.7849657116717482
2022-05-19 10:00:00,1.0624750650152202,0.6799340105552074,0.619297588065543,1.0,0.7839279898632103
2022-05-19 11:00:00,1.0695996481912435,0.6844934082972507,0.6234521879324589,1.0,0.7785797313115153
2022-05-19 12:00:00,1.0803140239196736,0.6913501042325313,0.6297001245310839,1.0,0.7705366991509114
2022-05-19 13:00:00,1.0803140239196736,0.6913501042325313,0.6297001245310839,1.0,0.7705366991509114
2022-05-19 14:00:00,1.0812600570948738,0.6919555209167553,0.6302517903909215,1.0,0.7698265340936097
2022-05-19 15:00:00,1.093925167897748,0.700060595441211,0.6376372705454906,1.0,0.7603191305745386
2022-05-19 16:00:00,1.1134691865947133,0.7125678470959153,0.6490340885025992,1.0,0.7456478912124516
2022-05-19 17:00:00,1.1048008826172975,0.7070205407334911,0.6439792896938553,1.0,0.7521549849933097
2022-05-19 18:00:00,1.1059009211931117,0.7077245136221235,0.6446207616238989,1.0,0.7513292116708657
2022-05-19 19:00:00,1.1073749728847027,0.7086678372928911,0.6454803340101575,1.0,0.7502226754187908
2022-05-19 20:00:00,1.0978083040703719,0.7025456197380837,0.6399016664585446,1.0,0.7574041507463116
2022-05-19 21:00:00,1.1088270238047773,0.709597081505886,0.646327076957815,1.0,0.7491326546331649
2022-05-19 22:00:00,1.109369709502179,0.7099443747976114,0.6466435364433032,1.0,0.748725273127426
2022-05-19 23:00:00,1.1059705903029133,0.707769098571737,0.6446613881794684,1.0,0.7512769126937776
2022-05-20 00:00:00,1.1110307677516584,0.7110073738594466,0.6476121590576691,1.0,0.7474783554105355
2022-05-20 01:00:00,1.108922360481348,0.7096580924895676,0.6463826711917522,1.0,0.7490610876118864
2022-05-20 02:00:00,1.1158001716369794,0.7140595677588462,0.6508494540646227,1.0,0.7422039236737492
2022-05-20 03:00:00,1.1158001716369794,0.7140595677588462,0.6477853564787809,1.0,0.7387110525166318
2022-05-20 04:00:00,1.1158001716369794,0.7140595677588462,0.6444603936413881,1.0,0.7349208120076873
2022-05-20 05:00:00,1.1158001716369794,0.7140595677588462,0.6427840136642073,1.0,0.7330098483041422
2022-05-20 06:00:00,1.1158001716369794,0.7140595677588462,0.6445886880273968,1.0,0.7350670592298973
2022-05-20 07:00:00,1.1158001716369794,0.7140595677588462,0.6407569623652695,1.0,0.730699142193223
2022-05-20 08:00:00,1.1158001716369794,0.7140595677588462,0.6461517412969364,1.0,0.7368488378871568
2022-05-20 09:00:00,1.1158001716369794,0.7140595677588462,0.6445309555536928,1.0,0.7350012479799028
2022-05-20 10:00:00,1.1158001716369794,0.7140595677588462,0.6470540784785311,1.0,0.7378774433500344
2022-05-20 11:00:00,1.1158001716369794,0.7140595677588462,0.6496242426782394,1.0,0.740807262701643
2022-05-20 12:00:00,1.1158001716369794,0.7140595677588462,0.6495900308419703,1.0,0.740768263442387
2022-05-20 13:00:00,1.1158001716369794,0.7140595677588462,0.6460533822676631,1.0,0.7367367150167957
2022-05-20 14:00:00,1.1158001716369794,0.7140595677588462,0.6483690959351206,1.0,0.7393764773776876
2022-05-20 15:00:00,1.1158001716369794,0.7140595677588462,0.6297749629229223,1.0,0.7181803799720402
2022-05-20 16:00:00,1.1158001716369794,0.7140595677588462,0.6224130034057883,1.0,0.7097882268708852
2022-05-20 17:00:00,1.1158001716369794,0.7140595677588462,0.6169476625618164,1.0,0.7035580952047358
2022-05-20 18:00:00,1.1158001716369794,0.7140595677588462,0.6182306064219038,1.0,0.7050205674268366
2022-05-20 19:00:00,1.1158001716369794,0.7140595677588462,0.6191778466386014,1.0,0.7061003594174876
2022-05-20 20:00:00,1.1158001716369794,0.7140595677588462,0.6251520885470746,1.0,0.7129106050650704
2022-05-20 21:00:00,1.1158001716369794,0.7140595677588462,0.6221478616747035,1.0,0.709485982611651
2022-05-20 22:00:00,1.1158001716369794,0.7140595677588462,0.623052337096065,1.0,0.710517025528232
2022-05-20 23:00:00,1.1158001716369794,0.7140595677588462,0.6223060914174476,1.0,0.7096663541857101
2022-05-21 00:00:00,1.1158001716369794,0.7140595677588462,0.623428667295024,1.0,0.7109460173800484
2022-05-21 01:00:00,1.1158001716369794,0.7140595677588462,0.6249510940089942,1.0,0.7126814844169412
2022-05-21 02:00:00,1.1150191115168335,0.7135597260614149,0.6222782943004791,1.0,0.7086411627944263
2022-05-21 03:00:00,1.117914399090096,0.7154125737716535,0.623894803564189,1.0,0.7068010867532634
2022-05-21 04:00:00,1.1192931074583161,0.7162948822051003,0.6246645698802414,1.0,0.7059248600669953
2022-05-21 05:00:00,1.1190326847665413,0.7161282239454493,0.6245191695760982,1.0,0.7060903695521793
2022-05-21 06:00:00,1.1200437375699026,0.7167752501299769,0.6250836648745366,1.0,0.7054478033155828
2022-05-21 07:00:00,1.122996471325174,0.7186648606916091,0.6267322477347488,1.0,0.7035712178291587
2022-05-21 08:00:00,1.1255892090065214,0.7203240907178411,0.6281798360568805,1.0,0.7019234248663713
2022-05-21 09:00:00,1.1237509311822278,0.7191476794732452,0.6271534809688106,1.0,0.7030917271147287
2022-05-21 10:00:00,1.1223722228140078,0.7182653710397984,0.6263837146527583,1.0,0.7039679538009967
2022-05-21 11:00:00,1.1207445809904144,0.7172237569169791,0.6254749627518632,1.0,0.7050023880833965
2022-05-21 12:00:00,1.1202582033160702,0.7169124981085132,0.6252034063014781,1.0,0.7053115013866077
2022-05-21 13:00:00,1.120380755171023,0.7169909255248195,0.625271829974016,1.0,0.7052336145700506
2022-05-21 14:00:00,1.1211122365552733,0.7174590391658984,0.6256802337694771,1.0,0.704768727633725
2022-05-21 15:00:00,1.1247351757673185,0.7197775496604559,0.6277030085888814,1.0,0.702466198619254
2022-05-21 16:00:00,1.1301963928036574,0.7232724713996095,0.6307521384963556,1.0,0.6989953673564254
2022-05-21 17:00:00,1.1308474495330945,0.7236891170487372,0.6311156392567137,1.0,0.6985815936434656
2022-05-21 18:00:00,1.1249304927861496,0.7199025433551943,0.6278120588169889,1.0,0.7023420665053659
2022-05-21 19:00:00,1.1276266335951135,0.7216279465139348,0.6293173796128245,1.0,0.7006285565411084
2022-05-21 20:00:00,1.127163234393573,0.7213313928460263,0.6290586526010403,1.0,0.7009230660662152
2022-05-21 21:00:00,1.1259836727896513,0.7205765289640773,0.6284000747528622,1.0,0.7016727266755779
2022-05-21 22:00:00,1.1229160466703612,0.718613392699658,0.6266873446996457,1.0,0.7036223310525244
2022-05-21 23:00:00,1.1250109174409624,0.7199540113471453,0.6278569618520919,1.0,0.7022909532820003
2022-05-22 00:00:00,1.1262134575176879,0.7207235803696518,0.6285283691388709,1.0,0.7015266888945332
2022-05-22 01:00:00,1.1272857862485257,0.7214098202623327,0.6291270762735783,1.0,0.7008451792496581
2022-05-22 02:00:00,1.1277284542719028,0.7216931069524303,0.6298155894784918,1.0,0.699069349734202
2022-05-22 03:00:00,1.1277284542719028,0.7216931069524303,0.627525534688236,1.0,0.6965285267001863
2022-05-22 04:00:00,1.1277284542719028,0.7216931069524303,0.626740800693816,1.0,0.6956578618509951
2022-05-22 05:00:00,1.1277284542719028,0.7216931069524303,0.6251670562254422,1.0,0.6939117873850422
2022-05-22 06:00:00,1.1277284542719028,0.7216931069524303,0.6269952512260666,1.0,0.6959401755214414
2022-05-22 07:00:00,1.1277284542719028,0.7216931069524303,0.6277479116239845,1.0,0.6967752546138536
2022-05-22 08:00:00,1.1277284542719028,0.7216931069524303,0.6285861016125748,1.0,0.6977052290576763
2022-05-22 09:00:00,1.1277284542719028,0.7216931069524303,0.6309745154321039,1.0,0.700355181745814
2022-05-22 10:00:00,1.1277284542719028,0.7216931069524303,0.6436050977346632,1.0,0.7143688527653573
2022-05-22 11:00:00,1.1277284542719028,0.7216931069524303,0.6446891852964369,1.0,0.7155716513444852
2022-05-22 12:00:00,1.1277284542719028,0.7216931069524303,0.6384433869375787,1.0,0.7086419183077346
2022-05-22 13:00:00,1.1277284542719028,0.7216931069524303,0.6442572608635408,1.0,0.7150924298198622
2022-05-22 14:00:00,1.1277284542719028,0.7216931069524303,0.6424333423424502,1.0,0.7130687864510337
2022-05-22 15:00:00,1.1277284542719028,0.7216931069524303,0.6399978872480512,1.0,0.7103666413196201
2022-05-22 16:00:00,1.1277284542719028,0.7216931069524303,0.6372395579488634,1.0,0.707306266236632
2022-05-22 17:00:00,1.1277284542719028,0.7216931069524303,0.638986499838349,1.0,0.7092445037891911
2022-05-22 18:00:00,1.1277284542719028,0.7216931069524303,0.6391105177448241,1.0,0.7093821020487363
2022-05-22 19:00:00,1.1277284542719028,0.7216931069524303,0.641332148862542,1.0,0.7118470088016237
2022-05-22 20:00:00,1.1277284542719028,0.7216931069524303,0.6393328946805726,1.0,0.7096288299624036
2022-05-22 21:00:00,1.1277284542719028,0.7216931069524303,0.6393863506747429,1.0,0.7096881395570351
2022-05-22 22:00:00,1.1277284542719028,0.7216931069524303,0.6409472657045158,1.0,0.7114199797202765
2022-05-22 23:00:00,1.1277284542719028,0.7216931069524303,0.6464617860631242,1.0,0.7175383575024674
2022-05-23 00:00:00,1.1277284542719028,0.7216931069524303,0.6468445309813836,1.0,0.7179630142000294
2022-05-23 01:00:00,1.1277284542719028,0.7216931069524303,0.6464853067005591,1.0,0.7175644537241054
2022-05-23 02:00:00,1.1277284542719028,0.7216931069524303,0.6453114130685793,1.0,0.715259256629366
2022-05-23 03:00:00,1.1277284542719028,0.7216931069524303,0.6433057441673095,1.0,0.7130370386885803
2022-05-23 04:00:00,1.1277284542719028,0.7216931069524303,0.6443043021384107,1.0,0.7141434094544086
2022-05-23 05:00:00,1.1277284542719028,0.7216931069524303,0.6432907764889418,1.0,0.7130204549726042
2022-05-23 06:00:00,1.1277284542719028,0.7216931069524303,0.6470989815136342,1.0,0.7172398261373584
2022-05-23 07:00:00,1.1277284542719028,0.7216931069524303,0.6508772511815912,1.0,0.7214260298701604
2022-05-23 08:00:00,1.1277284542719028,0.7216931069524303,0.6503255853217537,1.0,0.7208148014813301
2022-05-23 09:00:00,1.1277284542719028,0.7216931069524303,0.6480504982098656,1.0,0.7182940766529763
2022-05-23 10:00:00,1.1277284542719028,0.7216931069524303,0.6500305082339336,1.0,0.7204878653663745
2022-05-23 11:00:00,1.1277284542719028,0.7216931069524303,0.6510226514857345,1.0,0.7215871288253559
2022-05-23 12:00:00,1.1277284542719028,0.7216931069524303,0.6491923182453433,1.0,0.7195591772717178
2022-05-23 13:00:00,1.1277284542719028,0.7216931069524303,0.6489720795493616,1.0,0.7193151597366422
2022-05-23 14:00:00,1.1277284542719028,0.7216931069524303,0.6474175792388892,1.0,0.7175928223774192
2022-05-23 15:00:00,1.1277284542719028,0.7216931069524303,0.6460341381097617,1.0,0.7160600132007792
2022-05-23 16:00:00,1.1277284542719028,0.7216931069524303,0.648443934326959,1.0,0.7187299914729172
2022-05-23 17:00:00,1.1277284542719028,0.7216931069524303,0.6460982853027661,1.0,0.7161310862692477
2022-05-23 18:00:00,1.1277284542719028,0.7216931069524303,0.642662133997499,1.0,0.7123239389016118
2022-05-23 19:00:00,1.1277284542719028,0.7216931069524303,0.6379088269958757,1.0,0.7070574245280866
2022-05-23 20:00:00,1.1277284542719028,0.7216931069524303,0.6207280704695403,1.0,0.6880216876899065
2022-05-23 21:00:00,1.1277284542719028,0.7216931069524303,0.6262318996293147,1.0,0.6941197569645146
2022-05-23 22:00:00,1.1277284542719028,0.7216931069524303,0.6264435853662291,1.0,0.694354298090461
2022-05-23 23:00:00,1.1277284542719028,0.7216931069524303,0.6234671556108267,1.0,0.6910565077135168
2022-05-24 00:00:00,1.1277284542719028,0.7216931069524303,0.6214807308674581,1.0,0.6888556116932717
2022-05-24 01:00:00,1.1277284542719028,0.7216931069524303,0.6222954002186136,1.0,0.6897582396628233
2022-05-24 02:00:00,1.1269390443539125,0.7211879217775635,0.6238349328507183,1.0,0.6904959320557629
2022-05-24 03:00:00,1.1286263184630294,0.7222676977550839,0.6247693436288152,1.0,0.6894621086964202
2022-05-24 04:00:00,1.1300355977532532,0.7231695701390541,0.6255498011437016,1.0,0.6885986177898754
2022-05-24 05:00:00,1.1324139978704526,0.7246916342172067,0.6268669568400579,1.0,0.6871413290270492
2022-05-24 06:00:00,1.1317614822538833,0.7242740549490122,0.6265055943194666,1.0,0.687541137145422
2022-05-24 07:00:00,1.1315414030222593,0.7241332146041183,0.6263837146527583,1.0,0.6876759836705536
2022-05-24 08:00:00,1.1338657485913406,0.7256206863168582,0.6276709349923792,1.0,0.6862518151068825
2022-05-24 09:00:00,1.1245683663150157,0.7196707994658985,0.6225220536338957,1.0,0.691948489361567
2022-05-24 10:00:00,1.1317112887449166,0.7242419334668434,0.6264777972024981,1.0,0.687571891616066
2022-05-24 11:00:00,1.1316456510793445,0.7241999284516997,0.6264414471264622,1.0,0.6876121090007544
2022-05-24 12:00:00,1.129734436699452,0.7229768412460413,0.6253830184418903,1.0,0.6887831446137398
2022-05-24 13:00:00,1.1282324924695972,0.7220156676642211,0.6245512431726004,1.0,0.6897034130045505
2022-05-24 14:00:00,1.1168733152864792,0.7147463291610968,0.6182605417786391,1.0,0.6966633862841527
2022-05-24 15:00:00,1.1211667908227223,0.7174939513281513,0.6206382643993342,1.0,0.6940326961798299
2022-05-24 16:00:00,1.133352230384218,0.7252920588454389,0.6273865491033932,1.0,0.6865664569988563
2022-05-24 17:00:00,1.131263408203366,0.723955311010568,0.6262297613895479,1.0,0.6878463161233515
2022-05-24 18:00:00,1.131834841997758,0.7243210017306436,0.6265462208750361,1.0,0.6874961883037114
2022-05-24 19:00:00,1.1252131598532824,0.7200834369676055,0.6228791396749533,1.0,0.6915534127002164
2022-05-24 20:00:00,1.1335375602634803,0.7254106612411391,0.6274891846122002,1.0,0.6864529020303244
2022-05-24 21:00:00,1.1362634539042966,0.7271551048112295,0.6289987818875696,1.0,0.6847826977015007
2022-05-24 22:00:00,1.1410086710212415,0.7301918203178032,0.6316266785609816,1.0,0.6818752173613815
2022-05-24 23:00:00,1.1416071320896926,0.730574807220585,0.6319581057248376,1.0,0.6815085294421638
2022-05-25 00:00:00,1.143738425701209,0.7319387347711372,0.6331384140761178,1.0,0.6802026473040467
2022-05-25 01:00:00,1.1424642827812808,0.7311233433006984,0.6324327949530698,1.0,0.6809833377127036
2022-05-25 02:00:00,1.1479415185580633,0.734628516279427,0.6359117110536732,1.0,0.6761676096674968
2022-05-25 03:00:00,1.1479415185580633,0.734628516279427,0.6430876437110946,1.0,0.6837947582421597
2022-05-25 04:00:00,1.1479415185580633,0.734628516279427,0.644813203202912,1.0,0.6856288192969134
2022-05-25 05:00:00,1.1479415185580633,0.734628516279427,0.642867405015113,1.0,0.6835606711434737
2022-05-25 06:00:00,1.1479415185580633,0.734628516279427,0.6379152417151762,1.0,0.678297120458456
2022-05-25 07:00:00,1.1479415185580633,0.734628516279427,0.6364911740304793,1.0,0.6767835087329717
2022-05-25 08:00:00,1.1479415185580633,0.734628516279427,0.6342652664332279,1.0,0.6744176381530479
2022-05-25 09:00:00,1.1479415185580633,0.734628516279427,0.6367392098434295,1.0,0.6770471408052783
2022-05-25 10:00:00,1.1479415185580633,0.734628516279427,0.6365767036211517,1.0,0.6768744163441118
2022-05-25 11:00:00,1.1479415185580633,0.734628516279427,0.6347998263749309,1.0,0.6749858107226742
2022-05-25 12:00:00,1.1479415185580633,0.734628516279427,0.6280173298346028,1.0,0.6677768371592561
2022-05-25 13:00:00,1.1479415185580633,0.734628516279427,0.6312567630813232,1.0,0.6712199629311912
2022-05-25 14:00:00,1.1479415185580633,0.734628516279427,0.6342952017899631,1.0,0.6744494558169469
2022-05-25 15:00:00,1.1479415185580633,0.734628516279427,0.6358047990653326,1.0,0.6760539751535716
2022-05-25 16:00:00,1.1479415185580633,0.734628516279427,0.6325610893390786,1.0,0.6726063040010793
2022-05-25 17:00:00,1.1479415185580633,0.734628516279427,0.6311455746134489,1.0,0.671101783036709
2022-05-25 18:00:00,1.1479415185580633,0.734628516279427,0.6343144459478646,1.0,0.6744699100294534
2022-05-25 19:00:00,1.1479415185580633,0.734628516279427,0.6378788916391404,1.0,0.6782584847237214
2022-05-25 20:00:00,1.1479415185580633,0.734628516279427,0.6318768526136987,1.0,0.6718790431119577
2022-05-25 21:00:00,1.1479415185580633,0.734628516279427,0.6359865494455116,1.0,0.6762471538272444
2022-05-25 22:00:00,1.1479415185580633,0.734628516279427,0.6367071362469273,1.0,0.6770130504511007
2022-05-25 23:00:00,1.1479415185580633,0.734628516279427,0.635890328656005,1.0,0.6761448827647117
2022-05-26 00:00:00,1.1479415185580633,0.734628516279427,0.6308654652039966,1.0,0.6708040606102248
2022-05-26 01:00:00,1.1479415185580633,0.734628516279427,0.6360143465624801,1.0,0.676276698800865
2022-05-26 02:00:00,1.1479415185580633,0.734628516279427,0.6337157388131571,1.0,0.672890188628334
2022-05-26 03:00:00,1.1479415185580633,0.734628516279427,0.6364548239544434,1.0,0.6757974219782745
2022-05-26 04:00:00,1.1479415185580633,0.734628516279427,0.6370599458084513,1.0,0.6764396913288079
2022-05-26 05:00:00,1.1479415185580633,0.734628516279427,0.6358069373050994,1.0,0.6751097625676329
2022-05-26 06:00:00,1.1479415185580633,0.734628516279427,0.6346544260707877,1.0,0.6738865004477126
2022-05-26 07:00:00,1.1479415185580633,0.734628516279427,0.6336922181757222,1.0,0.6728652240952745
2022-05-26 08:00:00,1.1479415185580633,0.734628516279427,0.6346779467082225,1.0,0.6739114649807721
2022-05-26 09:00:00,1.1479415185580633,0.734628516279427,0.6191970907965028,1.0,0.6574802632215456
2022-05-26 10:00:00,1.1479415185580633,0.734628516279427,0.623212705078576,1.0,0.6617423898657206
2022-05-26 11:00:00,1.1479415185580633,0.734628516279427,0.6222782943004791,1.0,0.6607506170523529
2022-05-26 12:00:00,1.1479415185580633,0.734628516279427,0.6192377173520722,1.0,0.6575233837786486
2022-05-26 13:00:00,1.1479415185580633,0.734628516279427,0.6180360266031238,1.0,0.6562479230896037
2022-05-26 14:00:00,1.1479415185580633,0.734628516279427,0.614835081672206,1.0,0.6528504770904928
2022-05-26 15:00:00,1.1479415185580633,0.734628516279427,0.6244421929444929,1.0,0.6630473540938361
2022-05-26 16:00:00,1.1479415185580633,0.734628516279427,0.6273972403022273,1.0,0.6661838072473237
2022-05-26 17:00:00,1.1479415185580633,0.734628516279427,0.6316886875142192,1.0,0.6707386997791978
2022-05-26 18:00:00,1.1479415185580633,0.734628516279427,0.6327920192338943,1.0,0.6719097633299934
2022-05-26 19:00:00,1.1479415185580633,0.734628516279427,0.6321206119471153,1.0,0.6711971393862922
2022-05-26 20:00:00,1.1479415185580633,0.734628516279427,0.6274036550215277,1.0,0.66619061575634
2022-05-26 21:00:00,1.1479415185580633,0.734628516279427,0.629073620279408,1.0,0.6679630976035715
2022-05-26 22:00:00,1.1479415185580633,0.734628516279427,0.6315261812919415,1.0,0.6705662175507859
2022-05-26 23:00:00,1.1479415185580633,0.734628516279427,0.6300123075370385,1.0,0.66895940942295
2022-05-27 00:00:00,1.1479415185580633,0.734628516279427,0.6235377175231314,1.0,0.6620873543225443
2022-05-27 01:00:00,1.1479415185580633,0.734628516279427,0.6209098208497192,1.0,0.6592981351288855
2022-05-27 02:00:00,1.1479415185580633,0.734628516279427,0.6183567625681456,1.0,0.6556691168645581
2022-05-27 03:00:00,1.1479415185580633,0.734628516279427,0.6188528341940461,1.0,0.6551433384461376
2022-05-27 04:00:00,1.1479415185580633,0.734628516279427,0.6194921678843228,1.0,0.6544657188465355
2022-05-27 05:00:00,1.1479415185580633,0.734628516279427,0.6176190698485955,1.0,0.6564509856333299
2022-05-27 06:00:00,1.1479415185580633,0.734628516279427,0.6150211085319187,1.0,0.6592045234711783
2022-05-27 07:00:00,1.1479415185580633,0.734628516279427,0.6185791395038941,1.0,0.6554334230907835
2022-05-27 08:00:00,1.1479415185580633,0.734628516279427,0.6189169813870504,1.0,0.6550753498575488
2022-05-27 09:00:00,1.1479415185580633,0.734628516279427,0.6179376675738504,1.0,0.656113308976672
2022-05-27 10:00:00,1.1479415185580633,0.734628516279427,0.6199091246388512,1.0,0.6540237930207079
2022-05-27 11:00:00,1.1479415185580633,0.734628516279427,0.6157502482924017,1.0,0.6584317198475518
2022-05-27 12:00:00,1.1479415185580633,0.734628516279427,0.61729405740404,1.0,0.6567954611488468
2022-05-27 13:00:00,1.1479415185580633,0.734628516279427,0.6245726255702685,1.0,0.6490810226302983
2022-05-27 14:00:00,1.1479415185580633,0.734628516279427,0.6259368225414946,1.0,0.6476351319796422
2022-05-27 15:00:00,1.1479415185580633,0.734628516279427,0.6146490548124934,1.0,0.6595988572849937
2022-05-27 16:00:00,1.1479415185580633,0.734628516279427,0.6158742661988768,1.0,0.6583002752429467
2022-05-27 17:00:00,1.1479415185580633,0.734628516279427,0.6135222024553834,1.0,0.6607931901578712
2022-05-27 18:00:00,1.1479415185580633,0.734628516279427,0.6061880400552178,1.0,0.6685665521198633
2022-05-27 19:00:00,1.1479415185580633,0.734628516279427,0.6076805314124527,1.0,0.6669846842920293
2022-05-27 20:00:00,1.1479415185580633,0.734628516279427,0.6166076824388933,1.0,0.6575229390467474
2022-05-27 21:00:00,1.1479415185580633,0.734628516279427,0.6139263297713109,1.0,0.6603648620497614
2022-05-27 22:00:00,1.1479415185580633,0.734628516279427,0.6130368220283171,1.0,0.6613076371448602
2022-05-27 23:00:00,1.1479415185580633,0.734628516279427,0.6153268768185729,1.0,0.6588804445322382
2022-05-28 00:00:00,1.1479415185580633,0.734628516279427,0.6113347831739346,1.0,0.663111601028751
2022-05-28 01:00:00,1.1479415185580633,0.734628516279427,0.6149013671049772,1.0,0.6593314355032109
2022-05-28 02:00:00,1.1479415185580633,0.734628516279427,0.6110760561621503,1.0,0.662467881124597
2022-05-28 03:00:00,1.1479415185580633,0.734628516279427,0.6123247881859686,1.0,0.6611147318363771
2022-05-28 04:00:00,1.1479415185580633,0.734628516279427,0.6152263795495326,1.0,0.6579705133704278
2022-05-28 05:00:00,1.1479415185580633,0.734628516279427,0.6154637241636489,1.0,0.6577133223242079
2022-05-28 06:00:00,1.1479415185580633,0.734628516279427,0.6165627794037902,1.0,0.6565223655876582
2022-05-28 07:00:00,1.1479415185580633,0.734628516279427,0.6161928639241318,1.0,0.6569232128939289
2022-05-28 08:00:00,1.1479415185580633,0.734628516279427,0.6166312030763282,1.0,0.6564482204211805
2022-05-28 09:00:00,1.1479415185580633,0.734628516279427,0.6156390598245274,1.0,0.6575233253351086
2022-05-28 10:00:00,1.1479415185580633,0.734628516279427,0.6150082790933178,1.0,0.6582068510885758
2022-05-28 11:00:00,1.1479415185580633,0.734628516279427,0.6151579558769946,1.0,0.6580446585369056
2022-05-28 12:00:00,1.1479415185580633,0.734628516279427,0.6154936595203842,1.0,0.6576808838138739
2022-05-28 13:00:00,1.1479415185580633,0.734628516279427,0.6187480604454723,1.0,0.6541543543332734
2022-05-28 14:00:00,1.1479415185580633,0.734628516279427,0.6208029088613787,1.0,0.6519276823024869
2022-05-28 15:00:00,1.1479415185580633,0.734628516279427,0.6182113622640024,1.0,0.6547359304828336
2022-05-28 16:00:00,1.1479415185580633,0.734628516279427,0.6188485577145124,1.0,0.6540454536200091
2022-05-28 17:00:00,1.1479415185580633,0.734628516279427,0.6193681499778477,1.0,0.6534824137620683
2022-05-28 18:00:00,1.1479415185580633,0.734628516279427,0.6168599947313772,1.0,0.6562002975207702
2022-05-28 19:00:00,1.1479415185580633,0.734628516279427,0.6191222524046643,1.0,0.6537488729540979
2022-05-28 20:00:00,1.1479415185580633,0.734628516279427,0.6196760565042687,1.0,0.6531487605129181
2022-05-28 21:00:00,1.1479415185580633,0.734628516279427,0.6197359272177395,1.0,0.6530838834922501
2022-05-28 22:00:00,1.1479415185580633,0.734628516279427,0.6194921678843228,1.0,0.6533480256478273
2022-05-28 23:00:00,1.1479415185580633,0.734628516279427,0.6189939580186556,1.0,0.6538878951412438
2022-05-29 00:00:00,1.1479415185580633,0.734628516279427,0.6197915214516766,1.0,0.6530236405444869
2022-05-29 01:00:00,1.1479415185580633,0.734628516279427,0.6192184731941709,1.0,0.6536446063137386
2022-05-29 02:00:00,1.1479415185580633,0.734628516279427,0.6176083786497614,1.0,0.6544618831973325
2022-05-29 03:00:00,1.1479415185580633,0.734628516279427,0.6172341866905693,1.0,0.6540655341765257
2022-05-29 04:00:00,1.1479415185580633,0.734628516279427,0.6187459222057055,1.0,0.6556667842205852
2022-05-29 05:00:00,1.1479415185580633,0.734628516279427,0.6179483587726845,1.0,0.6548219945933798
2022-05-29 06:00:00,1.1479415185580633,0.734628516279427,0.6200930132587971,1.0,0.6570936406954897
2022-05-29 07:00:00,1.1479415185580633,0.734628516279427,0.6199775483113892,1.0,0.6569713387119264
2022-05-29 08:00:00,1.1479415185580633,0.734628516279427,0.6193980853345832,1.0,0.6563575639425627
2022-05-29 09:00:00,1.1479415185580633,0.734628516279427,0.6204629287384555,1.0,0.6574854600132015
2022-05-29 10:00:00,1.1479415185580633,0.734628516279427,0.6190623816911937,1.0,0.6560019822496104
2022-05-29 11:00:00,1.1479415185580633,0.734628516279427,0.6224685976397254,1.0,0.659609890764726
2022-05-29 12:00:00,1.1479415185580633,0.734628516279427,0.6237515414998126,1.0,0.6609688016932065
2022-05-29 13:00:00,1.1479415185580633,0.734628516279427,0.6272518399980841,1.0,0.6646763636764108
2022-05-29 14:00:00,1.1479415185580633,0.734628516279427,0.6263088762609199,1.0,0.6636775641439776
2022-05-29 15:00:00,1.1479415185580633,0.734628516279427,0.6255733217811366,1.0,0.6628984552116488
2022-05-29 16:00:00,1.1479415185580633,0.734628516279427,0.6238926653244222,1.0,0.6611182818953394
2022-05-29 17:00:00,1.1479415185580633,0.734628516279427,0.6253210094886528,1.0,0.6626312027290477
2022-05-29 18:00:00,1.1479415185580633,0.734628516279427,0.6240423421080991,1.0,0.6612768215036621
2022-05-29 19:00:00,1.1479415185580633,0.734628516279427,0.6228855543942537,1.0,0.6600515368164822
2022-05-29 20:00:00,1.1479415185580633,0.734628516279427,0.6219425906570896,1.0,0.6590527372840491
2022-05-29 21:00:00,1.1479415185580633,0.734628516279427,0.6230822724528005,1.0,0.6602599031588492
2022-05-29 22:00:00,1.1479415185580633,0.734628516279427,0.6240957981022693,1.0,0.6613334427923487
2022-05-29 23:00:00,1.1479415185580633,0.734628516279427,0.6282803333259207,1.0,0.6657657572707426
2022-05-30 00:00:00,1.1479415185580633,0.734628516279427,0.6290672055601075,1.0,0.6665992226402107
2022-05-30 01:00:00,1.1479415185580633,0.734628516279427,0.6261934113135121,1.0,0.6635552621604144
2022-05-30 02:00:00,1.1479415185580633,0.734628516279427,0.6356722281997902,1.0,0.6726523249570376
2022-05-30 03:00:00,1.1479415185580633,0.734628516279427,0.6451938098814046,1.0,0.6827237897566315
2022-05-30 04:00:00,1.1479415185580633,0.734628516279427,0.6481616866777398,1.0,0.6858630651084923
2022-05-30 05:00:00,1.1479415185580633,0.734628516279427,0.6476463708939381,1.0,0.6853179892008565
2022-05-30 06:00:00,1.1479415185580633,0.734628516279427,0.6504688473861301,1.0,0.6883034672011853
2022-05-30 07:00:00,1.1479415185580633,0.734628516279427,0.6554979873176723,1.0,0.6936230461835892
2022-05-30 08:00:00,1.1479415185580633,0.734628516279427,0.6541423433055134,1.0,0.6921891120531283
2022-05-30 09:00:00,1.1479415185580633,0.734628516279427,0.6561629798851508,1.0,0.6943264428942727
2022-05-30 10:00:00,1.1479415185580633,0.734628516279427,0.6558614880780304,1.0,0.6940075395624195
2022-05-30 11:00:00,1.1479415185580633,0.734628516279427,0.6534880419368688,1.0,0.6914970239712339
2022-05-30 12:00:00,1.1479415185580633,0.734628516279427,0.654862930106929,1.0,0.6929513136335153
2022-05-30 13:00:00,1.1479415185580633,0.734628516279427,0.651972029942199,1.0,0.6898934604089361
2022-05-30 14:00:00,1.1479415185580633,0.734628516279427,0.6516491557374104,1.0,0.6895519398195046
2022-05-30 15:00:00,1.1479415185580633,0.734628516279427,0.6505885888130716,1.0,0.6884301238436235
2022-05-30 16:00:00,1.1479415185580633,0.734628516279427,0.6539862518025361,1.0,0.692024006072807
2022-05-30 17:00:00,1.1479415185580633,0.734628516279427,0.653815192621191,1.0,0.6918430680121811
2022-05-30 18:00:00,1.1479415185580633,0.734628516279427,0.6557588525692234,1.0,0.6938989767260438
2022-05-30 19:00:00,1.1479415185580633,0.734628516279427,0.6549185243408661,1.0,0.6930101185032187
2022-05-30 20:00:00,1.1479415185580633,0.734628516279427,0.6542321493757195,1.0,0.6922841045349569
2022-05-30 21:00:00,1.1479415185580633,0.734628516279427,0.6679040544447162,1.0,0.7067455790304887
2022-05-30 22:00:00,1.1479415185580633,0.734628516279427,0.6790293159514397,1.0,0.7185133381484512
2022-05-30 23:00:00,1.1479415185580633,0.734628516279427,0.678501170729037,1.0,0.7179546918862684
2022-05-31 00:00:00,1.1479415185580633,0.734628516279427,0.6776886396176485,1.0,0.717095236098295
2022-05-31 01:00:00,1.1479415185580633,0.734628516279427,0.6744214092539595,1.0,0.7136393191403387
2022-05-31 02:00:00,1.1479415185580633,0.734628516279427,0.6741070880082382,1.0,0.712308235791018
2022-05-31 03:00:00,1.1479415185580633,0.734628516279427,0.6769958499332013,1.0,0.7153596712874642
2022-05-31 04:00:00,1.1479415185580633,0.734628516279427,0.6784755118518353,1.0,0.7169226567527055
2022-05-31 05:00:00,1.1479415185580633,0.734628516279427,0.6767884406758206,1.0,0.7151405822843886
2022-05-31 06:00:00,1.1479415185580633,0.734628516279427,0.675815541581921,1.0,0.7141128967544974
2022-05-31 07:00:00,1.1479415185580633,0.734628516279427,0.6728968443002226,1.0,0.7110298401648236
2022-05-31 08:00:00,1.1479415185580633,0.734628516279427,0.6743529855814215,1.0,0.712567980485386
2022-05-31 09:00:00,1.1479415185580633,0.734628516279427,0.6753387141139219,1.0,0.7136092179123747
2022-05-31 10:00:00,1.1479415185580633,0.734628516279427,0.6736473664583735,1.0,0.7118226261450254
2022-05-31 11:00:00,1.1479415185580633,0.734628516279427,0.6761940100206467,1.0,0.7145126777188726
2022-05-31 12:00:00,1.1479415185580633,0.734628516279427,0.6783087291500239,1.0,0.7167464820904385
2022-05-31 13:00:00,1.1479415185580633,0.734628516279427,0.6751313048565412,1.0,0.7133901289092991
2022-05-31 14:00:00,1.1479415185580633,0.734628516279427,0.670386550813985,1.0,0.7083781856327526
2022-05-31 15:00:00,1.1479415185580633,0.734628516279427,0.6765596490207717,1.0,0.7148989067861504
2022-05-31 16:00:00,1.1479415185580633,0.734628516279427,0.6845181774328464,1.0,0.7233056002856124
2022-05-31 17:00:00,1.1479415185580633,0.734628516279427,0.6867098731938288,1.0,0.7256207160397631
2022-05-31 18:00:00,1.1479415185580633,0.734628516279427,0.6858139507315345,1.0,0.7246743418924566
2022-05-31 19:00:00,1.1479415185580633,0.734628516279427,0.6765168842254354,1.0,0.7148537337958255
2022-05-31 20:00:00,1.1479415185580633,0.734628516279427,0.6753793406694913,1.0,0.7136521322531835
2022-05-31 21:00:00,1.1479415185580633,0.734628516279427,0.6793521901562283,1.0,0.7178487030543658
2022-05-31 22:00:00,1.1479415185580633,0.734628516279427,0.6774384655649314,1.0,0.7158272117373269
2022-05-31 23:00:00,1.1479415185580633,0.734628516279427,0.6804619365952038,1.0,0.7190209421532966
2022-06-01 00:00:00,1.1479415185580633,0.734628516279427,0.6792153428111524,1.0,0.7177041494853261
2022-06-01 01:00:00,1.1479415185580633,0.734628516279427,0.6819437367536045,1.0,0.720586186268054
2022-06-01 02:00:00,1.1479415185580633,0.734628516279427,0.6817170833383225,1.0,0.7193382878810266
2022-06-01 03:00:00,1.1479415185580633,0.734628516279427,0.6791362279397802,1.0,0.7166158933000375
2022-06-01 04:00:00,1.1479415185580633,0.734628516279427,0.675496943856666,1.0,0.7127770237251879
2022-06-01 05:00:00,1.1479415185580633,0.734628516279427,0.6740536320140679,1.0,0.7112545578244691
2022-06-01 06:00:00,1.1479415185580633,0.734628516279427,0.675257461002783,1.0,0.7125244071609205
2022-06-01 07:00:00,1.1479415185580633,0.734628516279427,0.6744663122890625,1.0,0.7116898702968227
2022-06-01 08:00:00,1.1479415185580633,0.734628516279427,0.6724093256333893,1.0,0.7095200744501686
2022-06-01 09:00:00,1.1479415185580633,0.734628516279427,0.6751056459793394,1.0,0.7123642663032153
2022-06-01 10:00:00,1.1479415185580633,0.734628516279427,0.6766964963658476,1.0,0.7140423620515631
2022-06-01 11:00:00,1.1479415185580633,0.734628516279427,0.6736687488560417,1.0,0.7108485669176107
2022-06-01 12:00:00,1.1479415185580633,0.734628516279427,0.6748982367219586,1.0,0.7121454823145194
2022-06-01 13:00:00,1.1479415185580633,0.734628516279427,0.67731872413799,1.0,0.7146987140176508
2022-06-01 14:00:00,1.1479415185580633,0.734628516279427,0.6775389628339716,1.0,0.7149310310365753
2022-06-01 15:00:00,1.1479415185580633,0.734628516279427,0.6655840642977251,1.0,0.7023205023685472
2022-06-01 16:00:00,1.1479415185580633,0.734628516279427,0.6564580569729709,1.0,0.6926940068659277
2022-06-01 17:00:00,1.1479415185580633,0.734628516279427,0.6495301601284995,1.0,0.6853861705424774
2022-06-01 18:00:00,1.1479415185580633,0.734628516279427,0.6442636755828414,1.0,0.6798308616336322
2022-06-01 19:00:00,1.1479415185580633,0.734628516279427,0.6443064403781775,1.0,0.6798759717343942
2022-06-01 20:00:00,1.1479415185580633,0.734628516279427,0.6432629793719733,1.0,0.6787752852758004
2022-06-01 21:00:00,1.1479415185580633,0.734628516279427,0.6327214573215895,1.0,0.6676556454379577
2022-06-01 22:00:00,1.1479415185580633,0.734628516279427,0.6318511937364969,1.0,0.6667376548874502
2022-06-01 23:00:00,1.1479415185580633,0.734628516279427,0.6350286180299798,1.0,0.6700893353740698
2022-06-02 00:00:00,1.1479415185580633,0.734628516279427,0.6364291650772418,1.0,0.6715666911740266
2022-06-02 01:00:00,1.1479415185580633,0.734628516279427,0.6337435359301257,1.0,0.6687337768461704
2022-06-02 02:00:00,1.1471379594950726,0.734628516279427,0.6364291650772418,1.0,0.6706264743983005
2022-06-02 03:00:00,1.1476387914521304,0.734628516279427,0.6367071362469273,1.0,0.6703336838347527
2022-06-02 04:00:00,1.1441175575386626,0.734628516279427,0.6347527851000611,1.0,0.6723922267200043
2022-06-02 05:00:00,1.1472496835470316,0.734628516279427,0.6364911740304793,1.0,0.6705611595802783
2022-06-02 06:00:00,1.1495689207635607,0.734628516279427,0.6377783943701002,1.0,0.6692053140475415
2022-06-02 07:00:00,1.1510560064206705,0.734628516279427,0.6386037549200896,1.0,0.6683359512973149
2022-06-02 08:00:00,1.15314409042625,0.734628516279427,0.6397626808737018,1.0,0.6671152398708309
2022-06-02 09:00:00,1.1519652090504064,0.734628516279427,0.6391083795050573,1.0,0.6678044238127203
2022-06-02 10:00:00,1.151791844142194,0.734628516279427,0.6390121587155507,1.0,0.66790577439241
2022-06-02 11:00:00,1.1556097246763806,0.734628516279427,0.6411311543244615,1.0,0.665673809404134
2022-06-02 12:00:00,1.1610418251336996,0.734628516279427,0.6441460723956667,1.0,0.6624981579071922
2022-06-02 13:00:00,1.1579096991253306,0.734628516279427,0.6424076834652485,1.0,0.6643292250469182
2022-06-02 14:00:00,1.1503548416807898,0.734628516279427,0.6382145952825299,1.0,0.6687458580862818
2022-06-02 15:00:00,1.1565343375201795,0.734628516279427,0.6416443318684965,1.0,0.6651332729791226
2022-06-02 16:00:00,1.162451859720493,0.734628516279427,0.6449286681503199,1.0,0.6616738398590499
2022-06-02 17:00:00,1.1655916908358936,0.734628516279427,0.6466713335602718,1.0,0.6598382682491155
2022-06-02 18:00:00,1.161908649674761,0.734628516279427,0.6446271763431993,1.0,0.6619914050087441
2022-06-02 19:00:00,1.1598167131156658,0.734628516279427,0.6434661121498204,1.0,0.6632143686703322
2022-06-02 20:00:00,1.1654491463558079,0.734628516279427,0.6465922186888997,1.0,0.6599216009479714
2022-06-02 21:00:00,1.1638580417537707,0.734628516279427,0.6457091256652063,1.0,0.6608517740460118
2022-06-02 22:00:00,1.168377087027838,0.734628516279427,0.648217280911677,1.0,0.6582099022687687
2022-06-02 23:00:00,1.1730579395495704,0.734628516279427,0.6508152422283537,1.0,0.6554734366171487
2022-06-03 00:00:00,1.1718020071034099,0.734628516279427,0.6501181760643729,1.0,0.6562076652611226
2022-06-03 01:00:00,1.1698294997033056,0.734628516279427,0.6490233973037651,1.0,0.6573608096344801
2022-06-03 02:00:00,1.1777915797595766,0.734628516279427,0.6539007222118636,1.0,0.6512845933150868
2022-06-03 03:00:00,1.1777915797595766,0.734628516279427,0.6521879921586471,1.0,0.6495793460742212
2022-06-03 04:00:00,1.1777915797595766,0.734628516279427,0.6516855058134462,1.0,0.6490790550609835
2022-06-03 05:00:00,1.1777915797595766,0.734628516279427,0.6495515425261676,1.0,0.6469544149281695
2022-06-03 06:00:00,1.1777915797595766,0.734628516279427,0.651995550579634,1.0,0.6493877452606408
2022-06-03 07:00:00,1.1777915797595766,0.734628516279427,0.6482557692274795,1.0,0.6456643027833948
2022-06-03 08:00:00,1.1777915797595766,0.734628516279427,0.6498423431344542,1.0,0.6472439450464689
2022-06-03 09:00:00,1.1777915797595766,0.734628516279427,0.6499428404034944,1.0,0.6473440032491165
2022-06-03 10:00:00,1.1777915797595766,0.734628516279427,0.6459635761974569,1.0,0.6433821242038592
2022-06-03 11:00:00,1.1777915797595766,0.734628516279427,0.6367841128785325,1.0,0.6342427653960737
2022-06-03 12:00:00,1.1777915797595766,0.734628516279427,0.6352980362405981,1.0,0.6327631813356472
2022-06-03 13:00:00,1.1777915797595766,0.734628516279427,0.6305126556424726,1.0,0.6279987077712811
2022-06-03 14:00:00,1.1777915797595766,0.734628516279427,0.6344619844917746,1.0,0.6319307822455369
2022-06-03 15:00:00,1.1777915797595766,0.734628516279427,0.6292724765777216,1.0,0.6267639469726518
2022-06-03 16:00:00,1.1777915797595766,0.734628516279427,0.6297984835603573,1.0,0.6272876558631049
2022-06-03 17:00:00,1.1777915797595766,0.734628516279427,0.6306687471454498,1.0,0.6281541173200741
2022-06-03 18:00:00,1.1777915797595766,0.734628516279427,0.6298284189170927,1.0,0.6273174604341063
2022-06-03 19:00:00,1.1777915797595766,0.734628516279427,0.6307991797712253,1.0,0.628283980093723
2022-06-03 20:00:00,1.1777915797595766,0.734628516279427,0.631372228028731,1.0,0.6288545247386069
2022-06-03 21:00:00,1.1777915797595766,0.734628516279427,0.6332560172632925,1.0,0.6307300838137663
2022-06-03 22:00:00,1.1777915797595766,0.734628516279427,0.6362581058958968,1.0,0.6337190565056207
2022-06-03 23:00:00,1.1777915797595766,0.734628516279427,0.6347720292579624,1.0,0.6322394724451942
2022-06-04 00:00:00,1.1777915797595766,0.734628516279427,0.633989433503309,1.0,0.6314602958033004
2022-06-04 01:00:00,1.1777915797595766,0.734628516279427,0.6343101694683309,1.0,0.6317796304926011
2022-06-04 02:00:00,1.1777915797595766,0.7341142763180315,0.6316480609586498,1.0,0.6282483609016395
2022-06-04 03:00:00,1.1777915797595766,0.7336721076189086,0.6312674542801573,1.0,0.628626764876916
2022-06-04 04:00:00,1.1777915797595766,0.7333690481734422,0.6310065890286062,1.0,0.6288861204105326
2022-06-04 05:00:00,1.1777915797595766,0.7372591390881984,0.6343550725034339,1.0,0.6255570157741106
2022-06-04 06:00:00,1.1777915797595766,0.7364791336301949,0.633683665216655,1.0,0.6262245373934188
2022-06-04 07:00:00,1.1777915797595766,0.7368120022014448,0.6339701893454078,1.0,0.6259396714794464
2022-06-04 08:00:00,1.1777915797595766,0.7370231501757452,0.6341519397255868,1.0,0.6257589729519267
2022-06-04 09:00:00,1.1777915797595766,0.7381310560173678,0.635105594661585,1.0,0.6248108371487057
2022-06-04 10:00:00,1.1777915797595766,0.7375746190027411,0.634626628953819,1.0,0.6252870309153459
2022-06-04 11:00:00,1.1777915797595766,0.7376243008790471,0.6346693937491553,1.0,0.625244513614753
2022-06-04 12:00:00,1.1777915797595766,0.7365114268497938,0.6337114623336235,1.0,0.6261969011480334
2022-06-04 13:00:00,1.1777915797595766,0.7328026747835543,0.630519070361773,1.0,0.6293708176372913
2022-06-04 14:00:00,1.1777915797595766,0.7345340881728168,0.632009423479241,1.0,0.6278890897116297
2022-06-04 15:00:00,1.1777915797595766,0.7388812523495878,0.6357513430711623,1.0,0.6241688259097533
2022-06-04 16:00:00,1.1777915797595766,0.7407368704296151,0.6373486081769709,1.0,0.6225808047326095
2022-06-04 17:00:00,1.1777915797595766,0.7381807378936738,0.6351483594569213,1.0,0.6247683198481128
2022-06-04 18:00:00,1.1777915797595766,0.737097672990204,0.6342160869185912,1.0,0.6256951970010374
2022-06-04 19:00:00,1.1777915797595766,0.7386427793433191,0.6355460720535483,1.0,0.6243729089525991
2022-06-04 20:00:00,1.1777915797595766,0.7358357533320328,0.6331298611170506,1.0,0.6267751364360965
2022-06-04 21:00:00,1.1777915797595766,0.7382304197699797,0.6351911242522574,1.0,0.62472580254752
2022-06-04 22:00:00,1.1777915797595766,0.7405182701738688,0.6371604430774914,1.0,0.6227678808552182
2022-06-04 23:00:00,1.1777915797595766,0.7396115759312852,0.636379985562605,1.0,0.623543821591038
2022-06-05 00:00:00,1.1777915797595766,0.7409505024977308,0.6375324967969168,1.0,0.6223979803400601
2022-06-05 01:00:00,1.1777915797595766,0.7378801625420228,0.634889632445137,1.0,0.6250255495166996
2022-06-05 02:00:00,1.1777915797595766,0.736221403183442,0.6339060421524034,1.0,0.6251239008250811
2022-06-05 03:00:00,1.1777915797595766,0.736221403183442,0.6360870467145519,1.0,0.6272738222506142
2022-06-05 04:00:00,1.1777915797595766,0.736221403183442,0.6355503485330819,1.0,0.6267447729586447
2022-06-05 05:00:00,1.1777915797595766,0.736221403183442,0.6344641227315414,1.0,0.6256740277780851
2022-06-05 06:00:00,1.1777915797595766,0.736221403183442,0.6360079318431797,1.0,0.627195834904786
2022-06-05 07:00:00,1.1777915797595766,0.736221403183442,0.6348126558135317,1.0,0.6260175936529497
2022-06-05 08:00:00,1.1777915797595766,0.736221403183442,0.6328732723450331,1.0,0.6241058497971079
2022-06-05 09:00:00,1.1777915797595766,0.736221403183442,0.6338889362342689,1.0,0.6251070386962533
2022-06-05 10:00:00,1.1777915797595766,0.736221403183442,0.6327813280350603,1.0,0.624015215854659
2022-06-05 11:00:00,1.1777915797595766,0.736221403183442,0.6328305075496968,1.0,0.6240636944750387
2022-06-05 12:00:00,1.1777915797595766,0.736221403183442,0.6343721784215685,1.0,0.6255833938356362
2022-06-05 13:00:00,1.1777915797595766,0.736221403183442,0.6344256344157387,1.0,0.6256360879882228
2022-06-05 14:00:00,1.1777915797595766,0.736221403183442,0.6332324966258576,1.0,0.6244599545024899
2022-06-05 15:00:00,1.1777915797595766,0.736221403183442,0.6358839139367046,1.0,0.6270735844707851
2022-06-05 16:00:00,1.1777915797595766,0.736221403183442,0.6398824223006433,1.0,0.6310151070842626
2022-06-05 17:00:00,1.1777915797595766,0.736221403183442,0.6377548737326653,1.0,0.6289178798113161
2022-06-05 18:00:00,1.1777915797595766,0.736221403183442,0.6410135511372869,1.0,0.6321301153529949
2022-06-05 19:00:00,1.1777915797595766,0.736221403183442,0.6404640235172162,1.0,0.6315884194644047
2022-06-05 20:00:00,1.1777915797595766,0.736221403183442,0.6415481110789899,1.0,0.6326570568788609
2022-06-05 21:00:00,1.1777915797595766,0.736221403183442,0.6392644710080346,1.0,0.6304059626803615
2022-06-05 22:00:00,1.1777915797595766,0.736221403183442,0.6396600453648948,1.0,0.6307958994095023
2022-06-05 23:00:00,1.1777915797595766,0.736221403183442,0.6408681508331436,1.0,0.6319867872579594
2022-06-06 00:00:00,1.1777915797595766,0.736221403183442,0.6388475142535062,1.0,0.629994948290186
2022-06-06 01:00:00,1.1777915797595766,0.736221403183442,0.6468723280983522,1.0,0.6379053944764859
2022-06-06 02:00:00,1.1777915797595766,0.736221403183442,0.6585706378625813,1.0,0.648527782965987
2022-06-06 03:00:00,1.1777915797595766,0.736221403183442,0.6602106677637262,1.0,0.6501422185856874
2022-06-06 04:00:00,1.1777915797595766,0.736221403183442,0.6671791911637669,1.0,0.6570019913165919
2022-06-06 05:00:00,1.1777915797595766,0.736221403183442,0.6666980872162341,1.0,0.6565283954698741
2022-06-06 06:00:00,1.1777915797595766,0.736221403183442,0.6655391612626219,1.0,0.6553875556968914
2022-06-06 07:00:00,1.1777915797595766,0.736221403183442,0.6677223040645371,1.0,0.6575366284057756
2022-06-06 08:00:00,1.1777915797595766,0.736221403183442,0.6680943577839624,1.0,0.6579028758605707
2022-06-06 09:00:00,1.1777915797595766,0.736221403183442,0.6718918716098208,1.0,0.6616411257439971
2022-06-06 10:00:00,1.1777915797595766,0.736221403183442,0.6720223042355963,1.0,0.6617695228402184
2022-06-06 11:00:00,1.1777915797595766,0.736221403183442,0.6722468194111116,1.0,0.6619905342353534
2022-06-06 12:00:00,1.1777915797595766,0.736221403183442,0.6705383658374287,1.0,0.6603087427618974
2022-06-06 13:00:00,1.1777915797595766,0.736221403183442,0.6707072867790068,1.0,0.6604750275258562
2022-06-06 14:00:00,1.1777915797595766,0.736221403183442,0.6715005737324942,1.0,0.6612559344553331
2022-06-06 15:00:00,1.1777915797595766,0.736221403183442,0.6726616379258732,1.0,0.6623988790987456
2022-06-06 16:00:00,1.1777915797595766,0.736221403183442,0.6734805837565622,1.0,0.6632050444733809
2022-06-06 17:00:00,1.1777915797595766,0.736221403183442,0.6686182265268314,1.0,0.6584185691158857
2022-06-06 18:00:00,1.1777915797595766,0.736221403183442,0.6694222046791528,1.0,0.6592100003975121
2022-06-06 19:00:00,1.1777915797595766,0.736221403183442,0.6694606929949554,1.0,0.6592478880652495
2022-06-06 20:00:00,1.1777915797595766,0.736221403183442,0.6721377691830042,1.0,0.6618831858434306
2022-06-06 21:00:00,1.1777915797595766,0.736221403183442,0.6718726274519194,1.0,0.6616221819101283
2022-06-06 22:00:00,1.1777915797595766,0.736221403183442,0.6724050491538557,1.0,0.6621462946471628
2022-06-06 23:00:00,1.1777915797595766,0.736221403183442,0.6705533335157964,1.0,0.6603234768549064
2022-06-07 00:00:00,1.1777915797595766,0.736221403183442,0.6698776497494838,1.0,0.6596583377990717
2022-06-07 01:00:00,1.1777915797595766,0.736221403183442,0.6448944563140508,1.0,0.6350650316966205
2022-06-07 02:00:00,1.1777915797595766,0.736221403183442,0.6312738689994577,1.0,0.6207866740818685
2022-06-07 03:00:00,1.1777915797595766,0.736221403183442,0.6274870463724335,1.0,0.6170642800741656
2022-06-07 04:00:00,1.1777915797595766,0.736221403183442,0.6310963950988123,1.0,0.6206122197043195
2022-06-07 05:00:00,1.1777915797595766,0.736221403183442,0.6302753110283564,1.0,0.6198051054756588
2022-06-07 06:00:00,1.1777915797595766,0.736221403183442,0.6292297117823853,1.0,0.6187772959500989
2022-06-07 07:00:00,1.1777915797595766,0.736221403183442,0.63013204896398,1.0,0.6196642808576374
2022-06-07 08:00:00,1.1777915797595766,0.736221403183442,0.6315582548884436,1.0,0.621066221457941
2022-06-07 09:00:00,1.1777915797595766,0.736221403183442,0.6328818253041004,1.0,0.6223672727796622
2022-06-07 10:00:00,1.1777915797595766,0.736221403183442,0.6311284686953145,1.0,0.6206437476038765
2022-06-07 11:00:00,1.1777915797595766,0.736221403183442,0.6318554702160306,1.0,0.6213583799938365
2022-06-07 12:00:00,1.1777915797595766,0.736221403183442,0.6301790902388499,1.0,0.6197105217769877
2022-06-07 13:00:00,1.1777915797595766,0.736221403183442,0.6298775984317294,1.0,0.6194141595211514
2022-06-07 14:00:00,1.1777915797595766,0.736221403183442,0.6311412981339153,1.0,0.6206563587636993
2022-06-07 15:00:00,1.1777915797595766,0.736221403183442,0.6384647693352469,1.0,0.6278552291625603
2022-06-07 16:00:00,1.1777915797595766,0.736221403183442,0.6381205127327901,1.0,0.6275168297073146
2022-06-07 17:00:00,1.1777915797595766,0.736221403183442,0.6385930637212556,1.0,0.6279813407607885
2022-06-07 18:00:00,1.1777915797595766,0.736221403183442,0.6392302591717656,1.0,0.6286076950319887
2022-06-07 19:00:00,1.1777915797595766,0.736221403183442,0.6444539789220877,1.0,0.6337425389398478
2022-06-07 20:00:00,1.1777915797595766,0.736221403183442,0.6632320005542317,1.0,0.6522010732005183
2022-06-07 21:00:00,1.1777915797595766,0.736221403183442,0.669636028655834,1.0,0.6584961438120771
2022-06-07 22:00:00,1.1777915797595766,0.736221403183442,0.6706773514222715,1.0,0.659519749617696
2022-06-07 23:00:00,1.1777915797595766,0.736221403183442,0.6676560186317659,1.0,0.6565498214794214
2022-06-08 00:00:00,1.1777915797595766,0.736221403183442,0.6646774506365967,1.0,0.6536219305405563
2022-06-08 01:00:00,1.1777915797595766,0.736221403183442,0.6637580075368674,1.0,0.652718130753254
2022-06-08 02:00:00,1.1777915797595766,0.736221403183442,0.664549156250588,1.0,0.6525809408232898
2022-06-08 03:00:00,1.1777915797595766,0.736221403183442,0.6614401556296431,1.0,0.6556328736791079
2022-06-08 04:00:00,1.1777915797595766,0.736221403183442,0.6409002244296459,1.0,0.6757957808407233
2022-06-08 05:00:00,1.1777915797595766,0.736221403183442,0.6456663608698701,1.0,0.6711171299909169
2022-06-08 06:00:00,1.1777915797595766,0.736221403183442,0.6521965451177143,1.0,0.6647068115991228
2022-06-08 07:00:00,1.1777915797595766,0.736221403183442,0.6518865003515265,1.0,0.6650111652883207
2022-06-08 08:00:00,1.1777915797595766,0.736221403183442,0.6524873457260008,1.0,0.6644213488285649
2022-06-08 09:00:00,1.1777915797595766,0.736221403183442,0.6513433874507563,1.0,0.6655443089921568
2022-06-08 10:00:00,1.1777915797595766,0.736221403183442,0.6517838648427196,1.0,0.6651119168544
2022-06-08 11:00:00,1.1777915797595766,0.736221403183442,0.6487796379703485,1.0,0.6680609991531788
2022-06-08 12:00:00,1.1777915797595766,0.736221403183442,0.6493077831927512,1.0,0.6675425483860625
2022-06-08 13:00:00,1.1777915797595766,0.736221403183442,0.6434981857463226,1.0,0.6732455068243417
2022-06-08 14:00:00,1.1777915797595766,0.736221403183442,0.6569049490842346,1.0,0.660084833505236
2022-06-08 15:00:00,1.1777915797595766,0.736221403183442,0.6495686484443023,1.0,0.6672864714889444
2022-06-08 16:00:00,1.1777915797595766,0.736221403183442,0.650629215368641,1.0,0.6662453719727919
2022-06-08 17:00:00,1.1777915797595766,0.736221403183442,0.6477639740811127,1.0,0.6690580198591717
2022-06-08 18:00:00,1.1777915797595766,0.736221403183442,0.6487090760580437,1.0,0.6681302658548584
2022-06-08 19:00:00,1.1777915797595766,0.736221403183442,0.6455744165598971,1.0,0.6712073866021963
2022-06-08 20:00:00,1.1777915797595766,0.736221403183442,0.643470388629354,1.0,0.6732727937068215
2022-06-08 21:00:00,1.1777915797595766,0.736221403183442,0.6448752121561496,1.0,0.6718937566461113
2022-06-08 22:00:00,1.1777915797595766,0.736221403183442,0.6495173306898987,1.0,0.667336847271984
2022-06-08 23:00:00,1.1777915797595766,0.736221403183442,0.6471866493440736,1.0,0.6696247474183676
2022-06-09 00:00:00,1.1777915797595766,0.736221403183442,0.6448901798345172,1.0,0.6718790637093914
2022-06-09 01:00:00,1.1777915797595766,0.736221403183442,0.645281477711844,1.0,0.6714949483637142
2022-06-09 02:00:00,1.1769671256537448,0.7357060482012135,0.6424098217050151,1.0,0.6734002692566747
2022-06-09 03:00:00,1.181345183632942,0.7384427123479559,0.6448003737643112,1.0,0.6708953688582246
2022-06-09 04:00:00,1.1850496942307243,0.7407583512413531,0.6468231485837155,1.0,0.6687758377518438
2022-06-09 05:00:00,1.1837065154410422,0.7399187485559037,0.6460897323436989,1.0,0.6695443358168424
2022-06-09 06:00:00,1.1859151242963795,0.7412993197354766,0.6472956995721809,1.0,0.6682806830219177
2022-06-09 07:00:00,1.1865416800000212,0.741690971133937,0.6476378179348709,1.0,0.6679221999595277
2022-06-09 08:00:00,1.1926623460299723,0.7455169157326474,0.6509798866903982,1.0,0.6644202685438054
2022-06-09 09:00:00,1.1934142128743424,0.7459868974107999,0.6513904287256261,1.0,0.6639900888689375
2022-06-09 10:00:00,1.194878786831605,0.7469023825547012,0.6521901303984139,1.0,0.6631521347106009
2022-06-09 11:00:00,1.1905712163690676,0.7442097791902857,0.6498380666549205,1.0,0.665616705764532
2022-06-09 12:00:00,1.1851945852371915,0.7408489206272472,0.6469022634550875,1.0,0.6686929385436661
2022-06-09 13:00:00,1.1779970265916062,0.736349825187433,0.6429721787636868,1.0,0.6728110127228711
2022-06-09 14:00:00,1.180146895849727,0.7376936790484002,0.6441460723956667,1.0,0.6715809677150455
2022-06-09 15:00:00,1.178114505786039,0.7364232598246443,0.6430363259566912,1.0,0.672743797148673
2022-06-09 16:00:00,1.1851632574520095,0.7408293380573242,0.646885157536953,1.0,0.6687108626967856
2022-06-09 17:00:00,1.1868862856370244,0.7419063794030903,0.6478259830343504,1.0,0.6677250342752131
2022-06-09 18:00:00,1.1861422507389496,0.7414412933674186,0.647419717478656,1.0,0.6681507329118013
2022-06-09 19:00:00,1.1793832810859135,0.7372163539065266,0.6437291156411383,1.0,0.6720178689473333
2022-06-09 20:00:00,1.1741162972021746,0.7339240343382186,0.640853183154776,1.0,0.6750313671905491
2022-06-09 21:00:00,1.1809731661839047,0.7382101693301201,0.6445972409864641,1.0,0.6711082181765187
2022-06-09 22:00:00,1.1788937844424434,0.7369103762514794,0.6434618356702868,1.0,0.6722979338398255
2022-06-09 23:00:00,1.1762739984065913,0.7352727838416667,0.6420313532662895,1.0,0.6737968411444436
2022-06-10 00:00:00,1.1776250091425688,0.736117282169597,0.6427690459858397,1.0,0.6730238620411652
2022-06-10 01:00:00,1.1637507162800504,0.7274446515149388,0.6351932624920242,1.0,0.6809620213539636
2022-06-10 02:00:00,1.1680383681451718,0.7296137166737895,0.6379815271479473,1.0,0.6770976217448694
2022-06-10 03:00:00,1.1680383681451718,0.7330236301361209,0.6409643716226502,1.0,0.6739331468413189
2022-06-10 04:00:00,1.1680383681451718,0.7352969057776751,0.6429529346057855,1.0,0.6718234969056186
2022-06-10 05:00:00,1.1680383681451718,0.7347835854715178,0.6425039042547549,1.0,0.6722998694717445
2022-06-10 06:00:00,1.1680383681451718,0.7349718029171088,0.6426685487167995,1.0,0.6721251995308316
2022-06-10 07:00:00,1.1680383681451718,0.7349498034754163,0.6426493045588981,1.0,0.6721456154979514
2022-06-10 08:00:00,1.1680383681451718,0.73382049880187,0.641661437786631,1.0,0.6731936351434283
2022-06-10 09:00:00,1.1680383681451718,0.73319473690484,0.641114048406327,1.0,0.6737743559859436
2022-06-10 10:00:00,1.1680383681451718,0.7300805937141517,0.6383899309434083,1.0,0.676664349553774
2022-06-10 11:00:00,1.1680383681451718,0.7326056407439642,0.6405987326225254,1.0,0.6743210502165928
2022-06-10 12:00:00,1.1680383681451718,0.7329356323693511,0.640887394991045,1.0,0.6740148107097976
2022-06-10 13:00:00,1.1680383681451718,0.7238034196845696,0.6328989312222348,1.0,0.6824897055052562
2022-06-10 14:00:00,1.1680383681451718,0.7177706838960148,0.6276217554777426,1.0,0.6880882173776308
2022-06-10 15:00:00,1.1680383681451718,0.7216963620469139,0.6310557685432429,1.0,0.6844451014671634
2022-06-10 16:00:00,1.1680383681451718,0.7190710953382803,0.6287592990336867,1.0,0.6868814068767786
2022-06-10 17:00:00,1.1680383681451718,0.7091909016359552,0.620116533896232,1.0,0.6960504445543062
2022-06-10 18:00:00,1.1680383681451718,0.7109019693231465,0.6216133017330006,1.0,0.6944625360005533
2022-06-10 19:00:00,1.1680383681451718,0.7094475617890339,0.6203410490717473,1.0,0.6958122582712433
2022-06-10 20:00:00,1.1680383681451718,0.7076411631878418,0.6187608898840731,1.0,0.6974886360158482
2022-06-10 21:00:00,1.1680383681451718,0.7128648083985961,0.6233303082657506,1.0,0.6926409780453197
2022-06-10 22:00:00,1.1680383681451718,0.7127083679243387,0.6231934609206747,1.0,0.6927861582559484
2022-06-10 23:00:00,1.1680383681451718,0.7122732678553099,0.622812854242182,1.0,0.6931899407167599
2022-06-11 00:00:00,1.1680383681451718,0.7102590967492447,0.621050944674329,1.0,0.6950591359286061
2022-06-11 01:00:00,1.1680383681451718,0.7137398973014739,0.6240957981022693,1.0,0.6918288762421145
2022-06-11 02:00:00,1.1680383681451718,0.7121011217612471,0.6235355792833647,1.0,0.6914752635493964
2022-06-11 03:00:00,1.1680383681451718,0.713546146802432,0.6248014172253173,1.0,0.6900720933525605
2022-06-11 04:00:00,1.1680383681451718,0.7136779565190267,0.6249168821727252,1.0,0.6899441014764977
2022-06-11 05:00:00,1.1680383681451718,0.7162311595478771,0.6271534809688106,1.0,0.6874648514327638
2022-06-11 06:00:00,1.1680383681451718,0.7139562214762819,0.6251606415061418,1.0,0.6896738964048096
2022-06-11 07:00:00,1.1680383681451718,0.714551806121635,0.6256823720092439,1.0,0.6890955627426002
2022-06-11 08:00:00,1.1680383681451718,0.7149106214612537,0.6259966932549653,1.0,0.6887471404133183
2022-06-11 09:00:00,1.1680383681451718,0.7072461305333467,0.6192826203871753,1.0,0.6961896309843741
2022-06-11 10:00:00,1.1680383681451718,0.7089206021182334,0.6207494528672084,1.0,0.694563660114392
2022-06-11 11:00:00,1.1680383681451718,0.7052567801810398,0.6175399549772234,1.0,0.6981213602249507
2022-06-11 12:00:00,1.1680383681451718,0.7006287945761634,0.6134858523793476,1.0,0.7026152972067093
2022-06-11 13:00:00,1.1680383681451718,0.6941139772874425,0.6077788904417261,1.0,0.7089414141921069
2022-06-11 14:00:00,1.1680383681451718,0.7015099669408049,0.6142577569351668,1.0,0.7017596478130306
2022-06-11 15:00:00,1.1680383681451718,0.6929716264102895,0.606778194230858,1.0,0.710050677117984
2022-06-11 16:00:00,1.1680383681451718,0.6925420243710183,0.606401864031899,1.0,0.7104678358251515
2022-06-11 17:00:00,1.1680383681451718,0.6941847639870953,0.6078408993949637,1.0,0.7088726778142213
2022-06-11 18:00:00,1.1680383681451718,0.694814521521936,0.6083925652548011,1.0,0.7082611610730326
2022-06-11 19:00:00,1.1680383681451718,0.6975703209670336,0.610806637951532,1.0,0.7055851827753504
2022-06-11 20:00:00,1.1680383681451718,0.6971431598484401,0.6104324459923399,1.0,0.7059999712625908
2022-06-11 21:00:00,1.1680383681451718,0.6926543067221915,0.6065002230611725,1.0,0.7103588057085054
2022-06-11 22:00:00,1.1680383681451718,0.6963840335176825,0.6097674534248614,1.0,0.7067371096599151
2022-06-11 23:00:00,1.1680383681451718,0.6981927557398414,0.6113518890920691,1.0,0.7049807766939431
2022-06-12 00:00:00,1.1680383681451718,0.6931278453336609,0.6069150415759339,1.0,0.7098989830426503
2022-06-12 01:00:00,1.1680383681451718,0.6950659363517367,0.6086128039507828,1.0,0.7080170284205426
2022-06-12 02:00:00,1.1680383681451718,0.6875993234797502,0.6029165332119952,1.0,0.7133632177378805
2022-06-12 03:00:00,1.1680383681451718,0.6676098368474909,0.585380828884369,1.0,0.7341016972825549
2022-06-12 04:00:00,1.1680383681451718,0.670746828591878,0.5881327434642563,1.0,0.7308471645214287
2022-06-12 05:00:00,1.1680383681451718,0.6679193923653908,0.5856523853347542,1.0,0.7337805429230654
2022-06-12 06:00:00,1.1680383681451718,0.6639049204127837,0.5821307044388147,1.0,0.7379454344984927
2022-06-12 07:00:00,1.1680383681451718,0.6689869932853919,0.5865889343526179,1.0,0.7326729396989992
2022-06-12 08:00:00,1.1680383681451718,0.672972215897725,0.5900849563713557,1.0,0.7285383934173819
2022-06-12 09:00:00,1.1680383681451718,0.6711197576803715,0.5884598941485785,1.0,0.7304602620253507
2022-06-12 10:00:00,1.1680383681451718,0.6688285593589077,0.5864499487677751,1.0,0.7328373100404701
2022-06-12 11:00:00,1.1680383681451718,0.6682362602183592,0.5859303565044398,1.0,0.7334518022401234
2022-06-12 12:00:00,1.1680383681451718,0.6684483179353458,0.5861163833641525,1.0,0.7332317988600006
2022-06-12 13:00:00,1.1680383681451718,0.6679145174753451,0.5856481088552206,1.0,0.7337856004720338
2022-06-12 14:00:00,1.1680383681451718,0.6649968957830131,0.5830886358543464,1.0,0.7368125435295847
2022-06-12 15:00:00,1.1680383681451718,0.6770914979863141,0.5936985815772682,1.0,0.7242647645391354
2022-06-12 16:00:00,1.1680383681451718,0.6838992819350886,0.5996706852459744,1.0,0.7172018974048499
2022-06-12 17:00:00,1.1680383681451718,0.680126117039742,0.5963606900869494,1.0,0.7211164403063443
2022-06-12 18:00:00,1.1680383681451718,0.684728013242852,0.6003976867666906,1.0,0.7163421140802322
2022-06-12 19:00:00,1.1680383681451718,0.6794923813338053,0.5958047477475782,1.0,0.7217739216722284
2022-06-12 20:00:00,1.1680383681451718,0.6676220240726051,0.5853915200832032,1.0,0.7340890534101341
2022-06-12 21:00:00,1.1680383681451718,0.6665592980426496,0.5844592475448731,1.0,0.735191599085232
2022-06-12 22:00:00,1.1680383681451718,0.6664106138962567,0.5843288149190975,1.0,0.7353458543287664
2022-06-12 23:00:00,1.1680383681451718,0.6571995091549682,0.5762484068403145,1.0,0.7449020931044431
2022-06-13 00:00:00,1.1680383681451718,0.6470183012945917,0.5673169793343402,1.0,0.7554647841248193
2022-06-13 01:00:00,1.1680383681451718,0.6403518891571415,0.561468893572109,1.0,0.7623809823390231
2022-06-13 02:00:00,1.1672207412874702,0.6264917093734367,0.5500806285740677,1.0,0.7748504961187286
2022-06-13 03:00:00,1.147862717972493,0.6161015229350824,0.5409524830095468,1.0,0.7877011707502838
2022-06-13 04:00:00,1.1554898426423905,0.620195290465959,0.5445490022973247,1.0,0.782637962802222
2022-06-13 05:00:00,1.1497717664184066,0.6171261817522637,0.5418526819513746,1.0,0.786433863647945
2022-06-13 06:00:00,1.1428656362922154,0.6134193993803702,0.5385961427865198,1.0,0.791018444923152
2022-06-13 07:00:00,1.1484839522648689,0.6164349629777282,0.5412454218576,1.0,0.7872887691516605
2022-06-13 08:00:00,1.1238023591743507,0.6031874144221032,0.5296069828068416,1.0,0.8036734545626597
2022-06-13 09:00:00,1.0953162728626413,0.5878978498388889,0.5161745605917278,1.0,0.822583723486396
2022-06-13 10:00:00,1.0892172938608506,0.5846242961355423,0.5132986281053656,1.0,0.8266324837064573
2022-06-13 11:00:00,1.0864738869492645,0.5831518054362674,0.5120049930464442,1.0,0.8284536732478232
2022-06-13 12:00:00,1.074697642735398,0.5768310478395455,0.5064519843720332,1.0,0.8362712422377855
2022-06-13 13:00:00,1.0724575716373426,0.5756287165908813,0.5053956939272279,1.0,0.8377582961773471
2022-06-13 14:00:00,1.0712740522920137,0.5749934768016074,0.50483761334809,1.0,0.8385439663761842
2022-06-13 15:00:00,1.0325942821170884,0.5542325748762942,0.4865984281371826,1.0,0.8642212337941197
2022-06-13 16:00:00,1.053707178944105,0.5655646685883995,0.49655407249145983,1.0,0.8502055999022198
2022-06-13 17:00:00,1.0749016977949375,0.5769405719411445,0.5065482051615396,1.0,0.8361357818586757
2022-06-13 18:00:00,1.0659731553008662,0.5721482840289589,0.5023380110606865,1.0,0.8420629260023937
2022-06-13 19:00:00,1.0588811083426501,0.5683417130311642,0.4989938040653925,1.0,0.846770926734123
2022-06-13 20:00:00,1.0512041035470876,0.5642211729421189,0.49537376414017953,1.0,0.8518672472193007
2022-06-13 21:00:00,1.0529499079453697,0.5651582124780211,0.4961969864504022,1.0,0.8507083084202497
2022-06-13 22:00:00,1.0443977336722268,0.5605679356865626,0.4921642662501946,1.0,0.8563856034202761
2022-06-13 23:00:00,1.0229628833068256,0.5490630372808234,0.48205680687247365,1.0,0.8706149636881052
2022-06-14 00:00:00,1.0181607875723302,0.5464855700898613,0.47979241095941966,1.0,0.8738027979431571
2022-06-14 01:00:00,0.9848726055261253,0.5286185383156848,0.4640955928312518,1.0,0.8959009011219455
2022-06-14 02:00:00,0.9426265927711605,0.5059434985319705,0.4447979789357724,1.0,0.9219833693888324
2022-06-14 03:00:00,0.9740924283467212,0.5228324077325152,0.45965874531511663,1.0,0.8912066256314733
2022-06-14 04:00:00,1.0002022806869022,0.5368465572806506,0.47198997405032217,1.0,0.8656685707755468
2022-06-14 05:00:00,0.9937551799876794,0.5333861534386972,0.4689451206223817,1.0,0.8719744820144648
2022-06-14 06:00:00,1.0288565646232652,0.5522263999180962,0.48552289353447614,1.0,0.8376418065683058
2022-06-14 07:00:00,1.023532273596379,0.5493686506778314,0.48300832356870504,1.0,0.8428494973105582
2022-06-14 08:00:00,1.034466085526592,0.5552372428676609,0.48817217260555634,1.0,0.8321551323934328
2022-06-14 09:00:00,1.0225407602163723,0.5488364677835984,0.4825400490597732,1.0,0.843819296862049
2022-06-14 10:00:00,1.008541858979015,0.5413227257335144,0.47592861170079015,1.0,0.8575116266027331
2022-06-14 11:00:00,1.0122543748310955,0.5433153740132909,0.4776819683095761,1.0,0.8538804136702102
2022-06-14 12:00:00,0.9944750458663145,0.5337725328002637,0.46928510074530483,1.0,0.8712703809702316
2022-06-14 13:00:00,1.0017823636532146,0.5376946478289945,0.47273621972893964,1.0,0.8641230911249974
2022-06-14 14:00:00,1.013517535712474,0.5439933604401904,0.47827853720451663,1.0,0.8526449156114616
2022-06-14 15:00:00,1.017958972359902,0.5463772481992889,0.4803761504157594,1.0,0.8483007450177968
2022-06-14 16:00:00,1.0258322224413265,0.5506031205877416,0.4840945493702456,1.0,0.8405999166157757
2022-06-14 17:00:00,1.016872382354415,0.5457940340686226,0.47986297287172447,1.0,0.8493635390468279
2022-06-14 18:00:00,1.0111270377004027,0.5427102893527246,0.4771495466076398,1.0,0.85498306247533
2022-06-14 19:00:00,1.0081479701020257,0.5411113106111478,0.47574258484107745,1.0,0.8578968894382569
2022-06-14 20:00:00,1.0036205117458301,0.5386812517333716,0.47360434507426535,1.0,0.8623251978925531
2022-06-14 21:00:00,0.9945474852000136,0.533811413742308,0.46931931258157383,1.0,0.8711995280349629
2022-06-14 22:00:00,0.9713170963743731,0.5213427816404383,0.45834800433806083,1.0,0.8939211787139569
2022-06-14 23:00:00,0.9763878497333124,0.5240644475835478,0.46074283287689044,1.0,0.8889614732451452
2022-06-15 00:00:00,1.000935728940606,0.5372402268188503,0.47233636889254577,1.0,0.8649511848059508
2022-06-15 01:00:00,0.9863165659084497,0.5293935667025109,0.4654319926855094,1.0,0.8792501928048735
2022-06-15 02:00:00,1.0015964227495089,0.5372185298905098,0.47297997906235617,1.0,0.862327515842965
2022-06-15 03:00:00,1.0015964227495089,0.5328819133440346,0.46915894459906293,1.0,0.8692885262430485
2022-06-15 04:00:00,1.0015964227495089,0.5199764142986204,0.45778778551915605,1.0,0.8900040569132469
2022-06-15 05:00:00,1.0015964227495089,0.5124777320777988,0.4511806246397066,1.0,0.9020407229100338
2022-06-15 06:00:00,1.0015964227495089,0.5143487624960038,0.4528292074999188,1.0,0.8990373994525831
2022-06-15 07:00:00,1.0015964227495089,0.517042463876299,0.45520265364108026,1.0,0.8947135485605333
2022-06-15 08:00:00,1.0015964227495089,0.5021445965126665,0.44207599971262057,1.0,0.9186271707463829
2022-06-15 09:00:00,1.0015964227495089,0.491170796835464,0.4324068794870961,1.0,0.9362419939300304
2022-06-15 10:00:00,1.0015964227495089,0.4906223495274039,0.4319236372997966,1.0,0.9371223455530963
2022-06-15 11:00:00,1.0015964227495089,0.49872529449029174,0.43906321988118224,1.0,0.9241157346264712
2022-06-15 12:00:00,1.0015964227495089,0.5132178932678799,0.45183278776858427,1.0,0.9008526377550112
2022-06-15 13:00:00,1.0015964227495089,0.5137008181099328,0.45225829748217994,1.0,0.9000774608833734
2022-06-15 14:00:00,1.0015964227495089,0.5225172299248989,0.46002652255500837,1.0,0.8859256137745297
2022-06-15 15:00:00,1.0015964227495089,0.5141546218559826,0.4526581483185738,1.0,0.8993490283457037
2022-06-15 16:00:00,1.0015964227495089,0.5191634503685314,0.457071475197274,1.0,0.8913090029031898
2022-06-15 17:00:00,1.0015964227495089,0.5023144695726851,0.4422256764962974,1.0,0.9183544954649023
2022-06-15 18:00:00,1.0015964227495089,0.5118006665957247,0.45058405574476607,1.0,0.9031275286747922
2022-06-15 19:00:00,1.0015964227495089,0.5220949740328525,0.45965446883558303,1.0,0.8866034066170674
2022-06-15 20:00:00,1.0015964227495089,0.5242111070090845,0.4615190139122432,1.0,0.8832066516820517
2022-06-15 21:00:00,1.0015964227495089,0.5256040661012371,0.4627463635383934,1.0,0.8809707143739106
2022-06-15 22:00:00,1.0015964227495089,0.5383008639586284,0.4739336339983544,1.0,0.860590184763817
2022-06-15 23:00:00,1.0015964227495089,0.5446759572253269,0.4795507898657698,1.0,0.8503570709859662
2022-06-16 00:00:00,1.0015964227495089,0.5472822953176125,0.4818472593753261,1.0,0.8461734530958208
2022-06-16 01:00:00,1.0015964227495089,0.5495003521298556,0.4838016105221924,1.0,0.8426130929919168
2022-06-16 02:00:00,1.0015964227495089,0.5414633958321641,0.4773890294615228,1.0,0.8530880265363938
2022-06-16 03:00:00,1.0015964227495089,0.5393792922957248,0.4792279156609812,1.0,0.8563715795645095
2022-06-16 04:00:00,1.0015964227495089,0.5453771484035006,0.4739357722381212,1.0,0.8469218193963859
2022-06-16 05:00:00,1.0015964227495089,0.5481034466343079,0.4715302525004576,1.0,0.8426264738654206
2022-06-16 06:00:00,1.0015964227495089,0.5518112122282056,0.468258745657235,1.0,0.8367848039433078
2022-06-16 07:00:00,1.0015964227495089,0.5552911804588182,0.46518823335209286,1.0,0.8313020340033379
2022-06-16 08:00:00,1.0015964227495089,0.5562484140598571,0.4643436286442021,1.0,0.8297938904613545
2022-06-16 09:00:00,1.0015964227495089,0.5556449933847719,0.4648760503461382,1.0,0.8307445936055414
2022-06-16 10:00:00,1.0015964227495089,0.5679387808735584,0.45402876000910036,1.0,0.8113754488245752
2022-06-16 11:00:00,1.0015964227495089,0.568769998911929,0.4532953437690838,1.0,0.8100658456982455
2022-06-16 12:00:00,1.0015964227495089,0.5737136863704594,0.4489333346447871,1.0,0.8022769524687616
2022-06-16 13:00:00,1.0015964227495089,0.571283040036682,0.45107798913089964,1.0,0.8061064916399245
2022-06-16 14:00:00,1.0015964227495089,0.5742880265310828,0.4484265718200526,1.0,0.8013720663435716
2022-06-16 15:00:00,1.0015964227495089,0.5764714884919337,0.4465000177901549,1.0,0.797931971833883
2022-06-16 16:00:00,1.0015964227495089,0.5727564527694204,0.44977793935267785,1.0,0.803785096010745
2022-06-16 17:00:00,1.0015964227495089,0.5702191778826159,0.45201667638853016,1.0,0.8077826309182301
2022-06-16 18:00:00,1.0015964227495089,0.5731417695860412,0.4494379592297547,1.0,0.8031780205090352
2022-06-16 19:00:00,1.0015964227495089,0.5740359954057459,0.4486489487558011,1.0,0.8017691471748787
2022-06-16 20:00:00,1.0015964227495089,0.5777364908710283,0.44538385663187896,1.0,0.795938931507515
2022-06-16 21:00:00,1.0015964227495089,0.5817059810950835,0.4418814198938407,1.0,0.7896849084144296
2022-06-16 22:00:00,1.0015964227495089,0.5822827446319122,0.44137251882933937,1.0,0.7887762042043232
2022-06-16 23:00:00,1.0015964227495089,0.5899890809643272,0.4345729163708768,1.0,0.7766346941701279
2022-06-17 00:00:00,1.0015964227495089,0.5892426810931373,0.435231494219055,1.0,0.7778106643243834
2022-06-17 01:00:00,1.0015964227495089,0.5900593588742769,0.4345109074176393,1.0,0.776523969707552
2022-06-17 02:00:00,1.0015964227495089,0.5768863360923737,0.4454651097430178,1.0,0.7949694731761469
2022-06-17 03:00:00,1.0015964227495089,0.5686527678586238,0.43910170819698496,1.0,0.8063156171071689
2022-06-17 04:00:00,1.0015964227495089,0.5631388224655244,0.4348401963417283,1.0,0.813914025996459
2022-06-17 05:00:00,1.0015964227495089,0.5672860397983172,0.4380454177521797,1.0,0.8081990159989447
2022-06-17 06:00:00,1.0015964227495089,0.5748915771217643,0.44392343887114627,1.0,0.7977183205465322
2022-06-17 07:00:00,1.0015964227495089,0.5773068678032374,0.44579012218757325,1.0,0.7943899658248312
2022-06-17 08:00:00,1.0015964227495089,0.5830255457397834,0.4502098637855739,1.0,0.7865094283566112
2022-06-17 09:00:00,1.0015964227495089,0.5821734156940861,0.44955128593739574,1.0,0.7876836932526983
2022-06-17 10:00:00,1.0015964227495089,0.5795782923730991,0.447545617036126,1.0,0.791259863618054
2022-06-17 11:00:00,1.0015964227495089,0.5835927102182508,0.4506482029377704,1.0,0.7857278559420079
2022-06-17 12:00:00,1.0015964227495089,0.5795948923090543,0.44755844647472687,1.0,0.7912369883278704
2022-06-17 13:00:00,1.0015964227495089,0.5707720263488968,0.440739599858363,1.0,0.8033952050604072
2022-06-17 14:00:00,1.0015964227495089,0.5748113440979811,0.4438614299179087,1.0,0.7978288844490858
2022-06-17 15:00:00,1.0015964227495089,0.5677287047571209,0.43838753611486964,1.0,0.8075890082607178
2022-06-17 16:00:00,1.0015964227495089,0.5710763585080744,0.44097480623271235,1.0,0.8029758247403761
2022-06-17 17:00:00,1.0015964227495089,0.5685559348988855,0.4390268698051465,1.0,0.806449056299906
2022-06-17 18:00:00,1.0015964227495089,0.5690511663215472,0.43940961472340584,1.0,0.8057666101427646
2022-06-17 19:00:00,1.0015964227495089,0.5671089738147956,0.43790857040710374,1.0,0.8084430190942357
2022-06-17 20:00:00,1.0015964227495089,0.5669429744552442,0.437780276021095,1.0,0.8086717719960708
2022-06-17 21:00:00,1.0015964227495089,0.5706585934532034,0.44065193202792374,1.0,0.8035515195433278
2022-06-17 22:00:00,1.0015964227495089,0.5680607034762237,0.43864412488688714,1.0,0.8071315024570476
2022-06-17 23:00:00,1.0015964227495089,0.5651474147160965,0.43639255841243396,1.0,0.8111461158842539
2022-06-18 00:00:00,1.0015964227495089,0.5655790130509302,0.43672612381605663,1.0,0.8105513583394827
2022-06-18 01:00:00,1.0015964227495089,0.5684591019391472,0.4389520314133081,1.0,0.8065824954926432
2022-06-18 02:00:00,1.0008953052535843,0.5630761087374827,0.4350967851137458,1.0,0.8123435538716891
2022-06-18 03:00:00,0.9968114892313634,0.5630761087374827,0.4368736623599667,1.0,0.8156580480085245
2022-06-18 04:00:00,0.9975142397622629,0.5630761087374827,0.4365678940733126,1.0,0.8150876837948453
2022-06-18 05:00:00,0.9959072507860102,0.5630761087374827,0.4372670984770601,1.0,0.8163919432205312
2022-06-18 06:00:00,0.9991556291141545,0.5630761087374827,0.4358537219911973,1.0,0.8137555044426154
2022-06-18 07:00:00,1.048161421380804,0.5630761087374827,0.4145311950365468,1.0,0.7739815748005917
2022-06-18 08:00:00,1.0567271149147761,0.5630761087374827,0.41080424312299324,1.0,0.7670295130912008
2022-06-18 09:00:00,1.0688901048726538,0.5630761087374827,0.40551209970013324,1.0,0.7571578247775216
2022-06-18 10:00:00,1.0610812196027275,0.5630761087374827,0.4089097626895978,1.0,0.7634956481029505
2022-06-18 11:00:00,1.04995515525338,0.5630761087374827,0.41375073752166036,1.0,0.7725257500593825
2022-06-18 12:00:00,1.0571202620649296,0.5630761087374827,0.41063318394164827,1.0,0.7667104282164152
2022-06-18 13:00:00,1.0615235101466503,0.5630761087374827,0.4087173211105847,1.0,0.7631366776188167
2022-06-18 14:00:00,1.0594103442145746,0.5630761087374827,0.40963676421031386,1.0,0.7648517588207892
2022-06-18 15:00:00,1.0652584080731098,0.5630761087374827,0.4070922588878074,1.0,0.7601053713083535
2022-06-18 16:00:00,1.0713865892761294,0.5630761087374827,0.4044258738985927,1.0,0.7551316358226332
2022-06-18 17:00:00,1.0753426324745503,0.5630761087374827,0.40270459088630894,1.0,0.7519208442701032
2022-06-18 18:00:00,1.087952827315728,0.5630761087374827,0.397217867644669,1.0,0.7416861969113554
2022-06-18 19:00:00,1.1079001308466474,0.5630761087374827,0.38853875243117864,1.0,0.7254966280769216
2022-06-18 20:00:00,1.1149866082281665,0.5630761087374827,0.38545541068743555,1.0,0.7197451232089114
2022-06-18 21:00:00,1.127837605698813,0.5630761087374827,0.37986391369722183,1.0,0.7093150363643574
2022-06-18 22:00:00,1.0931669413946403,0.5630761087374827,0.3949491952520814,1.0,0.7374543337595115
2022-06-18 23:00:00,1.060250696248028,0.5630761087374827,0.40927112521018894,1.0,0.7641697149009349
2022-06-19 00:00:00,1.0707477251571298,0.5630761087374827,0.4047038450682783,1.0,0.7556501487441597
2022-06-19 01:00:00,1.07061995233333,0.5630761087374827,0.40475943930221536,1.0,0.7557538513284651
2022-06-19 02:00:00,1.0939811589712873,0.5626819554613665,0.3943184145208718,1.0,0.7352468822198781
2022-06-19 03:00:00,1.0939811589712873,0.5594480929986055,0.39204974212828414,1.0,0.7394725149599992
2022-06-19 04:00:00,1.0939811589712873,0.5573724470635062,0.39059360084708505,1.0,0.7421847259835831
2022-06-19 05:00:00,1.0939811589712873,0.5633555498103486,0.39479096550933723,1.0,0.7343667080110499
2022-06-19 06:00:00,1.0939811589712873,0.551739857213193,0.38664213375801626,1.0,0.7495447347524274
2022-06-19 07:00:00,1.0939811589712873,0.5558576217628538,0.38953089568297944,1.0,0.7441641222812648
2022-06-19 08:00:00,1.0939811589712873,0.5572901527312776,0.3905358683733811,1.0,0.7422922585792319
2022-06-19 09:00:00,1.0939811589712873,0.5682871138676036,0.3982506374520393,1.0,0.7279227176495833
2022-06-19 10:00:00,1.0939811589712873,0.578543426013872,0.4054458142673621,1.0,0.7145209700807731
2022-06-19 11:00:00,1.0939811589712873,0.6057950417344621,0.42456381602242926,1.0,0.6789117501661426
2022-06-19 12:00:00,1.0939811589712873,0.5996046791879328,0.4202210510560339,1.0,0.6870005909721614
2022-06-19 13:00:00,1.0939811589712873,0.5890283335274421,0.4128013590651958,1.0,0.7008205208573832
2022-06-19 14:00:00,1.0939811589712873,0.5839839957556519,0.4092625722511217,1.0,0.7074118707017757
2022-06-19 15:00:00,1.0939811589712873,0.5927315784777292,0.41539932038187255,1.0,0.6959815540531917
2022-06-19 16:00:00,1.0939811589712873,0.6035944303319046,0.4230200069107909,1.0,0.6817872514275634
2022-06-19 17:00:00,1.0939811589712873,0.5943805130605319,0.41655610809571786,1.0,0.69382691945149
2022-06-19 18:00:00,1.0939811589712873,0.5920915114492845,0.414950290030842,1.0,0.696817918686015
2022-06-19 19:00:00,1.0939811589712873,0.6165999827622546,0.43214387599577825,1.0,0.664793118626341
2022-06-19 20:00:00,1.0939811589712873,0.6125797522359757,0.429323537743353,1.0,0.6700462850582165
2022-06-19 21:00:00,1.0939811589712873,0.6285174212442485,0.44050439348401366,1.0,0.6492208057009182
2022-06-19 22:00:00,1.0939811589712873,0.6209920617526774,0.4352250794997545,1.0,0.6590540641696827
2022-06-19 23:00:00,1.0939811589712873,0.6300078630390554,0.4415499927299848,1.0,0.6472732709130584
2022-06-20 00:00:00,1.0939811589712873,0.6263930082974583,0.4390140403665456,1.0,0.6519967397441458
2022-06-20 01:00:00,1.0939811589712873,0.610842427444483,0.4281047410762701,1.0,0.6723164176330224
2022-06-20 02:00:00,1.0932153721600075,0.6023279504287011,0.4224277144953839,1.0,0.6818611362246855
2022-06-20 03:00:00,1.0850500134595407,0.6023279504287011,0.42558589463096547,1.0,0.686954040059528
2022-06-20 04:00:00,1.0833693979924166,0.6023279504287011,0.4262359195200764,1.0,0.6880022748366384
2022-06-20 05:00:00,1.0898154428432931,0.6023279504287011,0.4237427319519734,1.0,0.6839817427639056
2022-06-20 06:00:00,1.0763207640431307,0.6023279504287011,0.4289621752227618,1.0,0.6923986542472168
2022-06-20 07:00:00,1.074540638449664,0.6023279504287011,0.42965068842767534,1.0,0.6935089555571825
2022-06-20 08:00:00,1.0772882236047974,0.6023279504287011,0.4285879832635697,1.0,0.6917952296222355
2022-06-20 09:00:00,1.0508848700818254,0.6023279504287011,0.4388002163898644,1.0,0.7082635496731547
2022-06-20 10:00:00,1.0459646471682063,0.6023279504287011,0.44070324978232717,1.0,0.7113323949087741
2022-06-20 11:00:00,1.0330891424875106,0.6023279504287011,0.4456832101992326,1.0,0.7193631146320972
2022-06-20 12:00:00,1.0378048168080916,0.6023279504287011,0.4438592916781419,1.0,0.7164218506029025
2022-06-20 13:00:00,1.051548270924111,0.6023279504287011,0.43854362761784693,1.0,0.7078497727874532
2022-06-20 14:00:00,1.0529635260543206,0.6023279504287011,0.4379962382375431,1.0,0.7069670487646235
2022-06-20 15:00:00,1.0354773855197392,0.6023279504287011,0.4447594906199698,1.0,0.7178735178435719
2022-06-20 16:00:00,1.0364503734217583,0.6023279504287011,0.4443831604210109,1.0,0.7172666450778764
2022-06-20 17:00:00,1.0665521866404732,0.6023279504287011,0.4327404448907189,1.0,0.6984915188891713
2022-06-20 18:00:00,1.083258831185369,0.6023279504287011,0.4262786843154126,1.0,0.688071237650922
2022-06-20 19:00:00,1.0794332196615213,0.6023279504287011,0.4277583462340466,1.0,0.6904573510251341
2022-06-20 20:00:00,1.0779682094681402,0.6023279504287011,0.4283249797722518,1.0,0.6913711083143915
2022-06-20 21:00:00,1.056872062683454,0.6023279504287011,0.43648450272240685,1.0,0.7045292132796988
2022-06-20 22:00:00,1.0587185283611493,0.6023279504287011,0.4357703306402916,1.0,0.7033775342811629
2022-06-20 23:00:00,1.0548210484127207,0.6023279504287011,0.43727778967589415,1.0,0.7058084734846591
2022-06-21 00:00:00,1.0500169206465015,0.6023279504287011,0.4391359200332539,1.0,0.7088049077652808
2022-06-21 01:00:00,1.044687600546806,0.6023279504287011,0.44119718316846085,1.0,0.7121289154137496
2022-06-21 02:00:00,1.0441810514355003,0.601906320863401,0.4410838564608197,1.0,0.7109494540680232
2022-06-21 03:00:00,1.0441810514355003,0.6087922011839676,0.43603333413160955,1.0,0.7028161072580709
2022-06-21 04:00:00,1.0441810514355003,0.603559281973376,0.4398714745130373,1.0,0.7089970376238053
2022-06-21 05:00:00,1.0441810514355003,0.6022561539025492,0.44082726768880226,1.0,0.7105362442385591
2022-06-21 06:00:00,1.0441810514355003,0.5955218678989468,0.44576660155013825,1.0,0.7184905334557438
2022-06-21 07:00:00,1.0441810514355003,0.5867818724708947,0.45217704437104106,1.0,0.7288138923618563
2022-06-21 08:00:00,1.0441810514355003,0.5888837859811101,0.4506353734991695,1.0,0.7263311899698259
2022-06-21 09:00:00,1.0441810514355003,0.5819337696033662,0.45573293710324964,1.0,0.7345402919151802
2022-06-21 10:00:00,1.0441810514355003,0.5864582769096827,0.4524143889851572,1.0,0.7291961114541107
2022-06-21 11:00:00,1.0441810514355003,0.5836479514951923,0.4544756521203641,1.0,0.732515563750806
2022-06-21 12:00:00,1.0441810514355003,0.5933878863601428,0.44733179305944476,1.0,0.7210111134154751
2022-06-21 13:00:00,1.0441810514355003,0.5894347730177684,0.45023124618324206,1.0,0.72568038448842
2022-06-21 14:00:00,1.0441810514355003,0.5744036134357018,0.46125601042092534,1.0,0.7434346334943959
2022-06-21 15:00:00,1.0441810514355003,0.5751732461218277,0.4606915151224869,1.0,0.7425255718695747
2022-06-21 16:00:00,1.0441810514355003,0.5808638635586381,0.45651767109766966,1.0,0.7358040253102914
2022-06-21 17:00:00,1.0441810514355003,0.5806568790104754,0.4566694861211133,1.0,0.7360485077927243
2022-06-21 18:00:00,1.0441810514355003,0.5852571834752739,0.4532953437690838,1.0,0.7306147985352709
2022-06-21 19:00:00,1.0441810514355003,0.5892452801215631,0.4503702317680848,1.0,0.7259042064793797
2022-06-21 20:00:00,1.0441810514355003,0.595536444275578,0.4457559103513042,1.0,0.7184733163795162
2022-06-21 21:00:00,1.0441810514355003,0.5963614671929024,0.4451507884972964,1.0,0.7174988298650299
2022-06-21 22:00:00,1.0441810514355003,0.5931925629132851,0.4474750551238212,1.0,0.7212418222369259
2022-06-21 23:00:00,1.0441810514355003,0.5953615277560038,0.44588420473731294,1.0,0.7186799212942482
2022-06-22 00:00:00,1.0441810514355003,0.6003903776937589,0.442195741139562,1.0,0.7127400299957012
2022-06-22 01:00:00,1.0441810514355003,0.6042735244283036,0.43934760577016835,1.0,0.7081534008886493
2022-06-22 02:00:00,1.0441810514355003,0.6089588549386845,0.43560568617824713,1.0,0.7011444414922767
2022-06-22 03:00:00,1.0441810514355003,0.6089588549386845,0.4367517826932584,1.0,0.6993013710811898
2022-06-22 04:00:00,1.0441810514355003,0.6089588549386845,0.43355511424187426,1.0,0.7044420245598745
2022-06-22 05:00:00,1.0441810514355003,0.6089588549386845,0.4360247811725423,1.0,0.7004704829091182
2022-06-22 06:00:00,1.0441810514355003,0.6089588549386845,0.43463706356388115,1.0,0.7027021110747813
2022-06-22 07:00:00,1.0441810514355003,0.6089588549386845,0.4291631697608421,1.0,0.7115048354262413
2022-06-22 08:00:00,1.0441810514355003,0.6089588549386845,0.42890658098882467,1.0,0.711917463130216
2022-06-22 09:00:00,1.0441810514355003,0.6089588549386845,0.4317889281944875,1.0,0.7072822785889002
2022-06-22 10:00:00,1.0441810514355003,0.6089588549386845,0.4358366160730628,1.0,0.7007730765586996
2022-06-22 11:00:00,1.0441810514355003,0.6089588549386845,0.4357211511256549,1.0,0.7009587590254882
2022-06-22 12:00:00,1.0441810514355003,0.6089588549386845,0.4375878344420819,1.0,0.6979568924790723
2022-06-22 13:00:00,1.0441810514355003,0.6089588549386845,0.4344852485404375,1.0,0.7029462491329662
2022-06-22 14:00:00,1.0441810514355003,0.6089588549386845,0.44224492065419874,1.0,0.6904676996519317
2022-06-22 15:00:00,1.0441810514355003,0.6089588549386845,0.44161200168322234,1.0,0.6914855146550694
2022-06-22 16:00:00,1.0441810514355003,0.6089588549386845,0.4285601861466012,1.0,0.7124745105305816
2022-06-22 17:00:00,1.0441810514355003,0.6089588549386845,0.4336128467155782,1.0,0.7043491833264801
2022-06-22 18:00:00,1.0441810514355003,0.6089588549386845,0.43241115596662977,1.0,0.7062816564067617
2022-06-22 19:00:00,1.0441810514355003,0.6089588549386845,0.43241115596662977,1.0,0.7062816564067617
2022-06-22 20:00:00,1.0441810514355003,0.6089588549386845,0.4291503403222413,1.0,0.7115254668114399
2022-06-22 21:00:00,1.0441810514355003,0.6089588549386845,0.4242088682211385,1.0,0.7194719886771525
2022-06-22 22:00:00,1.0441810514355003,0.6089588549386845,0.4268474560933846,1.0,0.7152288004546128
2022-06-22 23:00:00,1.0441810514355003,0.6089588549386845,0.42883815731628677,1.0,0.7120274971846091
2022-06-23 00:00:00,1.0441810514355003,0.6089588549386845,0.42646684941489205,1.0,0.7158408648821752
2022-06-23 01:00:00,1.0441810514355003,0.6089588549386845,0.43565700393265056,1.0,0.7010619159514818
2022-06-23 02:00:00,1.0441810514355003,0.6085325837402275,0.434786740347558,1.0,0.7014798087173915
2022-06-23 03:00:00,1.0441810514355003,0.6080362457657015,0.43443179254626724,1.0,0.7020519573200016
2022-06-23 04:00:00,1.0441810514355003,0.6036379737143291,0.4312864418492866,1.0,0.7071220211419262
2022-06-23 05:00:00,1.0441810514355003,0.607904686302574,0.4343377099965275,1.0,0.7022036111664766
2022-06-23 06:00:00,1.0441810514355003,0.6076774472298995,0.4341752037742498,1.0,0.7024655587194788
2022-06-23 07:00:00,1.0441810514355003,0.6136424728876071,0.43844099210904,1.0,0.6955894354531702
2022-06-23 08:00:00,1.0441810514355003,0.6109126140277139,0.4364887792019405,1.0,0.6987362527675259
2022-06-23 09:00:00,1.0441810514355003,0.6143271800934292,0.43893064901564,1.0,0.6948001461158344
2022-06-23 10:00:00,1.0441810514355003,0.6196583283378867,0.44274313051986597,1.0,0.688654718655269
2022-06-23 11:00:00,1.0441810514355003,0.618079614780358,0.4416141399229892,1.0,0.6904745648129686
2022-06-23 12:00:00,1.0441810514355003,0.6163932616620887,0.4404081726945071,1.0,0.6924184913905116
2022-06-23 13:00:00,1.0441810514355003,0.614129840898738,0.4387895251910303,1.0,0.695027626885547
2022-06-23 14:00:00,1.0441810514355003,0.6110531434542363,0.43658927647098067,1.0,0.698574258886064
2022-06-23 15:00:00,1.0441810514355003,0.6154514155056087,0.4397346271679613,1.0,0.6935041950641393
2022-06-23 16:00:00,1.0441810514355003,0.6077342569980682,0.43421583032981925,1.0,0.7024000718312281
2022-06-23 17:00:00,1.0441810514355003,0.6058206648071244,0.43284735687905945,1.0,0.7046059459617733
2022-06-23 18:00:00,1.0441810514355003,0.6067176611466293,0.4334888288091031,1.0,0.7035719424630802
2022-06-23 19:00:00,1.0441810514355003,0.6100963473587644,0.4359050397456008,1.0,0.6996771959513365
2022-06-23 20:00:00,1.0441810514355003,0.6244931386078181,0.4462006642228012,1.0,0.6830814397973135
2022-06-23 21:00:00,1.0441810514355003,0.621670590126176,0.4441821658829305,1.0,0.6863351041398676
2022-06-23 22:00:00,1.0441810514355003,0.6177955659395148,0.44141100714514203,1.0,0.6908019992542215
2022-06-23 23:00:00,1.0441810514355003,0.6269718384926499,0.4479732649894884,1.0,0.6802241434625919
2022-06-24 00:00:00,1.0441810514355003,0.6303594946681801,0.4503958906452865,1.0,0.6763190569158612
2022-06-24 01:00:00,1.0441810514355003,0.6274562165159826,0.44831965983171196,1.0,0.6796657815732976
2022-06-24 02:00:00,1.0441810514355003,0.628178989854463,0.4491514351010019,1.0,0.6773429633169659
2022-06-24 03:00:00,1.0441810514355003,0.628178989854463,0.45186486136508647,1.0,0.6814314411749646
2022-06-24 04:00:00,1.0441810514355003,0.628178989854463,0.4497501422357093,1.0,0.678245070330551
2022-06-24 05:00:00,1.0441810514355003,0.628178989854463,0.44918564693727087,1.0,0.6773945122891707
2022-06-24 06:00:00,1.0441810514355003,0.628178989854463,0.4463631704450789,1.0,0.673141722082269
2022-06-24 07:00:00,1.0441810514355003,0.628178989854463,0.4447894259767052,1.0,0.670770469360845
2022-06-24 08:00:00,1.0441810514355003,0.628178989854463,0.44627336437487275,1.0,0.6730064060302311
2022-06-24 09:00:00,1.0441810514355003,0.628178989854463,0.44918564693727087,1.0,0.6773945122891707
2022-06-24 10:00:00,1.0441810514355003,0.628178989854463,0.44441095753797943,1.0,0.6702002088558285
2022-06-24 11:00:00,1.0441810514355003,0.628178989854463,0.4479754032292553,1.0,0.6755709673974235
2022-06-24 12:00:00,1.0441810514355003,0.628178989854463,0.45185844664578606,1.0,0.6814217757426762
2022-06-24 13:00:00,1.0441810514355003,0.628178989854463,0.45274581614901305,1.0,0.68275882720924
2022-06-24 14:00:00,1.0441810514355003,0.628178989854463,0.4523587947512201,1.0,0.6821756794611724
2022-06-24 15:00:00,1.0441810514355003,0.628178989854463,0.45085561219515113,1.0,0.6799107464949209
2022-06-24 16:00:00,1.0441810514355003,0.628178989854463,0.44566824252086495,1.0,0.6720946335843575
2022-06-24 17:00:00,1.0441810514355003,0.628178989854463,0.44902527895475997,1.0,0.6771528764819603
2022-06-24 18:00:00,1.0441810514355003,0.628178989854463,0.44753920231682554,1.0,0.6749137180018113
2022-06-24 19:00:00,1.0441810514355003,0.628178989854463,0.4508278150781826,1.0,0.6798688629550044
2022-06-24 20:00:00,1.0441810514355003,0.628178989854463,0.45350061478669773,1.0,0.6838961264085098
2022-06-24 21:00:00,1.0441810514355003,0.628178989854463,0.45235665651145324,1.0,0.6821724576504096
2022-06-24 22:00:00,1.0441810514355003,0.628178989854463,0.4548840559158252,1.0,0.6859806379720443
2022-06-24 23:00:00,1.0441810514355003,0.628178989854463,0.4546745084186776,1.0,0.6856649005172895
2022-06-25 00:00:00,1.0441810514355003,0.628178989854463,0.4532739613714157,1.0,0.6835546144676526
2022-06-25 01:00:00,1.0441810514355003,0.628178989854463,0.4522497445231126,1.0,0.6820113671122693
2022-06-25 02:00:00,1.0441810514355003,0.628178989854463,0.45517271828434486,1.0,0.6854546050552112
2022-06-25 03:00:00,1.0441810514355003,0.628178989854463,0.4519012114411223,1.0,0.6805320901309064
2022-06-25 04:00:00,1.0441810514355003,0.628178989854463,0.4546381583426418,1.0,0.6846502725512398
2022-06-25 05:00:00,1.0441810514355003,0.628178989854463,0.45316704938307506,1.0,0.6824367495003106
2022-06-25 06:00:00,1.0441810514355003,0.628178989854463,0.45277788974551525,1.0,0.6818511954374195
2022-06-25 07:00:00,1.0441810514355003,0.628178989854463,0.4546787848982113,1.0,0.6847114018215417
2022-06-25 08:00:00,1.0441810514355003,0.628178989854463,0.4589253290751001,1.0,0.6911010192330902
2022-06-25 09:00:00,1.0441810514355003,0.628178989854463,0.45651980933743647,1.0,0.687481522965219
2022-06-25 10:00:00,1.0441810514355003,0.628178989854463,0.4573751052441613,1.0,0.6887684549715732
2022-06-25 11:00:00,1.0441810514355003,0.628178989854463,0.4574200082792643,1.0,0.6888360189019067
2022-06-25 12:00:00,1.0441810514355003,0.628178989854463,0.45536943634289156,1.0,0.6857505994166726
2022-06-25 13:00:00,1.0441810514355003,0.628178989854463,0.45138161917778696,1.0,0.6797502789370462
2022-06-25 14:00:00,1.0441810514355003,0.628178989854463,0.45172801402001056,1.0,0.6802714863996198
2022-06-25 15:00:00,1.0441810514355003,0.628178989854463,0.45089837699048735,1.0,0.6790231623534561
2022-06-25 16:00:00,1.0441810514355003,0.628178989854463,0.44745367272615305,1.0,0.6738400436978647
2022-06-25 17:00:00,1.0441810514355003,0.628178989854463,0.4492305499723739,1.0,0.6765136449410654
2022-06-25 18:00:00,1.0441810514355003,0.628178989854463,0.4502034490662734,1.0,0.6779775300982933
2022-06-25 19:00:00,1.0441810514355003,0.628178989854463,0.4531649111433082,1.0,0.6824335321702947
2022-06-25 20:00:00,1.0441810514355003,0.628178989854463,0.452508471534897,1.0,0.681445811855418
2022-06-25 21:00:00,1.0441810514355003,0.628178989854463,0.4529104606110576,1.0,0.6820506698984043
2022-06-25 22:00:00,1.0441810514355003,0.628178989854463,0.4591926090459516,1.0,0.6915031854850758
2022-06-25 23:00:00,1.0441810514355003,0.628178989854463,0.45739862588159624,1.0,0.6888038456017479
2022-06-26 00:00:00,1.0441810514355003,0.628178989854463,0.4586345284668137,1.0,0.6906634623509298
2022-06-26 01:00:00,1.0441810514355003,0.628178989854463,0.45819405107485034,1.0,0.6900006923676573
2022-06-26 02:00:00,1.0441810514355003,0.628178989854463,0.4566245830860103,1.0,0.686676478365445
2022-06-26 03:00:00,1.0441810514355003,0.628178989854463,0.45573293710324964,1.0,0.6853367270446079
2022-06-26 04:00:00,1.0441810514355003,0.628178989854463,0.45720618430258314,1.0,0.6875503689152475
2022-06-26 05:00:00,1.0441810514355003,0.628178989854463,0.45719763134351593,1.0,0.6875375175836328
2022-06-26 06:00:00,1.0441810514355003,0.628178989854463,0.457561132103874,1.0,0.6880836991772594
2022-06-26 07:00:00,1.0441810514355003,0.628178989854463,0.4583907691333971,1.0,0.6893302783438896
2022-06-26 08:00:00,1.0441810514355003,0.628178989854463,0.4566716243608801,1.0,0.686747160689326
2022-06-26 09:00:00,1.0441810514355003,0.628178989854463,0.45784551799286,1.0,0.6885110059534497
2022-06-26 10:00:00,1.0441810514355003,0.628178989854463,0.4569987750452024,1.0,0.68723872412359
2022-06-26 11:00:00,1.0441810514355003,0.628178989854463,0.4571014105540094,1.0,0.6873929401029669
2022-06-26 12:00:00,1.0441810514355003,0.628178989854463,0.4632851999596301,1.0,0.696684452860427
2022-06-26 13:00:00,1.0441810514355003,0.628178989854463,0.4578946975074967,1.0,0.6885849011102344
2022-06-26 14:00:00,1.0441810514355003,0.628178989854463,0.4567763981094539,1.0,0.6869045895016066
2022-06-26 15:00:00,1.0441810514355003,0.628178989854463,0.4569474572907989,1.0,0.6871616161339016
2022-06-26 16:00:00,1.0441810514355003,0.628178989854463,0.45504870037786976,1.0,0.6843086205154283
2022-06-26 17:00:00,1.0441810514355003,0.628178989854463,0.45569017230791337,1.0,0.6852724703865342
2022-06-26 18:00:00,1.0441810514355003,0.628178989854463,0.45370588580431176,1.0,0.6822909614519135
2022-06-26 19:00:00,1.0441810514355003,0.628178989854463,0.4521214501371039,1.0,0.6799102522702821
2022-06-26 20:00:00,1.0441810514355003,0.628178989854463,0.454180575032544,1.0,0.6830042103565317
2022-06-26 21:00:00,1.0441810514355003,0.628178989854463,0.45664382724391156,1.0,0.6867053938615781
2022-06-26 22:00:00,1.0441810514355003,0.628178989854463,0.45628887944262075,1.0,0.6861720635995663
2022-06-26 23:00:00,1.0441810514355003,0.628178989854463,0.45125118655201135,1.0,0.6786026292784818
2022-06-27 00:00:00,1.0441810514355003,0.628178989854463,0.44895257880268835,1.0,0.6751488339070193
2022-06-27 01:00:00,1.0441810514355003,0.628178989854463,0.44918137045773726,1.0,0.6754926070277137
2022-06-27 02:00:00,1.0441810514355003,0.6277392645615648,0.45004094284399576,1.0,0.6758366631755655
2022-06-27 03:00:00,1.0441810514355003,0.6290295942703266,0.45096680066302536,1.0,0.6744474683712944
2022-06-27 04:00:00,1.0441810514355003,0.6301500653338241,0.4517707788153468,1.0,0.6732411467860613
2022-06-27 05:00:00,1.0441810514355003,0.6323880274845864,0.45337659688022264,1.0,0.6708317119176836
2022-06-27 06:00:00,1.0441810514355003,0.6305136224342143,0.4520316440668978,1.0,0.6728497339312783
2022-06-27 07:00:00,1.0441810514355003,0.6330436222557818,0.4538470096289213,1.0,0.6701258854582387
2022-06-27 08:00:00,1.0441810514355003,0.6359312192252742,0.4559189639629623,1.0,0.6670170407345928
2022-06-27 09:00:00,1.0441810514355003,0.6395548703242449,0.4585190635194058,1.0,0.6631157453951158
2022-06-27 10:00:00,1.0441810514355003,0.6385595582625209,0.45780489143729053,1.0,0.6641873182926367
2022-06-27 11:00:00,1.0441810514355003,0.6381155418038478,0.4574862937120356,1.0,0.6646653553038061
2022-06-27 12:00:00,1.0441810514355003,0.634238592725097,0.45470444377541297,1.0,0.668839356320796
2022-06-27 13:00:00,1.0441810514355003,0.6322569085303473,0.4532825143304829,1.0,0.6709728772095727
2022-06-27 14:00:00,1.0441810514355003,0.6173093477470932,0.44255710366015333,1.0,0.6870657204849158
2022-06-27 15:00:00,1.0441810514355003,0.6195771096601825,0.44418430412269727,1.0,0.6846242025956543
2022-06-27 16:00:00,1.0441810514355003,0.617726544419672,0.442856457227507,1.0,0.6866165581925417
2022-06-27 17:00:00,1.0441810514355003,0.6177980638492571,0.44290777498191053,1.0,0.6865395589424205
2022-06-27 18:00:00,1.0441810514355003,0.6167729520252061,0.4421722205021271,1.0,0.6876432148608252
2022-06-27 19:00:00,1.0441810514355003,0.619755908234145,0.444312598508706,1.0,0.6844317044703511
2022-06-27 20:00:00,1.0441810514355003,0.6207601602245669,0.4450331853101217,1.0,0.683350506666565
2022-06-27 21:00:00,1.0441810514355003,0.6225511259404234,0.4463182674099759,1.0,0.6814223171114451
2022-06-27 22:00:00,1.0441810514355003,0.6190705137006225,0.44382080336233926,1.0,0.6851696139506798
2022-06-27 23:00:00,1.0441810514355003,0.619451950658409,0.44409449805249124,1.0,0.6847589512833663
2022-06-28 00:00:00,1.0441810514355003,0.6173093477470932,0.44255710366015333,1.0,0.6870657204849158
2022-06-28 01:00:00,1.0441810514355003,0.6182271804267666,0.4432156815083314,1.0,0.686077563441693
2022-06-28 02:00:00,1.0441810514355003,0.6128622394552807,0.4399826629809115,1.0,0.6899823374758786
2022-06-28 03:00:00,1.0441810514355003,0.61352583318931,0.44045949044891064,1.0,0.6892352397983535
2022-06-28 04:00:00,1.0441810514355003,0.6162248444752492,0.4423988739174092,1.0,0.6861965958812454
2022-06-28 05:00:00,1.0441810514355003,0.6172901653576817,0.443164363753928,1.0,0.6849972193406446
2022-06-28 06:00:00,1.0441810514355003,0.616448026224362,0.4425592418999201,1.0,0.6859453298462034
2022-06-28 07:00:00,1.0441810514355003,0.6199594190770724,0.4450823648247584,1.0,0.6819920775615421
2022-06-28 08:00:00,1.0441810514355003,0.6205605219213499,0.44551428925765446,1.0,0.6813153343738289
2022-06-28 09:00:00,1.0441810514355003,0.6275178409803642,0.4505134938324612,1.0,0.6734825345081188
2022-06-28 10:00:00,1.0441810514355003,0.625967471763193,0.4493994709139521,1.0,0.6752279958982107
2022-06-28 11:00:00,1.0441810514355003,0.624911078150725,0.4486403957967338,1.0,0.6764173217974097
2022-06-28 12:00:00,1.0441810514355003,0.6241165511238829,0.44806948577899497,1.0,0.6773118288821592
2022-06-28 13:00:00,1.0441810514355003,0.6227685333592408,0.44710086316462905,1.0,0.6788294757338131
2022-06-28 14:00:00,1.0441810514355003,0.6258038051471768,0.4492818677267774,1.0,0.6754122576572416
2022-06-28 15:00:00,1.0441810514355003,0.6197332615713047,0.4449198586024807,1.0,0.6822466938103846
2022-06-28 16:00:00,1.0441810514355003,0.6124486092802581,0.4396854476533246,1.0,0.6904480171941564
2022-06-28 17:00:00,1.0441810514355003,0.6156058870910426,0.4419541200459123,1.0,0.6868934403517619
2022-06-28 18:00:00,1.0441810514355003,0.6132431363071003,0.44025635767106347,1.0,0.6895535101094067
2022-06-28 19:00:00,1.0441810514355003,0.6048872116203114,0.434252180405855,1.0,0.6989609104613803
2022-06-28 20:00:00,1.0441810514355003,0.6020632185548691,0.4322229908671503,1.0,0.702140263358112
2022-06-28 21:00:00,1.0441810514355003,0.6027268122888982,0.4326998183351494,1.0,0.7013931656805871
2022-06-28 22:00:00,1.0441810514355003,0.6061459566853086,0.4351566558272166,1.0,0.6975437700237432
2022-06-28 23:00:00,1.0441810514355003,0.6036731029051371,0.43337977858099563,1.0,0.7003277976920089
2022-06-29 00:00:00,1.0441810514355003,0.6027178850189338,0.432693403615849,1.0,0.7014032163219888
2022-06-29 01:00:00,1.0441810514355003,0.6031493697338854,0.43300344838203675,1.0,0.7009174353209074
2022-06-29 02:00:00,1.0441810514355003,0.6041413997461033,0.4343248805579266,1.0,0.6978810235760088
2022-06-29 03:00:00,1.0441810514355003,0.60385315808618,0.43411747130054584,1.0,0.6982139893101051
2022-06-29 04:00:00,1.0441810514355003,0.6020880493645887,0.43284735687905945,1.0,0.7002529753518907
2022-06-29 05:00:00,1.0441810514355003,0.6027180208275135,0.4333006637096236,1.0,0.6995252564278864
2022-06-29 06:00:00,1.0441810514355003,0.5991729455668089,0.43074974366781676,1.0,0.7036203916936277
2022-06-29 07:00:00,1.0441810514355003,0.5920471362833474,0.4256222447070013,1.0,0.7118518538623179
2022-06-29 08:00:00,1.0441810514355003,0.596281614277064,0.42866923637470855,1.0,0.7069603469438926
2022-06-29 09:00:00,1.0441810514355003,0.5934675436384327,0.4266443233155375,1.0,0.7102110536468742
2022-06-29 10:00:00,1.0441810514355003,0.5955803252900346,0.4281646117897409,1.0,0.7077704491423126
2022-06-29 11:00:00,1.0441810514355003,0.5964747659048477,0.42880822195955137,1.0,0.7067372255756839
2022-06-29 12:00:00,1.0441810514355003,0.5967689506917796,0.42901990769646575,1.0,0.7063973945687195
2022-06-29 13:00:00,1.0441810514355003,0.5939578516166525,0.4269971328770615,1.0,0.7096446686352671
2022-06-29 14:00:00,1.0441810514355003,0.5960914342127849,0.42853238902963253,1.0,0.7071800356756677
2022-06-29 15:00:00,1.0441810514355003,0.5973097752495735,0.4294090673340255,1.0,0.7057726547377348
2022-06-29 16:00:00,1.0441810514355003,0.5961568086098809,0.4285794303045024,1.0,0.70710451767412
2022-06-29 17:00:00,1.0441810514355003,0.5942668942211062,0.42721950981280993,1.0,0.7092876744461328
2022-06-29 18:00:00,1.0441810514355003,0.5962073251894551,0.42861578038053827,1.0,0.7070461628547422
2022-06-29 19:00:00,1.0441810514355003,0.5951999651614761,0.42789091709958893,1.0,0.7082098266058624
2022-06-29 20:00:00,1.0441810514355003,0.6002129927933358,0.431498127586201,1.0,0.7024189689417337
2022-06-29 21:00:00,1.0441810514355003,0.6003051112619712,0.4315644130189722,1.0,0.7023125572122803
2022-06-29 22:00:00,1.0441810514355003,0.602385205715025,0.4330611808557407,1.0,0.6999097117084925
2022-06-29 23:00:00,1.0441810514355003,0.5999752677129868,0.431327068404856,1.0,0.7026935798564524
2022-06-30 00:00:00,1.0441810514355003,0.5971552539473468,0.42929787886615134,1.0,0.7059511518323017
2022-06-30 01:00:00,1.0441810514355003,0.5947156003102649,0.42754238401759853,1.0,0.7087693463446015
2022-06-30 02:00:00,1.0441810514355003,0.593304349920742,0.4271254272630702,1.0,0.7084616713529551
2022-06-30 03:00:00,1.0441810514355003,0.5952509435331471,0.428528112550099,1.0,0.7061372539367105
2022-06-30 04:00:00,1.0441810514355003,0.5949126635456254,0.4282843532166824,1.0,0.7065411923291677
2022-06-30 05:00:00,1.0441810514355003,0.5942331362022706,0.4277946963100824,1.0,0.707352612433314
2022-06-30 06:00:00,1.0441810514355003,0.5927613215197205,0.42673412938574357,1.0,0.7091100987724258
2022-06-30 07:00:00,1.0441810514355003,0.5754348579483288,0.41424894738732754,1.0,0.7297995397685418
2022-06-30 08:00:00,1.0441810514355003,0.5759393105612997,0.4146124481476856,1.0,0.7291971754990882
2022-06-30 09:00:00,1.0441810514355003,0.5700935949874615,0.41040011580706576,1.0,0.7361775143862861
2022-06-30 10:00:00,1.0441810514355003,0.5675119845563755,0.4085398472099392,1.0,0.7392602021181959
2022-06-30 11:00:00,1.0441810514355003,0.5661499625013544,0.40755839515697245,1.0,0.7408865856457206
2022-06-30 12:00:00,1.0441810514355003,0.5660164309273328,0.4074621743674659,1.0,0.7410460350111642
2022-06-30 13:00:00,1.0441810514355003,0.5691113960763242,0.40969235844425095,1.0,0.7373503530521046
2022-06-30 14:00:00,1.0441810514355003,0.5590935606563863,0.4024736609914933,1.0,0.7493125987796072
2022-06-30 15:00:00,1.0441810514355003,0.5666188066945861,0.4078962370401288,1.0,0.7403267412070519
2022-06-30 16:00:00,1.0441810514355003,0.5673428445626149,0.40841796754323095,1.0,0.7394621713144244
2022-06-30 17:00:00,1.0441810514355003,0.5672004108836582,0.40831533203442394,1.0,0.7396322506375643
2022-06-30 18:00:00,1.0441810514355003,0.5661410603964196,0.40755198043767205,1.0,0.7408972156034168
2022-06-30 19:00:00,1.0441810514355003,0.5622597426448559,0.40475516282268176,1.0,0.7455318771589777
2022-06-30 20:00:00,1.0441810514355003,0.561049056373726,0.4038827609978224,1.0,0.7469775514056665
2022-06-30 21:00:00,1.0441810514355003,0.5557552713058441,0.4000681412538296,1.0,0.7532988329156973
2022-06-30 22:00:00,1.0441810514355003,0.557826494387336,0.40156063261106445,1.0,0.7508255960917054
2022-06-30 23:00:00,1.0441810514355003,0.5599689343083062,0.4031044417227028,1.0,0.7482673196061435
2022-07-01 00:00:00,1.0441810514355003,0.590782086855888,0.4253079234612799,1.0,0.7114734927002233
2022-07-01 01:00:00,1.0441810514355003,0.6016337527713835,0.43312746628851184,1.0,0.6985155742685061
2022-07-01 02:00:00,1.0441810514355003,0.6048418345938867,0.4357446717630899,1.0,0.6931867121872746
2022-07-01 03:00:00,1.0441810514355003,0.6048418345938867,0.43320230468035026,1.0,0.6972274754089627
2022-07-01 04:00:00,1.0441810514355003,0.6048418345938867,0.4209737114539517,1.0,0.716663240644315
2022-07-01 05:00:00,1.0441810514355003,0.6048418345938867,0.41411423828201843,1.0,0.7275654848959342
2022-07-01 06:00:00,1.0441810514355003,0.6048418345938867,0.41531592903096687,1.0,0.7256555530787864
2022-07-01 07:00:00,1.0441810514355003,0.6048418345938867,0.41392179670300533,1.0,0.727871345863093
2022-07-01 08:00:00,1.0441810514355003,0.6048418345938867,0.41767013101422695,1.0,0.721913853913876
2022-07-01 09:00:00,1.0441810514355003,0.6048418345938867,0.4165967346512873,1.0,0.7236198784195844
2022-07-01 10:00:00,1.0441810514355003,0.6048418345938867,0.41444138896634064,1.0,0.727045521251764
2022-07-01 11:00:00,1.0441810514355003,0.6048418345938867,0.4069019555485611,1.0,0.7390284742540113
2022-07-01 12:00:00,1.0441810514355003,0.6048418345938867,0.4094122490347986,1.0,0.735038687860183
2022-07-01 13:00:00,1.0441810514355003,0.6048418345938867,0.4114457150530369,1.0,0.7318067569738708
2022-07-01 14:00:00,1.0441810514355003,0.6048418345938867,0.4149823636273442,1.0,0.7261857120885284
2022-07-01 15:00:00,1.0441810514355003,0.6048418345938867,0.41412065300131884,1.0,0.7275552895303622
2022-07-01 16:00:00,1.0441810514355003,0.6048418345938867,0.41153979760277665,1.0,0.7316572249454819
2022-07-01 17:00:00,1.0441810514355003,0.6048418345938867,0.41272224419382375,1.0,0.7297778792250501
2022-07-01 18:00:00,1.0441810514355003,0.6048418345938867,0.4157029504287598,1.0,0.725040432689278
2022-07-01 19:00:00,1.0441810514355003,0.6048418345938867,0.4146552129430219,1.0,0.7267056757326986
2022-07-01 20:00:00,1.0441810514355003,0.6048418345938867,0.41367589912982194,1.0,0.7282621682100183
2022-07-01 21:00:00,1.0441810514355003,0.6048418345938867,0.41464879822372147,1.0,0.7267158710982705
2022-07-01 22:00:00,1.0441810514355003,0.6048418345938867,0.4138897231065031,1.0,0.7279223226909528
2022-07-01 23:00:00,1.0441810514355003,0.6048418345938867,0.41180921581339497,1.0,0.7312290195914595
2022-07-02 00:00:00,1.0441810514355003,0.6048418345938867,0.41138156786003255,1.0,0.7319087106295904
2022-07-02 01:00:00,1.0441810514355003,0.6048418345938867,0.40917276618091564,1.0,0.7354193148415363
2022-07-02 02:00:00,1.0441810514355003,0.604418445309671,0.410271821421057,1.0,0.7327020276384375
2022-07-02 03:00:00,1.0441810514355003,0.6034680744268591,0.4096260730114798,1.0,0.7338541080857641
2022-07-02 04:00:00,1.0441810514355003,0.6013250195553524,0.4081699317302807,1.0,0.7364520113461268
2022-07-02 05:00:00,1.0441810514355003,0.6034397521157818,0.40960682885357846,1.0,0.7338884416090289
2022-07-02 06:00:00,1.0441810514355003,0.60472999073152,0.41048350715797144,1.0,0.7323243588825257
2022-07-02 07:00:00,1.0441810514355003,0.6040785775767449,0.41004089152624135,1.0,0.7331140299176139
2022-07-02 08:00:00,1.0441810514355003,0.6012683749331981,0.4081314434144781,1.0,0.7365206783926562
2022-07-02 09:00:00,1.0441810514355003,0.6007680141041679,0.40779146329155497,1.0,0.737127237303666
2022-07-02 10:00:00,1.0441810514355003,0.6026341397118088,0.4090594394732746,1.0,0.7348650396041138
2022-07-02 11:00:00,1.0441810514355003,0.6048149576647516,0.4105412396316754,1.0,0.7322213583127316
2022-07-02 12:00:00,1.0441810514355003,0.6034303113454228,0.40960041413427806,1.0,0.7338998861167838
2022-07-02 13:00:00,1.0441810514355003,0.608053141897909,0.412741488351725,1.0,0.7282958921528004
2022-07-02 14:00:00,1.0441810514355003,0.6055828069872884,0.4110629701347775,1.0,0.7312905383486663
2022-07-02 15:00:00,1.0441810514355003,0.6061177839743018,0.41142647089513557,1.0,0.7306420162425552
2022-07-02 16:00:00,1.0441810514355003,0.6044121514627651,0.41026754494152345,1.0,0.732709657310274
2022-07-02 17:00:00,1.0441810514355003,0.6063506563098253,0.41158470063787966,1.0,0.7303597183846009
2022-07-02 18:00:00,1.0441810514355003,0.6066401732675032,0.4117814186964264,1.0,0.7300087534801173
2022-07-02 19:00:00,1.0441810514355003,0.607247529493936,0.4121940989714211,1.0,0.7292724901478853
2022-07-02 20:00:00,1.0441810514355003,0.6057873570117347,0.41120195571962026,1.0,0.7310425740139768
2022-07-02 21:00:00,1.0441810514355003,0.6055481908293052,0.4110394494973426,1.0,0.7313325015437676
2022-07-02 22:00:00,1.0441810514355003,0.6083520996259459,0.41294462112957214,1.0,0.7279334827405619
2022-07-02 23:00:00,1.0441810514355003,0.6075968379972212,0.41243144358553724,1.0,0.728849043360954
2022-07-03 00:00:00,1.0441810514355003,0.6050761523113523,0.41071871353232076,1.0,0.7319047269315127
2022-07-03 01:00:00,1.0441810514355003,0.6049597161435905,0.41063959866094873,1.0,0.7320458758604897
2022-07-03 02:00:00,1.0441810514355003,0.6023592470355967,0.40944646087106756,1.0,0.7331487707426696
2022-07-03 03:00:00,1.0441810514355003,0.600033787173413,0.41102875829850855,1.0,0.7303183866359064
2022-07-03 04:00:00,1.0441810514355003,0.6000620697933585,0.4110095141406072,1.0,0.7303528102263941
2022-07-03 05:00:00,1.0441810514355003,0.60070628502545,0.4105711749884107,1.0,0.7311369031208352
2022-07-03 06:00:00,1.0441810514355003,0.6069787416266914,0.40630324841385373,1.0,0.7387712905223208
2022-07-03 07:00:00,1.0441810514355003,0.6036225373931614,0.40858688848480906,1.0,0.7346863577844518
2022-07-03 08:00:00,1.0441810514355003,0.6040499192056709,0.40829608787652266,1.0,0.7352065364851542
2022-07-03 09:00:00,1.0441810514355003,0.6078272202250558,0.4057259236768145,1.0,0.7398039982369506
2022-07-03 10:00:00,1.0441810514355003,0.6070730170265096,0.4062391012208494,1.0,0.7388860358239463
2022-07-03 11:00:00,1.0441810514355003,0.6060297026018542,0.406948996823431,1.0,0.7376161878192904
2022-07-03 12:00:00,1.0441810514355003,0.6055457555494539,0.40727828574752006,1.0,0.7370271619376128
2022-07-03 13:00:00,1.0441810514355003,0.6060736977884361,0.4069190614666956,1.0,0.7376697356267157
2022-07-03 14:00:00,1.0441810514355003,0.6090339453427295,0.4049048396063586,1.0,0.7412727380977575
2022-07-03 15:00:00,1.0441810514355003,0.605900859555436,0.4070366646538703,1.0,0.7374593692404022
2022-07-03 16:00:00,1.0441810514355003,0.6069536015200732,0.4063203543319882,1.0,0.7387406917752207
2022-07-03 17:00:00,1.0441810514355003,0.6034088464869067,0.4087322887889523,1.0,0.7344262684341006
2022-07-03 18:00:00,1.0441810514355003,0.6013724978508322,0.4101178681578466,1.0,0.7319477699189889
2022-07-03 19:00:00,1.0441810514355003,0.6009136909050501,0.41043005116380116,1.0,0.7313893427844114
2022-07-03 20:00:00,1.0441810514355003,0.5928688567872255,0.4159039449668402,1.0,0.7215977437123657
2022-07-03 21:00:00,1.0441810514355003,0.5944432559641902,0.4148326868436673,1.0,0.7235139902495121
2022-07-03 22:00:00,1.0441810514355003,0.5989590476154849,0.4117600362987583,1.0,0.7290102901973753
2022-07-03 23:00:00,1.0441810514355003,0.5988804847823029,0.4118134922929286,1.0,0.7289146691126873
2022-07-04 00:00:00,1.0441810514355003,0.598446817943139,0.41210856938074863,1.0,0.7283868407252099
2022-07-04 01:00:00,1.0441810514355003,0.6000526422533766,0.4110159288599077,1.0,0.7303413356962315
2022-07-04 02:00:00,1.0441810514355003,0.6008712424635279,0.4101713241520169,1.0,0.730825741190606
2022-07-04 03:00:00,1.0441810514355003,0.6008712424635279,0.40697893218016634,1.0,0.7251433866593215
2022-07-04 04:00:00,1.0441810514355003,0.6008712424635279,0.407575501075107,1.0,0.7262052600111155
2022-07-04 05:00:00,1.0441810514355003,0.6008712424635279,0.40802880790567114,1.0,0.7270121315185719
2022-07-04 06:00:00,1.0441810514355003,0.6008712424635279,0.40834526739115934,1.0,0.7275754191747206
2022-07-04 07:00:00,1.0441810514355003,0.6008712424635279,0.4075690863558065,1.0,0.7261938420180856
2022-07-04 08:00:00,1.0441810514355003,0.6008712424635279,0.4080266696659043,1.0,0.7270083255208951
2022-07-04 09:00:00,1.0441810514355003,0.6008712424635279,0.40847570001693484,1.0,0.727807585032998
2022-07-04 10:00:00,1.0441810514355003,0.6008712424635279,0.41322259229925773,1.0,0.7362568998752291
2022-07-04 11:00:00,1.0441810514355003,0.6008712424635279,0.4153608320660699,1.0,0.7400628975519099
2022-07-04 12:00:00,1.0441810514355003,0.6008712424635279,0.42254745592232545,1.0,0.7528548557432337
2022-07-04 13:00:00,1.0441810514355003,0.6008712424635279,0.4205225428631544,1.0,0.7492505759434172
2022-07-04 14:00:00,1.0441810514355003,0.6008712424635279,0.4167571026337982,1.0,0.7425482140347824
2022-07-04 15:00:00,1.0441810514355003,0.6008712424635279,0.41841851493261123,1.0,0.7455054742295633
2022-07-04 16:00:00,1.0441810514355003,0.6008712424635279,0.42250896760652285,1.0,0.7527863477850535
2022-07-04 17:00:00,1.0441810514355003,0.6008712424635279,0.42124312966457006,1.0,0.7505331971604585
2022-07-04 18:00:00,1.0441810514355003,0.6008712424635279,0.4245488483440616,1.0,0.7564172695686068
2022-07-04 19:00:00,1.0441810514355003,0.6008712424635279,0.4252202556308406,1.0,0.7576123528390846
2022-07-04 20:00:00,1.0441810514355003,0.6008712424635279,0.42318465137283545,1.0,0.7539890430508845
2022-07-04 21:00:00,1.0441810514355003,0.6008712424635279,0.42212194620872984,1.0,0.7520974622055743
2022-07-04 22:00:00,1.0441810514355003,0.6008712424635279,0.42580827156671397,1.0,0.7586590022001718
2022-07-04 23:00:00,1.0441810514355003,0.6008712424635279,0.4302173219658806,1.0,0.7665069694094874
2022-07-05 00:00:00,1.0441810514355003,0.6008712424635279,0.43178678995472064,1.0,0.769300571704171
2022-07-05 01:00:00,1.0441810514355003,0.6008712424635279,0.4351609323067501,1.0,0.7753064360379731
2022-07-05 02:00:00,1.0441810514355003,0.6008712424635279,0.4331809222826821,1.0,0.7707016073429088
2022-07-05 03:00:00,1.0441810514355003,0.6008712424635279,0.43052522849230146,1.0,0.7659810006176324
2022-07-05 04:00:00,1.0441810514355003,0.6008712424635279,0.4334225433763319,1.0,0.7711310989370764
2022-07-05 05:00:00,1.0441810514355003,0.6008712424635279,0.4326164269842437,1.0,0.7696981933529949
2022-07-05 06:00:00,1.0441810514355003,0.6008712424635279,0.4331124986101441,1.0,0.7705799814047374
2022-07-05 07:00:00,1.0441810514355003,0.6008712424635279,0.4350176702423738,1.0,0.7739665036206966
2022-07-05 08:00:00,1.0441810514355003,0.6008712424635279,0.43139121559786037,1.0,0.7675203288976139
2022-07-05 09:00:00,1.0441810514355003,0.6008712424635279,0.42448256291129044,1.0,0.7552399099528732
2022-07-05 10:00:00,1.0441810514355003,0.6008712424635279,0.42178196608580676,1.0,0.7504394862056719
2022-07-05 11:00:00,1.0441810514355003,0.6008712424635279,0.4212153325476015,1.0,0.7494322714051902
2022-07-05 12:00:00,1.0441810514355003,0.6008712424635279,0.4165625228150183,1.0,0.7411617076095368
2022-07-05 13:00:00,1.0441810514355003,0.6008712424635279,0.41335730140456695,1.0,0.7354642925683218
2022-07-05 14:00:00,1.0441810514355003,0.6008712424635279,0.41399449685507694,1.0,0.7365969341175426
2022-07-05 15:00:00,1.0441810514355003,0.6008712424635279,0.4152581965572629,1.0,0.738843213163145
2022-07-05 16:00:00,1.0441810514355003,0.6008712424635279,0.416406431312041,1.0,0.7408842484380834
2022-07-05 17:00:00,1.0441810514355003,0.6008712424635279,0.4170970827567213,1.0,0.7421119102515007
2022-07-05 18:00:00,1.0441810514355003,0.6008712424635279,0.4203600366408767,1.0,0.7479119471780481
2022-07-05 19:00:00,1.0441810514355003,0.6008712424635279,0.42923800815268054,1.0,0.7636929126557834
2022-07-05 20:00:00,1.0441810514355003,0.6008712424635279,0.4353490974062297,1.0,0.7745556292587142
2022-07-05 21:00:00,1.0441810514355003,0.6008712424635279,0.43669405021955443,1.0,0.7769463391058952
2022-07-05 22:00:00,1.0441810514355003,0.6008712424635279,0.43479743154639205,1.0,0.7735750201322075
2022-07-05 23:00:00,1.0441810514355003,0.6008712424635279,0.4361680432369187,1.0,0.7760113397062028
2022-07-06 00:00:00,1.0441810514355003,0.6008712424635279,0.4305850992057722,1.0,0.7660874233135323
2022-07-06 01:00:00,1.0441810514355003,0.6008712424635279,0.43238549708942803,1.0,0.7692877058116666
2022-07-06 02:00:00,1.0441810514355003,0.6008712424635279,0.4241703799053358,1.0,0.7536284247735706
2022-07-06 03:00:00,1.0441810514355003,0.6008712424635279,0.42385178218008085,1.0,0.7541939442918262
2022-07-06 04:00:00,1.0441810514355003,0.6008712424635279,0.4256735624614048,1.0,0.7509602353686461
2022-07-06 05:00:00,1.0441810514355003,0.6008712424635279,0.4288766456320893,1.0,0.745274676722022
2022-07-06 06:00:00,1.0441810514355003,0.6008712424635279,0.42783532286565185,1.0,0.7471230525971262
2022-07-06 07:00:00,1.0441810514355003,0.6008712424635279,0.42875048948584743,1.0,0.7454986072695193
2022-07-06 08:00:00,1.0441810514355003,0.6008712424635279,0.4301766954103111,1.0,0.7429670534528983
2022-07-06 09:00:00,1.0441810514355003,0.6008712424635279,0.4306535228783102,1.0,0.742120671892019
2022-07-06 10:00:00,1.0441810514355003,0.6008712424635279,0.4310576501942377,1.0,0.7414033350534261
2022-07-06 11:00:00,1.0441810514355003,0.6008712424635279,0.42962075307093994,1.0,0.7439538660350893
2022-07-06 12:00:00,1.0441810514355003,0.6008712424635279,0.42905839601226836,1.0,0.7449520649163057
2022-07-06 13:00:00,1.0441810514355003,0.6008712424635279,0.4300248803868675,1.0,0.7432365291964965
2022-07-06 14:00:00,1.0441810514355003,0.6008712424635279,0.4316499426096447,1.0,0.7403520001100917
2022-07-06 15:00:00,1.0441810514355003,0.6008712424635279,0.4309785353228657,1.0,0.741543766074738
2022-07-06 16:00:00,1.0441810514355003,0.6008712424635279,0.42994362727572855,1.0,0.7433807556508168
2022-07-06 17:00:00,1.0441810514355003,0.6008712424635279,0.43318947524174944,1.0,0.7376192883440241
2022-07-06 18:00:00,1.0441810514355003,0.6008712424635279,0.4324261236449975,1.0,0.7389742579280326
2022-07-06 19:00:00,1.0441810514355003,0.6008712424635279,0.43494283185053534,1.0,0.7345070332771136
2022-07-06 20:00:00,1.0441810514355003,0.6008712424635279,0.43378604413669,1.0,0.7365603625346729
2022-07-06 21:00:00,1.0441810514355003,0.6008712424635279,0.4352870884529921,1.0,0.733895968562757
2022-07-06 22:00:00,1.0441810514355003,0.6008712424635279,0.4342949452011912,1.0,0.7356570494786673
2022-07-06 23:00:00,1.0441810514355003,0.6008712424635279,0.4377695848222609,1.0,0.7294894708399728
2022-07-07 00:00:00,1.0441810514355003,0.6008712424635279,0.4387980781500976,1.0,0.7276638675629192
2022-07-07 01:00:00,1.0441810514355003,0.6008712424635279,0.43813736206215265,1.0,0.7288366563625234
2022-07-07 02:00:00,1.0441810514355003,0.6008712424635279,0.4377225435473911,1.0,0.7285179023586479
2022-07-07 03:00:00,1.0441810514355003,0.6008712424635279,0.43577888359935885,1.0,0.7252858994035918
2022-07-07 04:00:00,1.0441810514355003,0.6008712424635279,0.43708320985711424,1.0,0.7274547902755216
2022-07-07 05:00:00,1.0441810514355003,0.6008712424635279,0.4357446717630899,1.0,0.7252290104626887
2022-07-07 06:00:00,1.0441810514355003,0.6008712424635279,0.4332685901131214,1.0,0.7211116733648284
2022-07-07 07:00:00,1.0441810514355003,0.6008712424635279,0.4340511858677747,1.0,0.7224130078879863
2022-07-07 08:00:00,1.0441810514355003,0.6008712424635279,0.43620225507318766,1.0,0.7259899000472673
2022-07-07 09:00:00,1.0441810514355003,0.6008712424635279,0.43793850576383914,1.0,0.7288770137980985
2022-07-07 10:00:00,1.0441810514355003,0.6008712424635279,0.4387510368752277,1.0,0.7302281261445466
2022-07-07 11:00:00,1.0441810514355003,0.6008712424635279,0.4374873371730418,1.0,0.7281267908899393
2022-07-07 12:00:00,1.0441810514355003,0.6008712424635279,0.4377310965064583,1.0,0.7285321245938736
2022-07-07 13:00:00,1.0441810514355003,0.6008712424635279,0.4359756016579056,1.0,0.7256130108137845
2022-07-07 14:00:00,1.0441810514355003,0.6008712424635279,0.43833621836046616,1.0,0.7295383477360967
2022-07-07 15:00:00,1.0441810514355003,0.6008712424635279,0.44637813812344657,1.0,0.7429108044071264
2022-07-07 16:00:00,1.0441810514355003,0.6008712424635279,0.4458072281057077,1.0,0.7419614702058063
2022-07-07 17:00:00,1.0441810514355003,0.6008712424635279,0.4501457165925696,1.0,0.7491756990240778
2022-07-07 18:00:00,1.0441810514355003,0.6008712424635279,0.44618355830466666,1.0,0.7425872485557401
2022-07-07 19:00:00,1.0441810514355003,0.6008712424635279,0.4556794811090793,1.0,0.7583774852151505
2022-07-07 20:00:00,1.0441810514355003,0.6008712424635279,0.46539136612994003,1.0,0.7745268333140115
2022-07-07 21:00:00,1.0441810514355003,0.6008712424635279,0.46142920784203706,1.0,0.7679383828456738
2022-07-07 22:00:00,1.0441810514355003,0.6008712424635279,0.4623529274212999,1.0,0.769474384250057
2022-07-07 23:00:00,1.0441810514355003,0.6008712424635279,0.46153825807014454,1.0,0.7681197163448025
2022-07-08 00:00:00,1.0441810514355003,0.6008712424635279,0.4614698343976065,1.0,0.7680059384629963
2022-07-08 01:00:00,1.0441810514355003,0.6008712424635279,0.46351185337491213,1.0,0.7714014971231486
2022-07-08 02:00:00,1.0441810514355003,0.6008712424635279,0.47255874582829416,1.0,0.78534407172451
2022-07-08 03:00:00,1.0441810514355003,0.6008712424635279,0.46936849209621057,1.0,0.780046331494208
2022-07-08 04:00:00,1.0441810514355003,0.6008712424635279,0.4722722216995414,1.0,0.7848682693177672
2022-07-08 05:00:00,1.0441810514355003,0.6008712424635279,0.4692059858739328,1.0,0.7797764734127716
2022-07-08 06:00:00,1.0441810514355003,0.6008712424635279,0.4662124502003958,1.0,0.7748054034915766
2022-07-08 07:00:00,1.0441810514355003,0.6008712424635279,0.465925926071643,1.0,0.7743296010848336
2022-07-08 08:00:00,1.0441810514355003,0.6008712424635279,0.46525024230533035,1.0,0.7732075595883353
2022-07-08 09:00:00,1.0441810514355003,0.6008712424635279,0.45755899386410714,1.0,0.7604354606550934
2022-07-08 10:00:00,1.0441810514355003,0.6008712424635279,0.4604071292335009,1.0,0.7651650786086875
2022-07-08 11:00:00,1.0441810514355003,0.6008712424635279,0.4596630217946503,1.0,0.7639294126568477
2022-07-08 12:00:00,1.0441810514355003,0.6008712424635279,0.4606851004031865,1.0,0.7656266779585128
2022-07-08 13:00:00,1.0441810514355003,0.6008712424635279,0.4562696352847194,1.0,0.7582943498247501
2022-07-08 14:00:00,1.0441810514355003,0.6008712424635279,0.45399027169329775,1.0,0.7545092351561831
2022-07-08 15:00:00,1.0441810514355003,0.6008712424635279,0.4644740612699776,1.0,0.771918632173054
2022-07-08 16:00:00,1.0441810514355003,0.6008712424635279,0.46858803458132414,1.0,0.7787503025504678
2022-07-08 17:00:00,1.0441810514355003,0.6008712424635279,0.4629323903981061,1.0,0.7693585311636386
2022-07-08 18:00:00,1.0441810514355003,0.6008712424635279,0.4643436286442021,1.0,0.7717020355550591
2022-07-08 19:00:00,1.0441810514355003,0.6008712424635279,0.4638860453341042,1.0,0.7709421720099621
2022-07-08 20:00:00,1.0441810514355003,0.6008712424635279,0.4655538723522177,1.0,0.7737117681089136
2022-07-08 21:00:00,1.0441810514355003,0.6008712424635279,0.4665246332063504,1.0,0.7753238150690727
2022-07-08 22:00:00,1.0441810514355003,0.6008712424635279,0.4631889791701235,1.0,0.7697846228711696
2022-07-08 23:00:00,1.0441810514355003,0.6008712424635279,0.4647862442759321,1.0,0.77243704375055
2022-07-09 00:00:00,1.0441810514355003,0.6008712424635279,0.4608989243798677,1.0,0.7659817543814553
2022-07-09 01:00:00,1.0441810514355003,0.6008712424635279,0.45984049569529567,1.0,0.7642241260878899
2022-07-09 02:00:00,1.0434501246994954,0.6004506325938034,0.4590771440985437,1.0,0.7618883531835154
2022-07-09 03:00:00,1.0472232901630458,0.6026218907458136,0.4607385563973568,1.0,0.7591333285270746
2022-07-09 04:00:00,1.048471299846614,0.6033400546390784,0.4612880840174275,1.0,0.7582220784154848
2022-07-09 05:00:00,1.045504241805135,0.6016326688850523,0.45998161951990535,1.0,0.7603885135056846
2022-07-09 06:00:00,1.0438871708921846,0.6007021296770478,0.4592695856775568,1.0,0.761569238358445
2022-07-09 07:00:00,1.045785893795979,0.6017947447831431,0.46010563742638044,1.0,0.7601828617295282
2022-07-09 08:00:00,1.0503505984751778,0.6044214920970294,0.4621155828071838,1.0,0.7568498846676822
2022-07-09 09:00:00,1.0538032633974226,0.6064083190546604,0.4636358712813872,1.0,0.7543288775496264
2022-07-09 10:00:00,1.0504962805394074,0.6045053244581109,0.4621797300001882,1.0,0.7567435130593254
2022-07-09 11:00:00,1.0542694460029578,0.6066765826101213,0.4638411422990012,1.0,0.7539884884028847
2022-07-09 12:00:00,1.0402839678369025,0.5986286759462993,0.4576830117705823,1.0,0.7642001628051361
2022-07-09 13:00:00,1.0435666703508792,0.6005176984826686,0.45912846185294726,1.0,0.76180325589683
2022-07-09 14:00:00,1.0459218637225935,0.6018729883201525,0.46016550813985113,1.0,0.7600835815617286
2022-07-09 15:00:00,1.0474563814658133,0.602756022523544,0.46084119190616374,1.0,0.7589631339537039
2022-07-09 16:00:00,1.0451983094702524,0.6014566209267811,0.45984691041459613,1.0,0.760611893883234
2022-07-09 17:00:00,1.052234753172549,0.6055057239670165,0.4629452198367069,1.0,0.7554741451996011
2022-07-09 18:00:00,1.061412723219023,0.6107871627151497,0.46698649299598183,1.0,0.7487727338731236
2022-07-09 19:00:00,1.0551726748011823,0.6071963432488263,0.4642388548956282,1.0,0.7533289844310727
2022-07-09 20:00:00,1.0488209368007655,0.6035412523056739,0.461442037280638,1.0,0.7579667865554285
2022-07-09 21:00:00,1.0516326006403993,0.6051592168745464,0.4626800781056222,1.0,0.7559138145141426
2022-07-09 22:00:00,1.052929171012044,0.6059053248881715,0.463250988123361,1.0,0.7549671071997671
2022-07-09 23:00:00,1.0492628390622623,0.6037955438009543,0.4616366170994179,1.0,0.7576441260100796
2022-07-10 00:00:00,1.0472087219566228,0.6026135075097055,0.4607321416780564,1.0,0.7591439656879103
2022-07-10 01:00:00,1.0368507271898881,0.5966530266368125,0.4561712762554461,1.0,0.7667069870420778
2022-07-10 02:00:00,1.0381043092124131,0.596956235039906,0.45704367808030544,1.0,0.7641936878216985
2022-07-10 03:00:00,1.0381043092124131,0.5939704094885051,0.45475576152981645,1.0,0.7603713824241097
2022-07-10 04:00:00,1.0381043092124131,0.5936383410393307,0.4545013109975658,1.0,0.7599462849079293
2022-07-10 05:00:00,1.0381043092124131,0.5930718713319153,0.454067248324903,1.0,0.759221118556798
2022-07-10 06:00:00,1.0381043092124131,0.5953517026174242,0.45581419021438846,1.0,0.7621396452014989
2022-07-10 07:00:00,1.0381043092124131,0.59370252233623,0.45455049051220253,1.0,0.7600284466127374
2022-07-10 08:00:00,1.0381043092124131,0.594790813892348,0.4553844040212593,1.0,0.7614216233464379
2022-07-10 09:00:00,1.0381043092124131,0.594461535934343,0.4551320917287754,1.0,0.7610000980782925
2022-07-10 10:00:00,1.0381043092124131,0.594455954952004,0.4551278152492418,1.0,0.7609929535822224
2022-07-10 11:00:00,1.0381043092124131,0.5931053572259498,0.4540929072021047,1.0,0.7592639855332196
2022-07-10 12:00:00,1.0381043092124131,0.5938057705095027,0.4546296053835745,1.0,0.760160619790037
2022-07-10 13:00:00,1.0381043092124131,0.59400110489137,0.4547792821672514,1.0,0.7604106771524961
2022-07-10 14:00:00,1.0381043092124131,0.5876890138658852,0.4499425838147224,1.0,0.752330252097033
2022-07-10 15:00:00,1.0381043092124131,0.5815722572222678,0.4452555622458702,1.0,0.7444998844040287
2022-07-10 16:00:00,1.0381043092124131,0.5825852055168084,0.446031743281223,1.0,0.7457966104407807
2022-07-10 17:00:00,1.0381043092124131,0.5834363053235161,0.4466839064101007,1.0,0.7468861460914953
2022-07-10 18:00:00,1.0381043092124131,0.5825879960079778,0.4460338815209898,1.0,0.7458001826888158
2022-07-10 19:00:00,1.0381043092124131,0.5810643878294126,0.4448664026083104,1.0,0.7438497352616351
2022-07-10 20:00:00,1.0381043092124131,0.5831572562065628,0.4464700824334195,1.0,0.7465289212879823
2022-07-10 21:00:00,1.0381043092124131,0.5848873607316736,0.447795791088843,1.0,0.7487437150697627
2022-07-10 22:00:00,1.0381043092124131,0.586385854489713,0.44894402584362114,1.0,0.7506620122646274
2022-07-10 23:00:00,1.0381043092124131,0.5808439390270195,0.44469748166673223,1.0,0.7435675276668597
2022-07-11 00:00:00,1.0381043092124131,0.5815052854341989,0.44520424449146667,1.0,0.7444141504511855
2022-07-11 01:00:00,1.0381043092124131,0.5801184113229407,0.44414153932736106,1.0,0.742638743177726
2022-07-11 02:00:00,1.0373776361959643,0.5720889799470316,0.4386034983313177,1.0,0.732359864402204
2022-07-11 03:00:00,1.0373068968939947,0.5720499689121934,0.43857356297458233,1.0,0.732409804389139
2022-07-11 04:00:00,1.0371199430245035,0.5719468683201211,0.43849444810321025,1.0,0.7325417886403248
2022-07-11 05:00:00,1.0362104377134647,0.5714452978722014,0.4381095649451841,1.0,0.7331838741866337
2022-07-11 06:00:00,1.0349977639654129,0.5707765372749752,0.4375963874011492,1.0,0.7340399882483788
2022-07-11 07:00:00,1.0295457849064635,0.567769901089946,0.4352892266927589,1.0,0.737888934384308
2022-07-11 08:00:00,1.0315264853616146,0.5688622100654154,0.43612741668134924,1.0,0.7364906147501242
2022-07-11 09:00:00,1.0362357017498824,0.5714592303846436,0.43812025614401817,1.0,0.733166038477014
2022-07-11 10:00:00,1.0372664744357265,0.572027676892286,0.43855645705644786,1.0,0.7324383415245306
2022-07-11 11:00:00,1.036230648942599,0.5714564438821552,0.43811811790425137,1.0,0.7331696056189378
2022-07-11 12:00:00,1.0333353903691251,0.5698597779562777,0.43689290651786794,1.0,0.7352135779413544
2022-07-11 13:00:00,1.0391915940107586,0.5730893343403823,0.43937112640760323,1.0,0.7310792604515102
2022-07-11 14:00:00,1.0283785864239638,0.5671262190151158,0.4347952933066253,1.0,0.7387129441687377
2022-07-11 15:00:00,1.0290101873344073,0.5674745318261711,0.4350625732774768,1.0,0.7382670514282453
2022-07-11 16:00:00,1.0315719606271667,0.5688872885878115,0.4361466608392506,1.0,0.7364585104728087
2022-07-11 17:00:00,1.0305765575923076,0.5683383475975883,0.43572542760518856,1.0,0.7371612374318246
2022-07-11 18:00:00,1.0404497430243622,0.5737831734600045,0.43990354810953947,1.0,0.7301910421124496
2022-07-11 19:00:00,1.0381860853613323,0.5725348203451823,0.4389456166940076,1.0,0.7317891216943739
2022-07-11 20:00:00,1.0350937673038003,0.5708294808222557,0.4376370139567186,1.0,0.7339722125518239
2022-07-11 21:00:00,1.0312890034192879,0.5687312444484586,0.43602691941230903,1.0,0.7366582704205493
2022-07-11 22:00:00,1.0214713988673523,0.5633170701134153,0.4318723195453931,1.0,0.743589227178761
2022-07-11 23:00:00,1.0097488859695187,0.5568523843402291,0.426911603286389,1.0,0.7518649964422972
2022-07-12 00:00:00,1.0075256507647572,0.5556263232453145,0.4259707777889916,1.0,0.7534345388888299
2022-07-12 01:00:00,0.9999868622977023,0.5514688615325586,0.4227805240569079,1.0,0.7587567146393456
2022-07-12 02:00:00,1.003219744401055,0.5532517187682112,0.42444621283525463,1.0,0.7549525956975919
2022-07-12 03:00:00,1.003219744401055,0.5532517187682112,0.42611403985336804,1.0,0.7519888803754253
2022-07-12 04:00:00,1.003219744401055,0.5532517187682112,0.42554099159586245,1.0,0.7530071825630414
2022-07-12 05:00:00,1.003219744401055,0.5532517187682112,0.4268560090524519,1.0,0.750670407020564
2022-07-12 06:00:00,1.003219744401055,0.5532517187682112,0.4257676450111445,1.0,0.7526044212500291
2022-07-12 07:00:00,1.003219744401055,0.5532517187682112,0.4234733137413551,1.0,0.7566814296355223
2022-07-12 08:00:00,1.003219744401055,0.5532517187682112,0.4210228909685884,1.0,0.7610358113780901
2022-07-12 09:00:00,1.003219744401055,0.5532517187682112,0.4219252281501831,1.0,0.7594323653960975
2022-07-12 10:00:00,1.003219744401055,0.5532517187682112,0.4183458147805396,1.0,0.7657929544336702
2022-07-12 11:00:00,1.003219744401055,0.5532517187682112,0.4186066800320907,1.0,0.7653293989602031
2022-07-12 12:00:00,1.003219744401055,0.5532517187682112,0.4219230899104163,1.0,0.7594361650311259
2022-07-12 13:00:00,1.003219744401055,0.5532517187682112,0.4239950442444573,1.0,0.7557543186885881
2022-07-12 14:00:00,1.003219744401055,0.5532517187682112,0.4221860934017342,1.0,0.7589688099226304
2022-07-12 15:00:00,1.003219744401055,0.5532517187682112,0.4249700815781236,1.0,0.7540216851156293
2022-07-12 16:00:00,1.003219744401055,0.5532517187682112,0.42431578020947913,1.0,0.7551843734343253
2022-07-12 17:00:00,1.003219744401055,0.5532517187682112,0.42465789857216907,1.0,0.7545764318297784
2022-07-12 18:00:00,1.003219744401055,0.5532517187682112,0.42411264743163196,1.0,0.7555453387620251
2022-07-12 19:00:00,1.003219744401055,0.5532517187682112,0.421027167448122,1.0,0.7610282121080334
2022-07-12 20:00:00,1.003219744401055,0.5532517187682112,0.4137699816795617,1.0,0.7739241733944863
2022-07-12 21:00:00,1.003219744401055,0.5532517187682112,0.41517694344612405,1.0,0.7714240135457867
2022-07-12 22:00:00,1.003219744401055,0.5532517187682112,0.41279922082542897,1.0,0.7756492076973883
2022-07-12 23:00:00,1.003219744401055,0.5532517187682112,0.41343427803617216,1.0,0.774520716093948
2022-07-13 00:00:00,1.003219744401055,0.5532517187682112,0.41246993190133996,1.0,0.7762343514917648
2022-07-13 01:00:00,1.003219744401055,0.5532517187682112,0.4144841537616769,1.0,0.7726550952949944
2022-07-13 02:00:00,1.003219744401055,0.5532517187682112,0.4144841537616769,1.0,0.771598152986793
2022-07-13 03:00:00,1.003219744401055,0.5532517187682112,0.4162118514932612,1.0,0.768385067463034
2022-07-13 04:00:00,1.003219744401055,0.5532517187682112,0.4154591910953433,1.0,0.7697848274931864
2022-07-13 05:00:00,1.003219744401055,0.5532517187682112,0.41563666499598867,1.0,0.769454770440622
2022-07-13 06:00:00,1.003219744401055,0.5532517187682112,0.4164491961073773,1.0,0.7679436658626166
2022-07-13 07:00:00,1.003219744401055,0.5532517187682112,0.41705859444091875,1.0,0.7668103374291126
2022-07-13 08:00:00,1.003219744401055,0.5532517187682112,0.4205289575824548,1.0,0.7603563302446316
2022-07-13 09:00:00,1.003219744401055,0.5532517187682112,0.4235780874899289,1.0,0.7546857114861163
2022-07-13 10:00:00,1.003219744401055,0.5532517187682112,0.422620156074397,1.0,0.7564672242517649
2022-07-13 11:00:00,1.003219744401055,0.5532517187682112,0.4222160287584696,1.0,0.7572187999497728
2022-07-13 12:00:00,1.003219744401055,0.5532517187682112,0.42337709295184855,1.0,0.755059511039623
2022-07-13 13:00:00,1.003219744401055,0.5532517187682112,0.4088477537363602,1.0,0.782080446848957
2022-07-13 14:00:00,1.003219744401055,0.5532517187682112,0.4116018065560142,1.0,0.7769585976477175
2022-07-13 15:00:00,1.003219744401055,0.5532517187682112,0.417635919177958,1.0,0.7657366578605298
2022-07-13 16:00:00,1.003219744401055,0.5532517187682112,0.4150828608963843,1.0,0.7704847075082627
2022-07-13 17:00:00,1.003219744401055,0.5532517187682112,0.4188333334473728,1.0,0.7635097669034692
2022-07-13 18:00:00,1.003219744401055,0.5532517187682112,0.42428156837321007,1.0,0.7533774130488433
2022-07-13 19:00:00,1.003219744401055,0.5532517187682112,0.4234476548641533,1.0,0.7549282835367962
2022-07-13 20:00:00,1.003219744401055,0.5532517187682112,0.41935078747094134,1.0,0.7625474318827393
2022-07-13 21:00:00,1.003219744401055,0.5532517187682112,0.4197057352722321,1.0,0.7618873177776108
2022-07-13 22:00:00,1.003219744401055,0.5532517187682112,0.42505133468926243,1.0,0.7519458402907329
2022-07-13 23:00:00,1.003219744401055,0.5532517187682112,0.42339419886998303,1.0,0.755027698311665
2022-07-14 00:00:00,1.003219744401055,0.5532517187682112,0.4316542190891782,1.0,0.7396661272989414
2022-07-14 01:00:00,1.003219744401055,0.5532517187682112,0.43325576067452054,1.0,0.7366876606438728
2022-07-14 02:00:00,1.003219744401055,0.5532517187682112,0.4326762976977145,1.0,0.7366850959673584
2022-07-14 03:00:00,1.003219744401055,0.5532517187682112,0.4322935527794551,1.0,0.7360340220846148
2022-07-14 04:00:00,1.003219744401055,0.5532517187682112,0.43155158358037127,1.0,0.7347718844460001
2022-07-14 05:00:00,1.003219744401055,0.5532517187682112,0.4285794303045024,1.0,0.7297160593230189
2022-07-14 06:00:00,1.003219744401055,0.5532517187682112,0.42923159343338013,1.0,0.7308254310226658
2022-07-14 07:00:00,1.003219744401055,0.5532517187682112,0.4273413894795183,1.0,0.7276100717358203
2022-07-14 08:00:00,1.003219744401055,0.5532517187682112,0.4265481025260309,1.0,0.7262606392749382
2022-07-14 09:00:00,1.003219744401055,0.5532517187682112,0.4217947955244076,1.0,0.7181749563624295
2022-07-14 10:00:00,1.003219744401055,0.5532517187682112,0.42289385076454905,1.0,0.7200445204726542
2022-07-14 11:00:00,1.003219744401055,0.5532517187682112,0.4220813196531604,1.0,0.718662352453422
2022-07-14 12:00:00,1.003219744401055,0.5532517187682112,0.4211340794364626,1.0,0.717051035525738
2022-07-14 13:00:00,1.003219744401055,0.5532517187682112,0.4220770431736268,1.0,0.7186550778848997
2022-07-14 14:00:00,1.003219744401055,0.5532517187682112,0.4217114041735019,1.0,0.7180331022762451
2022-07-14 15:00:00,1.003219744401055,0.5532517187682112,0.4244868393908241,1.0,0.7227542972472017
2022-07-14 16:00:00,1.003219744401055,0.5532517187682112,0.43506043503771,1.0,0.7407406679185268
2022-07-14 17:00:00,1.003219744401055,0.5532517187682112,0.4315109570248019,1.0,0.7347027760450385
2022-07-14 18:00:00,1.003219744401055,0.5532517187682112,0.4424117033560101,1.0,0.7532456512083175
2022-07-14 19:00:00,1.003219744401055,0.5532517187682112,0.44159489576508787,1.0,0.751856208620563
2022-07-14 20:00:00,1.003219744401055,0.5532517187682112,0.4398415391563019,1.0,0.7488736355264303
2022-07-14 21:00:00,1.003219744401055,0.5532517187682112,0.44132761579423635,1.0,0.7514015480879208
2022-07-14 22:00:00,1.003219744401055,0.5532517187682112,0.4370190626641099,1.0,0.7440724203017287
2022-07-14 23:00:00,1.003219744401055,0.5532517187682112,0.43753865492744526,1.0,0.7449562803771851
2022-07-15 00:00:00,1.003219744401055,0.5532517187682112,0.4393198086531997,1.0,0.7479861381667127
2022-07-15 01:00:00,1.003219744401055,0.5532517187682112,0.43526784429509074,1.0,0.741093484491857
2022-07-15 02:00:00,1.003219744401055,0.5532517187682112,0.44020503991666,1.0,0.7484426913628026
2022-07-15 03:00:00,1.003219744401055,0.5532517187682112,0.4372307484010243,1.0,0.7433902517273874
2022-07-15 04:00:00,1.003219744401055,0.5532517187682112,0.43980732732003297,1.0,0.7477670955524596
2022-07-15 05:00:00,1.003219744401055,0.5532517187682112,0.43840891851253777,1.0,0.7453916135096402
2022-07-15 06:00:00,1.003219744401055,0.5532517187682112,0.44092990319760933,1.0,0.7496740192106861
2022-07-15 07:00:00,1.003219744401055,0.5532517187682112,0.4396041945421858,1.0,0.747422033176209
2022-07-15 08:00:00,1.003219744401055,0.5532517187682112,0.444552081362589,1.0,0.7558270262145634
2022-07-15 09:00:00,1.003219744401055,0.5532517187682112,0.4452619769651706,1.0,0.7570329284136704
2022-07-15 10:00:00,1.003219744401055,0.5532517187682112,0.4459376607314832,1.0,0.7581807148441457
2022-07-15 11:00:00,1.003219744401055,0.5532517187682112,0.4453175711991077,1.0,0.7571273665376969
2022-07-15 12:00:00,1.003219744401055,0.5532517187682112,0.4432905199001698,1.0,0.7536840072462708
2022-07-15 13:00:00,1.003219744401055,0.5532517187682112,0.44780862052744386,1.0,0.76135892094119
2022-07-15 14:00:00,1.003219744401055,0.5532517187682112,0.44515934145636366,1.0,0.7568585811077755
2022-07-15 15:00:00,1.003219744401055,0.5532517187682112,0.44576660155013825,1.0,0.7578901360009874
2022-07-15 16:00:00,1.003219744401055,0.5532517187682112,0.44373527377166677,1.0,0.7544395122384824
2022-07-15 17:00:00,1.003219744401055,0.5532517187682112,0.44288211610470873,1.0,0.7529902502582304
2022-07-15 18:00:00,1.003219744401055,0.5532517187682112,0.44358773522775674,1.0,0.7541888879862584
2022-07-15 19:00:00,1.003219744401055,0.5532517187682112,0.44891409048688574,1.0,0.7632367867151005
2022-07-15 20:00:00,1.003219744401055,0.5532517187682112,0.45168097274514063,1.0,0.7679368995031864
2022-07-15 21:00:00,1.003219744401055,0.5532517187682112,0.4466903211294011,1.0,0.7594592617540424
2022-07-15 22:00:00,1.003219744401055,0.5532517187682112,0.44740235497174957,1.0,0.7606687961886889
2022-07-15 23:00:00,1.003219744401055,0.5532517187682112,0.44575377211153744,1.0,0.7578683425877506
2022-07-16 00:00:00,1.003219744401055,0.5532517187682112,0.44454780488305534,1.0,0.7558197617434844
2022-07-16 01:00:00,1.003219744401055,0.5532517187682112,0.4414601866597787,1.0,0.7505748136244769
2022-07-16 02:00:00,1.003219744401055,0.5532517187682112,0.44211876450795684,1.0,0.7506411728045144
2022-07-16 03:00:00,1.003219744401055,0.5532517187682112,0.4418279638996704,1.0,0.7501478788544006
2022-07-16 04:00:00,1.003219744401055,0.5532517187682112,0.44250150942621624,1.0,0.7512904346947379
2022-07-16 05:00:00,1.003219744401055,0.5532517187682112,0.4426960892449961,1.0,0.7516205063819463
2022-07-16 06:00:00,1.003219744401055,0.5532517187682112,0.4394523795187421,1.0,0.7461181025413378
2022-07-16 07:00:00,1.003219744401055,0.5532517187682112,0.43852438345994565,1.0,0.744543914494651
2022-07-16 08:00:00,1.003219744401055,0.5532517187682112,0.4385158305008784,1.0,0.7445294058490594
2022-07-16 09:00:00,1.003219744401055,0.5532517187682112,0.4397773919632975,1.0,0.7466694310738181
2022-07-16 10:00:00,1.003219744401055,0.5532517187682112,0.43992920698674115,1.0,0.7469269595330686
2022-07-16 11:00:00,1.003219744401055,0.5532517187682112,0.44025635767106347,1.0,0.7474819152269468
2022-07-16 12:00:00,1.003219744401055,0.5532517187682112,0.4398778892323377,1.0,0.7468399076595192
2022-07-16 13:00:00,1.003219744401055,0.5532517187682112,0.44161841640252275,1.0,0.7497924170374066
2022-07-16 14:00:00,1.003219744401055,0.5532517187682112,0.44464830215209555,1.0,0.7549321047382255
2022-07-16 15:00:00,1.003219744401055,0.5532517187682112,0.4441757511636301,1.0,0.7541305020692904
2022-07-16 16:00:00,1.003219744401055,0.5532517187682112,0.4469383569423514,1.0,0.7588167945953723
2022-07-16 17:00:00,1.003219744401055,0.5532517187682112,0.4580443742911735,1.0,0.7776562708960448
2022-07-16 18:00:00,1.003219744401055,0.5532517187682112,0.4534621264708951,1.0,0.7698832640203535
2022-07-16 19:00:00,1.003219744401055,0.5532517187682112,0.45443502556479465,1.0,0.7715336224563961
2022-07-16 20:00:00,1.003219744401055,0.5532517187682112,0.45227112692078075,1.0,0.7678629351217252
2022-07-16 21:00:00,1.003219744401055,0.5532517187682112,0.45263035120160516,1.0,0.7684722982365718
2022-07-16 22:00:00,1.003219744401055,0.5532517187682112,0.4523587947512201,1.0,0.768011648739039
2022-07-16 23:00:00,1.003219744401055,0.5532517187682112,0.4544157814068933,1.0,0.771500978003815
2022-07-17 00:00:00,1.003219744401055,0.5532517187682112,0.4522561592424131,1.0,0.7678375449919399
2022-07-17 01:00:00,1.003219744401055,0.5532517187682112,0.4544243343659606,1.0,0.7715154866494067
2022-07-17 02:00:00,1.003219744401055,0.5532517187682112,0.45155695483866554,1.0,0.7655781590113695
2022-07-17 03:00:00,1.003219744401055,0.5532517187682112,0.45162751675097035,1.0,0.7656976895112108
2022-07-17 04:00:00,1.003219744401055,0.5532517187682112,0.4550465621381029,1.0,0.7714894855489721
2022-07-17 05:00:00,1.003219744401055,0.5532517187682112,0.4537336829212803,1.0,0.7692654938246535
2022-07-17 06:00:00,1.003219744401055,0.5532517187682112,0.45577570189858585,1.0,0.7727246340473315
2022-07-17 07:00:00,1.003219744401055,0.5532517187682112,0.4604413410697699,1.0,0.780628135582288
2022-07-17 08:00:00,1.003219744401055,0.5532517187682112,0.4581662539578818,1.0,0.776774182496498
2022-07-17 09:00:00,1.003219744401055,0.5532517187682112,0.45791180342563115,1.0,0.7763431482697978
2022-07-17 10:00:00,1.003219744401055,0.5532517187682112,0.4560280141910697,1.0,0.7731520461376729
2022-07-17 11:00:00,1.003219744401055,0.5532517187682112,0.45640648262979544,1.0,0.773793164273185
2022-07-17 12:00:00,1.003219744401055,0.5532517187682112,0.4579673976595683,1.0,0.7764373238151273
2022-07-17 13:00:00,1.003219744401055,0.5532517187682112,0.45635730311515876,1.0,0.773709855136932
2022-07-17 14:00:00,1.003219744401055,0.5532517187682112,0.45066317061613803,1.0,0.7640641060133805
2022-07-17 15:00:00,1.003219744401055,0.5532517187682112,0.4524763979383948,1.0,0.7671356776456644
2022-07-17 16:00:00,1.003219744401055,0.5532517187682112,0.45170876986210917,1.0,0.765835330692846
2022-07-17 17:00:00,1.003219744401055,0.5532517187682112,0.45138161917778696,1.0,0.7652811438299458
2022-07-17 18:00:00,1.003219744401055,0.5532517187682112,0.44645725299481864,1.0,0.7569393637955715
2022-07-17 19:00:00,1.003219744401055,0.5532517187682112,0.44760334950982994,1.0,0.7588808288839017
2022-07-17 20:00:00,1.003219744401055,0.5532517187682112,0.4487772431418098,1.0,0.7608693817448968
2022-07-17 21:00:00,1.003219744401055,0.5532517187682112,0.4467929566382081,1.0,0.757508039203907
2022-07-17 22:00:00,1.003219744401055,0.5532517187682112,0.4485890780423303,1.0,0.7605506337453201
2022-07-17 23:00:00,1.003219744401055,0.5532517187682112,0.44824054496033994,1.0,0.7599602255188316
2022-07-18 00:00:00,1.003219744401055,0.5532517187682112,0.44393413006998034,1.0,0.7526652428921577
2022-07-18 01:00:00,1.003219744401055,0.5532517187682112,0.4443852986607777,1.0,0.7534295136638698
2022-07-18 02:00:00,1.003219744401055,0.5528644425650735,0.4476803261414351,1.0,0.7579486068589121
2022-07-18 03:00:00,1.003219744401055,0.5622015678927894,0.4552475566761833,1.0,0.7451478901020621
2022-07-18 04:00:00,1.003219744401055,0.5608982223398389,0.454191266231378,1.0,0.7469347095645893
2022-07-18 05:00:00,1.003219744401055,0.5612201012010939,0.4544521314829291,1.0,0.7464934302641271
2022-07-18 06:00:00,1.003219744401055,0.5761452546283017,0.46654815384378534,1.0,0.7260318154877776
2022-07-18 07:00:00,1.003219744401055,0.5850707971498227,0.47378181897491073,1.0,0.7137953575085678
2022-07-18 08:00:00,1.003219744401055,0.5864691233503565,0.47491508605132116,1.0,0.7118783244819697
2022-07-18 09:00:00,1.003219744401055,0.5875191871764178,0.4757661054785124,1.0,0.710438741190298
2022-07-18 10:00:00,1.003219744401055,0.5861709896509975,0.4746734649576714,1.0,0.7122870503914143
2022-07-18 11:00:00,1.003219744401055,0.5853240788767119,0.47398708999252476,1.0,0.7134481213377123
2022-07-18 12:00:00,1.003219744401055,0.5834772329514785,0.47249032215575626,1.0,0.7159800517502003
2022-07-18 13:00:00,1.003219744401055,0.5874611434473391,0.47571906420364257,1.0,0.710518316146119
2022-07-18 14:00:00,1.003219744401055,0.5835009781133742,0.47250956631365754,1.0,0.7159474983591826
2022-07-18 15:00:00,1.003219744401055,0.585466549848087,0.47410255493993253,1.0,0.7132528009916062
2022-07-18 16:00:00,1.003219744401055,0.5978219490878985,0.48411593176791373,1.0,0.6963141865320615
2022-07-18 17:00:00,1.003219744401055,0.5851895229593019,0.4738780397644173,1.0,0.7136325905534793
2022-07-18 18:00:00,1.003219744401055,0.5767362453243764,0.4670271195515513,1.0,0.7252215977557814
2022-07-18 19:00:00,1.003219744401055,0.5756043926073405,0.46610981469158885,1.0,0.726773309394292
2022-07-18 20:00:00,1.003219744401055,0.5698897236444039,0.4614783873566738,1.0,0.7346078254992191
2022-07-18 21:00:00,1.003219744401055,0.566562762627662,0.45878206701072366,1.0,0.739168917285144
2022-07-18 22:00:00,1.003219744401055,0.5709740860376481,0.46235720390083357,1.0,0.733121220642744
2022-07-18 23:00:00,1.003219744401055,0.5743221538649642,0.4650706301649182,1.0,0.7285311925092479
2022-07-19 00:00:00,1.003219744401055,0.5912234324321718,0.4787681941111166,1.0,0.7053604121915363
2022-07-19 01:00:00,1.003219744401055,0.5889650037007435,0.4769378608707255,1.0,0.7084566013816644
2022-07-19 02:00:00,1.003219744401055,0.5810463288621034,0.47085029225461134,1.0,0.7176932152291939
2022-07-19 03:00:00,1.003219744401055,0.5810463288621034,0.47173124703853797,1.0,0.719034955803746
2022-07-19 04:00:00,1.003219744401055,0.5810463288621034,0.46753174413651893,1.0,0.7126388915114641
2022-07-19 05:00:00,1.003219744401055,0.5810463288621034,0.4673008142417032,1.0,0.7122871731084263
2022-07-19 06:00:00,1.003219744401055,0.5810463288621034,0.46949892472198607,1.0,0.7156350112410462
2022-07-19 07:00:00,1.003219744401055,0.5810463288621034,0.4644484023927758,1.0,0.7079427995005321
2022-07-19 08:00:00,1.003219744401055,0.5810463288621034,0.46460021741621954,1.0,0.7081740217840108
2022-07-19 09:00:00,1.003219744401055,0.5810463288621034,0.46796366856941496,1.0,0.7132967351912202
2022-07-19 10:00:00,1.003219744401055,0.5810463288621034,0.467508223499084,1.0,0.7126030683407844
2022-07-19 11:00:00,1.003219744401055,0.5810463288621034,0.4696507397454297,1.0,0.7158662335245248
2022-07-19 12:00:00,1.003219744401055,0.5810463288621034,0.4690199590142201,1.0,0.7149055212199306
2022-07-19 13:00:00,1.003219744401055,0.5810463288621034,0.4733028532671449,1.0,0.7214285949355317
2022-07-19 14:00:00,1.003219744401055,0.5810463288621034,0.47641826860739006,1.0,0.7261735367246632
2022-07-19 15:00:00,1.003219744401055,0.5810463288621034,0.48290996453943175,1.0,0.7360607318322843
2022-07-19 16:00:00,1.003219744401055,0.5810463288621034,0.4935990251337255,1.0,0.7523407345803069
2022-07-19 17:00:00,1.003219744401055,0.5810463288621034,0.49595108887721884,1.0,0.7559230516482855
2022-07-19 18:00:00,1.003219744401055,0.5810463288621034,0.500717225317443,1.0,0.7631821286887622
2022-07-19 19:00:00,1.003219744401055,0.5810463288621034,0.499648105434037,1.0,0.7615538027487719
2022-07-19 20:00:00,1.003219744401055,0.5810463288621034,0.49944711089595667,1.0,0.7612476774720538
2022-07-19 21:00:00,1.003219744401055,0.5810463288621034,0.49741364487771833,1.0,0.7581506015341923
2022-07-19 22:00:00,1.003219744401055,0.5810463288621034,0.5047371160790498,1.0,0.7693046342231257
2022-07-19 23:00:00,1.003219744401055,0.5810463288621034,0.5014634709960605,1.0,0.7643187001948756
2022-07-20 00:00:00,1.003219744401055,0.5810463288621034,0.4993466136269165,1.0,0.7610946148336948
2022-07-20 01:00:00,1.003219744401055,0.5810463288621034,0.4918584979635405,1.0,0.7496898199500028
2022-07-20 02:00:00,1.003219744401055,0.5810463288621034,0.49646854290078735,1.0,0.75565178489607
2022-07-20 03:00:00,1.003219744401055,0.5810463288621034,0.49895317750982304,1.0,0.759430852955772
2022-07-20 04:00:00,1.003219744401055,0.5810463288621034,0.5003729687149863,1.0,0.7615903204184588
2022-07-20 05:00:00,1.003219744401055,0.5810463288621034,0.49930812531111385,1.0,0.7599707198214436
2022-07-20 06:00:00,1.003219744401055,0.5810463288621034,0.5015917653820692,1.0,0.7634440801379339
2022-07-20 07:00:00,1.003219744401055,0.5810463288621034,0.5076857487174837,1.0,0.7727128787353095
2022-07-20 08:00:00,1.003219744401055,0.5810463288621034,0.4991563102876702,1.0,0.7597398129090178
2022-07-20 09:00:00,1.003219744401055,0.5810463288621034,0.4987842565682449,1.0,0.7591739283630727
2022-07-20 10:00:00,1.003219744401055,0.5810463288621034,0.5021562606805076,1.0,0.7643026635869539
2022-07-20 11:00:00,1.003219744401055,0.5810463288621034,0.5060842071321414,1.0,0.7702769734197185
2022-07-20 12:00:00,1.003219744401055,0.5810463288621034,0.5064926109276026,1.0,0.7708981455362443
2022-07-20 13:00:00,1.003219744401055,0.5810463288621034,0.508115534910613,1.0,0.7733665729521769
2022-07-20 14:00:00,1.003219744401055,0.5810463288621034,0.5075702837700758,1.0,0.7725372593934644
2022-07-20 15:00:00,1.003219744401055,0.5810463288621034,0.5161980812291628,1.0,0.7856599268813277
2022-07-20 16:00:00,1.003219744401055,0.5810463288621034,0.5157597420769663,1.0,0.7849932238243236
2022-07-20 17:00:00,1.003219744401055,0.5810463288621034,0.5056373150208777,1.0,0.7695972615225776
2022-07-20 18:00:00,1.003219744401055,0.5810463288621034,0.5020215515751985,1.0,0.7640977743548014
2022-07-20 19:00:00,1.003219744401055,0.5810463288621034,0.5072067830097178,1.0,0.7719843836876561
2022-07-20 20:00:00,1.003219744401055,0.5810463288621034,0.5050065342896681,1.0,0.7686378595624983
2022-07-20 21:00:00,1.003219744401055,0.5810463288621034,0.4965198606551909,1.0,0.7557298379368901
2022-07-20 22:00:00,1.003219744401055,0.5810463288621034,0.5039630732834638,1.0,0.7670507810658249
2022-07-20 23:00:00,1.003219744401055,0.5810463288621034,0.4975398010239603,1.0,0.7572811421231876
2022-07-21 00:00:00,1.003219744401055,0.5810463288621034,0.49583134745027735,1.0,0.7546826263058883
2022-07-21 01:00:00,1.003219744401055,0.5810463288621034,0.49633383379547824,1.0,0.7554468956639175
2022-07-21 02:00:00,1.003219744401055,0.5806395964318999,0.4959895771930215,1.0,0.7538663968856664
2022-07-21 03:00:00,1.003219744401055,0.5671320684135462,0.48444308245223605,1.0,0.7714037325076313
2022-07-21 04:00:00,1.003219744401055,0.5692707603497855,0.4862712774528604,1.0,0.7686269877008202
2022-07-21 05:00:00,1.003219744401055,0.5717971683680332,0.48843089961734065,1.0,0.7653468564085637
2022-07-21 06:00:00,1.003219744401055,0.5732980048145169,0.4897138434774279,1.0,0.7633982635616787
2022-07-21 07:00:00,1.003219744401055,0.5695809332153922,0.486536419183945,1.0,0.768224278512464
2022-07-21 08:00:00,1.003219744401055,0.5730778821356992,0.48952567837794836,1.0,0.7636840571792219
2022-07-21 09:00:00,1.003219744401055,0.5717096195753216,0.48835606122550224,1.0,0.7654605243246321
2022-07-21 10:00:00,1.003219744401055,0.5749739388464238,0.49114646412119206,1.0,0.7612223348826572
2022-07-21 11:00:00,1.003219744401055,0.5715445275662083,0.48821493740089256,1.0,0.7656748695377895
2022-07-21 12:00:00,1.003219744401055,0.5650459057529338,0.4826597904867147,1.0,0.7741122765648014
2022-07-21 13:00:00,1.003219744401055,0.569733518254118,0.48666685180972064,1.0,0.7680261715730307
2022-07-21 14:00:00,1.003219744401055,0.5674472440673077,0.4847125006628543,1.0,0.7709945280097854
2022-07-21 15:00:00,1.003219744401055,0.5637201668918731,0.4815265234103043,1.0,0.7758335335795499
2022-07-21 16:00:00,1.003219744401055,0.5657512988827812,0.4832627741009557,1.0,0.7731964379267655
2022-07-21 17:00:00,1.003219744401055,0.5755842790013271,0.4916681946242942,1.0,0.7604299071249241
2022-07-21 18:00:00,1.003219744401055,0.571256867247299,0.4879690398277092,1.0,0.7660483498334424
2022-07-21 19:00:00,1.003219744401055,0.5730003389192976,0.48945939294517726,1.0,0.763784734476311
2022-07-21 20:00:00,1.003219744401055,0.579741595958087,0.4952219491167359,1.0,0.7550323049390526
2022-07-21 21:00:00,1.003219744401055,0.5777604918487285,0.4935284632214207,1.0,0.7576044474969408
2022-07-21 22:00:00,1.003219744401055,0.5798091335981789,0.49527968159043984,1.0,0.7549446182609427
2022-07-21 23:00:00,1.003219744401055,0.5751965629193188,0.49133676746043825,1.0,0.7609332936103693
2022-07-22 00:00:00,1.003219744401055,0.5785284198305127,0.494184902829832,1.0,0.7566074174902846
2022-07-22 01:00:00,1.003219744401055,0.5814525495070786,0.49668450511723544,1.0,0.7528109090936037
2022-07-22 02:00:00,1.003219744401055,0.5766094143602307,0.49323552437336743,1.0,0.7569939611916798
2022-07-22 03:00:00,1.003219744401055,0.5735545042305388,0.49062045713855623,1.0,0.7610045591156245
2022-07-22 04:00:00,1.003219744401055,0.571698577634986,0.48903174499181484,1.0,0.7634410875354862
2022-07-22 05:00:00,1.003219744401055,0.5731923112879342,0.49031041237236844,1.0,0.7614800592783162
2022-07-22 06:00:00,1.003219744401055,0.5775236393050118,0.4940181201280207,1.0,0.7557937331948165
2022-07-22 07:00:00,1.003219744401055,0.5780207178952069,0.4944436298416163,1.0,0.7551411502129155
2022-07-22 08:00:00,1.003219744401055,0.5768392195376074,0.49343224243191414,1.0,0.7566922645367306
2022-07-22 09:00:00,1.003219744401055,0.5814627997911315,0.49739012424028345,1.0,0.7506222590116106
2022-07-22 10:00:00,1.003219744401055,0.5851022143937161,0.5005055395805286,1.0,0.7458443022044257
2022-07-22 11:00:00,1.003219744401055,0.5847749918041907,0.5002254301710762,1.0,0.7462738920065816
2022-07-22 12:00:00,1.003219744401055,0.5891138134683567,0.5039395526460289,1.0,0.7405777279886814
2022-07-22 13:00:00,1.003219744401055,0.5885417984072777,0.5034498957394289,1.0,0.7413286903145876
2022-07-22 14:00:00,1.003219744401055,0.5852970492180138,0.50067232228234,1.0,0.7455885159100121
2022-07-22 15:00:00,1.003219744401055,0.5904901466502538,0.5051177227575423,1.0,0.7387708273704529
2022-07-22 16:00:00,1.003219744401055,0.5812704628491966,0.4972254797782389,1.0,0.7508747659945573
2022-07-22 17:00:00,1.003219744401055,0.5766518783603982,0.49327187444940324,1.0,0.7569382128967436
2022-07-22 18:00:00,1.003219744401055,0.5743438350571805,0.4912961409048689,1.0,0.7599682966921032
2022-07-22 19:00:00,1.003219744401055,0.5745436656462036,0.49146720008621386,1.0,0.759705951774756
2022-07-22 20:00:00,1.003219744401055,0.563592949367733,0.48209315694850946,1.0,0.7740824532453803
2022-07-22 21:00:00,1.003219744401055,0.5639326613690724,0.4823839575567959,1.0,0.7736364668858902
2022-07-22 22:00:00,1.003219744401055,0.5672923131470247,0.48525989004315817,1.0,0.7692257929629911
2022-07-22 23:00:00,1.003219744401055,0.5669950651458527,0.4850054395109076,1.0,0.769616031027545
2022-07-23 00:00:00,1.003219744401055,0.5659909164360112,0.48414586712464913,1.0,0.7709343142372144
2022-07-23 01:00:00,1.003219744401055,0.5680341842087733,0.4858949472539014,1.0,0.7682518374573397
2022-07-23 02:00:00,1.0025174905799743,0.5677078768206898,0.4862969363300621,1.0,0.7665755301416364
2022-07-23 03:00:00,1.0045260796114241,0.5688453051699848,0.48727197366372843,1.0,0.7650396614749165
2022-07-23 04:00:00,1.003433689085548,0.5682267037870349,0.48674169020155905,1.0,0.7658749584690975
2022-07-23 05:00:00,1.0073627711382962,0.5704516732773224,0.48864900007355544,1.0,0.7628705837964791
2022-07-23 06:00:00,1.0077283695804242,0.5706587051917774,0.48882647397420087,1.0,0.7625910287540716
2022-07-23 07:00:00,1.0042926251845232,0.5687131040679835,0.4871586469560874,1.0,0.7652181725260923
2022-07-23 08:00:00,1.002015343322112,0.5674235197333661,0.4860531769966455,1.0,0.7669594973083163
2022-07-23 09:00:00,0.9948487328963032,0.563365195337965,0.4825742608960422,1.0,0.772439449766108
2022-07-23 10:00:00,0.9972361347714036,0.5647171386829604,0.4837331868496544,1.0,0.7706139216578578
2022-07-23 11:00:00,0.9908667932374641,0.561110293522696,0.48064129214684403,1.0,0.7754842420352193
2022-07-23 12:00:00,0.9783439453944558,0.5540188268625085,0.47456227648979715,1.0,0.7850598442709303
2022-07-23 13:00:00,0.9804670592391023,0.5552211085825967,0.4755929080574006,1.0,0.7834364041451432
2022-07-23 14:00:00,0.9828676755157254,0.5565805350088373,0.47675824873031325,1.0,0.7816007716377698
2022-07-23 15:00:00,0.9746130793645479,0.5519061035909014,0.47275118740730726,1.0,0.7879126529567015
2022-07-23 16:00:00,0.9775995341086773,0.5535972799523532,0.47420091396920594,1.0,0.7856290587548681
2022-07-23 17:00:00,0.9763573803655439,0.5528938703152892,0.47359793035496495,1.0,0.7865788722724448
2022-07-23 18:00:00,0.9695431539803402,0.5490350947530978,0.47029007343570656,1.0,0.7917893740869525
2022-07-23 19:00:00,0.9714019797945328,0.5500877148482787,0.47119241061730127,1.0,0.7903680219436284
2022-07-23 20:00:00,0.9800926511959592,0.5550090879473114,0.4754111576772216,1.0,0.7837226954536326
2022-07-23 21:00:00,0.9821673122350225,0.5561839317028331,0.47641826860739006,1.0,0.7821363047912971
2022-07-23 22:00:00,0.9787227582381065,0.5542333418582089,0.47474616510974305,1.0,0.7847701848293998
2022-07-23 23:00:00,0.9884089145542426,0.5597184404110589,0.47944815435696286,1.0,0.7773636602721262
2022-07-24 00:00:00,0.9877393848770927,0.5593392976279605,0.4791231419124074,1.0,0.7778756164943662
2022-07-24 01:00:00,0.9921706141877035,0.5618486242055718,0.4812742111178204,1.0,0.7744872746550677
2022-07-24 02:00:00,0.9861143116947956,0.5584190475029812,0.4786698350818433,1.0,0.7775164490699469
2022-07-24 03:00:00,0.9861143116947956,0.5584190475029812,0.4795614810646039,1.0,0.7760692260782084
2022-07-24 04:00:00,0.9861143116947956,0.5584190475029812,0.4766919632975421,1.0,0.7807267158981439
2022-07-24 05:00:00,0.9861143116947956,0.5584190475029812,0.4779535247599612,1.0,0.7786790862455641
2022-07-24 06:00:00,0.9861143116947956,0.5584190475029812,0.4855742112888796,1.0,0.7663100149204894
2022-07-24 07:00:00,0.9861143116947956,0.5584190475029812,0.48402184921817404,1.0,0.7688296405607824
2022-07-24 08:00:00,0.9861143116947956,0.5584190475029812,0.48451792084407447,1.0,0.7680244709346832
2022-07-24 09:00:00,0.9861143116947956,0.5584190475029812,0.4840539228146762,1.0,0.7687775821797846
2022-07-24 10:00:00,0.9861143116947956,0.5584190475029812,0.4827709789545889,1.0,0.7708599174196962
2022-07-24 11:00:00,0.9861143116947956,0.5584190475029812,0.4805728684743061,1.0,0.7744276517974114
2022-07-24 12:00:00,0.9861143116947956,0.5584190475029812,0.4835706806273766,1.0,0.7695619284534847
2022-07-24 13:00:00,0.9861143116947956,0.5584190475029812,0.48008321156770606,1.0,0.775222409747311
2022-07-24 14:00:00,0.9861143116947956,0.5584190475029812,0.48165909427584663,1.0,0.7726646079609529
2022-07-24 15:00:00,0.9861143116947956,0.5584190475029812,0.48596123268667263,1.0,0.7656818437897827
2022-07-24 16:00:00,0.9861143116947956,0.5584190475029812,0.48760981554688476,1.0,0.7630060430064963
2022-07-24 17:00:00,0.9861143116947956,0.5584190475029812,0.48469753298448665,1.0,0.7677329440010957
2022-07-24 18:00:00,0.9861143116947956,0.5584190475029812,0.4859804768445739,1.0,0.7656506087611841
2022-07-24 19:00:00,0.9861143116947956,0.5584190475029812,0.4847445742593565,1.0,0.7676565917089656
2022-07-24 20:00:00,0.9861143116947956,0.5584190475029812,0.4845756533177783,1.0,0.7679307658488873
2022-07-24 21:00:00,0.9861143116947956,0.5584190475029812,0.48496267471557136,1.0,0.7673025947181806
2022-07-24 22:00:00,0.9861143116947956,0.5584190475029812,0.4868208050729311,1.0,0.764286679179042
2022-07-24 23:00:00,0.9861143116947956,0.5584190475029812,0.4835642659080762,1.0,0.7695723401296842
2022-07-25 00:00:00,0.9861143116947956,0.5584190475029812,0.4819135448080972,1.0,0.7722516114717038
2022-07-25 01:00:00,0.9861143116947956,0.5584190475029812,0.47644178924482505,1.0,0.7811327712699266
2022-07-25 02:00:00,0.9861143116947956,0.5584190475029812,0.4739763987936907,1.0,0.7840457987278326
2022-07-25 03:00:00,0.9861143116947956,0.5584190475029812,0.4685495462655215,1.0,0.7750757267949185
2022-07-25 04:00:00,0.9861143116947956,0.5584190475029812,0.46667858646956084,1.0,0.7719832079055176
2022-07-25 05:00:00,0.9861143116947956,0.5584190475029812,0.4671639668966272,1.0,0.7727854956631107
2022-07-25 06:00:00,0.9861143116947956,0.5584190475029812,0.46757664717162195,1.0,0.77346761697243
2022-07-25 07:00:00,0.9861143116947956,0.5584190475029812,0.4675039470195504,1.0,0.7733474505241562
2022-07-25 08:00:00,0.9861143116947956,0.5584190475029812,0.46866928769246297,1.0,0.7752736480038402
2022-07-25 09:00:00,0.9861143116947956,0.5584190475029812,0.4705316945293563,1.0,0.7783520296640325
2022-07-25 10:00:00,0.9861143116947956,0.5584190475029812,0.46952886007872147,1.0,0.7766944395393137
2022-07-25 11:00:00,0.9861143116947956,0.5584190475029812,0.47054238572819035,1.0,0.7783697012005434
2022-07-25 12:00:00,0.9861143116947956,0.5584190475029812,0.46825019269816776,1.0,0.7745809237726143
2022-07-25 13:00:00,0.9861143116947956,0.5584190475029812,0.4689002175872787,1.0,0.7756553531924749
2022-07-25 14:00:00,0.9861143116947956,0.5584190475029812,0.46736923791424123,1.0,0.7731247891641194
2022-07-25 15:00:00,0.9861143116947956,0.5584190475029812,0.46705491666851984,1.0,0.7726052459907
2022-07-25 16:00:00,0.9861143116947956,0.5584190475029812,0.4672409435282325,1.0,0.772912730725989
2022-07-25 17:00:00,0.9861143116947956,0.5584190475029812,0.46842980483858,1.0,0.774877805585997
2022-07-25 18:00:00,0.9861143116947956,0.5584190475029812,0.46654815384378534,1.0,0.7717676151600851
2022-07-25 19:00:00,0.9861143116947956,0.5584190475029812,0.46575059041076444,1.0,0.7704493185363747
2022-07-25 20:00:00,0.9861143116947956,0.5584190475029812,0.46713830801942546,1.0,0.7727430839754846
2022-07-25 21:00:00,0.9861143116947956,0.5584190475029812,0.47314676176416753,1.0,0.7826744874945896
2022-07-25 22:00:00,0.9861143116947956,0.5584190475029812,0.470148949611097,1.0,0.7777193886569437
2022-07-25 23:00:00,0.9861143116947956,0.5584190475029812,0.46217331528088773,1.0,0.76453642241984
2022-07-26 00:00:00,0.9861143116947956,0.5584190475029812,0.4547450703309824,1.0,0.7522582388520924
2022-07-26 01:00:00,0.9861143116947956,0.5584190475029812,0.4480245827438919,1.0,0.7411499110013641
2022-07-26 02:00:00,0.9854240316766092,0.5580281541697292,0.449696686241539,1.0,0.7428722404119176
2022-07-26 03:00:00,0.9851478209825306,0.5578717409518413,0.44957053009529707,1.0,0.7430804647402676
2022-07-26 04:00:00,0.988527890832101,0.5597858145673501,0.45111433920693544,1.0,0.7405323636374085
2022-07-26 05:00:00,0.9878677940886252,0.559412013487313,0.45081284739981486,1.0,0.741029984489906
2022-07-26 06:00:00,0.988855598435245,0.5599713895716238,0.4512640159906123,1.0,0.7402853178241119
2022-07-26 07:00:00,0.9857330131310019,0.5582031248880444,0.4498378100661486,1.0,0.7426393115022379
2022-07-26 08:00:00,0.9849465148834565,0.5577577448777875,0.4494785857853242,1.0,0.7432322214541498
2022-07-26 09:00:00,0.985101005610653,0.5578452302369451,0.44954914769762894,1.0,0.74311575699931
2022-07-26 10:00:00,0.9875307234111059,0.5592211363400601,0.4506588941366045,1.0,0.741284088755011
2022-07-26 11:00:00,0.9854006239906703,0.5580148988122811,0.44968599504270496,1.0,0.7428898865414387
2022-07-26 12:00:00,0.9861262622547747,0.5584258148931728,0.4500174222065608,1.0,0.7423428565262821
2022-07-26 13:00:00,0.983509282966811,0.5569438659304727,0.44882214617691285,1.0,0.7443156938067506
2022-07-26 14:00:00,0.9797266009190925,0.5548018001668563,0.44709444844532864,1.0,0.7471673083373741
2022-07-26 15:00:00,0.9797125563075292,0.5547938469523874,0.44708803372602823,1.0,0.7471778960150868
2022-07-26 16:00:00,0.9701481758329138,0.5493777078990849,0.442719609882431,1.0,0.7543881045374432
2022-07-26 17:00:00,0.9789354211343592,0.5543537690851098,0.44673308592473737,1.0,0.7477637475151901
2022-07-26 18:00:00,0.9782987320768224,0.5539932233625209,0.44644228531645097,1.0,0.7482437222381664
2022-07-26 19:00:00,0.9775918199614689,0.5535929115675876,0.44611941111166226,1.0,0.7487766353497063
2022-07-26 20:00:00,0.9781161521264993,0.5538898315744255,0.44635889396554523,1.0,0.7483813620484316
2022-07-26 21:00:00,0.9812574635794934,0.5556687005439636,0.44779365284907624,1.0,0.7460132514666885
2022-07-26 22:00:00,0.979408256390324,0.5546215273055619,0.4469490481411854,1.0,0.7474072956988622
2022-07-26 23:00:00,0.9872170604195253,0.5590435145502552,0.45051563207222806,1.0,0.7415205468905948
2022-07-27 00:00:00,0.9937150340361507,0.5627232017778538,0.45348350886856326,1.0,0.7366219813355138
2022-07-27 01:00:00,0.9915287561694619,0.5614851513921992,0.452484950897462,1.0,0.7382701298327925
2022-07-27 02:00:00,0.9889020814179823,0.559605713662002,0.4516018578737686,1.0,0.7386876805354905
2022-07-27 03:00:00,0.9889020814179823,0.559068297997329,0.45203592054643144,1.0,0.7379782840423367
2022-07-27 04:00:00,0.9889020814179823,0.5619301025959076,0.44972448335850757,1.0,0.7417559077324812
2022-07-27 05:00:00,0.9889020814179823,0.5609929343924879,0.450481420235959,1.0,0.7405188320744691
2022-07-27 06:00:00,0.9889020814179823,0.5574586983711165,0.45333597032465317,1.0,0.7358535891268807
2022-07-27 07:00:00,0.9889020814179823,0.5571357194987514,0.4535968355762043,1.0,0.7354272523181872
2022-07-27 08:00:00,0.9889020814179823,0.5547875042545892,0.45549345424936666,1.0,0.7323275740451453
2022-07-27 09:00:00,0.9889020814179823,0.5545465937842187,0.4556880340681465,1.0,0.7320095687206281
2022-07-27 10:00:00,0.9889020814179823,0.5561217776289498,0.4544157814068933,1.0,0.7340888343040102
2022-07-27 11:00:00,0.9889020814179823,0.5563017986397761,0.4542703811027501,1.0,0.7343264646563966
2022-07-27 12:00:00,0.9889020814179823,0.5585414718038811,0.45246143026002705,1.0,0.7372828658052054
2022-07-27 13:00:00,0.9889020814179823,0.554120367567409,0.4560322906706033,1.0,0.7314469439157129
2022-07-27 14:00:00,0.9889020814179823,0.5517589154842155,0.45793960054259975,1.0,0.7283297928226425
2022-07-27 15:00:00,0.9889020814179823,0.5518383365184036,0.4578754533495954,1.0,0.728434629742813
2022-07-27 16:00:00,0.9889020814179823,0.5499825316862079,0.45937435942613064,1.0,0.7259849403748285
2022-07-27 17:00:00,0.9889020814179823,0.5499242895944699,0.4594214007010005,1.0,0.7259080599667034
2022-07-27 18:00:00,0.9889020814179823,0.5474384112243817,0.46142920784203706,1.0,0.722626664365366
2022-07-27 19:00:00,0.9889020814179823,0.5227570011665198,0.48136401718802657,1.0,0.6900468441403722
2022-07-27 20:00:00,0.9889020814179823,0.5169619130385933,0.48604462403757825,1.0,0.6823972435319297
2022-07-27 21:00:00,0.9889020814179823,0.5168136604414421,0.4861643654645198,1.0,0.6822015479476112
2022-07-27 22:00:00,0.9889020814179823,0.5194054335237811,0.4840710287328107,1.0,0.6856227261091761
2022-07-27 23:00:00,0.9889020814179823,0.5143092504967101,0.488187140283924,1.0,0.678895690398234
2022-07-28 00:00:00,0.9889020814179823,0.5122681299180754,0.48983572314413615,1.0,0.6762013815498515
2022-07-28 01:00:00,0.9889020814179823,0.5165621604998464,0.4863674982423669,1.0,0.6818695643670712
2022-07-28 02:00:00,0.9882098499609897,0.5165374147587508,0.4860467622773451,1.0,0.6813596137992006
2022-07-28 03:00:00,0.9659373001280087,0.5165374147587508,0.4970095175617908,1.0,0.6967162872356397
2022-07-28 04:00:00,0.972444863937216,0.5165374147587508,0.4938064343911063,1.0,0.6922293949384316
2022-07-28 05:00:00,0.9752425081916414,0.5165374147587508,0.4924294079812793,1.0,0.6903004505863609
2022-07-28 06:00:00,0.9679399616206953,0.5165374147587508,0.49602378902929045,1.0,0.6953354745860985
2022-07-28 07:00:00,0.9729357549321694,0.5165374147587508,0.4935648132974565,1.0,0.6918909311002578
2022-07-28 08:00:00,0.9815849936131652,0.5165374147587508,0.4893075779217336,1.0,0.6859273779869458
2022-07-28 09:00:00,0.9795823321204786,0.5165374147587508,0.49029330645423397,1.0,0.6873081906364872
2022-07-28 10:00:00,0.9790653761169434,0.5165374147587508,0.4905477569864846,1.0,0.6876646260058916
2022-07-28 11:00:00,0.9790610319488465,0.5165374147587508,0.4905498952262514,1.0,0.6876676212610966
2022-07-28 12:00:00,0.9733484509013782,0.5165374147587508,0.4933616805196094,1.0,0.6916063818557753
2022-07-28 13:00:00,0.9766847719998235,0.5165374147587508,0.49171951237869765,1.0,0.6893060258582747
2022-07-28 14:00:00,0.984830087181575,0.5165374147587508,0.4877103128159249,1.0,0.6836899223487519
2022-07-28 15:00:00,0.9726664165101595,0.5165374147587508,0.4936973841629989,1.0,0.6920766369229727
2022-07-28 16:00:00,0.9458324901753975,0.5165374147587508,0.5069052912025973,1.0,0.7105783283247447
2022-07-28 17:00:00,0.9448289873450059,0.5165374147587508,0.5073992245887309,1.0,0.7112702322771178
2022-07-28 18:00:00,0.9349199399158992,0.5165374147587508,0.5122765494968293,1.0,0.7181024093999026
2022-07-28 19:00:00,0.9432259893172371,0.5165374147587508,0.5081882350626846,1.0,0.712375481447792
2022-07-28 20:00:00,0.9436169644459611,0.5165374147587508,0.5079957934836715,1.0,0.7121059084793349
2022-07-28 21:00:00,0.9335515269653649,0.5165374147587508,0.5129500950233752,1.0,0.7190459147895024
2022-07-28 22:00:00,0.937830532540845,0.5165374147587508,0.5108439288530652,1.0,0.7160955884124998
2022-07-28 23:00:00,0.9364490870860198,0.5165374147587508,0.5115238890989116,1.0,0.717048079567715
2022-07-29 00:00:00,0.9416273354575654,0.5165374147587508,0.5089751072968715,1.0,0.713477735363261
2022-07-29 01:00:00,0.9398636032102101,0.5165374147587508,0.5098432326421971,1.0,0.7146938089765229
2022-07-29 02:00:00,0.9405155946381208,0.5165374147587508,0.5091654106361176,1.0,0.7127450869067083
2022-07-29 03:00:00,0.9405155946381208,0.5165374147587508,0.5076964399163179,1.0,0.7106901621048973
2022-07-29 04:00:00,0.9405155946381208,0.5165374147587508,0.510459045695039,1.0,0.7145547368413454
2022-07-29 05:00:00,0.9405155946381208,0.5165374147587508,0.5125823177834835,1.0,0.7175249556596838
2022-07-29 06:00:00,0.9405155946381208,0.5165374147587508,0.51204134312248,1.0,0.7167681929597446
2022-07-29 07:00:00,0.9405155946381208,0.5165374147587508,0.5111176235432172,1.0,0.7154760131717063
2022-07-29 08:00:00,0.9405155946381208,0.5165374147587508,0.5111518353794862,1.0,0.7155238716823743
2022-07-29 09:00:00,0.9405155946381208,0.5165374147587508,0.5107519845430923,1.0,0.714964525338941
2022-07-29 10:00:00,0.9405155946381208,0.5165374147587508,0.5137989762107996,1.0,0.7192269239453176
2022-07-29 11:00:00,0.9405155946381208,0.5165374147587508,0.5125203088302459,1.0,0.7174382121090979
2022-07-29 12:00:00,0.9405155946381208,0.5165374147587508,0.5064306019743651,1.0,0.708919397210178
2022-07-29 13:00:00,0.9405155946381208,0.5165374147587508,0.502083560528436,1.0,0.7028383751984141
2022-07-29 14:00:00,0.9405155946381208,0.5165374147587508,0.5059088714712628,1.0,0.7081895549224897
2022-07-29 15:00:00,0.9405155946381208,0.5165374147587508,0.5130056892573123,1.0,0.7181172047292014
2022-07-29 16:00:00,0.9405155946381208,0.5165374147587508,0.512541691227914,1.0,0.7174681236782654
2022-07-29 17:00:00,0.9405155946381208,0.5165374147587508,0.5090691898466111,1.0,0.7126104848454543
2022-07-29 18:00:00,0.9405155946381208,0.5165374147587508,0.5076322927233134,1.0,0.7106004273973947
2022-07-29 19:00:00,0.9405155946381208,0.5165374147587508,0.5108396523735317,1.0,0.715087162772528
2022-07-29 20:00:00,0.9405155946381208,0.5165374147587508,0.5101511391686181,1.0,0.7141240102453327
2022-07-29 21:00:00,0.9405155946381208,0.5165374147587508,0.5110128497946433,1.0,0.7153294464827852
2022-07-29 22:00:00,0.9405155946381208,0.5165374147587508,0.5085688417411771,1.0,0.7119105541269336
2022-07-29 23:00:00,0.9405155946381208,0.5165374147587508,0.5111496971397194,1.0,0.7155208805254576
2022-07-30 00:00:00,0.9405155946381208,0.5165374147587508,0.50758097496891,1.0,0.7105286396313926
2022-07-30 01:00:00,0.9405155946381208,0.5165374147587508,0.5106472107945186,1.0,0.7148179586500201
2022-07-30 02:00:00,0.9405155946381208,0.5165374147587508,0.5105338840868775,1.0,0.713658905073192
2022-07-30 03:00:00,0.9405155946381208,0.5165374147587508,0.5088874394664321,1.0,0.7159588757475724
2022-07-30 04:00:00,0.9405155946381208,0.5165374147587508,0.5082160321796532,1.0,0.7168967858667354
2022-07-30 05:00:00,0.9405155946381208,0.5165374147587508,0.5068090704130908,1.0,0.718862215352115
2022-07-30 06:00:00,0.9405155946381208,0.5165374147587508,0.5080235906006401,1.0,0.7171656136078968
2022-07-30 07:00:00,0.9405155946381208,0.5165374147587508,0.5084426855949352,1.0,0.7165801665271454
2022-07-30 08:00:00,0.9405155946381208,0.5165374147587508,0.5096935558585203,1.0,0.7148327862095966
2022-07-30 09:00:00,0.9405155946381208,0.5165374147587508,0.510027121262143,1.0,0.7143668181249168
2022-07-30 10:00:00,0.9405155946381208,0.5165374147587508,0.5104269720985368,1.0,0.7138082538182816
2022-07-30 11:00:00,0.9405155946381208,0.5165374147587508,0.5082930088112584,1.0,0.7167892547702709
2022-07-30 12:00:00,0.9405155946381208,0.5165374147587508,0.5115452714965797,1.0,0.7122460659446438
2022-07-30 13:00:00,0.9405155946381208,0.5165374147587508,0.5204489018855852,1.0,0.6998083024535783
2022-07-30 14:00:00,0.9405155946381208,0.5165374147587508,0.52296774833089,1.0,0.6962896460192664
2022-07-30 15:00:00,0.9405155946381208,0.5165374147587508,0.5198352270725102,1.0,0.700665564250393
2022-07-30 16:00:00,0.9405155946381208,0.5165374147587508,0.5236562615358035,1.0,0.695327840100889
2022-07-30 17:00:00,0.9405155946381208,0.5165374147587508,0.5247211049396759,1.0,0.6938403265997961
2022-07-30 18:00:00,0.9405155946381208,0.5165374147587508,0.5229420894536883,1.0,0.6963254897180877
2022-07-30 19:00:00,0.9405155946381208,0.5165374147587508,0.5232884842959118,1.0,0.6958415997839974
2022-07-30 20:00:00,0.9405155946381208,0.5165374147587508,0.5106579019933526,1.0,0.7134856605288878
2022-07-30 21:00:00,0.9405155946381208,0.5165374147587508,0.5114469124673062,1.0,0.7123834667901264
2022-07-30 22:00:00,0.9405155946381208,0.5165374147587508,0.5093086727004941,1.0,0.7153704416919192
2022-07-30 23:00:00,0.9405155946381208,0.5165374147587508,0.5058596919566262,1.0,0.7201884322085111
2022-07-31 00:00:00,0.9405155946381208,0.5165374147587508,0.5045660568977048,1.0,0.7219955520240958
2022-07-31 01:00:00,0.9405155946381208,0.5165374147587508,0.5067898262551894,1.0,0.7188890981262313
2022-07-31 02:00:00,0.9405155946381208,0.5165374147587508,0.5064177725357641,1.0,0.7184097064745767
2022-07-31 03:00:00,0.9405155946381208,0.5165374147587508,0.5078589461385955,1.0,0.7163666340051182
2022-07-31 04:00:00,0.9405155946381208,0.5165374147587508,0.5067577526586873,1.0,0.7179277353727311
2022-07-31 05:00:00,0.9405155946381208,0.5165374147587508,0.5080278670801737,1.0,0.7161271640865912
2022-07-31 06:00:00,0.9405155946381208,0.5165374147587508,0.5060628247344733,1.0,0.7189128964299626
2022-07-31 07:00:00,0.9405155946381208,0.5165374147587508,0.507444127623834,1.0,0.7169546993746657
2022-07-31 08:00:00,0.9405155946381208,0.5165374147587508,0.5061675984830472,1.0,0.7187643644551799
2022-07-31 09:00:00,0.9405155946381208,0.5165374147587508,0.5036786873944779,1.0,0.7222927566724642
2022-07-31 10:00:00,0.9405155946381208,0.5165374147587508,0.5069886825535029,1.0,0.7176003587752512
2022-07-31 11:00:00,0.9405155946381208,0.5165374147587508,0.508547459343509,1.0,0.7153905667422613
2022-07-31 12:00:00,0.9405155946381208,0.5165374147587508,0.5079530286883353,1.0,0.7162332583542931
2022-07-31 13:00:00,0.9405155946381208,0.5165374147587508,0.5082224468989536,1.0,0.7158513189905664
2022-07-31 14:00:00,0.9405155946381208,0.5165374147587508,0.5060649629742401,1.0,0.7189098651651711
2022-07-31 15:00:00,0.9405155946381208,0.5165374147587508,0.5063001693485895,1.0,0.7185764260381081
2022-07-31 16:00:00,0.9405155946381208,0.5165374147587508,0.5074355746647667,1.0,0.7169668244338315
2022-07-31 17:00:00,0.9405155946381208,0.5165374147587508,0.5073222479571257,1.0,0.71712748146778
2022-07-31 18:00:00,0.9405155946381208,0.5165374147587508,0.506670084828248,1.0,0.7180520172291818
2022-07-31 19:00:00,0.9405155946381208,0.5165374147587508,0.5069630236763012,1.0,0.717636733952749
2022-07-31 20:00:00,0.9405155946381208,0.5165374147587508,0.5089024071447998,1.0,0.7148873767868754
2022-07-31 21:00:00,0.9405155946381208,0.5165374147587508,0.5080086229222723,1.0,0.7161544454697145
2022-07-31 22:00:00,0.9405155946381208,0.5165374147587508,0.5035418400494018,1.0,0.7224867576191191
2022-07-31 23:00:00,0.9405155946381208,0.5165374147587508,0.49898525110632524,1.0,0.7289463828897657
2022-08-01 00:00:00,0.9405155946381208,0.5165374147587508,0.49729817993031045,1.0,0.7313380508102444
2022-08-01 01:00:00,0.9405155946381208,0.5165374147587508,0.49891682743378724,1.0,0.729043383363093
2022-08-01 02:00:00,0.9405155946381208,0.5161758385684196,0.49981274989608154,1.0,0.7267675052382452
2022-08-01 03:00:00,0.9405155946381208,0.5162707266130999,0.4999046942060545,1.0,0.7266339043558395
2022-08-01 04:00:00,0.9405155946381208,0.5152600586023193,0.4989253803928545,1.0,0.7280569091033231
2022-08-01 05:00:00,0.9405155946381208,0.5155778232170625,0.49923328691927543,1.0,0.7276095014971274
2022-08-01 06:00:00,0.9405155946381208,0.5142030499185551,0.4979011635445515,1.0,0.729545160793377
2022-08-01 07:00:00,0.9405155946381208,0.5119632507243578,0.4957308501812372,1.0,0.7326987630176036
2022-08-01 08:00:00,0.9405155946381208,0.5140927149828804,0.4977942515562109,1.0,0.7297005106566393
2022-08-01 09:00:00,0.9405155946381208,0.513368917804854,0.49709290891269653,1.0,0.7307196057596406
2022-08-01 10:00:00,0.9405155946381208,0.5138389446308285,0.4975483539830275,1.0,0.7300578153421428
2022-08-01 11:00:00,0.9405155946381208,0.5077616963738635,0.49165964166522697,1.0,0.7386144858106356
2022-08-01 12:00:00,0.9405155946381208,0.5119500105320769,0.4957180207426363,1.0,0.732717405001195
2022-08-01 13:00:00,0.9405155946381208,0.5100279759526227,0.49385561390574295,1.0,0.7354235996192261
2022-08-01 14:00:00,0.9405155946381208,0.512320735915944,0.4960772450234608,1.0,0.7321954294606334
2022-08-01 15:00:00,0.9405155946381208,0.5165929046252702,0.5002168772120089,1.0,0.7261802827551134
2022-08-01 16:00:00,0.9405155946381208,0.5141324355597233,0.4978327398720135,1.0,0.7296445847058649
2022-08-01 17:00:00,0.9405155946381208,0.511442469827973,0.49522622559626955,1.0,0.7334320143722021
2022-08-01 18:00:00,0.9405155946381208,0.5061750799988607,0.490122247272889,1.0,0.740848416844349
2022-08-01 19:00:00,0.9405155946381208,0.5059522034287977,0.489906285056441,1.0,0.7411622235681389
2022-08-01 20:00:00,0.9405155946381208,0.5059654436210786,0.48991911449504183,1.0,0.7411435815845475
2022-08-01 21:00:00,0.9405155946381208,0.509690351049458,0.4935284632214207,1.0,0.735898970200809
2022-08-01 22:00:00,0.9405155946381208,0.5074306915668393,0.4913389057002051,1.0,0.7390805354004228
2022-08-01 23:00:00,0.9405155946381208,0.5105377233554401,0.4943495472918766,1.0,0.7347058832509537
2022-08-02 00:00:00,0.9405155946381208,0.5128635837994637,0.4966032520060965,1.0,0.7314311081333824
2022-08-02 01:00:00,0.9405155946381208,0.5111423588029377,0.49493542498798304,1.0,0.7338545660002759
2022-08-02 02:00:00,0.9405155946381208,0.5065504103216031,0.49083000463570375,1.0,0.7388025198464956
2022-08-02 03:00:00,0.9405155946381208,0.5065504103216031,0.48913010402108814,1.0,0.7362456655646985
2022-08-02 04:00:00,0.9405155946381208,0.5065504103216031,0.48778728944753014,1.0,0.7342259114905243
2022-08-02 05:00:00,0.9405155946381208,0.5065504103216031,0.48793055151190656,1.0,0.7344413948073549
2022-08-02 06:00:00,0.9405155946381208,0.5065504103216031,0.48776376881009526,1.0,0.7341905336325372
2022-08-02 07:00:00,0.9405155946381208,0.5065504103216031,0.4882427345178611,1.0,0.7349109554679114
2022-08-02 08:00:00,0.9405155946381208,0.5065504103216031,0.4884330378571074,1.0,0.7351971945007164
2022-08-02 09:00:00,0.9405155946381208,0.5065504103216031,0.48681866683316427,1.0,0.7327689869752362
2022-08-02 10:00:00,0.9405155946381208,0.5065504103216031,0.4847595419377242,1.0,0.7296718163169084
2022-08-02 11:00:00,0.9405155946381208,0.5065504103216031,0.48776804528962886,1.0,0.734196965970353
2022-08-02 12:00:00,0.9405155946381208,0.5065504103216031,0.488358199465269,1.0,0.7350846285889392
2022-08-02 13:00:00,0.9405155946381208,0.5065504103216031,0.48524706060455736,1.0,0.7304051028279144
2022-08-02 14:00:00,0.9405155946381208,0.5065504103216031,0.48660056637694943,1.0,0.7324409377466282
2022-08-02 15:00:00,0.9405155946381208,0.5065504103216031,0.49140519113297626,1.0,0.7396676692827263
2022-08-02 16:00:00,0.9405155946381208,0.5065504103216031,0.4902997211735344,1.0,0.7380049099573313
2022-08-02 17:00:00,0.9405155946381208,0.5065504103216031,0.49894890103028944,1.0,0.751014313189871
2022-08-02 18:00:00,0.9405155946381208,0.5065504103216031,0.49484989539731056,1.0,0.7448489173933868
2022-08-02 19:00:00,0.9405155946381208,0.5065504103216031,0.490519959869516,1.0,0.7383361753548471
2022-08-02 20:00:00,0.9405155946381208,0.5065504103216031,0.4897202581967283,1.0,0.7371333281832847
2022-08-02 21:00:00,0.9405155946381208,0.5065504103216031,0.4914565088873798,1.0,0.7397448573365165
2022-08-02 22:00:00,0.9405155946381208,0.5065504103216031,0.49278435578257007,1.0,0.7417420982283353
2022-08-02 23:00:00,0.9405155946381208,0.5065504103216031,0.4930537739931884,1.0,0.7421473355107333
2022-08-03 00:00:00,0.9405155946381208,0.5065504103216031,0.4905627246648523,1.0,0.7384004987330055
2022-08-03 01:00:00,0.9405155946381208,0.5065504103216031,0.48646371903187346,1.0,0.7322351029365214
2022-08-03 02:00:00,0.9405155946381208,0.5065504103216031,0.486594151657649,1.0,0.7314058823130656
2022-08-03 03:00:00,0.9405155946381208,0.5065504103216031,0.4860424857978115,1.0,0.732234487162089
2022-08-03 04:00:00,0.9405155946381208,0.5065504103216031,0.4879497956698079,1.0,0.7293696983042247
2022-08-03 05:00:00,0.9405155946381208,0.5065504103216031,0.4872099647104909,1.0,0.7304809280629928
2022-08-03 06:00:00,0.9405155946381208,0.5065504103216031,0.489063818588317,1.0,0.7276964303726695
2022-08-03 07:00:00,0.9405155946381208,0.5065504103216031,0.49170668294009673,1.0,0.7237268350494406
2022-08-03 08:00:00,0.9405155946381208,0.5065504103216031,0.4906589454543588,1.0,0.7253005419332449
2022-08-03 09:00:00,0.9405155946381208,0.5065504103216031,0.497178438503369,1.0,0.7155082311399396
2022-08-03 10:00:00,0.9405155946381208,0.5065504103216031,0.49909430133443267,1.0,0.7126305956952688
2022-08-03 11:00:00,0.9405155946381208,0.5065504103216031,0.4995967876796335,1.0,0.711875858720383
2022-08-03 12:00:00,0.9405155946381208,0.5065504103216031,0.4994556638550239,1.0,0.7120878274026913
2022-08-03 13:00:00,0.9405155946381208,0.5065504103216031,0.4965562107312267,1.0,0.7164428203301173
2022-08-03 14:00:00,0.9405155946381208,0.5065504103216031,0.49815133759726854,1.0,0.7140469318906927
2022-08-03 15:00:00,0.9405155946381208,0.5065504103216031,0.4973366682461131,1.0,0.7152705692840181
2022-08-03 16:00:00,0.9405155946381208,0.5065504103216031,0.4984913177201917,1.0,0.7135362800651316
2022-08-03 17:00:00,0.9405155946381208,0.5065504103216031,0.5002083242529417,1.0,0.7109573277637135
2022-08-03 18:00:00,0.9405155946381208,0.5065504103216031,0.5004584983056588,1.0,0.7105815650996213
2022-08-03 19:00:00,0.9405155946381208,0.5065504103216031,0.5012945500544823,1.0,0.7093258112392795
2022-08-03 20:00:00,0.9405155946381208,0.5065504103216031,0.5007215017969766,1.0,0.7101865325553194
2022-08-03 21:00:00,0.9405155946381208,0.5065504103216031,0.4976916160474039,1.0,0.7147374359315456
2022-08-03 22:00:00,0.9405155946381208,0.5065504103216031,0.4967037492751367,1.0,0.7162212167077041
2022-08-03 23:00:00,0.9405155946381208,0.5065504103216031,0.4893845545533388,1.0,0.7272146833674232
2022-08-04 00:00:00,0.9405155946381208,0.5065504103216031,0.4868507404296665,1.0,0.7310204847088686
2022-08-04 01:00:00,0.9405155946381208,0.5065504103216031,0.4908813223901073,1.0,0.7249665306762741
2022-08-04 02:00:00,0.9405155946381208,0.506195825034378,0.49385347566597615,1.0,0.7194783788684889
2022-08-04 03:00:00,0.9405155946381208,0.5060994602194091,0.4937593931162364,1.0,0.7196153464162736
2022-08-04 04:00:00,0.9405155946381208,0.5052037054620848,0.4928848530516103,1.0,0.7208885220309077
2022-08-04 05:00:00,0.9405155946381208,0.5049934549566981,0.49267958203399626,1.0,0.7211873603169833
2022-08-04 06:00:00,0.9405155946381208,0.5058016053367781,0.49346859250795,1.0,0.7200387006548804
2022-08-04 07:00:00,0.9405155946381208,0.5017980852967077,0.4895598902142174,1.0,0.7257290796855683
2022-08-04 08:00:00,0.9405155946381208,0.5019448226285921,0.48970315227859385,1.0,0.7255205154650781
2022-08-04 09:00:00,0.9405155946381208,0.4987976353760859,0.48663050173368483,1.0,0.7299937510597709
2022-08-04 10:00:00,0.9405155946381208,0.5002606284760679,0.4880588458979153,1.0,0.7279143346524956
2022-08-04 11:00:00,0.9405155946381208,0.5001336021290634,0.4879348279914402,1.0,0.7280948827836662
2022-08-04 12:00:00,0.9405155946381208,0.5005738141247167,0.4883646141845694,1.0,0.7274691901221956
2022-08-04 13:00:00,0.9405155946381208,0.5008300569281566,0.48861478823728643,1.0,0.727104980961041
2022-08-04 14:00:00,0.9405155946381208,0.5037078607206362,0.4914244352908776,1.0,0.7230146319203824
2022-08-04 15:00:00,0.9405155946381208,0.5014191963651254,0.48918997473455894,1.0,0.7262676111802668
2022-08-04 16:00:00,0.9405155946381208,0.5014914699763522,0.48926053664686375,1.0,0.7261648855194285
2022-08-04 17:00:00,0.9405155946381208,0.49414146272554443,0.4820846039894422,1.0,0.7366117739368183
2022-08-04 18:00:00,0.9405155946381208,0.4951532932827176,0.4830724707617094,1.0,0.7351736146850799
2022-08-04 19:00:00,0.9405155946381208,0.49308802008918023,0.4810561106616056,1.0,0.7381090782660091
2022-08-04 20:00:00,0.9405155946381208,0.49108626006914496,0.47910175951473927,1.0,0.7409542677813531
2022-08-04 21:00:00,0.9405155946381208,0.4923828048523625,0.48036759745669205,1.0,0.7391114316838875
2022-08-04 22:00:00,0.9405155946381208,0.49204552799997153,0.48003830853260304,1.0,0.7395908181011335
2022-08-04 23:00:00,0.9405155946381208,0.494765643913411,0.48269400232298365,1.0,0.7357245977750316
2022-08-05 00:00:00,0.9405155946381208,0.4948050658831711,0.4827324906387863,1.0,0.7356685655963924
2022-08-05 01:00:00,0.9405155946381208,0.4950437878111621,0.48296555877336883,1.0,0.7353292596257442
2022-08-05 02:00:00,0.9405155946381208,0.49995174162679495,0.4884415908161747,1.0,0.7263498521739153
2022-08-05 03:00:00,0.9405155946381208,0.5034138042848295,0.4918264243670383,1.0,0.7213200293120172
2022-08-05 04:00:00,0.9405155946381208,0.5061322779954657,0.49448425639718574,1.0,0.7173705221627189
2022-08-05 05:00:00,0.9405155946381208,0.5057801667586094,0.494139999794729,1.0,0.7178820834266263
2022-08-05 06:00:00,0.9405155946381208,0.5066899697060145,0.49502950753772285,1.0,0.7165602853782691
2022-08-05 07:00:00,0.9405155946381208,0.50859705665346,0.496894052614383,1.0,0.7137895933153662
2022-08-05 08:00:00,0.9405155946381208,0.5065346908375872,0.4948776925142792,1.0,0.7167858807182531
2022-08-05 09:00:00,0.9405155946381208,0.5057473613638712,0.49410792619822685,1.0,0.7179297444139469
2022-08-05 10:00:00,0.9405155946381208,0.5053340133901703,0.4937037988822993,1.0,0.7185302728541862
2022-08-05 11:00:00,0.9405155946381208,0.506753393469175,0.4950915164909604,1.0,0.7164681408027825
2022-08-05 12:00:00,0.9405155946381208,0.5112630417325149,0.49950056689012695,1.0,0.7099163437457808
2022-08-05 13:00:00,0.9405155946381208,0.5029151622848095,0.4913389057002051,1.0,0.72204447631929
2022-08-05 14:00:00,0.9405155946381208,0.5036106366532586,0.4920188659460514,1.0,0.7210340633880938
2022-08-05 15:00:00,0.9405155946381208,0.506252564442839,0.49460185958436037,1.0,0.7171957652092101
2022-08-05 16:00:00,0.9405155946381208,0.5022087527847808,0.4906482542555248,1.0,0.7230707762462598
2022-08-05 17:00:00,0.9405155946381208,0.5032082238111371,0.4916254298289579,1.0,0.7216187048325595
2022-08-05 18:00:00,0.9405155946381208,0.4987095106793763,0.48722707062862536,1.0,0.728154614893788
2022-08-05 19:00:00,0.9405155946381208,0.49827429244251664,0.4868015609150298,1.0,0.7287869173255741
2022-08-05 20:00:00,0.9405155946381208,0.5009730829163099,0.4894401487872759,1.0,0.7248660067686682
2022-08-05 21:00:00,0.9405155946381208,0.5020031723110884,0.49044725971744446,1.0,0.723369451766802
2022-08-05 22:00:00,0.9405155946381208,0.5047828827585691,0.4931649624610626,1.0,0.7193309774411719
2022-08-05 23:00:00,0.9405155946381208,0.5077134980218453,0.49603020374859086,1.0,0.7150732625738672
2022-08-06 00:00:00,0.9405155946381208,0.5091831797061152,0.49746710087188867,1.0,0.7129380503419053
2022-08-06 01:00:00,0.9405155946381208,0.5081990178639701,0.4965048929768232,1.0,0.7143678799615226
2022-08-06 02:00:00,0.9405155946381208,0.5070125451524748,0.4956923618654346,1.0,0.7145584071268017
2022-08-06 03:00:00,0.9405155946381208,0.5070125451524748,0.496541243052859,1.0,0.71578123031229
2022-08-06 04:00:00,0.9405155946381208,0.5070125451524748,0.4945548183094905,1.0,0.7129197624550643
2022-08-06 05:00:00,0.9405155946381208,0.5070125451524748,0.49538659357878045,1.0,0.7141179443672934
2022-08-06 06:00:00,0.9405155946381208,0.5070125451524748,0.49512572832722934,1.0,0.7137421649500905
2022-08-06 07:00:00,0.9405155946381208,0.5070125451524748,0.4949204573096154,1.0,0.71344646967098
2022-08-06 08:00:00,0.9405155946381208,0.5070125451524748,0.49529464926880756,1.0,0.7139854975235251
2022-08-06 09:00:00,0.9405155946381208,0.5070125451524748,0.49413358507542854,1.0,0.7123129711010563
2022-08-06 10:00:00,0.9405155946381208,0.5070125451524748,0.4945676477480914,1.0,0.7129382434100088
2022-08-06 11:00:00,0.9405155946381208,0.5070125451524748,0.49480071588267394,1.0,0.7132739807581654
2022-08-06 12:00:00,0.9405155946381208,0.5070125451524748,0.4942640177012041,1.0,0.7125008608096578
2022-08-06 13:00:00,0.9405155946381208,0.5070125451524748,0.4945933066252931,1.0,0.7129752053198976
2022-08-06 14:00:00,0.9405155946381208,0.5070125451524748,0.4949781897833193,1.0,0.7135296339682298
2022-08-06 15:00:00,0.9405155946381208,0.5070125451524748,0.4956688412279997,1.0,0.7145245253760704
2022-08-06 16:00:00,0.9405155946381208,0.5070125451524748,0.4951834608009333,1.0,0.7138253292473403
2022-08-06 17:00:00,0.9405155946381208,0.5070125451524748,0.49422980586493503,1.0,0.7124515782631393
2022-08-06 18:00:00,0.9405155946381208,0.5070125451524748,0.4936824164846312,1.0,0.7116630575188446
2022-08-06 19:00:00,0.9405155946381208,0.5070125451524748,0.49481140708150795,1.0,0.7132893815539525
2022-08-06 20:00:00,0.9405155946381208,0.5070125451524748,0.4948392041984765,1.0,0.7133294236229987
2022-08-06 21:00:00,0.9405155946381208,0.5070125451524748,0.49464248613992984,1.0,0.7130460489805178
2022-08-06 22:00:00,0.9405155946381208,0.5070125451524748,0.4947622275668713,1.0,0.7132185378933322
2022-08-06 23:00:00,0.9405155946381208,0.5070125451524748,0.49464248613992984,1.0,0.7130460489805178
2022-08-07 00:00:00,0.9405155946381208,0.5070125451524748,0.4898806261792392,1.0,0.7061865345369854
2022-08-07 01:00:00,0.9405155946381208,0.5070125451524748,0.488426623137807,1.0,0.7040920263099527
2022-08-07 02:00:00,0.9405155946381208,0.5070125451524748,0.48895049188067596,1.0,0.7038598752133375
2022-08-07 03:00:00,0.9405155946381208,0.5070125451524748,0.4907722721619999,1.0,0.701239278918344
2022-08-07 04:00:00,0.9405155946381208,0.5070125451524748,0.49066322193389245,1.0,0.701396145597974
2022-08-07 05:00:00,0.9405155946381208,0.5070125451524748,0.48979082010903313,1.0,0.7026510790350131
2022-08-07 06:00:00,0.9405155946381208,0.5070125451524748,0.4901521826296244,1.0,0.7021312659201611
2022-08-07 07:00:00,0.9405155946381208,0.5070125451524748,0.4909518843024121,1.0,0.700980910269542
2022-08-07 08:00:00,0.9405155946381208,0.5070125451524748,0.4910951463667885,1.0,0.7007748305139497
2022-08-07 09:00:00,0.9405155946381208,0.5070125451524748,0.4892327395298952,1.0,0.7034538673366484
2022-08-07 10:00:00,0.9405155946381208,0.5070125451524748,0.49036600660630564,1.0,0.7018236841953966
2022-08-07 11:00:00,0.9405155946381208,0.5070125451524748,0.49077868688130033,1.0,0.7012300514666012
2022-08-07 12:00:00,0.9405155946381208,0.5070125451524748,0.4916553651856933,1.0,0.6999689663950668
2022-08-07 13:00:00,0.9405155946381208,0.5070125451524748,0.493297533326605,1.0,0.6976067387488756
2022-08-07 14:00:00,0.9405155946381208,0.5070125451524748,0.49413786155496214,1.0,0.6963979425705512
2022-08-07 15:00:00,0.9405155946381208,0.5070125451524748,0.49341727475354646,1.0,0.6974344929830075
2022-08-07 16:00:00,0.9405155946381208,0.5070125451524748,0.4913560116183396,1.0,0.7003995808097371
2022-08-07 17:00:00,0.9405155946381208,0.5070125451524748,0.49280359994047146,1.0,0.6983172525330815
2022-08-07 18:00:00,0.9405155946381208,0.5070125451524748,0.4961221480585638,1.0,0.6935435841647368
2022-08-07 19:00:00,0.9405155946381208,0.5070125451524748,0.4955319938829237,1.0,0.6943925097250868
2022-08-07 20:00:00,0.9405155946381208,0.5070125451524748,0.4944094180053473,1.0,0.6960073137801003
2022-08-07 21:00:00,0.9405155946381208,0.5070125451524748,0.49652413713472454,1.0,0.6929653305221796
2022-08-07 22:00:00,0.9405155946381208,0.5070125451524748,0.49753338630465976,1.0,0.6915135447812912
2022-08-07 23:00:00,0.9405155946381208,0.5070125451524748,0.4961221480585638,1.0,0.6935435841647368
2022-08-08 00:00:00,0.9405155946381208,0.5070125451524748,0.4946852509352661,1.0,0.6956105333551541
2022-08-08 01:00:00,0.9405155946381208,0.5070125451524748,0.4964792340996214,1.0,0.6930299226843801
2022-08-08 02:00:00,0.9405155946381208,0.5070125451524748,0.49562821467243023,1.0,0.6932686988304749
2022-08-08 03:00:00,0.9405155946381208,0.5070125451524748,0.4972960416905437,1.0,0.6955999429066003
2022-08-08 04:00:00,0.9405155946381208,0.5070125451524748,0.4973922624800502,1.0,0.695734437757146
2022-08-08 05:00:00,0.9405155946381208,0.5070125451524748,0.49814919935750174,1.0,0.6967924639147722
2022-08-08 06:00:00,0.9405155946381208,0.5070125451524748,0.500000914995561,1.0,0.6993807425941627
2022-08-08 07:00:00,0.9405155946381208,0.5070125451524748,0.5064006666176296,1.0,0.70832614454268
2022-08-08 08:00:00,0.9405155946381208,0.5070125451524748,0.5081326408287474,1.0,0.7107470518525025
2022-08-08 09:00:00,0.9405155946381208,0.5070125451524748,0.5150519847141515,1.0,0.7204187259939665
2022-08-08 10:00:00,0.9405155946381208,0.5070125451524748,0.5143891303864397,1.0,0.7194922059124296
2022-08-08 11:00:00,0.9405155946381208,0.5070125451524748,0.5137091701405935,1.0,0.7185417756352398
2022-08-08 12:00:00,0.9405155946381208,0.5070125451524748,0.5158965894220423,1.0,0.7215992919043122
2022-08-08 13:00:00,0.9405155946381208,0.5070125451524748,0.5149878375211472,1.0,0.7203290627602694
2022-08-08 14:00:00,0.9405155946381208,0.5070125451524748,0.5156442771295584,1.0,0.7212466165184367
2022-08-08 15:00:00,0.9405155946381208,0.5070125451524748,0.515456112030079,1.0,0.7209836043662584
2022-08-08 16:00:00,0.9405155946381208,0.5070125451524748,0.5121952963856905,1.0,0.7164257233199876
2022-08-08 17:00:00,0.9405155946381208,0.5070125451524748,0.5110812734671814,1.0,0.714868571828114
2022-08-08 18:00:00,0.9405155946381208,0.5070125451524748,0.5115730686135482,1.0,0.7155559899531254
2022-08-08 19:00:00,0.9405155946381208,0.5070125451524748,0.5105082252096758,1.0,0.714067580273753
2022-08-08 20:00:00,0.9405155946381208,0.5070125451524748,0.5107434315840251,1.0,0.7143963454639759
2022-08-08 21:00:00,0.9405155946381208,0.5070125451524748,0.5135488021580825,1.0,0.718317617550997
2022-08-08 22:00:00,0.9405155946381208,0.5070125451524748,0.5090563604080103,1.0,0.7120382024177412
2022-08-08 23:00:00,0.9405155946381208,0.5070125451524748,0.5082994235305588,1.0,0.710980176260115
2022-08-09 00:00:00,0.9405155946381208,0.5070125451524748,0.5082930088112584,1.0,0.7109712099367453
2022-08-09 01:00:00,0.9405155946381208,0.5070125451524748,0.5078354255011606,1.0,0.7103316122030392
2022-08-09 02:00:00,0.9405155946381208,0.5070125451524748,0.50660166115571,1.0,0.7076150469323307
2022-08-09 03:00:00,0.9405155946381208,0.5070125451524748,0.5080620789164426,1.0,0.7096535529292964
2022-08-09 04:00:00,0.9405155946381208,0.5070125451524748,0.5086073300569798,1.0,0.7104146349633028
2022-08-09 05:00:00,0.9405155946381208,0.5070125451524748,0.5096935558585203,1.0,0.7119308297604603
2022-08-09 06:00:00,0.9405155946381208,0.5070125451524748,0.5095289113964757,1.0,0.7117010128325447
2022-08-09 07:00:00,0.9405155946381208,0.5070125451524748,0.5091034016828802,1.0,0.7111070703824771
2022-08-09 08:00:00,0.9405155946381208,0.5070125451524748,0.5096165792269151,1.0,0.7118233828850713
2022-08-09 09:00:00,0.9405155946381208,0.5070125451524748,0.5075745602496096,1.0,0.708973056051832
2022-08-09 10:00:00,0.9405155946381208,0.5070125451524748,0.5010422377619985,1.0,0.6998549948208942
2022-08-09 11:00:00,0.9405155946381208,0.5070125451524748,0.4983672998137165,1.0,0.6961212159011221
2022-08-09 12:00:00,0.9405155946381208,0.5070125451524748,0.49660539024586337,1.0,0.6936618763088823
2022-08-09 13:00:00,0.9405155946381208,0.5070125451524748,0.49621623060830355,1.0,0.6931186726610817
2022-08-09 14:00:00,0.9405155946381208,0.5070125451524748,0.4924529286187142,1.0,0.6878657143087247
2022-08-09 15:00:00,0.9405155946381208,0.5070125451524748,0.49287202361300936,1.0,0.6884507028525099
2022-08-09 16:00:00,0.9405155946381208,0.5070125451524748,0.49241230206314474,1.0,0.6878090062356026
2022-08-09 17:00:00,0.9405155946381208,0.5070125451524748,0.4924165785426784,1.0,0.6878149755064575
2022-08-09 18:00:00,0.9405155946381208,0.5070125451524748,0.49203597186418585,1.0,0.687283710400367
2022-08-09 19:00:00,0.9405155946381208,0.5070125451524748,0.49205949250162073,1.0,0.6873165413900691
2022-08-09 20:00:00,0.9405155946381208,0.5070125451524748,0.49212791617415874,1.0,0.6874120497237484
2022-08-09 21:00:00,0.9405155946381208,0.5070125451524748,0.4937123518413666,1.0,0.6896236645755078
2022-08-09 22:00:00,0.9405155946381208,0.5070125451524748,0.4948883837131133,1.0,0.6912652140606195
2022-08-09 23:00:00,0.9405155946381208,0.5070125451524748,0.4945099152743875,1.0,0.6907369335899562
2022-08-10 00:00:00,0.9405155946381208,0.5070125451524748,0.49409082028009227,1.0,0.690151945046171
2022-08-10 01:00:00,0.9405155946381208,0.5070125451524748,0.485991168043408,1.0,0.6788461460468934
2022-08-10 02:00:00,0.9405155946381208,0.5070125451524748,0.48833040234830044,1.0,0.6811563688356477
2022-08-10 03:00:00,0.9405155946381208,0.5070125451524748,0.48895049188067596,1.0,0.6802920589607189
2022-08-10 04:00:00,0.9405155946381208,0.5070125451524748,0.48789206319610395,1.0,0.6817673465058559
2022-08-10 05:00:00,0.9405155946381208,0.5070125451524748,0.48970529051836065,1.0,0.679239985216409
2022-08-10 06:00:00,0.9405155946381208,0.5070125451524748,0.48882647397420087,1.0,0.6804649209357047
2022-08-10 07:00:00,0.9405155946381208,0.5070125451524748,0.489461531184944,1.0,0.6795797484086225
2022-08-10 08:00:00,0.9405155946381208,0.5070125451524748,0.4900516853605842,1.0,0.6787571638380006
2022-08-10 09:00:00,0.9405155946381208,0.5070125451524748,0.4929767973615832,1.0,0.67468000553144
2022-08-10 10:00:00,0.9405155946381208,0.5070125451524748,0.492626126039826,1.0,0.6751687876676067
2022-08-10 11:00:00,0.9405155946381208,0.5070125451524748,0.49225834879993435,1.0,0.6756814128348058
2022-08-10 12:00:00,0.9405155946381208,0.5070125451524748,0.49341086003424606,1.0,0.67407498861899
2022-08-10 13:00:00,0.9405155946381208,0.5070125451524748,0.5118061367481307,1.0,0.6484347891223963
2022-08-10 14:00:00,0.9405155946381208,0.5070125451524748,0.512736271046694,1.0,0.6471383243100031
2022-08-10 15:00:00,0.9405155946381208,0.5070125451524748,0.512417673321439,1.0,0.6475824007629837
2022-08-10 16:00:00,0.9405155946381208,0.5070125451524748,0.5121268727131525,1.0,0.6479877322905365
2022-08-10 17:00:00,0.9405155946381208,0.5070125451524748,0.5113998711924364,1.0,0.6490010611094186
2022-08-10 18:00:00,0.9405155946381208,0.5070125451524748,0.5104333868178373,1.0,0.6503481923627557
2022-08-10 19:00:00,0.9405155946381208,0.5070125451524748,0.5036487520377424,1.0,0.6598049345460282
2022-08-10 20:00:00,0.9405155946381208,0.5070125451524748,0.5044869420263328,1.0,0.6586366260254347
2022-08-10 21:00:00,0.9405155946381208,0.5070125451524748,0.5099800799872731,1.0,0.6509800326851174
2022-08-10 22:00:00,0.9405155946381208,0.5070125451524748,0.5113806270345351,1.0,0.64902788451933
2022-08-10 23:00:00,0.9405155946381208,0.5070125451524748,0.5089259277822348,1.0,0.6524493594724963
2022-08-11 00:00:00,0.9405155946381208,0.5070125451524748,0.5112159825724906,1.0,0.6492573736930181
2022-08-11 01:00:00,0.9405155946381208,0.5070125451524748,0.5133670517779035,1.0,0.646259112540679
2022-08-11 02:00:00,0.9405155946381208,0.5070125451524748,0.521635624956166,1.0,0.6337803912459327
2022-08-11 03:00:00,0.9405155946381208,0.5070125451524748,0.5179728202356169,1.0,0.629332982672187
2022-08-11 04:00:00,0.9405155946381208,0.5070125451524748,0.5191830639436325,1.0,0.6308024708524205
2022-08-11 05:00:00,0.9405155946381208,0.5070125451524748,0.5234082257228533,1.0,0.6359326981388896
2022-08-11 06:00:00,0.9405155946381208,0.5070125451524748,0.5241715773196053,1.0,0.636859566125362
2022-08-11 07:00:00,0.9405155946381208,0.5070125451524748,0.5238914679101528,1.0,0.6365194549034351
2022-08-11 08:00:00,0.9405155946381208,0.5070125451524748,0.5216591455936009,1.0,0.6338089502034991
2022-08-11 09:00:00,0.9405155946381208,0.5070125451524748,0.5235108612316602,1.0,0.6360573190446338
2022-08-11 10:00:00,0.9405155946381208,0.5070125451524748,0.5216121043187311,1.0,0.6337518322883663
2022-08-11 11:00:00,0.9405155946381208,0.5070125451524748,0.5225678974944962,1.0,0.6349123644731091
2022-08-11 12:00:00,0.9405155946381208,0.5070125451524748,0.5241779920389057,1.0,0.636867354931971
2022-08-11 13:00:00,0.9405155946381208,0.5070125451524748,0.5306867938890817,1.0,0.6447703973712482
2022-08-11 14:00:00,0.9405155946381208,0.5070125451524748,0.5277082258939124,1.0,0.641153794835797
2022-08-11 15:00:00,0.9405155946381208,0.5070125451524748,0.5242549686705109,1.0,0.6369608206112791
2022-08-11 16:00:00,0.9405155946381208,0.5070125451524748,0.5196705826104657,1.0,0.6313944201547055
2022-08-11 17:00:00,0.9405155946381208,0.5070125451524748,0.5195016616688876,1.0,0.6311893149140014
2022-08-11 18:00:00,0.9405155946381208,0.5070125451524748,0.5196620296513984,1.0,0.6313840350792267
2022-08-11 19:00:00,0.9405155946381208,0.5070125451524748,0.5155010150651821,1.0,0.6263316958588478
2022-08-11 20:00:00,0.9405155946381208,0.5070125451524748,0.5170576536154213,1.0,0.628221779595968
2022-08-11 21:00:00,0.9405155946381208,0.5070125451524748,0.5165573055099872,1.0,0.6276142526804651
2022-08-11 22:00:00,0.9405155946381208,0.5070125451524748,0.5161125516384903,1.0,0.6270742287555736
2022-08-11 23:00:00,0.9405155946381208,0.5070125451524748,0.5098945503966007,1.0,0.6195242788825716
2022-08-12 00:00:00,0.9405155946381208,0.5070125451524748,0.5107092197477561,1.0,0.6205134573219161
2022-08-12 01:00:00,0.9405155946381208,0.5070125451524748,0.5114148388708041,1.0,0.6213702260489073
2022-08-12 02:00:00,0.9405155946381208,0.5070125451524748,0.5101939039639544,1.0,0.6190199068578004
2022-08-12 03:00:00,0.9405155946381208,0.5070125451524748,0.5123813232454032,1.0,0.616367683817838
2022-08-12 04:00:00,0.9405155946381208,0.5070125451524748,0.5124283645202731,1.0,0.6163106467632151
2022-08-12 05:00:00,0.9405155946381208,0.5070125451524748,0.5107776434202941,1.0,0.6183121288617988
2022-08-12 06:00:00,0.9405155946381208,0.5070125451524748,0.5111176235432172,1.0,0.6178999065124791
2022-08-12 07:00:00,0.9405155946381208,0.5070125451524748,0.51125660912806,1.0,0.6177313879420024
2022-08-12 08:00:00,0.9405155946381208,0.5070125451524748,0.5113913182333691,1.0,0.6175680545583098
2022-08-12 09:00:00,0.9405155946381208,0.5070125451524748,0.5104526309757386,1.0,0.6187062030573748
2022-08-12 10:00:00,0.9405155946381208,0.5070125451524748,0.511780477870929,1.0,0.6170962025609752
2022-08-12 11:00:00,0.9405155946381208,0.5070125451524748,0.5069202588809649,1.0,0.6229891673408723
2022-08-12 12:00:00,0.9405155946381208,0.5070125451524748,0.5052759525002865,1.0,0.6249828716592799
2022-08-12 13:00:00,0.9405155946381208,0.5070125451524748,0.5075168277759056,1.0,0.6222658337845188
2022-08-12 14:00:00,0.9405155946381208,0.5070125451524748,0.5085645652616435,1.0,0.6209954630224644
2022-08-12 15:00:00,0.9405155946381208,0.5070125451524748,0.5082032027410522,1.0,0.6214336113057037
2022-08-12 16:00:00,0.9405155946381208,0.5070125451524748,0.5117655101925612,1.0,0.6171143507147189
2022-08-12 17:00:00,0.9405155946381208,0.5070125451524748,0.5119921636078433,1.0,0.6168395358151725
2022-08-12 18:00:00,0.9405155946381208,0.5070125451524748,0.5123193142921656,1.0,0.6164428690262045
2022-08-12 19:00:00,0.9405155946381208,0.5070125451524748,0.5148702343339725,1.0,0.613349905109611
2022-08-12 20:00:00,0.9405155946381208,0.5070125451524748,0.5159414924571454,1.0,0.6120510158202452
2022-08-12 21:00:00,0.9405155946381208,0.5070125451524748,0.5169892299428833,1.0,0.6107806450581909
2022-08-12 22:00:00,0.9405155946381208,0.5070125451524748,0.5146157838017218,1.0,0.6136584237232527
2022-08-12 23:00:00,0.9405155946381208,0.5070125451524748,0.5172565099137348,1.0,0.6104565708841975
2022-08-13 00:00:00,0.9405155946381208,0.5070125451524748,0.5207632231313066,1.0,0.6062047177214034
2022-08-13 01:00:00,0.9405155946381208,0.5070125451524748,0.5224909208628908,1.0,0.6041099022607097
2022-08-13 02:00:00,0.9405155946381208,0.5070125451524748,0.5241501949219372,1.0,0.6012314302106673
2022-08-13 03:00:00,0.9405155946381208,0.5070125451524748,0.5269341830983264,1.0,0.6044228050158367
2022-08-13 04:00:00,0.9405155946381208,0.5070125451524748,0.529294799800887,1.0,0.6071288555418791
2022-08-13 05:00:00,0.9405155946381208,0.5070125451524748,0.5279113586717596,1.0,0.6055429726701858
2022-08-13 06:00:00,0.9405155946381208,0.5070125451524748,0.5274922636774645,1.0,0.6050625506565044
2022-08-13 07:00:00,0.9405155946381208,0.5070125451524748,0.526211458057144,1.0,0.6035943221555086
2022-08-13 08:00:00,0.9405155946381208,0.5070125451524748,0.5245821193548331,1.0,0.6017265590206858
2022-08-13 09:00:00,0.9405155946381208,0.5070125451524748,0.5210027059851896,1.0,0.5976233628426108
2022-08-13 10:00:00,0.9405155946381208,0.5070125451524748,0.5246676489455055,1.0,0.6018246043296004
2022-08-13 11:00:00,0.9405155946381208,0.5070125451524748,0.5228864952197511,1.0,0.5997828107714543
2022-08-13 12:00:00,0.9405155946381208,0.5070125451524748,0.5215843072017625,1.0,0.59829007094323
2022-08-13 13:00:00,0.9405155946381208,0.5070125451524748,0.5217468134240403,1.0,0.5984763570301677
2022-08-13 14:00:00,0.9405155946381208,0.5070125451524748,0.5220996229855642,1.0,0.5988807939294403
2022-08-13 15:00:00,0.9405155946381208,0.5070125451524748,0.5222535762487748,1.0,0.5990572754854865
2022-08-13 16:00:00,0.9405155946381208,0.5070125451524748,0.523207231184773,1.0,0.600150480679884
2022-08-13 17:00:00,0.9405155946381208,0.5070125451524748,0.5226213534886665,1.0,0.5994788703138192
2022-08-13 18:00:00,0.9405155946381208,0.5070125451524748,0.5244923132846271,1.0,0.6016236114463256
2022-08-13 19:00:00,0.9405155946381208,0.5070125451524748,0.5219649138802551,1.0,0.5987263725678998
2022-08-13 20:00:00,0.9405155946381208,0.5070125451524748,0.5207995732073425,1.0,0.5973905052339387
2022-08-13 21:00:00,0.9405155946381208,0.5070125451524748,0.5226405976465677,1.0,0.5995009305083249
2022-08-13 22:00:00,0.9405155946381208,0.5070125451524748,0.5228736657811502,1.0,0.5997681039751172
2022-08-13 23:00:00,0.9405155946381208,0.5070125451524748,0.5204617313241862,1.0,0.5970032262637261
2022-08-14 00:00:00,0.9405155946381208,0.5070125451524748,0.5216505926345337,1.0,0.5983660560576387
2022-08-14 01:00:00,0.9405155946381208,0.5070125451524748,0.5231687428689703,1.0,0.6001063602908725
2022-08-14 02:00:00,0.9405155946381208,0.5070125451524748,0.524742487337344,1.0,0.6010677197560281
2022-08-14 03:00:00,0.9405155946381208,0.5070125451524748,0.5249862466707607,1.0,0.6007886816059183
2022-08-14 04:00:00,0.9405155946381208,0.5070125451524748,0.5243298070623493,1.0,0.6015401264487579
2022-08-14 05:00:00,0.9405155946381208,0.5070125451524748,0.5243597424190847,1.0,0.6015058586057619
2022-08-14 06:00:00,0.9405155946381208,0.5070125451524748,0.5246676489455055,1.0,0.601153389363518
2022-08-14 07:00:00,0.9405155946381208,0.5070125451524748,0.5266348295309727,1.0,0.5989015025380703
2022-08-14 08:00:00,0.9405155946381208,0.5070125451524748,0.5310203592927044,1.0,0.5938812635391647
2022-08-14 09:00:00,0.9405155946381208,0.5070125451524748,0.5263055406068837,1.0,0.5992784488110257
2022-08-14 10:00:00,0.9405155946381208,0.5070125451524748,0.528167947443777,1.0,0.5971464994360638
2022-08-14 11:00:00,0.9405155946381208,0.5070125451524748,0.5254994242147956,1.0,0.600201232868845
2022-08-14 12:00:00,0.9405155946381208,0.5070125451524748,0.5243298070623493,1.0,0.6015401264487579
2022-08-14 13:00:00,0.9405155946381208,0.5070125451524748,0.5235963908223328,1.0,0.6023796886021585
2022-08-14 14:00:00,0.9405155946381208,0.5070125451524748,0.5223797323950166,1.0,0.6037724316496365
2022-08-14 15:00:00,0.9405155946381208,0.5070125451524748,0.5232093694245398,1.0,0.6028227228580345
2022-08-14 16:00:00,0.9405155946381208,0.5070125451524748,0.5234253316409878,1.0,0.6025755048478496
2022-08-14 17:00:00,0.9405155946381208,0.5070125451524748,0.5189649634874177,1.0,0.607681413454245
2022-08-14 18:00:00,0.9405155946381208,0.5070125451524748,0.517049100656354,1.0,0.6098745554059853
2022-08-14 19:00:00,0.9405155946381208,0.5070125451524748,0.5183149385983068,1.0,0.6084255151878711
2022-08-14 20:00:00,0.9405155946381208,0.5070125451524748,0.5183341827562081,1.0,0.6084034858602309
2022-08-14 21:00:00,0.9405155946381208,0.5070125451524748,0.5188879868558124,1.0,0.607769530764806
2022-08-14 22:00:00,0.9405155946381208,0.5070125451524748,0.5195551176630578,1.0,0.6070058474066107
2022-08-14 23:00:00,0.9405155946381208,0.5070125451524748,0.517754719779402,1.0,0.6090668133925096
2022-08-15 00:00:00,0.9405155946381208,0.5070125451524748,0.5187661071891041,1.0,0.6079090498398609
2022-08-15 01:00:00,0.9405155946381208,0.5070125451524748,0.5207632231313066,1.0,0.6056228951714173
2022-08-15 02:00:00,0.9405155946381208,0.5070125451524748,0.5260061870395301,1.0,0.5987796331421569
2022-08-15 03:00:00,0.9405155946381208,0.5070125451524748,0.5318970375970974,1.0,0.5920779989537897
2022-08-15 04:00:00,0.9405155946381208,0.5070125451524748,0.5307851529183552,1.0,0.5933429172034996
2022-08-15 05:00:00,0.9405155946381208,0.5070125451524748,0.5304344815965979,1.0,0.5937418529591774
2022-08-15 06:00:00,0.9405155946381208,0.5070125451524748,0.5297994243858547,1.0,0.5944643158825694
2022-08-15 07:00:00,0.9405155946381208,0.5070125451524748,0.5150284640767165,1.0,0.6112682683229473
2022-08-15 08:00:00,0.9405155946381208,0.5070125451524748,0.5127063356899586,1.0,0.6139100014367647
2022-08-15 09:00:00,0.9405155946381208,0.5070125451524748,0.5130954953275184,1.0,0.6134672800493661
2022-08-15 10:00:00,0.9405155946381208,0.5070125451524748,0.515808921591603,1.0,0.6103803930130547
2022-08-15 11:00:00,0.9405155946381208,0.5070125451524748,0.517902258323312,1.0,0.6079989411544661
2022-08-15 12:00:00,0.9405155946381208,0.5070125451524748,0.5132729692281638,1.0,0.6132653796364317
2022-08-15 13:00:00,0.9405155946381208,0.5070125451524748,0.5111454206601858,1.0,0.6156857520565499
2022-08-15 14:00:00,0.9405155946381208,0.5070125451524748,0.5155223974628502,1.0,0.6107063527158646
2022-08-15 15:00:00,0.9405155946381208,0.5070125451524748,0.5146157838017218,1.0,0.6117377475963973
2022-08-15 16:00:00,0.9405155946381208,0.5070125451524748,0.5170063358610177,1.0,0.6090181733595209
2022-08-15 17:00:00,0.9405155946381208,0.5070125451524748,0.5176371165922273,1.0,0.6083005755063201
2022-08-15 18:00:00,0.9405155946381208,0.5070125451524748,0.5147098663514615,1.0,0.6116307160521911
2022-08-15 19:00:00,0.9405155946381208,0.5070125451524748,0.5143549185501707,1.0,0.6120345168780601
2022-08-15 20:00:00,0.9405155946381208,0.5070125451524748,0.5118831133797359,1.0,0.6148465274485692
2022-08-15 21:00:00,0.9405155946381208,0.5070125451524748,0.513589428713652,1.0,0.6129053644422835
2022-08-15 22:00:00,0.9405155946381208,0.5070125451524748,0.5128025564794652,1.0,0.6138005373574629
2022-08-15 23:00:00,0.9405155946381208,0.5070125451524748,0.5124903734735106,1.0,0.6141556874814199
2022-08-16 00:00:00,0.9405155946381208,0.5070125451524748,0.5142993243162336,1.0,0.6120977627905455
2022-08-16 01:00:00,0.9405155946381208,0.5070125451524748,0.5149065844100083,1.0,0.6114069228233963
2022-08-16 02:00:00,0.9405155946381208,0.5070125451524748,0.5146115073221882,1.0,0.6109043148283295
2022-08-16 03:00:00,0.9405155946381208,0.5070125451524748,0.5132451721111952,1.0,0.6125252465625745
2022-08-16 04:00:00,0.9405155946381208,0.5070125451524748,0.5140299061056153,1.0,0.6115942888998704
2022-08-16 05:00:00,0.9405155946381208,0.5070125451524748,0.5113378622391989,1.0,0.6147879556501277
2022-08-16 06:00:00,0.9405155946381208,0.5070125451524748,0.511119761782984,1.0,0.6150466959269555
2022-08-16 07:00:00,0.9405155946381208,0.5070125451524748,0.5121760522277892,1.0,0.613793581252907
2022-08-16 08:00:00,0.9405155946381208,0.5070125451524748,0.5136407464680556,1.0,0.6120559627271513
2022-08-16 09:00:00,0.9405155946381208,0.5070125451524748,0.5120092695259778,1.0,0.6139914414645988
2022-08-16 10:00:00,0.9405155946381208,0.5070125451524748,0.5139657589126109,1.0,0.6116703889812903
2022-08-16 11:00:00,0.9405155946381208,0.5070125451524748,0.5125267235495463,1.0,0.6133775674744779
2022-08-16 12:00:00,0.9405155946381208,0.5070125451524748,0.5130420393333481,1.0,0.6127662301537375
2022-08-16 13:00:00,0.9405155946381208,0.5070125451524748,0.5108375141337648,1.0,0.6153815362852033
2022-08-16 14:00:00,0.9405155946381208,0.5070125451524748,0.5101233420516496,1.0,0.6162287838583453
2022-08-16 15:00:00,0.9405155946381208,0.5070125451524748,0.5062809251906881,1.0,0.6207871787354005
2022-08-16 16:00:00,0.9405155946381208,0.5070125451524748,0.5100442271802775,1.0,0.61632264062543
2022-08-16 17:00:00,0.9405155946381208,0.5070125451524748,0.5081390555480478,1.0,0.6185828130436026
2022-08-16 18:00:00,0.9405155946381208,0.5070125451524748,0.5092616314256242,1.0,0.6172510616187534
2022-08-16 19:00:00,0.9405155946381208,0.5070125451524748,0.5086992743669526,1.0,0.6179182056658683
2022-08-16 20:00:00,0.9405155946381208,0.5070125451524748,0.5107605375021596,1.0,0.6154728563829072
2022-08-16 21:00:00,0.9405155946381208,0.5070125451524748,0.5117184689176913,1.0,0.6143364285003693
2022-08-16 22:00:00,0.9405155946381208,0.5070125451524748,0.5110577528297464,1.0,0.6151202593389948
2022-08-16 23:00:00,0.9405155946381208,0.5070125451524748,0.5089751072968715,1.0,0.6175909753157625
2022-08-17 00:00:00,0.9405155946381208,0.5070125451524748,0.5091205076010147,1.0,0.6174184817978773
2022-08-17 01:00:00,0.9405155946381208,0.5070125451524748,0.5123663555670355,1.0,0.6135678176780278
2022-08-17 02:00:00,0.9405155946381208,0.5070125451524748,0.5109807761981412,1.0,0.6143563112853794
2022-08-17 03:00:00,0.9405155946381208,0.5070125451524748,0.5119600900113411,1.0,0.6131796615103166
2022-08-17 04:00:00,0.9405155946381208,0.5070125451524748,0.5124133968419053,1.0,0.6126350113960954
2022-08-17 05:00:00,0.9405155946381208,0.5070125451524748,0.5135808757545848,1.0,0.6112322804415445
2022-08-17 06:00:00,0.9405155946381208,0.5070125451524748,0.5157084243225628,1.0,0.6086760216507423
2022-08-17 07:00:00,0.9405155946381208,0.5070125451524748,0.5210112589442568,1.0,0.6023046429560791
2022-08-17 08:00:00,0.9405155946381208,0.5070125451524748,0.507649398641448,1.0,0.6183589758040428
2022-08-17 09:00:00,0.9405155946381208,0.5070125451524748,0.5081005672322453,1.0,0.6178168947941339
2022-08-17 10:00:00,0.9405155946381208,0.5070125451524748,0.5085838094195448,1.0,0.6172362772195396
2022-08-17 11:00:00,0.9405155946381208,0.5070125451524748,0.5079145403725326,1.0,0.6180404068693096
2022-08-17 12:00:00,0.9405155946381208,0.5070125451524748,0.5068561116879606,1.0,0.6193121135039299
2022-08-17 13:00:00,0.9405155946381208,0.5070125451524748,0.5052780907400533,1.0,0.6212081124864546
2022-08-17 14:00:00,0.9405155946381208,0.5070125451524748,0.49999450027626063,1.0,0.6275563692423064
2022-08-17 15:00:00,0.9405155946381208,0.5070125451524748,0.49845710588392267,1.0,0.6294035552428963
2022-08-17 16:00:00,0.9405155946381208,0.5070125451524748,0.4993423371473829,1.0,0.6283399460575775
2022-08-17 17:00:00,0.9405155946381208,0.5070125451524748,0.49982771757444927,1.0,0.6277567593786708
2022-08-17 18:00:00,0.9405155946381208,0.5070125451524748,0.5009545699315592,1.0,0.626402841406055
2022-08-17 19:00:00,0.9405155946381208,0.5070125451524748,0.5005119542998291,1.0,0.6269346459987143
2022-08-17 20:00:00,0.9405155946381208,0.5070125451524748,0.4968363201406791,1.0,0.6313509363116683
2022-08-17 21:00:00,0.9405155946381208,0.5070125451524748,0.4994535256152572,1.0,0.6282063526333346
2022-08-17 22:00:00,0.9405155946381208,0.5070125451524748,0.49798027841592357,1.0,0.6299764655045534
2022-08-17 23:00:00,0.9405155946381208,0.5070125451524748,0.4983266732581471,1.0,0.6295602706059504
2022-08-18 00:00:00,0.9405155946381208,0.5070125451524748,0.4982176230300397,1.0,0.629691294925881
2022-08-18 01:00:00,0.9405155946381208,0.5070125451524748,0.5005739632530666,1.0,0.6268601419736558
2022-08-18 02:00:00,0.9405155946381208,0.5070125451524748,0.500933187533891,1.0,0.6255684276979907
2022-08-18 03:00:00,0.9405155946381208,0.5070125451524748,0.5007535753934789,1.0,0.6257925723398149
2022-08-18 04:00:00,0.9405155946381208,0.5070125451524748,0.5001570064985382,1.0,0.6265370527573026
2022-08-18 05:00:00,0.9405155946381208,0.5070125451524748,0.49898525110632524,1.0,0.6279993297063466
2022-08-18 06:00:00,0.9405155946381208,0.5070125451524748,0.49926322227601083,1.0,0.6276524391892376
2022-08-18 07:00:00,0.9405155946381208,0.5070125451524748,0.4985811237903977,1.0,0.6285036551504513
2022-08-18 08:00:00,0.9405155946381208,0.5070125451524748,0.49970156142820726,1.0,0.6271054195276428
2022-08-18 09:00:00,0.9405155946381208,0.5070125451524748,0.5007471606741785,1.0,0.6258005775055944
2022-08-18 10:00:00,0.9405155946381208,0.5070125451524748,0.5022139931542116,1.0,0.6239700629306962
2022-08-18 11:00:00,0.9405155946381208,0.5070125451524748,0.5011320438322046,1.0,0.6253202675588281
2022-08-18 12:00:00,0.9405155946381208,0.5070125451524748,0.5022396520314133,1.0,0.6239380422675784
2022-08-18 13:00:00,0.9405155946381208,0.5070125451524748,0.5029794829907303,1.0,0.62301477981435
2022-08-18 14:00:00,0.9405155946381208,0.5070125451524748,0.5005119542998291,1.0,0.6260941002508403
2022-08-18 15:00:00,0.9405155946381208,0.5070125451524748,0.49995173548092436,1.0,0.6267932180622446
2022-08-18 16:00:00,0.9405155946381208,0.5070125451524748,0.5004927101419278,1.0,0.6261181157481788
2022-08-18 17:00:00,0.9405155946381208,0.5070125451524748,0.49808291392473053,1.0,0.6291253896926542
2022-08-18 18:00:00,0.9405155946381208,0.5070125451524748,0.4967379611114057,1.0,0.6308038061177429
2022-08-18 19:00:00,0.9405155946381208,0.5070125451524748,0.4976659571702022,1.0,0.6296457254683177
2022-08-18 20:00:00,0.9405155946381208,0.5070125451524748,0.498363023334183,1.0,0.628775830786952
2022-08-18 21:00:00,0.9405155946381208,0.5070125451524748,0.49975287918261085,1.0,0.6270413782014072
2022-08-18 22:00:00,0.9405155946381208,0.5070125451524748,0.4986858975389716,1.0,0.6283729041093871
2022-08-18 23:00:00,0.9405155946381208,0.5070125451524748,0.49831812029907985,1.0,0.6288318669474081
2022-08-19 00:00:00,0.9405155946381208,0.5070125451524748,0.4950508899353909,1.0,0.6329091647177352
2022-08-19 01:00:00,0.9405155946381208,0.5070125451524748,0.4894529782258768,1.0,0.6398950060545912
2022-08-19 02:00:00,0.9405155946381208,0.5070125451524748,0.48577520582696,1.0,0.6436088293670837
2022-08-19 03:00:00,0.9405155946381208,0.5070125451524748,0.4868849522659354,1.0,0.6421396015051687
2022-08-19 04:00:00,0.9405155946381208,0.5070125451524748,0.4859419885287713,1.0,0.6433880205554665
2022-08-19 05:00:00,0.9405155946381208,0.5070125451524748,0.4863867424002682,1.0,0.6427991970578203
2022-08-19 06:00:00,0.9405155946381208,0.5070125451524748,0.48687212282733455,1.0,0.64215658679837
2022-08-19 07:00:00,0.9405155946381208,0.5070125451524748,0.46755098829442027,1.0,0.6677364383595747
2022-08-19 08:00:00,0.9405155946381208,0.5070125451524748,0.4674226939084115,1.0,0.6679062912915881
2022-08-19 09:00:00,0.9405155946381208,0.5070125451524748,0.46483542379056886,1.0,0.6713316587538566
2022-08-19 10:00:00,0.9405155946381208,0.5070125451524748,0.46407634867335057,1.0,0.6723366219349354
2022-08-19 11:00:00,0.9405155946381208,0.5070125451524748,0.4612752545788267,1.0,0.676045077617226
2022-08-19 12:00:00,0.9405155946381208,0.5070125451524748,0.45803154485257264,1.0,0.6803395259149626
2022-08-19 13:00:00,0.9405155946381208,0.5070125451524748,0.4593850506249647,1.0,0.6785475774822222
2022-08-19 14:00:00,0.9405155946381208,0.5070125451524748,0.45668231555971417,1.0,0.6821258125833026
2022-08-19 15:00:00,0.9405155946381208,0.5070125451524748,0.45528818323175274,1.0,0.6839715477778472
2022-08-19 16:00:00,0.9405155946381208,0.5070125451524748,0.4575461644255063,1.0,0.6809821361744129
2022-08-19 17:00:00,0.9405155946381208,0.5070125451524748,0.4594107095021665,1.0,0.6785136068958195
2022-08-19 18:00:00,0.9405155946381208,0.5070125451524748,0.457958844700501,1.0,0.6804357759097702
2022-08-19 19:00:00,0.9405155946381208,0.5070125451524748,0.4561349261794103,1.0,0.6828505184265594
2022-08-19 20:00:00,0.9405155946381208,0.5070125451524748,0.455159888845744,1.0,0.6841414007098605
2022-08-19 21:00:00,0.9405155946381208,0.5070125451524748,0.4540308982488671,1.0,0.6856361065115778
2022-08-19 22:00:00,0.9405155946381208,0.5070125451524748,0.44984636302521586,1.0,0.6911761429774119
2022-08-19 23:00:00,0.9405155946381208,0.5070125451524748,0.44755630823496,1.0,0.6942080178138496
2022-08-20 00:00:00,0.9405155946381208,0.5070125451524748,0.4445884314386248,1.0,0.6981372823077575
2022-08-20 01:00:00,0.9405155946381208,0.5070125451524748,0.4479198089953181,1.0,0.6937267678398119
2022-08-20 02:00:00,0.9398572337218741,0.5066576363708681,0.4480138915450579,1.0,0.6927011321651321
2022-08-20 03:00:00,0.9458583696711166,0.509892724899732,0.45087699459281927,1.0,0.6882781267158308
2022-08-20 04:00:00,0.9462841410790165,0.5101222494779561,0.4510801273706664,1.0,0.6879643212507944
2022-08-20 05:00:00,0.9507480181555257,0.5125286334770216,0.45320981417841133,1.0,0.6846743186910451
2022-08-20 06:00:00,0.9457552881723619,0.5098371557913199,0.4508278150781826,1.0,0.6883541006705237
2022-08-20 07:00:00,0.9539704354426841,0.5142657721269492,0.4547472085707492,1.0,0.6822993068030335
2022-08-20 08:00:00,0.9537508270322937,0.5141473857655495,0.4546424348221754,1.0,0.6824611643586838
2022-08-20 09:00:00,0.9488611785478847,0.51151147718826,0.45230961523658336,1.0,0.6860649723834693
2022-08-20 10:00:00,0.9492779863471974,0.5117361696701005,0.452508471534897,1.0,0.6857577733492758
2022-08-20 11:00:00,0.9502998377261572,0.5122870286578384,0.4529959902017301,1.0,0.6850046402331886
2022-08-20 12:00:00,0.9503849920077372,0.5123329335734831,0.4530366167572995,1.0,0.6849418791401815
2022-08-20 13:00:00,0.950756981764113,0.5125334655734053,0.45321409065794493,1.0,0.6846677122602023
2022-08-20 14:00:00,0.95434242519906,0.5144663041268714,0.45492468247139467,1.0,0.6820251399230544
2022-08-20 15:00:00,0.9514695886468086,0.5129176172359066,0.453554070780868,1.0,0.6841425010081942
2022-08-20 16:00:00,0.9535984456863085,0.5140652401270271,0.4545697346701038,1.0,0.6825734736830126
2022-08-20 17:00:00,0.9507256091340572,0.5125165532360624,0.45319912297957726,1.0,0.6846908347681523
2022-08-20 18:00:00,0.9513889161695224,0.5128741283684537,0.45351558246506546,1.0,0.68420195888578
2022-08-20 19:00:00,0.9447827366406325,0.5093128733336922,0.4503638170487843,1.0,0.6890708984169751
2022-08-20 20:00:00,0.9397003705715952,0.506573074684154,0.4479390531532194,1.0,0.6928167447048823
2022-08-20 21:00:00,0.9320095944036338,0.5024271359869691,0.4442698337133698,1.0,0.6984850623680647
2022-08-20 22:00:00,0.945298144134406,0.509590718875753,0.45060971462196775,1.0,0.6886910286435102
2022-08-20 23:00:00,0.9461452051459124,0.5100473519840094,0.45101384193789523,1.0,0.6880667209288589
2022-08-21 00:00:00,0.9462438048403735,0.5101005050442298,0.45106088321276516,1.0,0.6879940501895873
2022-08-21 01:00:00,0.9474897464340175,0.5107721664415592,0.4516553138679389,1.0,0.6870757563024283
2022-08-21 02:00:00,0.9510404684347404,0.5123274069853031,0.4536673974885091,1.0,0.6829976532853408
2022-08-21 03:00:00,0.9510404684347404,0.51228880399702,0.4537016093247781,1.0,0.6830491159829198
2022-08-21 04:00:00,0.9510404684347404,0.5135675279838943,0.45256834224836767,1.0,0.6813444141256174
2022-08-21 05:00:00,0.9510404684347404,0.5138063839738953,0.45235665651145324,1.0,0.6810259886843476
2022-08-21 06:00:00,0.9510404684347404,0.51306086376268,0.4530173725993982,1.0,0.682019862031341
2022-08-21 07:00:00,0.9510404684347404,0.5157775490630959,0.45060971462196775,1.0,0.6783981746892229
2022-08-21 08:00:00,0.9510404684347404,0.5125180092399504,0.45349847654693093,1.0,0.6827435562160449
2022-08-21 09:00:00,0.9510404684347404,0.5100691321707478,0.4556687899102453,1.0,0.686008221093709
2022-08-21 10:00:00,0.9510404684347404,0.5081413954433657,0.4573772434839281,1.0,0.6885781395540572
2022-08-21 11:00:00,0.9510404684347404,0.5094490716714521,0.456218317530316,1.0,0.6868348406735707
2022-08-21 12:00:00,0.9510404684347404,0.5059386124244671,0.4593294563910276,1.0,0.6915147297346557
2022-08-21 13:00:00,0.9510404684347404,0.5072028602907354,0.45820901875321807,1.0,0.6898293263889453
2022-08-21 14:00:00,0.9510404684347404,0.5090461529812484,0.45657540357137355,1.0,0.6873719825795508
2022-08-21 15:00:00,0.9510404684347404,0.5087107895205398,0.45687261889896047,1.0,0.687819064764768
2022-08-21 16:00:00,0.9510404684347404,0.5085129492055894,0.4570479545598391,1.0,0.68808281108986
2022-08-21 17:00:00,0.9510404684347404,0.5088772649075103,0.4567250803550504,1.0,0.6875971318814587
2022-08-21 18:00:00,0.9510404684347404,0.5075020334499286,0.4579438770221333,1.0,0.6894304904827084
2022-08-21 19:00:00,0.9510404684347404,0.5070532737111387,0.4583415896187604,1.0,0.6900287443420637
2022-08-21 20:00:00,0.9510404684347404,0.5063125788734587,0.45899802922717176,1.0,0.6910161848518597
2022-08-21 21:00:00,0.9510404684347404,0.507366922990938,0.45806361844907484,1.0,0.6896106099242348
2022-08-21 22:00:00,0.9510404684347404,0.5056201377711325,0.45961170404024676,1.0,0.6919392969896819
2022-08-21 23:00:00,0.9510404684347404,0.5050724578748674,0.4600970844673131,1.0,0.6926694240115832
2022-08-22 00:00:00,0.9510404684347404,0.5061509288600237,0.4591412912915481,1.0,0.6912316848979715
2022-08-22 01:00:00,0.9510404684347404,0.5077046991384142,0.4577642648817211,1.0,0.6891603113204191
2022-08-22 02:00:00,0.9510404684347404,0.5071370295400608,0.45763169401617876,1.0,0.6879963510385741
2022-08-22 03:00:00,0.9510404684347404,0.50647410517917,0.45823040115088615,1.0,0.688895692862856
2022-08-22 04:00:00,0.9510404684347404,0.5078117918359675,0.4570222956826373,1.0,0.6870809495388587
2022-08-22 05:00:00,0.9510404684347404,0.5066658797264276,0.45805720372977443,1.0,0.6886355261208317
2022-08-22 06:00:00,0.9510404684347404,0.5076010765926843,0.4572125990218836,1.0,0.6873668117615769
2022-08-22 07:00:00,0.9510404684347404,0.5093270475180036,0.45565382223187756,1.0,0.6850253110833572
2022-08-22 08:00:00,0.9510404684347404,0.5153241453970624,0.45023766090254247,1.0,0.6768894795086927
2022-08-22 09:00:00,0.9510404684347404,0.5132288308992468,0.4521300030961712,1.0,0.6797320420604409
2022-08-22 10:00:00,0.9510404684347404,0.5134703247735712,0.45191190263995634,1.0,0.6794044246815953
2022-08-22 11:00:00,0.9510404684347404,0.5110506508563197,0.45409718368163837,1.0,0.6826870223402243
2022-08-22 12:00:00,0.9510404684347404,0.5117869704143093,0.4534321911141597,1.0,0.681688110528254
2022-08-22 13:00:00,0.9510404684347404,0.5127576810856137,0.45255551280976675,1.0,0.6803712171426983
2022-08-22 14:00:00,0.9510404684347404,0.510427975474483,0.4546595407403099,1.0,0.6835317612680318
2022-08-22 15:00:00,0.9510404684347404,0.5128807956097791,0.4524443243418926,1.0,0.6802041965181889
2022-08-22 16:00:00,0.9510404684347404,0.5082497954315561,0.4566267213257771,1.0,0.6864867415478152
2022-08-22 17:00:00,0.9510404684347404,0.5098076676796495,0.45521975955921473,1.0,0.6843732882607528
2022-08-22 18:00:00,0.9510404684347404,0.5121918277918532,0.4530665521140349,1.0,0.6811388696284246
2022-08-22 19:00:00,0.9510404684347404,0.5171992743035821,0.44854417500722726,1.0,0.6743456269200097
2022-08-22 20:00:00,0.9510404684347404,0.5163208995254018,0.4493374619607145,1.0,0.6755372548371831
2022-08-22 21:00:00,0.9510404684347404,0.5145665175560443,0.45092189762792234,1.0,0.6779172987364435
2022-08-22 22:00:00,0.9510404684347404,0.5152081336339065,0.45034243465111623,1.0,0.6770468643279419
2022-08-22 23:00:00,0.9510404684347404,0.513583968949724,0.4518092671311494,1.0,0.6792502517974327
2022-08-23 00:00:00,0.9510404684347404,0.508273471301588,0.45660533892810895,1.0,0.6864546221969481
2022-08-23 01:00:00,0.9510404684347404,0.5105203113676072,0.4545761493894042,1.0,0.6834064957996497
2022-08-23 02:00:00,0.9510404684347404,0.5100608190788604,0.45467237017891077,1.0,0.6825940592543163
2022-08-23 03:00:00,0.9510404684347404,0.5100608190788604,0.4554528276937972,1.0,0.6814233495796385
2022-08-23 04:00:00,0.9510404684347404,0.5100608190788604,0.45321622889771174,1.0,0.684778314839126
2022-08-23 05:00:00,0.9510404684347404,0.5100608190788604,0.4537892771552174,1.0,0.6839187252697736
2022-08-23 06:00:00,0.9510404684347404,0.5100608190788604,0.4473724196150142,1.0,0.6935442039922614
2022-08-23 07:00:00,0.9510404684347404,0.5100608190788604,0.4498057364696464,1.0,0.6898941557462797
2022-08-23 08:00:00,0.9510404684347404,0.5100608190788604,0.4546851996175117,1.0,0.6825748147117188
2022-08-23 09:00:00,0.9510404684347404,0.5100608190788604,0.45783055031449227,1.0,0.677856694351579
2022-08-23 10:00:00,0.9510404684347404,0.5100608190788604,0.4575311967471386,1.0,0.6783057336788527
2022-08-23 11:00:00,0.9510404684347404,0.5100608190788604,0.45700305152473597,1.0,0.6790979673491141
2022-08-23 12:00:00,0.9510404684347404,0.5100608190788604,0.4578326885542591,1.0,0.6778534869278127
2022-08-23 13:00:00,0.9510404684347404,0.5100608190788604,0.4556196103956086,1.0,0.6811731705258717
2022-08-23 14:00:00,0.9510404684347404,0.5100608190788604,0.45916053544944946,1.0,0.6758616767689773
2022-08-23 15:00:00,0.9510404684347404,0.5100608190788604,0.4581063832444111,1.0,0.677442936685734
2022-08-23 16:00:00,0.9510404684347404,0.5100608190788604,0.4581812216362495,1.0,0.6773306768539155
2022-08-23 17:00:00,0.9510404684347404,0.5100608190788604,0.4580593419695412,1.0,0.6775135000085912
2022-08-23 18:00:00,0.9510404684347404,0.5100608190788604,0.4569089689749963,1.0,0.6792390939948286
2022-08-23 19:00:00,0.9510404684347404,0.5100608190788604,0.45972289250812104,1.0,0.6750181243184562
2022-08-23 20:00:00,0.9510404684347404,0.5100608190788604,0.45929096807522496,1.0,0.6756660239192368
2022-08-23 21:00:00,0.9510404684347404,0.5100608190788604,0.45838007793456303,1.0,0.6770323864436552
2022-08-23 22:00:00,0.9510404684347404,0.5100608190788604,0.4585810724726434,1.0,0.6767308886096285
2022-08-23 23:00:00,0.9510404684347404,0.5100608190788604,0.45828599538482323,1.0,0.6771735130893698
2022-08-24 00:00:00,0.9510404684347404,0.5100608190788604,0.4594107095021665,1.0,0.6754864081883272
2022-08-24 01:00:00,0.9510404684347404,0.5100608190788604,0.45636157959469237,1.0,0.6800601944789862
2022-08-24 02:00:00,0.9510404684347404,0.5100608190788604,0.45371230052361217,1.0,0.6830785601367367
2022-08-24 03:00:00,0.9510404684347404,0.5100608190788604,0.45237590066935457,1.0,0.6810682590488479
2022-08-24 04:00:00,0.9510404684347404,0.5100608190788604,0.4537422358803475,1.0,0.6831235908811054
2022-08-24 05:00:00,0.9510404684347404,0.5100608190788604,0.4550978798925064,1.0,0.6851628403046598
2022-08-24 06:00:00,0.9510404684347404,0.5100608190788604,0.4570394016007718,1.0,0.6880834057251447
2022-08-24 07:00:00,0.9510404684347404,0.5100608190788604,0.45670583619714916,1.0,0.6875816345736077
2022-08-24 08:00:00,0.9510404684347404,0.5100608190788604,0.45486481175792387,1.0,0.684812243794932
2022-08-24 09:00:00,0.9510404684347404,0.5100608190788604,0.4553651598633579,1.0,0.6855649005222376
2022-08-24 10:00:00,0.9510404684347404,0.5100608190788604,0.4547963880853859,1.0,0.6847093163792322
2022-08-24 11:00:00,0.9510404684347404,0.5100608190788604,0.4542083721495126,1.0,0.6838247839005611
2022-08-24 12:00:00,0.9510404684347404,0.5100608190788604,0.45744139067693246,1.0,0.6886881042923816
2022-08-24 13:00:00,0.9510404684347404,0.5100608190788604,0.4584805752036032,1.0,0.690251314418324
2022-08-24 14:00:00,0.9510404684347404,0.5100608190788604,0.4574456671564661,1.0,0.6886945372558628
2022-08-24 15:00:00,0.9510404684347404,0.5100608190788604,0.4580678949286085,1.0,0.689630533442384
2022-08-24 16:00:00,0.9510404684347404,0.5100608190788604,0.4612795310583602,1.0,0.6944616890167983
2022-08-24 17:00:00,0.9510404684347404,0.5100608190788604,0.4634028031468047,1.0,0.6976556553852361
2022-08-24 18:00:00,0.9510404684347404,0.5100608190788604,0.46169221133335503,1.0,0.6950824699927385
2022-08-24 19:00:00,0.9510404684347404,0.5100608190788604,0.46252826308217854,1.0,0.6963401143533217
2022-08-24 20:00:00,0.9510404684347404,0.5100608190788604,0.46321036156779166,1.0,0.6973661720285801
2022-08-24 21:00:00,0.9510404684347404,0.5100608190788604,0.4627869900939628,1.0,0.6967293086439369
2022-08-24 22:00:00,0.9510404684347404,0.5100608190788604,0.46083050070732967,1.0,0.6937862278512676
2022-08-24 23:00:00,0.9510404684347404,0.5100608190788604,0.45866446382354903,1.0,0.6905279318480175
2022-08-25 00:00:00,0.9510404684347404,0.5100608190788604,0.4559211022027291,1.0,0.6864011857747994
2022-08-25 01:00:00,0.9510404684347404,0.5100608190788604,0.45831593074155863,1.0,0.6900036453242961
2022-08-25 02:00:00,0.9510404684347404,0.5100608190788604,0.45994313120410263,1.0,0.6914819605784946
2022-08-25 03:00:00,0.9510404684347404,0.5100608190788604,0.459427815420301,1.0,0.6922560547767319
2022-08-25 04:00:00,0.9510404684347404,0.5100608190788604,0.45818335987601627,1.0,0.6941254440853384
2022-08-25 05:00:00,0.9510404684347404,0.5100608190788604,0.4596395011572154,1.0,0.6919380658737215
2022-08-25 06:00:00,0.9510404684347404,0.5100608190788604,0.4600928079877795,1.0,0.6912571199400025
2022-08-25 07:00:00,0.9510404684347404,0.5100608190788604,0.4628725196846353,1.0,0.6870815080822906
2022-08-25 08:00:00,0.9510404684347404,0.5100608190788604,0.4639865426031444,1.0,0.6854080513300844
2022-08-25 09:00:00,0.9510404684347404,0.5100608190788604,0.46279554305303006,1.0,0.6871971404106579
2022-08-25 10:00:00,0.9510404684347404,0.5100608190788604,0.4632445734040606,1.0,0.6865226184951815
2022-08-25 11:00:00,0.9510404684347404,0.5100608190788604,0.4614249313625035,1.0,0.689256038257422
2022-08-25 12:00:00,0.9510404684347404,0.5100608190788604,0.46358027704745014,1.0,0.6860183330631346
2022-08-25 13:00:00,0.9510404684347404,0.5100608190788604,0.4625517837196134,1.0,0.6875633094504882
2022-08-25 14:00:00,0.9510404684347404,0.5100608190788604,0.4632488498835942,1.0,0.6865161944769388
2022-08-25 15:00:00,0.9510404684347404,0.5100608190788604,0.4621326887253183,1.0,0.6881928632382662
2022-08-25 16:00:00,0.9510404684347404,0.5100608190788604,0.46024034653168955,1.0,0.6910354913106316
2022-08-25 17:00:00,0.9510404684347404,0.5100608190788604,0.45755685562434034,1.0,0.6950665627578841
2022-08-25 18:00:00,0.9510404684347404,0.5100608190788604,0.4602681436486581,1.0,0.6909937351920544
2022-08-25 19:00:00,0.9510404684347404,0.5100608190788604,0.4596608835548835,1.0,0.6919059457825084
2022-08-25 20:00:00,0.9510404684347404,0.5100608190788604,0.46104004820447736,1.0,0.689834199899259
2022-08-25 21:00:00,0.9510404684347404,0.5100608190788604,0.46192741770770435,1.0,0.6885012161139126
2022-08-25 22:00:00,0.9510404684347404,0.5100608190788604,0.4606209532101821,1.0,0.6904637536870372
2022-08-25 23:00:00,0.9510404684347404,0.5100608190788604,0.46041995867210184,1.0,0.6907656825444409
2022-08-26 00:00:00,0.9510404684347404,0.5100608190788604,0.4600543196719769,1.0,0.6913149361041862
2022-08-26 01:00:00,0.9510404684347404,0.5100608190788604,0.4584078750515316,1.0,0.6937881831276002
2022-08-26 02:00:00,0.9510404684347404,0.5100608190788604,0.46007997854917865,1.0,0.690308317350649
2022-08-26 03:00:00,0.9510404684347404,0.5100608190788604,0.4608989243798677,1.0,0.69153606410508
2022-08-26 04:00:00,0.9510404684347404,0.5100608190788604,0.45991747232690094,1.0,0.6900646913628247
2022-08-26 05:00:00,0.9510404684347404,0.5100608190788604,0.45945133605773586,1.0,0.6893658694503808
2022-08-26 06:00:00,0.9510404684347404,0.5100608190788604,0.4567785363492207,1.0,0.6853588630716898
2022-08-26 07:00:00,0.9510404684347404,0.5100608190788604,0.4571612812674801,1.0,0.6859326663851184
2022-08-26 08:00:00,0.9510404684347404,0.5100608190788604,0.45770225592848357,1.0,0.6867436844761655
2022-08-26 09:00:00,0.9510404684347404,0.5100608190788604,0.4569731161680007,1.0,0.6856505731360586
2022-08-26 10:00:00,0.9510404684347404,0.5100608190788604,0.4574606348348338,1.0,0.6863814510995319
2022-08-26 11:00:00,0.9510404684347404,0.5100608190788604,0.45656257413277274,1.0,0.6850350969562917
2022-08-26 12:00:00,0.9510404684347404,0.5100608190788604,0.4521706296517406,1.0,0.6784507840748266
2022-08-26 13:00:00,0.9510404684347404,0.5100608190788604,0.461726423169624,1.0,0.6927766332799227
2022-08-26 14:00:00,0.9510404684347404,0.5100608190788604,0.4643136932874667,1.0,0.6966554154544955
2022-08-26 15:00:00,0.9510404684347404,0.5100608190788604,0.45142866045265684,1.0,0.6773384391041021
2022-08-26 16:00:00,0.9510404684347404,0.5100608190788604,0.44340384660781085,1.0,0.6653078031527202
2022-08-26 17:00:00,0.9510404684347404,0.5100608190788604,0.44216152930329305,1.0,0.6634453465879047
2022-08-26 18:00:00,0.9510404684347404,0.5100608190788604,0.440602752513287,1.0,0.661108460467852
2022-08-26 19:00:00,0.9510404684347404,0.5100608190788604,0.44156496040835247,1.0,0.6625509827641808
2022-08-26 20:00:00,0.9510404684347404,0.5100608190788604,0.44053646708051586,1.0,0.6610090867096605
2022-08-26 21:00:00,0.9510404684347404,0.5100608190788604,0.4406497937881569,1.0,0.661178983780117
2022-08-26 22:00:00,0.9510404684347404,0.5100608190788604,0.4404103109342739,1.0,0.6608199560085862
2022-08-26 23:00:00,0.9510404684347404,0.5100608190788604,0.4397816684428312,1.0,0.6598775081083182
2022-08-27 00:00:00,0.9510404684347404,0.5100608190788604,0.4318381077091241,1.0,0.6479686851508486
2022-08-27 01:00:00,0.9510404684347404,0.5100608190788604,0.433217272358718,1.0,0.6500363004422531
2022-08-27 02:00:00,0.9503747401068361,0.5100608190788604,0.43260359754564287,1.0,0.6482075087851243
2022-08-27 03:00:00,0.9470191481359963,0.5100608190788604,0.43107475611237217,1.0,0.6504962058854629
2022-08-27 04:00:00,0.9468736609316663,0.5100608190788604,0.4310084706796011,1.0,0.6505954361093935
2022-08-27 05:00:00,0.9442924363387125,0.5100608190788604,0.4298324388078544,1.0,0.6523559723404232
2022-08-27 06:00:00,0.9434664444689672,0.5100608190788604,0.4294561086088954,1.0,0.6529193439343527
2022-08-27 07:00:00,0.9450433380384808,0.5100608190788604,0.4301745571705443,1.0,0.6518438163459418
2022-08-27 08:00:00,0.9499288922225986,0.5100608190788604,0.4324004647677957,1.0,0.6485116014068476
2022-08-27 09:00:00,0.9467234805917125,0.5100608190788604,0.43094004700706307,1.0,0.6506978673082898
2022-08-27 10:00:00,0.9445411725267607,0.5100608190788604,0.4299457655154954,1.0,0.6521863206672512
2022-08-27 11:00:00,0.9458787161794731,0.5100608190788604,0.43055516384903686,1.0,0.6512740428020813
2022-08-27 12:00:00,0.9472772705952917,0.5100608190788604,0.43119235929954686,1.0,0.6503201522623598
2022-08-27 13:00:00,0.9464794375392878,0.5100608190788604,0.4308288585391888,1.0,0.6508643180064962
2022-08-27 14:00:00,0.9455126516008361,0.5100608190788604,0.43038838114722555,1.0,0.651523718849391
2022-08-27 15:00:00,0.9405050758905058,0.5100608190788604,0.42810687931603697,1.0,0.6549391591375884
2022-08-27 16:00:00,0.9363657302705327,0.5100608190788604,0.42622095184170866,1.0,0.6577624190571668
2022-08-27 17:00:00,0.9375343210407973,0.5100608190788604,0.42675337354364495,1.0,0.6569653762907552
2022-08-27 18:00:00,0.9368303506972644,0.5100608190788604,0.4264326375786231,1.0,0.6574455225355814
2022-08-27 19:00:00,0.9357133844188589,0.5100608190788604,0.42592373651412174,1.0,0.6582073545773726
2022-08-27 20:00:00,0.9382899158761892,0.5100608190788604,0.42709763014610164,1.0,0.6564500193213084
2022-08-27 21:00:00,0.9378956924838107,0.5100608190788604,0.4269180180056894,1.0,0.6567189012184111
2022-08-27 22:00:00,0.9314191653233086,0.5100608190788604,0.4239672471274887,1.0,0.6611362466708127
2022-08-27 23:00:00,0.9384870275723783,0.5100608190788604,0.4271874362163078,1.0,0.656315578372757
2022-08-28 00:00:00,0.939087748932193,0.5100608190788604,0.4274611309064597,1.0,0.655905853577172
2022-08-28 01:00:00,0.9370931662921833,0.5100608190788604,0.42655237900556453,1.0,0.6572662679375131
2022-08-28 02:00:00,0.9378014815406763,0.5100608190788604,0.42717460677770686,1.0,0.6554272897278859
2022-08-28 03:00:00,0.9378014815406763,0.5100608190788604,0.4267875853799139,1.0,0.6560205524998614
2022-08-28 04:00:00,0.9378014815406763,0.5100608190788604,0.4264946465318606,1.0,0.6564695966974339
2022-08-28 05:00:00,0.9378014815406763,0.5100608190788604,0.42661652619856893,1.0,0.6562827680896847
2022-08-28 06:00:00,0.9378014815406763,0.5100608190788604,0.42795078781305973,1.0,0.6542374864890621
2022-08-28 07:00:00,0.9378014815406763,0.5100608190788604,0.42746540738599337,1.0,0.654981523225186
2022-08-28 08:00:00,0.9378014815406763,0.5100608190788604,0.42791016125749026,1.0,0.6542997626916451
2022-08-28 09:00:00,0.9378014815406763,0.5100608190788604,0.42745685442692605,1.0,0.6549946340046773
2022-08-28 10:00:00,0.9378014815406763,0.5100608190788604,0.42708907718703437,1.0,0.6555583975227975
2022-08-28 11:00:00,0.9378014815406763,0.5100608190788604,0.4265951438009008,1.0,0.6563155450384126
2022-08-28 12:00:00,0.9378014815406763,0.5100608190788604,0.4274162278713567,1.0,0.6550569102072602
2022-08-28 13:00:00,0.9378014815406763,0.5100608190788604,0.4250491964494956,1.0,0.6586853184314416
2022-08-28 14:00:00,0.9378014815406763,0.5100608190788604,0.4253891765724187,1.0,0.6581641649466677
2022-08-28 15:00:00,0.9378014815406763,0.5100608190788604,0.4250085698939262,1.0,0.6587475946340248
2022-08-28 16:00:00,0.9378014815406763,0.5100608190788604,0.4271104595847025,1.0,0.6555256205740697
2022-08-28 17:00:00,0.9378014815406763,0.5100608190788604,0.42649250829209384,1.0,0.6564728743923066
2022-08-28 18:00:00,0.9378014815406763,0.5100608190788604,0.42638131982421956,1.0,0.6566433145256919
2022-08-28 19:00:00,0.9378014815406763,0.5100608190788604,0.4269244327249899,1.0,0.6558107800280025
2022-08-28 20:00:00,0.9378014815406763,0.5100608190788604,0.42614825168963705,1.0,0.6570005832668263
2022-08-28 21:00:00,0.9378014815406763,0.5100608190788604,0.42642408461955583,1.0,0.656577760628236
2022-08-28 22:00:00,0.9378014815406763,0.5100608190788604,0.4259643630696912,1.0,0.6572824650258865
2022-08-28 23:00:00,0.9378014815406763,0.5100608190788604,0.4246087190575323,1.0,0.659360523575237
2022-08-29 00:00:00,0.9378014815406763,0.5100608190788604,0.41727241841759993,1.0,0.6706062946837884
2022-08-29 01:00:00,0.9378014815406763,0.5100608190788604,0.41903646622521995,1.0,0.6679021964137345
2022-08-29 02:00:00,0.9378014815406763,0.5097037765055051,0.4194833583364837,1.0,0.6662995542026662
2022-08-29 03:00:00,0.9378014815406763,0.5123357255284301,0.42165153346003115,1.0,0.6628589941332823
2022-08-29 04:00:00,0.9378014815406763,0.51497805699326,0.42382826154264586,1.0,0.6594048618348278
2022-08-29 05:00:00,0.9378014815406763,0.5134700073065546,0.42258594423812806,1.0,0.6613762281073249
2022-08-29 06:00:00,0.9378014815406763,0.5121540327950921,0.4215018566763543,1.0,0.6630965081420168
2022-08-29 07:00:00,0.9378014815406763,0.5145965022532503,0.4235139402969246,1.0,0.6599036412531704
2022-08-29 08:00:00,0.9378014815406763,0.5157878874618523,0.42449539234989125,1.0,0.658346227967325
2022-08-29 09:00:00,0.9378014815406763,0.5131273867236885,0.4223036965889089,1.0,0.661824111666653
2022-08-29 10:00:00,0.9378014815406763,0.5143992358570547,0.4233514340746468,1.0,0.6601615136055108
2022-08-29 11:00:00,0.9378014815406763,0.5140644021056175,0.4230756011447281,1.0,0.6605992179930359
2022-08-29 12:00:00,0.9378014815406763,0.5138853049827558,0.422928062600818,1.0,0.6608333389445029
2022-08-29 13:00:00,0.9378014815406763,0.5157178059789934,0.4244376598761873,1.0,0.6584378405135513
2022-08-29 14:00:00,0.9378014815406763,0.5205015160867358,0.42837843576642215,1.0,0.652184435969296
2022-08-29 15:00:00,0.9378014815406763,0.5229180294401314,0.4303691369893242,1.0,0.649025499653126
2022-08-29 16:00:00,0.9378014815406763,0.5252307183744767,0.43227430862155375,1.0,0.6460022856276614
2022-08-29 17:00:00,0.9378014815406763,0.5267309812297535,0.43351021120677125,1.0,0.6440410985269671
2022-08-29 18:00:00,0.9378014815406763,0.5256927370392506,0.4326549153000464,1.0,0.6453983214340219
2022-08-29 19:00:00,0.9378014815406763,0.5230114714172767,0.4304461136209294,1.0,0.6489033495914911
2022-08-29 20:00:00,0.9378014815406763,0.5211140801591325,0.4288830603513898,1.0,0.6513836744541337
2022-08-29 21:00:00,0.9378014815406763,0.5230815529001356,0.4305038460946333,1.0,0.6488117370452648
2022-08-29 22:00:00,0.9378014815406763,0.5237096906353899,0.4310213001182019,1.0,0.6479906171864966
2022-08-29 23:00:00,0.9378014815406763,0.5239043614211092,0.4311816681007128,1.0,0.6477361378914239
2022-08-30 00:00:00,0.9378014815406763,0.5259159595402086,0.4328388039199922,1.0,0.6451065185090051
2022-08-30 01:00:00,0.9378014815406763,0.5251762105544753,0.43222940558645073,1.0,0.6460735398302817
2022-08-30 02:00:00,0.9378014815406763,0.5223208892638677,0.43017883365007786,1.0,0.6483946706903775
2022-08-30 03:00:00,0.9378014815406763,0.5223208892638677,0.430929355808229,1.0,0.6495248618540284
2022-08-30 04:00:00,0.9378014815406763,0.5223208892638677,0.4325373121128717,1.0,0.6519462400735878
2022-08-30 05:00:00,0.9378014815406763,0.5223208892638677,0.43676247389209244,1.0,0.6583087977356217
2022-08-30 06:00:00,0.9378014815406763,0.5223208892638677,0.4355864420203458,1.0,0.6565378429207842
2022-08-30 07:00:00,0.9378014815406763,0.5223208892638677,0.43521438830092046,1.0,0.6559775772157266
2022-08-30 08:00:00,0.9378014815406763,0.5223208892638677,0.4359991222953405,1.0,0.6571592870648999
2022-08-30 09:00:00,0.9378014815406763,0.5223208892638677,0.4353490974062297,1.0,0.6561804320399717
2022-08-30 10:00:00,0.9378014815406763,0.5223208892638677,0.4357852983186593,1.0,0.656837295280384
2022-08-30 11:00:00,0.9378014815406763,0.5223208892638677,0.43516734702605064,1.0,0.6559067390231331
2022-08-30 12:00:00,0.9378014815406763,0.5223208892638677,0.43541324459923403,1.0,0.6562770295753264
2022-08-30 13:00:00,0.9378014815406763,0.5223208892638677,0.43392502972153274,1.0,0.6540359667550958
2022-08-30 14:00:00,0.9378014815406763,0.5223208892638677,0.43259718282634246,1.0,0.6520363977732522
2022-08-30 15:00:00,0.9378014815406763,0.5223208892638677,0.4231140894605307,1.0,0.6377560621299727
2022-08-30 16:00:00,0.9378014815406763,0.5223208892638677,0.42146764484008536,1.0,0.6352767253892004
2022-08-30 17:00:00,0.9378014815406763,0.5223208892638677,0.4184997680437501,1.0,0.6308074794201199
2022-08-30 18:00:00,0.9378014815406763,0.5223208892638677,0.4199794299623841,1.0,0.6330356625689698
2022-08-30 19:00:00,0.9378014815406763,0.5223208892638677,0.42194233406831766,1.0,0.6359915471508257
2022-08-30 20:00:00,0.9378014815406763,0.5223208892638677,0.4256051387888668,1.0,0.6415072664195828
2022-08-30 21:00:00,0.9378014815406763,0.5223208892638677,0.4261867400054397,1.0,0.642383084073466
2022-08-30 22:00:00,0.9378014815406763,0.5223208892638677,0.42426660069484234,1.0,0.6394915978485133
2022-08-30 23:00:00,0.9378014815406763,0.5223208892638677,0.42471349280610615,1.0,0.6401645606781515
2022-08-31 00:00:00,0.9378014815406763,0.5223208892638677,0.42273989750133856,1.0,0.63719257650707
2022-08-31 01:00:00,0.9378014815406763,0.5223208892638677,0.425876695239252,1.0,0.641916195985918
2022-08-31 02:00:00,0.9378014815406763,0.5223208892638677,0.4318381077091241,1.0,0.6499820775048488
2022-08-31 03:00:00,0.9378014815406763,0.5223208892638677,0.43393144444083315,1.0,0.6468341826889868
2022-08-31 04:00:00,0.9378014815406763,0.5223208892638677,0.435344820926696,1.0,0.6447087909900238
2022-08-31 05:00:00,0.9378014815406763,0.5223208892638677,0.4340832594642769,1.0,0.6466058879679182
2022-08-31 06:00:00,0.9378014815406763,0.5223208892638677,0.43430991287955895,1.0,0.6462650535956186
2022-08-31 07:00:00,0.9378014815406763,0.5223208892638677,0.4320476552062717,1.0,0.649666966481402
2022-08-31 08:00:00,0.9378014815406763,0.5223208892638677,0.4322400967852848,1.0,0.6493775788068079
2022-08-31 09:00:00,0.9378014815406763,0.5223208892638677,0.4318103105921556,1.0,0.6500238779467346
2022-08-31 10:00:00,0.9378014815406763,0.5223208892638677,0.43056157856833727,1.0,0.6519016824129894
2022-08-31 11:00:00,0.9378014815406763,0.5223208892638677,0.4338245324524926,1.0,0.6469949536193169
2022-08-31 12:00:00,0.9378014815406763,0.5223208892638677,0.4335315936044394,1.0,0.647435465968421
2022-08-31 13:00:00,0.9378014815406763,0.5223208892638677,0.4333220461072917,1.0,0.6477505769918681
2022-08-31 14:00:00,0.9378014815406763,0.5223208892638677,0.4332685901131214,1.0,0.6478309624570331
2022-08-31 15:00:00,0.9378014815406763,0.5223208892638677,0.42902204593623255,1.0,0.6542167838097419
2022-08-31 16:00:00,0.9378014815406763,0.5223208892638677,0.4297404944978814,1.0,0.6531364031579241
2022-08-31 17:00:00,0.9378014815406763,0.5223208892638677,0.42758087233340114,1.0,0.6563839759505907
2022-08-31 18:00:00,0.9378014815406763,0.5223208892638677,0.4263577991867847,1.0,0.6582231953935662
2022-08-31 19:00:00,0.9378014815406763,0.5223208892638677,0.4268175207366493,1.0,0.657531880393147
2022-08-31 20:00:00,0.9378014815406763,0.5223208892638677,0.4316029013347748,1.0,0.6503357735515749
2022-08-31 21:00:00,0.9378014815406763,0.5223208892638677,0.4309357705275294,1.0,0.6513389841568343
2022-08-31 22:00:00,0.9378014815406763,0.5223208892638677,0.43276824200768743,1.0,0.6485833704109776
2022-08-31 23:00:00,0.9378014815406763,0.5223208892638677,0.4301189629366072,1.0,0.6525672740645557
2022-09-01 00:00:00,0.9378014815406763,0.5223208892638677,0.42783318462588504,1.0,0.6560045565550118
2022-09-01 01:00:00,0.9378014815406763,0.5223208892638677,0.4281710265090414,1.0,0.6554965204151689
2022-09-01 02:00:00,0.9378014815406763,0.5223208892638677,0.42944541741006137,1.0,0.652670154254082
2022-09-01 03:00:00,0.9378014815406763,0.5223208892638677,0.4293278142228867,1.0,0.652491587067021
2022-09-01 04:00:00,0.9378014815406763,0.5223208892638677,0.4273114541227829,1.0,0.6494299714779563
2022-09-01 05:00:00,0.9378014815406763,0.5223208892638677,0.42788450238028847,1.0,0.6503000806803628
2022-09-01 06:00:00,0.9378014815406763,0.5223208892638677,0.42760439297083613,1.0,0.6498747661075447
2022-09-01 07:00:00,0.9378014815406763,0.5223208892638677,0.4264283610990895,1.0,0.6480890942369343
2022-09-01 08:00:00,0.9378014815406763,0.5223208892638677,0.4245018070691917,1.0,0.6451638390452615
2022-09-01 09:00:00,0.9378014815406763,0.5223208892638677,0.4251732143559707,1.0,0.6461832953495737
2022-09-01 10:00:00,0.9378014815406763,0.5223208892638677,0.42535710297591656,1.0,0.6464625094966147
2022-09-01 11:00:00,0.9378014815406763,0.5223208892638677,0.4271810214970074,1.0,0.649231924234125
2022-09-01 12:00:00,0.9378014815406763,0.5223208892638677,0.4282522796201802,1.0,0.6508585089744446
2022-09-01 13:00:00,0.9378014815406763,0.5223208892638677,0.4266935028301741,1.0,0.6484916820768537
2022-09-01 14:00:00,0.9378014815406763,0.5223208892638677,0.42617818704637245,1.0,0.6477092331299136
2022-09-01 15:00:00,0.9378014815406763,0.5223208892638677,0.4202317422548679,1.0,0.6386802268168817
2022-09-01 16:00:00,0.9378014815406763,0.5223208892638677,0.42215188156546524,1.0,0.6415957419801692
2022-09-01 17:00:00,0.9378014815406763,0.5223208892638677,0.41938927578674395,1.0,0.637401036422299
2022-09-01 18:00:00,0.9378014815406763,0.5223208892638677,0.4208625229860775,1.0,0.6396379962747546
2022-09-01 19:00:00,0.9378014815406763,0.5223208892638677,0.4226971327060023,1.0,0.6424236443929068
2022-09-01 20:00:00,0.9378014815406763,0.5223208892638677,0.4239009616947175,1.0,0.6442515230531861
2022-09-01 21:00:00,0.9378014815406763,0.5223208892638677,0.42823945018157933,1.0,0.6508390289176743
2022-09-01 22:00:00,0.9378014815406763,0.5223208892638677,0.42852169783079846,1.0,0.6512675901666207
2022-09-01 23:00:00,0.9378014815406763,0.5223208892638677,0.42838698872548936,1.0,0.6510630495705326
2022-09-02 00:00:00,0.9378014815406763,0.5223208892638677,0.4295694353165364,1.0,0.6528584614695282
2022-09-02 01:00:00,0.9378014815406763,0.5223208892638677,0.42834208569038634,1.0,0.6509948693718367
2022-09-02 02:00:00,0.9378014815406763,0.5223208892638677,0.4278545670235532,1.0,0.649344269552857
2022-09-02 03:00:00,0.9378014815406763,0.5223208892638677,0.4274589926666929,1.0,0.6499440621867455
2022-09-02 04:00:00,0.9378014815406763,0.5223208892638677,0.43005053926406916,1.0,0.6460146099041894
2022-09-02 05:00:00,0.9378014815406763,0.5223208892638677,0.43018952484891193,1.0,0.645803871951742
2022-09-02 06:00:00,0.9378014815406763,0.5223208892638677,0.42940692909425876,1.0,0.6469904887301376
2022-09-02 07:00:00,0.9378014815406763,0.5223208892638677,0.4290177694566989,1.0,0.6475805549969902
2022-09-02 08:00:00,0.9378014815406763,0.5223208892638677,0.4290947460883042,1.0,0.6474638385925577
2022-09-02 09:00:00,0.9378014815406763,0.5223208892638677,0.428812498439085,1.0,0.6478917987421431
2022-09-02 10:00:00,0.9378014815406763,0.5223208892638677,0.42958226475513733,1.0,0.6467246346978195
2022-09-02 11:00:00,0.9378014815406763,0.5223208892638677,0.4282137913043776,1.0,0.6487995929988393
2022-09-02 12:00:00,0.9378014815406763,0.5223208892638677,0.428709862930278,1.0,0.6480474206147195
2022-09-02 13:00:00,0.9378014815406763,0.5223208892638677,0.43276396552815377,1.0,0.6419003566479484
2022-09-02 14:00:00,0.9378014815406763,0.5223208892638677,0.43245392076196604,1.0,0.6423704643880233
2022-09-02 15:00:00,0.9378014815406763,0.5223208892638677,0.4345194603767065,1.0,0.6392385742024215
2022-09-02 16:00:00,0.9378014815406763,0.5223208892638677,0.434320604078393,1.0,0.6395400915805384
2022-09-02 17:00:00,0.9378014815406763,0.5223208892638677,0.42953522348026746,1.0,0.6467959613894171
2022-09-02 18:00:00,0.9378014815406763,0.5223208892638677,0.42248758520885477,1.0,0.657481996639669
2022-09-02 19:00:00,0.9378014815406763,0.5223208892638677,0.4253742088940511,1.0,0.6531051314734554
2022-09-02 20:00:00,0.9378014815406763,0.5223208892638677,0.424794745917245,1.0,0.6539837466290435
2022-09-02 21:00:00,0.9378014815406763,0.5223208892638677,0.42602851026269556,1.0,0.6521130420357804
2022-09-02 22:00:00,0.9378014815406763,0.5223208892638677,0.42613328401126943,1.0,0.6519541780408584
2022-09-02 23:00:00,0.9378014815406763,0.5223208892638677,0.4264775406137261,1.0,0.6514321963432582
2022-09-03 00:00:00,0.9378014815406763,0.5223208892638677,0.4256863919000056,1.0,0.6526317816110353
2022-09-03 01:00:00,0.9378014815406763,0.5223208892638677,0.4267726177015462,1.0,0.6509847834596009
2022-09-03 02:00:00,0.9378014815406763,0.521955264641383,0.4257826126895122,1.0,0.6515768025887287
2022-09-03 03:00:00,0.9378014815406763,0.5215834034883636,0.42547898264262485,1.0,0.6520410111474024
2022-09-03 04:00:00,0.9378014815406763,0.5205097198775331,0.4246023043382319,1.0,0.6533813316337136
2022-09-03 05:00:00,0.9378014815406763,0.5211539300440315,0.4251283113208677,1.0,0.6525771393419268
2022-09-03 06:00:00,0.9378014815406763,0.5216960093304751,0.42557092695259774,1.0,0.6519004409500576
2022-09-03 07:00:00,0.9378014815406763,0.5201719023511988,0.42432647140831314,1.0,0.653803042225748
2022-09-03 08:00:00,0.9378014815406763,0.5183571151748438,0.4228446712499123,1.0,0.6560685107550497
2022-09-03 09:00:00,0.9378014815406763,0.5174510309569236,0.42210484029059536,1.0,0.657199610482522
2022-09-03 10:00:00,0.9378014815406763,0.5178228921099429,0.4224084703374827,1.0,0.6567354019238484
2022-09-03 11:00:00,0.9378014815406763,0.519176780955795,0.4235139402969246,1.0,0.6550452904813535
2022-09-03 12:00:00,0.9378014815406763,0.5178805044012558,0.42245551161235256,1.0,0.6566634822879974
2022-09-03 13:00:00,0.9378014815406763,0.5192789118358495,0.4235973316478302,1.0,0.6549177965814361
2022-09-03 14:00:00,0.9378014815406763,0.5194648424123592,0.4237491466712739,1.0,0.6546856923020993
2022-09-03 15:00:00,0.9378014815406763,0.5183387839912443,0.4228297035715447,1.0,0.6560913942755475
2022-09-03 16:00:00,0.9378014815406763,0.5172101068296152,0.4219081222320486,1.0,0.6575003653233529
2022-09-03 17:00:00,0.9378014815406763,0.5176369615334332,0.42225665531403894,1.0,0.6569675062031852
2022-09-03 18:00:00,0.9378014815406763,0.5183571151748438,0.4228446712499123,1.0,0.6560685107550497
2022-09-03 19:00:00,0.9378014815406763,0.5166496963595721,0.42145053892195083,1.0,0.6581999472357201
2022-09-03 20:00:00,0.9378014815406763,0.5156022001538839,0.420595243015226,1.0,0.6595075769784626
2022-09-03 21:00:00,0.9378014815406763,0.5164637657830624,0.42129872389850714,1.0,0.6584320515150569
2022-09-03 22:00:00,0.9378014815406763,0.5165685154036312,0.4213842534891796,1.0,0.6583012885407826
2022-09-03 23:00:00,0.9378014815406763,0.5177469486350305,0.4223464613842451,1.0,0.6568302050801972
2022-09-04 00:00:00,0.9378014815406763,0.5186870764796357,0.4231140894605307,1.0,0.6556566073860857
2022-09-04 01:00:00,0.9378014815406763,0.5180114414269668,0.4225624236006932,1.0,0.6565000285701547
2022-09-04 02:00:00,0.9378014815406763,0.5169969675391628,0.4220300018987569,1.0,0.6564018177501472
2022-09-04 03:00:00,0.9378014815406763,0.5169969675391628,0.4222994201093752,1.0,0.6559831806017836
2022-09-04 04:00:00,0.9378014815406763,0.5169969675391628,0.4219444723080844,1.0,0.6565347184321674
2022-09-04 05:00:00,0.9378014815406763,0.5169969675391628,0.4225517324018591,1.0,0.655591123589824
2022-09-04 06:00:00,0.9378014815406763,0.5169969675391628,0.4217905190448739,1.0,0.6567739396598037
2022-09-04 07:00:00,0.9378014815406763,0.5169969675391628,0.42038355727831156,1.0,0.6589601558790358
2022-09-04 08:00:00,0.9378014815406763,0.5169969675391628,0.41878843041226976,1.0,0.6614387535987122
2022-09-04 09:00:00,0.9378014815406763,0.5169969675391628,0.4210485498457901,1.0,0.6579268530763288
2022-09-04 10:00:00,0.9378014815406763,0.5169969675391628,0.42191667519111586,1.0,0.6565779111538239
2022-09-04 11:00:00,0.9378014815406763,0.5169969675391628,0.4216002157056277,1.0,0.6570696436772986
2022-09-04 12:00:00,0.9378014815406763,0.5169969675391628,0.42359091692852974,1.0,0.6539763803032788
2022-09-04 13:00:00,0.9378014815406763,0.5169969675391628,0.4240955415134974,1.0,0.6531922662793598
2022-09-04 14:00:00,0.9378014815406763,0.5169969675391628,0.4205845518163919,1.0,0.6586478392762882
2022-09-04 15:00:00,0.9378014815406763,0.5169969675391628,0.4214099123663814,1.0,0.6573653476947935
2022-09-04 16:00:00,0.9378014815406763,0.5169969675391628,0.4222780377117071,1.0,0.6560164057722887
2022-09-04 17:00:00,0.9378014815406763,0.5169969675391628,0.4244248304375865,1.0,0.652680598653582
2022-09-04 18:00:00,0.9378014815406763,0.5169969675391628,0.42330653103954374,1.0,0.6544182750709959
2022-09-04 19:00:00,0.9378014815406763,0.5169969675391628,0.4235289079752922,1.0,0.6540727332977435
2022-09-04 20:00:00,0.9378014815406763,0.5169969675391628,0.42422811237903973,1.0,0.6529862702222284
2022-09-04 21:00:00,0.9378014815406763,0.5169969675391628,0.4246856956891376,1.0,0.6522752515734204
2022-09-04 22:00:00,0.9378014815406763,0.5169969675391628,0.4237127965952381,1.0,0.6537869968314
2022-09-04 23:00:00,0.9378014815406763,0.5169969675391628,0.42321458672957085,1.0,0.6545611433041676
2022-09-05 00:00:00,0.9378014815406763,0.5169969675391628,0.4267918618594475,1.0,0.6490025722786733
2022-09-05 01:00:00,0.9378014815406763,0.5169969675391628,0.42494656094068867,1.0,0.6518699044932588
2022-09-05 02:00:00,0.9378014815406763,0.5169969675391628,0.4233514340746468,1.0,0.6534295406742098
2022-09-05 03:00:00,0.9378014815406763,0.5169969675391628,0.4235716727706284,1.0,0.6537691487176602
2022-09-05 04:00:00,0.9378014815406763,0.5169969675391628,0.4242088682211385,1.0,0.6547517040278376
2022-09-05 05:00:00,0.9378014815406763,0.5169969675391628,0.424339300846914,1.0,0.6549528311215315
2022-09-05 06:00:00,0.9378014815406763,0.5169969675391628,0.42079196107377265,1.0,0.6494828336061491
2022-09-05 07:00:00,0.9378014815406763,0.5169969675391628,0.42207276669409316,1.0,0.6514578357229147
2022-09-05 08:00:00,0.9378014815406763,0.5169969675391628,0.4213863917289465,1.0,0.6503994456069185
2022-09-05 09:00:00,0.9378014815406763,0.5169969675391628,0.4219786841443534,1.0,0.6513127604422173
2022-09-05 10:00:00,0.9378014815406763,0.5169969675391628,0.42170498945420143,1.0,0.650890723262007
2022-09-05 11:00:00,0.9378014815406763,0.5169969675391628,0.420242433453702,1.0,0.6486354620802581
2022-09-05 12:00:00,0.9378014815406763,0.5169969675391628,0.4203814190385448,1.0,0.6488497778358336
2022-09-05 13:00:00,0.9378014815406763,0.5169969675391628,0.4208732141849116,1.0,0.6496081258940242
2022-09-05 14:00:00,0.9378014815406763,0.5169969675391628,0.4211960883897002,1.0,0.6501059978800534
2022-09-05 15:00:00,0.9378014815406763,0.5169969675391628,0.42341344302788436,1.0,0.6535251584728512
2022-09-05 16:00:00,0.9378014815406763,0.5169969675391628,0.42369996715663716,1.0,0.6539669786458838
2022-09-05 17:00:00,0.9378014815406763,0.5169969675391628,0.4235139402969246,1.0,0.6536801252499598
2022-09-05 18:00:00,0.9378014815406763,0.5169969675391628,0.4230328363493918,1.0,0.6529382630191213
2022-09-05 19:00:00,0.9378014815406763,0.5169969675391628,0.42120036486923385,1.0,0.6501125922109943
2022-09-05 20:00:00,0.9378014815406763,0.5169969675391628,0.4205524782198898,1.0,0.6491135510734651
2022-09-05 21:00:00,0.9378014815406763,0.5169969675391628,0.4211533235943639,1.0,0.6500400545706456
2022-09-05 22:00:00,0.9378014815406763,0.5169969675391628,0.42145909188101804,1.0,0.6505115492329118
2022-09-05 23:00:00,0.9378014815406763,0.5169969675391628,0.4225367647234914,1.0,0.65217332062999
2022-09-06 00:00:00,0.9378014815406763,0.5169969675391628,0.42234859962401194,1.0,0.6518831700685954
2022-09-06 01:00:00,0.9378014815406763,0.5169969675391628,0.4289514840239278,1.0,0.6620648170411696
2022-09-06 02:00:00,0.9378014815406763,0.5169969675391628,0.4218781868753133,1.0,0.6502461716408218
2022-09-06 03:00:00,0.9378014815406763,0.5169969675391628,0.4227997682148093,1.0,0.6488270863007712
2022-09-06 04:00:00,0.9378014815406763,0.5169969675391628,0.42225024059473854,1.0,0.6496732694385741
2022-09-06 05:00:00,0.9378014815406763,0.5169969675391628,0.42169002177583376,1.0,0.650535915283338
2022-09-06 06:00:00,0.9378014815406763,0.5169969675391628,0.42207918141339357,1.0,0.6499366727499524
2022-09-06 07:00:00,0.9378014815406763,0.5169969675391628,0.4237042436361708,1.0,0.6474343412918584
2022-09-06 08:00:00,0.9378014815406763,0.5169969675391628,0.4248246812739804,1.0,0.6457090496023306
2022-09-06 09:00:00,0.9378014815406763,0.5169969675391628,0.42712756550283704,1.0,0.6421629825229
2022-09-06 10:00:00,0.9378014815406763,0.5169969675391628,0.424931593262321,1.0,0.645544422532719
2022-09-06 11:00:00,0.9378014815406763,0.5169969675391628,0.42491662558395327,1.0,0.6455674703224646
2022-09-06 12:00:00,0.9378014815406763,0.5169969675391628,0.4250064316541594,1.0,0.645429183583991
2022-09-06 13:00:00,0.9378014815406763,0.5169969675391628,0.4235524286127272,1.0,0.6476681117307066
2022-09-06 14:00:00,0.9378014815406763,0.5169969675391628,0.4221390521268643,1.0,0.64984448159097
2022-09-06 15:00:00,0.9378014815406763,0.5169969675391628,0.4232744574430416,1.0,0.6480961421116964
2022-09-06 16:00:00,0.9378014815406763,0.5169969675391628,0.4228895742850154,1.0,0.6486887995622975
2022-09-06 17:00:00,0.9378014815406763,0.5169969675391628,0.4213393504540766,1.0,0.6510758920716635
2022-09-06 18:00:00,0.9378014815406763,0.5169969675391628,0.4074514831686319,1.0,0.6724609484141895
2022-09-06 19:00:00,0.9378014815406763,0.5169969675391628,0.4044408415769604,1.0,0.6770968466944476
2022-09-06 20:00:00,0.9378014815406763,0.5169969675391628,0.40156918557013166,1.0,0.681518729784211
2022-09-06 21:00:00,0.9378014815406763,0.5169969675391628,0.40498395447773067,1.0,0.6762605411808216
2022-09-06 22:00:00,0.9378014815406763,0.5169969675391628,0.4048920101677577,1.0,0.6764021204606874
2022-09-06 23:00:00,0.9378014815406763,0.5169969675391628,0.4033204039391508,1.0,0.6788221383839755
2022-09-07 00:00:00,0.9378014815406763,0.5169969675391628,0.4008913635640523,1.0,0.6825624654055474
2022-09-07 01:00:00,0.9378014815406763,0.5169969675391628,0.4017487977105439,1.0,0.6812421563072637
2022-09-07 02:00:00,0.9371450205035978,0.5169969675391628,0.40084004580964877,1.0,0.6817311258849595
2022-09-07 03:00:00,0.9283907418032368,0.5169969675391628,0.39709171149842715,1.0,0.6880994724526026
2022-09-07 04:00:00,0.9350076381397904,0.5169969675391628,0.3999248791894532,1.0,0.6832859760452283
2022-09-07 05:00:00,0.9339439408419142,0.5169969675391628,0.3994694341191222,1.0,0.6840597682978854
2022-09-07 06:00:00,0.9357217635557353,0.5169969675391628,0.4002306474761073,1.0,0.6827664817159796
2022-09-07 07:00:00,0.9374746168494186,0.5169969675391628,0.40098116963425834,1.0,0.6814913592714602
2022-09-07 08:00:00,0.9377642621230188,0.5169969675391628,0.4011051875407335,1.0,0.6812806552777788
2022-09-07 09:00:00,0.9379590236000945,0.5169969675391628,0.4011885788916391,1.0,0.6811389750061656
2022-09-07 10:00:00,0.9370751061272116,0.5169969675391628,0.40081011045291337,1.0,0.6817819854696413
2022-09-07 11:00:00,0.9351075158203421,0.5169969675391628,0.39996764398478946,1.0,0.6832133194956831
2022-09-07 12:00:00,0.9346680540259145,0.5169969675391628,0.39977947888530996,1.0,0.6835330083136822
2022-09-07 13:00:00,0.9367654853175013,0.5169969675391628,0.40067753958737107,1.0,0.6820072207732315
2022-09-07 14:00:00,0.939696895241695,0.5169969675391628,0.40193268633048973,1.0,0.6798747510440779
2022-09-07 15:00:00,0.9428030911068546,0.5169969675391628,0.40326267146544686,1.0,0.6776151323532199
2022-09-07 16:00:00,0.9413548647388541,0.5169969675391628,0.4026425819330714,1.0,0.6786686523216263
2022-09-07 17:00:00,0.9433574122339169,0.5169969675391628,0.4035000160795631,1.0,0.6772118885032435
2022-09-07 18:00:00,0.9474823604407042,0.5169969675391628,0.40526620212694986,1.0,0.6742111730070239
2022-09-07 19:00:00,0.9513576144461121,0.5169969675391628,0.40692547618599606,1.0,0.6713920988846674
2022-09-07 20:00:00,0.9472875989636281,0.5169969675391628,0.4051828107760442,1.0,0.6743528532786373
2022-09-07 21:00:00,0.9668985815399648,0.5169969675391628,0.4135796783403154,1.0,0.6600867397754231
2022-09-07 22:00:00,0.965685067721261,0.5169969675391628,0.41306008607698,1.0,0.6609695168523981
2022-09-07 23:00:00,0.964596401003247,0.5169969675391628,0.41259394980781505,1.0,0.6617614732424416
2022-09-08 00:00:00,0.9625139513637428,0.5169969675391628,0.41170230382505435,1.0,0.6632763623004605
2022-09-08 01:00:00,0.9629034743178947,0.5169969675391628,0.41186908652686566,1.0,0.662993001757234
2022-09-08 02:00:00,0.9561407086264488,0.5169969675391628,0.40926043401135487,1.0,0.6664706347132332
2022-09-08 03:00:00,0.9561407086264488,0.5169969675391628,0.4104108070058998,1.0,0.6683421003840523
2022-09-08 04:00:00,0.9561407086264488,0.5169969675391628,0.4100366150467077,1.0,0.6677333522569271
2022-09-08 05:00:00,0.9561407086264488,0.5169969675391628,0.41288261217633465,1.0,0.6723633165838051
2022-09-08 06:00:00,0.9561407086264488,0.5169969675391628,0.41189474540406745,1.0,0.6707562215281946
2022-09-08 07:00:00,0.9561407086264488,0.5169969675391628,0.4104492953217025,1.0,0.6684047144771281
2022-09-08 08:00:00,0.9561407086264488,0.5169969675391628,0.4090722689118754,1.0,0.6661645213693074
2022-09-08 09:00:00,0.9561407086264488,0.5169969675391628,0.410226918385954,1.0,0.6680429441615794
2022-09-08 10:00:00,0.9561407086264488,0.5169969675391628,0.4093630695201619,1.0,0.6666376056281018
2022-09-08 11:00:00,0.9561407086264488,0.5169969675391628,0.4118968836438342,1.0,0.6707597000889209
2022-09-08 12:00:00,0.9561407086264488,0.5169969675391628,0.4120465604275111,1.0,0.671003199339771
2022-09-08 13:00:00,0.9561407086264488,0.5169969675391628,0.40849494417483617,1.0,0.6652253099731714
2022-09-08 14:00:00,0.9561407086264488,0.5169969675391628,0.41016277119294964,1.0,0.6679385873397865
2022-09-08 15:00:00,0.9561407086264488,0.5169969675391628,0.41214705769655124,1.0,0.6711666916939132
2022-09-08 16:00:00,0.9561407086264488,0.5169969675391628,0.41070802233348674,1.0,0.6688256203250261
2022-09-08 17:00:00,0.9561407086264488,0.5169969675391628,0.4093865901575968,1.0,0.6666758697960926
2022-09-08 18:00:00,0.9561407086264488,0.5169969675391628,0.40965387012844834,1.0,0.6671106898868963
2022-09-08 19:00:00,0.9561407086264488,0.5169969675391628,0.40971801732145274,1.0,0.6672150467086891
2022-09-08 20:00:00,0.9561407086264488,0.5169969675391628,0.4128719209775006,1.0,0.6723459237801729
2022-09-08 21:00:00,0.9561407086264488,0.5169969675391628,0.4134086191589704,1.0,0.6732190425225067
2022-09-08 22:00:00,0.9561407086264488,0.5169969675391628,0.4124528259832054,1.0,0.6716641258777927
2022-09-08 23:00:00,0.9561407086264488,0.5169969675391628,0.4118519806087312,1.0,0.6706866503136659
2022-09-09 00:00:00,0.9561407086264488,0.5169969675391628,0.41217913129305345,1.0,0.6712188701048096
2022-09-09 01:00:00,0.9561407086264488,0.5169969675391628,0.41317555102438797,1.0,0.6728398794033259
2022-09-09 02:00:00,0.9561407086264488,0.5169969675391628,0.412514834936443,1.0,0.6708245357273058
2022-09-09 03:00:00,0.9561407086264488,0.5169969675391628,0.41378708759769617,1.0,0.6687576783255321
2022-09-09 04:00:00,0.9561407086264488,0.5169969675391628,0.42557947991166506,1.0,0.649600168122537
2022-09-09 05:00:00,0.9561407086264488,0.5169969675391628,0.4344403455053345,1.0,0.6352051142184187
2022-09-09 06:00:00,0.9561407086264488,0.5169969675391628,0.43820364749492385,1.0,0.6290913847610713
2022-09-09 07:00:00,0.9561407086264488,0.5169969675391628,0.44159275752532107,1.0,0.6235855545395397
2022-09-09 08:00:00,0.9561407086264488,0.5169969675391628,0.44028201654826515,1.0,0.6257149387198545
2022-09-09 09:00:00,0.9561407086264488,0.5169969675391628,0.44333756117503975,1.0,0.6207510072456786
2022-09-09 10:00:00,0.9561407086264488,0.5169969675391628,0.4428179689117044,1.0,0.6215951187559827
2022-09-09 11:00:00,0.9561407086264488,0.5169969675391628,0.4497929070310456,1.0,0.6102638770003762
2022-09-09 12:00:00,0.9561407086264488,0.5169969675391628,0.4468699332698134,1.0,0.6150124384595774
2022-09-09 13:00:00,0.9561407086264488,0.5169969675391628,0.44983353358661493,1.0,0.6101978765119163
2022-09-09 14:00:00,0.9561407086264488,0.5169969675391628,0.4483046921533443,1.0,0.6126815791039637
2022-09-09 15:00:00,0.9561407086264488,0.5169969675391628,0.4503082228148472,1.0,0.6094267129099099
2022-09-09 16:00:00,0.9561407086264488,0.5169969675391628,0.4538577008277554,1.0,0.6036603544444572
2022-09-09 17:00:00,0.9561407086264488,0.5169969675391628,0.45449703451803225,1.0,0.6026217151786919
2022-09-09 18:00:00,0.9561407086264488,0.5169969675391628,0.45340653223695804,1.0,0.6043933072373551
2022-09-09 19:00:00,0.9561407086264488,0.5169969675391628,0.45179429945278166,1.0,0.6070124845162415
2022-09-09 20:00:00,0.9561407086264488,0.5169969675391628,0.45431956061738676,1.0,0.6029100331019646
2022-09-09 21:00:00,0.9561407086264488,0.5169969675391628,0.4544692374010636,1.0,0.6026668734076382
2022-09-09 22:00:00,0.9561407086264488,0.5169969675391628,0.45349847654693093,1.0,0.6042439377108404
2022-09-09 23:00:00,0.9561407086264488,0.5169969675391628,0.4556003662377073,1.0,0.600829280860515
2022-09-10 00:00:00,0.9561407086264488,0.5169969675391628,0.45585695500972473,1.0,0.6004124356702414
2022-09-10 01:00:00,0.9561407086264488,0.5169969675391628,0.45368022692710996,1.0,0.6039486723677299
2022-09-10 02:00:00,0.9561407086264488,0.5169969675391628,0.45436660189225664,1.0,0.6018944904492823
2022-09-10 03:00:00,0.9561407086264488,0.5169969675391628,0.45463174362334136,1.0,0.6022454261933242
2022-09-10 04:00:00,0.9561407086264488,0.5169969675391628,0.45462532890404095,1.0,0.60223693581242
2022-09-10 05:00:00,0.9561407086264488,0.5169969675391628,0.45789683574726353,1.0,0.6065670300735809
2022-09-10 06:00:00,0.9561407086264488,0.5169969675391628,0.45971006306952017,1.0,0.608966977742512
2022-09-10 07:00:00,0.9561407086264488,0.5169969675391628,0.45935297702846256,1.0,0.6084943465388427
2022-09-10 08:00:00,0.9561407086264488,0.5169969675391628,0.4542105103892794,1.0,0.6016878911806126
2022-09-10 09:00:00,0.9561407086264488,0.5169969675391628,0.45513422996854225,1.0,0.6029105060308227
2022-09-10 10:00:00,0.9561407086264488,0.5169969675391628,0.45504014741880244,1.0,0.6027859804442273
2022-09-10 11:00:00,0.9561407086264488,0.5169969675391628,0.45545710417333085,1.0,0.6033378552030026
2022-09-10 12:00:00,0.9561407086264488,0.5169969675391628,0.4542939017401851,1.0,0.6017982661323678
2022-09-10 13:00:00,0.9561407086264488,0.5169969675391628,0.4547963880853859,1.0,0.6024633459698663
2022-09-10 14:00:00,0.9561407086264488,0.5169969675391628,0.4519012114411223,1.0,0.5986313540550872
2022-09-10 15:00:00,0.9561407086264488,0.5169969675391628,0.4533445232837205,1.0,0.6005416897585406
2022-09-10 16:00:00,0.9561407086264488,0.5169969675391628,0.4528912164531563,1.0,0.5999417028413078
2022-09-10 17:00:00,0.9561407086264488,0.5169969675391628,0.4569068307352294,1.0,0.6052566812873602
2022-09-10 18:00:00,0.9561407086264488,0.5169969675391628,0.45434735773435536,1.0,0.6018690193065697
2022-09-10 19:00:00,0.9561407086264488,0.5169969675391628,0.4576552146536137,1.0,0.6062472257261879
2022-09-10 20:00:00,0.9561407086264488,0.5169969675391628,0.4605054882627743,1.0,0.6100197849746374
2022-09-10 21:00:00,0.9561407086264488,0.5169969675391628,0.45718694014468186,1.0,0.6056274279201787
2022-09-10 22:00:00,0.9561407086264488,0.5169969675391628,0.46103149524541004,1.0,0.6107159962087848
2022-09-10 23:00:00,0.9561407086264488,0.5169969675391628,0.4643799787202378,1.0,0.6151479750407965
2022-09-11 00:00:00,0.9561407086264488,0.5169969675391628,0.46200439433930957,1.0,0.6120037039792607
2022-09-11 01:00:00,0.9561407086264488,0.5169969675391628,0.4598853987303988,1.0,0.6091990481538945
2022-09-11 02:00:00,0.9561407086264488,0.5169969675391628,0.46117475730978646,1.0,0.610050351270495
2022-09-11 03:00:00,0.9561407086264488,0.5169969675391628,0.45902368810437344,1.0,0.6072072001144474
2022-09-11 04:00:00,0.9561407086264488,0.5169969675391628,0.45982125153739445,1.0,0.6082613704734989
2022-09-11 05:00:00,0.9561407086264488,0.5169969675391628,0.46007356382987824,1.0,0.6085948613645661
2022-09-11 06:00:00,0.9561407086264488,0.5169969675391628,0.4607321416780564,1.0,0.6094653291141313
2022-09-11 07:00:00,0.9561407086264488,0.5169969675391628,0.45769370296941636,1.0,0.6054493074513645
2022-09-11 08:00:00,0.9561407086264488,0.5169969675391628,0.4611597896314188,1.0,0.6100305679125503
2022-09-11 09:00:00,0.9561407086264488,0.5169969675391628,0.46252184836287813,1.0,0.6118308534855148
2022-09-11 10:00:00,0.9561407086264488,0.5169969675391628,0.4609737627717061,1.0,0.6097846890352381
2022-09-11 11:00:00,0.9561407086264488,0.5169969675391628,0.46082408598802926,1.0,0.6095868554557914
2022-09-11 12:00:00,0.9561407086264488,0.5169969675391628,0.46120041618698826,1.0,0.6100842655984001
2022-09-11 13:00:00,0.9561407086264488,0.5169969675391628,0.46132871057299696,1.0,0.6102538372379258
2022-09-11 14:00:00,0.9561407086264488,0.5169969675391628,0.4596950953911525,1.0,0.6080946250279653
2022-09-11 15:00:00,0.9561407086264488,0.5169969675391628,0.4590814205780774,1.0,0.607283507352234
2022-09-11 16:00:00,0.9561407086264488,0.5169969675391628,0.4618867911521349,1.0,0.6109914738698626
2022-09-11 17:00:00,0.9561407086264488,0.5169969675391628,0.46264158978981956,1.0,0.611989120349072
2022-09-11 18:00:00,0.9561407086264488,0.5169969675391628,0.46161951118128336,1.0,0.6106381996208508
2022-09-11 19:00:00,0.9561407086264488,0.5169969675391628,0.4599153340871341,1.0,0.6083857230091511
2022-09-11 20:00:00,0.9561407086264488,0.5169969675391628,0.46138430480693404,1.0,0.6103273182817203
2022-09-11 21:00:00,0.9561407086264488,0.5169969675391628,0.4617649114854266,1.0,0.6108303808123131
2022-09-11 22:00:00,0.9561407086264488,0.5169969675391628,0.4590814205780774,1.0,0.607283507352234
2022-09-11 23:00:00,0.9561407086264488,0.5169969675391628,0.46179912332169565,1.0,0.6108755999161868
2022-09-12 00:00:00,0.9561407086264488,0.5169969675391628,0.4658703318377059,1.0,0.6162566732771354
2022-09-12 01:00:00,0.9561407086264488,0.5169969675391628,0.46184402635679866,1.0,0.6109349499900207
2022-09-12 02:00:00,0.9561407086264488,0.5169969675391628,0.4704932062135537,1.0,0.6214955970565926
2022-09-12 03:00:00,0.9561407086264488,0.5169969675391628,0.46458097325831815,1.0,0.6136920026871931
2022-09-12 04:00:00,0.9561407086264488,0.5169969675391628,0.46221180359669034,1.0,0.6105649203865441
2022-09-12 05:00:00,0.9561407086264488,0.5169969675391628,0.463445567942141,1.0,0.6121933738950951
2022-09-12 06:00:00,0.9561407086264488,0.5169969675391628,0.46492095338124134,1.0,0.6141407446418892
2022-09-12 07:00:00,0.9561407086264488,0.5169969675391628,0.46565223138149103,1.0,0.6151059631859522
2022-09-12 08:00:00,0.9561407086264488,0.5169969675391628,0.47357868619706356,1.0,0.6255681419661925
2022-09-12 09:00:00,0.9561407086264488,0.5169969675391628,0.474472470419591,1.0,0.6267478535200474
2022-09-12 10:00:00,0.9561407086264488,0.5169969675391628,0.47314248528463393,1.0,0.6249923975714882
2022-09-12 11:00:00,0.9561407086264488,0.5169969675391628,0.4728773435535492,1.0,0.6246424352923541
2022-09-12 12:00:00,0.9561407086264488,0.5169969675391628,0.4761488503967718,1.0,0.6289605182526367
2022-09-12 13:00:00,0.9561407086264488,0.5169969675391628,0.47711747301113766,1.0,0.6302390094820537
2022-09-12 14:00:00,0.9561407086264488,0.5169969675391628,0.4779171746839254,1.0,0.6312945408723449
2022-09-12 15:00:00,0.9561407086264488,0.5169969675391628,0.47622582702837696,1.0,0.6290621202046432
2022-09-12 16:00:00,0.9561407086264488,0.5169969675391628,0.47197714461172136,1.0,0.6234542569091653
2022-09-12 17:00:00,0.9561407086264488,0.5169969675391628,0.47420091396920594,1.0,0.6263894244115795
2022-09-12 18:00:00,0.9561407086264488,0.5169969675391628,0.47716237604624073,1.0,0.630298277287391
2022-09-12 19:00:00,0.9561407086264488,0.5169969675391628,0.4780561602687682,1.0,0.6314779888412458
2022-09-12 20:00:00,0.9561407086264488,0.5169969675391628,0.4785843054911708,1.0,0.6321750911230692
2022-09-12 21:00:00,0.9561407086264488,0.5169969675391628,0.47817803993547653,1.0,0.6316388585985897
2022-09-12 22:00:00,0.9561407086264488,0.5169969675391628,0.476783907607515,1.0,0.6297987343566915
2022-09-12 23:00:00,0.9561407086264488,0.5169969675391628,0.4763883332506547,1.0,0.6292766132144352
2022-09-13 00:00:00,0.9561407086264488,0.5169969675391628,0.4779663541985621,1.0,0.6313594532305714
2022-09-13 01:00:00,0.9561407086264488,0.5169969675391628,0.4741046931796994,1.0,0.6262624219715712
2022-09-13 02:00:00,0.9561407086264488,0.5169969675391628,0.47463711488163557,1.0,0.6260874202500453
2022-09-13 03:00:00,0.9561407086264488,0.5169969675391628,0.47501344508059457,1.0,0.6265834485266129
2022-09-13 04:00:00,0.9561407086264488,0.5169969675391628,0.47453875585236227,1.0,0.6259577764959424
2022-09-13 05:00:00,0.9561407086264488,0.5169969675391628,0.47565064053110456,1.0,0.6274233145858009
2022-09-13 06:00:00,0.9561407086264488,0.5169969675391628,0.47779957149675073,1.0,0.6302557487787006
2022-09-13 07:00:00,0.9561407086264488,0.5169969675391628,0.4763220478178835,1.0,0.6283082741246769
2022-09-13 08:00:00,0.9561407086264488,0.5169969675391628,0.475441093033957,1.0,0.6271471170227122
2022-09-13 09:00:00,0.9561407086264488,0.5169969675391628,0.47450882049562687,1.0,0.6259183197012155
2022-09-13 10:00:00,0.9561407086264488,0.5169969675391628,0.47778888029791666,1.0,0.6302416570662981
2022-09-13 11:00:00,0.9561407086264488,0.5169969675391628,0.4808636690825925,1.0,0.634294433553253
2022-09-13 12:00:00,0.9561407086264488,0.5169969675391628,0.48075034237495146,1.0,0.6341450614017866
2022-09-13 13:00:00,0.9561407086264488,0.5169969675391628,0.4568255776240906,1.0,0.6026106273875041
2022-09-13 14:00:00,0.9561407086264488,0.5169969675391628,0.4523587947512201,1.0,0.5967231099457456
2022-09-13 15:00:00,0.9561407086264488,0.5169969675391628,0.4483602863872814,1.0,0.591452809507216
2022-09-13 16:00:00,0.9561407086264488,0.5169969675391628,0.4445649108011899,1.0,0.5864502516043336
2022-09-13 17:00:00,0.9561407086264488,0.5169969675391628,0.4431707784732284,1.0,0.5846126923070495
2022-09-13 18:00:00,0.9561407086264488,0.5169969675391628,0.44307455768372184,1.0,0.5844858668954271
2022-09-13 19:00:00,0.9561407086264488,0.5169969675391628,0.43208400528230756,1.0,0.5699995865456718
2022-09-13 20:00:00,0.9561407086264488,0.5169969675391628,0.43276396552815377,1.0,0.5708958194544699
2022-09-13 21:00:00,0.9561407086264488,0.5169969675391628,0.43182527827052325,1.0,0.5696585671055316
2022-09-13 22:00:00,0.9561407086264488,0.5169969675391628,0.42949032044516444,1.0,0.5665809371168288
2022-09-13 23:00:00,0.9561407086264488,0.5169969675391628,0.4315173717441023,1.0,0.5692527257883401
2022-09-14 00:00:00,0.9561407086264488,0.5169969675391628,0.4304247312232613,1.0,0.567812552780806
2022-09-14 01:00:00,0.9561407086264488,0.5169969675391628,0.4310234383579687,1.0,0.5686016886753452
2022-09-14 02:00:00,0.9554714101304104,0.5166350696618854,0.4331616781247808,1.0,0.5706200163252034
2022-09-14 03:00:00,0.9622287547933102,0.5202888485124427,0.4362279139503894,1.0,0.5665844417585791
2022-09-14 04:00:00,0.9565363751888591,0.517210909285474,0.4336449203120804,1.0,0.5699840052707703
2022-09-14 05:00:00,0.9596700113121703,0.5189053046380685,0.43506684975701043,1.0,0.5681125568141419
2022-09-14 06:00:00,0.9561829575809668,0.5170198120652566,0.43348455232956945,1.0,0.5701950708861795
2022-09-14 07:00:00,0.9527053283193072,0.5151394154183171,0.43190653138166213,1.0,0.5722719565418062
2022-09-14 08:00:00,0.9528702565363236,0.5152285941210852,0.43198136977350055,1.0,0.5721734592546152
2022-09-14 09:00:00,0.9593684282867689,0.5187422350101496,0.43493000241193447,1.0,0.5682926661392911
2022-09-14 10:00:00,0.9577945418729555,0.517891215389448,0.43421583032981925,1.0,0.5692326116799135
2022-09-14 11:00:00,0.9573751529782567,0.5176644466881234,0.43402552699057295,1.0,0.5694830762101991
2022-09-14 12:00:00,0.9521398601466796,0.5148336598659692,0.4316499426096447,1.0,0.5726096615264609
2022-09-14 13:00:00,0.9559237846685126,0.5168796741037638,0.4333669491423948,1.0,0.5703498523374796
2022-09-14 14:00:00,0.9557824176253557,0.5168032352156768,0.43330280194939047,1.0,0.5704342785836433
2022-09-14 15:00:00,0.9550520212357116,0.5164083009605608,0.43297137478553455,1.0,0.570870480855489
2022-09-14 16:00:00,0.9495811166655397,0.513450115991595,0.43048887841626565,1.0,0.5741377765820237
2022-09-14 17:00:00,0.9481014749471642,0.5126500556296181,0.4298174711294867,1.0,0.5750214379585369
2022-09-14 18:00:00,0.9462354299774931,0.51164106230687,0.428970728181829,1.0,0.5761358644078977
2022-09-14 19:00:00,0.9307557387518127,0.5032710040613467,0.4219466105478512,1.0,0.5853805383628212
2022-09-14 20:00:00,0.938719415516318,0.5075770614235794,0.42556023575376367,1.0,0.5806245264956003
2022-09-14 21:00:00,0.938672293168599,0.5075515817942171,0.4255388533560956,1.0,0.5806526685776549
2022-09-14 22:00:00,0.950796873236689,0.514107490429143,0.4310405442761032,1.0,0.5734117108650159
2022-09-14 23:00:00,0.9552829207395345,0.5165331511444361,0.4330761485341083,1.0,0.5707325846534217
2022-09-15 00:00:00,0.9520032053382945,0.5147597689408184,0.43158793365640713,1.0,0.5726912735644192
2022-09-15 01:00:00,0.9488130223977205,0.5130347980329891,0.4301403453342753,1.0,0.5745964925195131
2022-09-15 02:00:00,0.9498200571267773,0.5135793140194248,0.4308994204514936,1.0,0.572798579124779
2022-09-15 03:00:00,0.9498200571267773,0.5135793140194248,0.4288702309127889,1.0,0.5701036471550337
2022-09-15 04:00:00,0.9498200571267773,0.5135793140194248,0.42728793348534794,1.0,0.5680022249657696
2022-09-15 05:00:00,0.9498200571267773,0.5135793140194248,0.42729220996488154,1.0,0.5680079044852
2022-09-15 06:00:00,0.9498200571267773,0.5135793140194248,0.4299094154394596,1.0,0.5714837703766315
2022-09-15 07:00:00,0.9498200571267773,0.5135793140194248,0.42894079282509373,1.0,0.570197359225636
2022-09-15 08:00:00,0.9498200571267773,0.5135793140194248,0.43111965914747524,1.0,0.5730910743754468
2022-09-15 09:00:00,0.9498200571267773,0.5135793140194248,0.4299650096733967,1.0,0.5715576041292272
2022-09-15 10:00:00,0.9498200571267773,0.5135793140194248,0.4295159793223661,1.0,0.5709612545890306
2022-09-15 11:00:00,0.9498200571267773,0.5135793140194248,0.4299628714336299,1.0,0.5715547643695119
2022-09-15 12:00:00,0.9498200571267773,0.5135793140194248,0.42996073319386313,1.0,0.5715519246097968
2022-09-15 13:00:00,0.9498200571267773,0.5135793140194248,0.42942831149192684,1.0,0.5708448244407065
2022-09-15 14:00:00,0.9498200571267773,0.5135793140194248,0.42929787886615134,1.0,0.5706715990980781
2022-09-15 15:00:00,0.9498200571267773,0.5135793140194248,0.4204883310268854,1.0,0.5589717890713645
2022-09-15 16:00:00,0.9498200571267773,0.5135793140194248,0.4211490471148303,1.0,0.5598492748233679
2022-09-15 17:00:00,0.9498200571267773,0.5135793140194248,0.42387744105728264,1.0,0.5634728082199909
2022-09-15 18:00:00,0.9498200571267773,0.5135793140194248,0.42310767474123023,1.0,0.5624504947225111
2022-09-15 19:00:00,0.9498200571267773,0.5135793140194248,0.42163870402143033,1.0,0.5604995797981538
2022-09-15 20:00:00,0.9498200571267773,0.5135793140194248,0.42213477564733076,1.0,0.5611584040520852
2022-09-15 21:00:00,0.9498200571267773,0.5135793140194248,0.4236037463671306,1.0,0.5631093189764425
2022-09-15 22:00:00,0.9498200571267773,0.5135793140194248,0.42306063346636036,1.0,0.5623880200087762
2022-09-15 23:00:00,0.9498200571267773,0.5135793140194248,0.42098440265278575,1.0,0.5596306133252958
2022-09-16 00:00:00,0.9498200571267773,0.5135793140194248,0.4203365160034417,1.0,0.5587701661315837
2022-09-16 01:00:00,0.9498200571267773,0.5135793140194248,0.42220106108010186,1.0,0.561246436603257
2022-09-16 02:00:00,0.9498200571267773,0.5132198084996112,0.42099081737208627,1.0,0.5588556313706666
2022-09-16 03:00:00,0.9498200571267773,0.5137718931111099,0.42144412420265037,1.0,0.5582544550539708
2022-09-16 04:00:00,0.9498200571267773,0.5136599136851927,0.4213521798926775,1.0,0.5583763917597158
2022-09-16 05:00:00,0.9498200571267773,0.5155739806165682,0.42292378612128434,1.0,0.5562921248126804
2022-09-16 06:00:00,0.9498200571267773,0.5138526224646782,0.4215104096354216,1.0,0.5581665471963407
2022-09-16 07:00:00,0.9498200571267773,0.5141000188707744,0.42171354241326875,1.0,0.5578971521487647
2022-09-16 08:00:00,0.9498200571267773,0.5134541840422286,0.42118325895109937,1.0,0.5586004150098052
2022-09-16 09:00:00,0.9498200571267773,0.5121182434493093,0.42008634195072464,1.0,0.5600551482667157
2022-09-16 10:00:00,0.9498200571267773,0.513865643328157,0.42152110083425565,1.0,0.5581523685096261
2022-09-16 11:00:00,0.9498200571267773,0.5149047082337607,0.42237425850121363,1.0,0.5570209093098071
2022-09-16 12:00:00,0.9498200571267773,0.516727629120785,0.4238710263379821,1.0,0.5550358931697734
2022-09-16 13:00:00,0.9498200571267773,0.5121937644574861,0.42014835090396224,1.0,0.5599729118837713
2022-09-16 14:00:00,0.9498200571267773,0.5079593796541985,0.41667157304312574,1.0,0.5645838208033351
2022-09-16 15:00:00,0.9498200571267773,0.5114463668938062,0.4195346760908871,1.0,0.5607867685011851
2022-09-16 16:00:00,0.9498200571267773,0.5114463668938062,0.4195346760908871,1.0,0.5607867685011851
2022-09-16 17:00:00,0.9498200571267773,0.5081416717429009,0.41682124982680263,1.0,0.5643853191893318
2022-09-16 18:00:00,0.9498200571267773,0.5057666662443778,0.4148711751594699,1.0,0.5669715116460613
2022-09-16 19:00:00,0.9498200571267773,0.5087458398083146,0.41731732145270295,1.0,0.5637274281257778
2022-09-16 20:00:00,0.9498200571267773,0.5102119890360213,0.41852115044141824,1.0,0.5621309080017222
2022-09-16 21:00:00,0.9498200571267773,0.5138786641916357,0.4215317920330897,1.0,0.5581381898229116
2022-09-16 22:00:00,0.9498200571267773,0.513615642749365,0.4213158298166416,1.0,0.5584245992945451
2022-09-16 23:00:00,0.9498200571267773,0.513159912527609,0.42094163785744954,1.0,0.5589208533295535
2022-09-17 00:00:00,0.9498200571267773,0.515068771113593,0.42250896760652285,1.0,0.556842257857204
2022-09-17 01:00:00,0.9498200571267773,0.5188526340405161,0.42561582998770087,1.0,0.5527219314979627
2022-09-17 02:00:00,0.9498200571267773,0.519863226223951,0.42674482058457763,1.0,0.5504422680361647
2022-09-17 03:00:00,0.9498200571267773,0.519863226223951,0.42476694880027643,1.0,0.5478934785663429
2022-09-17 04:00:00,0.9498200571267773,0.519863226223951,0.4242772918936764,1.0,0.5472624809570572
2022-09-17 05:00:00,0.9498200571267773,0.519863226223951,0.42539131481218556,1.0,0.5486980694043839
2022-09-17 06:00:00,0.9498200571267773,0.519863226223951,0.4237405937122066,1.0,0.5465708634901111
2022-09-17 07:00:00,0.9498200571267773,0.519863226223951,0.4232979780804765,1.0,0.546000485738486
2022-09-17 08:00:00,0.9498200571267773,0.519863226223951,0.42340061358928344,1.0,0.5461327472461092
2022-09-17 09:00:00,0.9498200571267773,0.519863226223951,0.4241447210281341,1.0,0.5470916431763774
2022-09-17 10:00:00,0.9498200571267773,0.519863226223951,0.4241147856713987,1.0,0.5470530669033206
2022-09-17 11:00:00,0.9498200571267773,0.519863226223951,0.423849643940314,1.0,0.5467113913419607
2022-09-17 12:00:00,0.9498200571267773,0.519863226223951,0.422688579746935,1.0,0.5452151830369734
2022-09-17 13:00:00,0.9498200571267773,0.519863226223951,0.42372990251337256,1.0,0.5465570862497336
2022-09-17 14:00:00,0.9498200571267773,0.519863226223951,0.4245916131393978,1.0,0.5476675318241533
2022-09-17 15:00:00,0.9498200571267773,0.519863226223951,0.42508340828576463,1.0,0.5483012848815143
2022-09-17 16:00:00,0.9498200571267773,0.519863226223951,0.42591518355505453,1.0,0.5493731541828772
2022-09-17 17:00:00,0.9498200571267773,0.519863226223951,0.4294881822053976,1.0,0.5539775079170094
2022-09-17 18:00:00,0.9498200571267773,0.519863226223951,0.42846396535709463,1.0,0.5526576482888531
2022-09-17 19:00:00,0.9498200571267773,0.519863226223951,0.4282287589827453,1.0,0.5523545490005499
2022-09-17 20:00:00,0.9498200571267773,0.519863226223951,0.4269714739998597,1.0,0.5507343455321658
2022-09-17 21:00:00,0.9498200571267773,0.519863226223951,0.4284190623219915,1.0,0.5525997838792679
2022-09-17 22:00:00,0.9498200571267773,0.519863226223951,0.427503895701796,1.0,0.5514204521029612
2022-09-17 23:00:00,0.9498200571267773,0.519863226223951,0.42943686445099416,1.0,0.5539113771631978
2022-09-18 00:00:00,0.9498200571267773,0.519863226223951,0.4291289579245732,1.0,0.5535145926403283
2022-09-18 01:00:00,0.9498200571267773,0.519863226223951,0.42639201102305363,1.0,0.54998761910371
2022-09-18 02:00:00,0.9498200571267773,0.519863226223951,0.4266935028301741,1.0,0.5496056106577536
2022-09-18 03:00:00,0.9498200571267773,0.519863226223951,0.42751244866086324,1.0,0.5506594697107046
2022-09-18 04:00:00,0.9498200571267773,0.519863226223951,0.4267555117834117,1.0,0.5496854067740345
2022-09-18 05:00:00,0.9498200571267773,0.519863226223951,0.4270313447133305,1.0,0.5500403619119736
2022-09-18 06:00:00,0.9498200571267773,0.519863226223951,0.42822448250321166,1.0,0.5515757492528263
2022-09-18 07:00:00,0.9498200571267773,0.519863226223951,0.42761080769013654,1.0,0.5507860428606672
2022-09-18 08:00:00,0.9498200571267773,0.519863226223951,0.4278310463861182,1.0,0.5510694566529752
2022-09-18 09:00:00,0.9498200571267773,0.519863226223951,0.4278588435030867,1.0,0.5511052273257907
2022-09-18 10:00:00,0.9498200571267773,0.519863226223951,0.4231953425716695,1.0,0.5451040090634256
2022-09-18 11:00:00,0.9498200571267773,0.519863226223951,0.4250128463734598,1.0,0.5474428607475202
2022-09-18 12:00:00,0.9498200571267773,0.519863226223951,0.4251347260401681,1.0,0.5475997013898655
2022-09-18 13:00:00,0.9498200571267773,0.519863226223951,0.42644974349675757,1.0,0.5492919293730634
2022-09-18 14:00:00,0.9498200571267773,0.519863226223951,0.426000713145727,1.0,0.5487140954275811
2022-09-18 15:00:00,0.9498200571267773,0.519863226223951,0.42267361206856735,1.0,0.5444326210505795
2022-09-18 16:00:00,0.9498200571267773,0.519863226223951,0.4227655563785403,1.0,0.5445509394298927
2022-09-18 17:00:00,0.9498200571267773,0.519863226223951,0.4213842534891796,1.0,0.5427734121499808
2022-09-18 18:00:00,0.9498200571267773,0.519863226223951,0.4189573513538479,1.0,0.5396503572541602
2022-09-18 19:00:00,0.9498200571267773,0.519863226223951,0.41903646622521995,1.0,0.5397521660921738
2022-09-18 20:00:00,0.9498200571267773,0.519863226223951,0.4208646612258443,1.0,0.5421047757273514
2022-09-18 21:00:00,0.9498200571267773,0.519863226223951,0.4208325876293421,1.0,0.5420635018741026
2022-09-18 22:00:00,0.9498200571267773,0.519863226223951,0.41521543176192666,1.0,0.5348350743751419
2022-09-18 23:00:00,0.9498200571267773,0.519863226223951,0.4148775898787704,1.0,0.534400323120922
2022-09-19 00:00:00,0.9498200571267773,0.519863226223951,0.4142147355510586,1.0,0.5335473301537815
2022-09-19 01:00:00,0.9498200571267773,0.519863226223951,0.41516411400752323,1.0,0.534769036209944
2022-09-19 02:00:00,0.9498200571267773,0.519863226223951,0.41492463115364026,1.0,0.5337126054834102
2022-09-19 03:00:00,0.9498200571267773,0.519863226223951,0.40032686826561387,1.0,0.55247104039828
2022-09-19 04:00:00,0.9498200571267773,0.519863226223951,0.40056635111949684,1.0,0.5521632998518518
2022-09-19 05:00:00,0.9498200571267773,0.519863226223951,0.4013831587104191,1.0,0.5511136847738555
2022-09-19 06:00:00,0.9498200571267773,0.519863226223951,0.39376888690080103,1.0,0.5608981855402027
2022-09-19 07:00:00,0.9498200571267773,0.519863226223951,0.3941152817430246,1.0,0.5604530608212618
2022-09-19 08:00:00,0.9498200571267773,0.519863226223951,0.39401264623421767,1.0,0.5605849496268739
2022-09-19 09:00:00,0.9498200571267773,0.519863226223951,0.39287082619874,1.0,0.5620522125893085
2022-09-19 10:00:00,0.9498200571267773,0.519863226223951,0.3938030987370701,1.0,0.5608542226049986
2022-09-19 11:00:00,0.9498200571267773,0.519863226223951,0.4005599364001964,1.0,0.5521715429022025
2022-09-19 12:00:00,0.9498200571267773,0.519863226223951,0.39856495869776065,1.0,0.5547351315612876
2022-09-19 13:00:00,0.9498200571267773,0.519863226223951,0.4014301999852889,1.0,0.5510532357379501
2022-09-19 14:00:00,0.9498200571267773,0.519863226223951,0.40761398939090954,1.0,0.5431069351998215
2022-09-19 15:00:00,0.9498200571267773,0.519863226223951,0.4118819159654666,1.0,0.5376225590331186
2022-09-19 16:00:00,0.9498200571267773,0.519863226223951,0.40708584416850696,1.0,0.5437856130120338
2022-09-19 17:00:00,0.9498200571267773,0.519863226223951,0.40980996163142563,1.0,0.5402850642964128
2022-09-19 18:00:00,0.9498200571267773,0.519863226223951,0.40463114491620666,1.0,0.5469399536129229
2022-09-19 19:00:00,0.9498200571267773,0.519863226223951,0.4087258740696519,1.0,0.5416781398056905
2022-09-19 20:00:00,0.9498200571267773,0.519863226223951,0.41635725179740435,1.0,0.5318716575717414
2022-09-19 21:00:00,0.9498200571267773,0.519863226223951,0.4164705785050454,1.0,0.531726030348878
2022-09-19 22:00:00,0.9498200571267773,0.519863226223951,0.41646630202551177,1.0,0.5317315257157785
2022-09-19 23:00:00,0.9498200571267773,0.519863226223951,0.41827739110800166,1.0,0.5294042378334152
2022-09-20 00:00:00,0.9498200571267773,0.519863226223951,0.4168682911016724,1.0,0.5312149612271312
2022-09-20 01:00:00,0.9498200571267773,0.519863226223951,0.4164705785050454,1.0,0.531726030348878
2022-09-20 02:00:00,0.9498200571267773,0.519863226223951,0.4153095143116664,1.0,0.5324708250570338
2022-09-20 03:00:00,0.9498200571267773,0.519863226223951,0.41542284101930743,1.0,0.5326159790336761
2022-09-20 04:00:00,0.9498200571267773,0.519863226223951,0.41313064798928484,1.0,0.5296800344495158
2022-09-20 05:00:00,0.9498200571267773,0.519863226223951,0.412514834936443,1.0,0.5288912732179504
2022-09-20 06:00:00,0.9498200571267773,0.519863226223951,0.413299568930863,1.0,0.5298963960373411
2022-09-20 07:00:00,0.9498200571267773,0.519863226223951,0.4135411900245128,1.0,0.5302058752705594
2022-09-20 08:00:00,0.9498200571267773,0.519863226223951,0.4130472566383792,1.0,0.5295732230327413
2022-09-20 09:00:00,0.9498200571267773,0.519863226223951,0.4118733630063993,1.0,0.5280696469350697
2022-09-20 10:00:00,0.9498200571267773,0.519863226223951,0.41032527741522734,1.0,0.526086788839051
2022-09-20 11:00:00,0.9498200571267773,0.519863226223951,0.41201876331054255,1.0,0.528255882225856
2022-09-20 12:00:00,0.9498200571267773,0.519863226223951,0.41004730624554175,1.0,0.525730750783136
2022-09-20 13:00:00,0.9498200571267773,0.519863226223951,0.40807371094077416,1.0,0.5232028805861398
2022-09-20 14:00:00,0.9498200571267773,0.519863226223951,0.4036796282199753,1.0,0.5175747405484074
2022-09-20 15:00:00,0.9498200571267773,0.519863226223951,0.40687843491112624,1.0,0.5216719169457057
2022-09-20 16:00:00,0.9498200571267773,0.519863226223951,0.41039156284799855,1.0,0.5261716902216154
2022-09-20 17:00:00,0.9498200571267773,0.519863226223951,0.4074942479639681,1.0,0.522460678177271
2022-09-20 18:00:00,0.9498200571267773,0.519863226223951,0.4003653565814165,1.0,0.5133296714201906
2022-09-20 19:00:00,0.9498200571267773,0.519863226223951,0.404763715781749,1.0,0.5189632889664757
2022-09-20 20:00:00,0.9498200571267773,0.519863226223951,0.4052512344485822,1.0,0.519587724941465
2022-09-20 21:00:00,0.9498200571267773,0.519863226223951,0.4047744069805831,1.0,0.5189769827378571
2022-09-20 22:00:00,0.9498200571267773,0.519863226223951,0.40279012047698143,1.0,0.5164354187694795
2022-09-20 23:00:00,0.9498200571267773,0.519863226223951,0.4045648594834355,1.0,0.5187085848187827
2022-09-21 00:00:00,0.9498200571267773,0.519863226223951,0.402715282085143,1.0,0.5163395623698102
2022-09-21 01:00:00,0.9498200571267773,0.519863226223951,0.40396187586919446,1.0,0.5179362561128749
2022-09-21 02:00:00,0.9498200571267773,0.5194993219655942,0.40299111501506174,1.0,0.5159694839339066
2022-09-21 03:00:00,0.9498200571267773,0.5229082430977435,0.4056382558463752,1.0,0.5125837253718522
2022-09-21 04:00:00,0.9498200571267773,0.5231367895064417,0.40581572974702057,1.0,0.5123567318656724
2022-09-21 05:00:00,0.9498200571267773,0.5226466538347757,0.405435123068528,1.0,0.5128435372162747
2022-09-21 06:00:00,0.9498200571267773,0.5204630718817915,0.40373949893344596,1.0,0.5150122824018234
2022-09-21 07:00:00,0.9498200571267773,0.5191248362838718,0.40270031440677534,1.0,0.516341425100659
2022-09-21 08:00:00,0.9498200571267773,0.5211266825383731,0.4042548147172477,1.0,0.514353180775446
2022-09-21 09:00:00,0.9498200571267773,0.5191165755703046,0.4026938996874749,1.0,0.5163496296852196
2022-09-21 10:00:00,0.9498200571267773,0.522508975275319,0.40532821108018746,1.0,0.5129802802922867
2022-09-21 11:00:00,0.9498200571267773,0.5254277607358022,0.4075947452330083,1.0,0.5100813270808346
2022-09-21 12:00:00,0.9498200571267773,0.5270964248764181,0.4088905185316964,1.0,0.5084240009995706
2022-09-21 13:00:00,0.9498200571267773,0.5292717461158347,0.410579727947478,1.0,0.5062634603985827
2022-09-21 14:00:00,0.9498200571267773,0.530073035331873,0.41120195571962026,1.0,0.5054676156961936
2022-09-21 15:00:00,0.9498200571267773,0.5295746389466396,0.4108149343218273,1.0,0.5059626256313566
2022-09-21 16:00:00,0.9498200571267773,0.5278426426686736,0.40946998150850245,1.0,0.5076828535275862
2022-09-21 17:00:00,0.9498200571267773,0.5290624747054605,0.4104172217252003,1.0,0.5064713098741208
2022-09-21 18:00:00,0.9498200571267773,0.5459280982389131,0.4235139402969246,1.0,0.4897202830626645
2022-09-21 19:00:00,0.9498200571267773,0.5400932808891357,0.4189830102310496,1.0,0.4955154546240484
2022-09-21 20:00:00,0.9498200571267773,0.5225475252719668,0.40535814643692275,1.0,0.5129419922310035
2022-09-21 21:00:00,0.9498200571267773,0.5205071290208177,0.403773710769715,1.0,0.5149685246174995
2022-09-21 22:00:00,0.9498200571267773,0.5078186729812832,0.3939207019242448,1.0,0.5275707665027551
2022-09-21 23:00:00,0.9498200571267773,0.5082895336546253,0.3942863409243696,1.0,0.5271031051827946
2022-09-22 00:00:00,0.9498200571267773,0.5076011408573415,0.39375178098266655,1.0,0.527786820562854
2022-09-22 01:00:00,0.9498200571267773,0.5056736410249469,0.3922550131458981,1.0,0.5297012236270204
2022-09-22 02:00:00,0.9498200571267773,0.5087231979869161,0.3949000157374447,1.0,0.525595837578108
2022-09-22 03:00:00,0.9498200571267773,0.5087231979869161,0.39987356143504965,1.0,0.5189833351846869
2022-09-22 04:00:00,0.9498200571267773,0.5087231979869161,0.3986740089258681,1.0,0.5205781820646134
2022-09-22 05:00:00,0.9498200571267773,0.5087231979869161,0.39903750968622614,1.0,0.5200948951313024
2022-09-22 06:00:00,0.9498200571267773,0.5087231979869161,0.3982827110485415,1.0,0.5210984262340013
2022-09-22 07:00:00,0.9498200571267773,0.5087231979869161,0.40041667433581996,1.0,0.5182612476490337
2022-09-22 08:00:00,0.9498200571267773,0.5087231979869161,0.4039362169919927,1.0,0.5135818929888569
2022-09-22 09:00:00,0.9498200571267773,0.5087231979869161,0.4097351232395872,1.0,0.5058720449703882
2022-09-22 10:00:00,0.9498200571267773,0.5087231979869161,0.4092326368943863,1.0,0.506540118084083
2022-09-22 11:00:00,0.9498200571267773,0.5087231979869161,0.4085633678473742,1.0,0.507429934614238
2022-09-22 12:00:00,0.9498200571267773,0.5087231979869161,0.41026968318129026,1.0,0.5051613288919895
2022-09-22 13:00:00,0.9498200571267773,0.5087231979869161,0.4096666995670492,1.0,0.5059630166284232
2022-09-22 14:00:00,0.9498200571267773,0.5087231979869161,0.40328191562334825,1.0,0.5144518094688169
2022-09-22 15:00:00,0.9498200571267773,0.5087231979869161,0.40277301455884695,1.0,0.5151284111754524
2022-09-22 16:00:00,0.9498200571267773,0.5087231979869161,0.4050416869514346,1.0,0.5121121321387285
2022-09-22 17:00:00,0.9498200571267773,0.5087231979869161,0.406209165864114,1.0,0.5105599282235058
2022-09-22 18:00:00,0.9498200571267773,0.5087231979869161,0.40687843491112624,1.0,0.5096701116933506
2022-09-22 19:00:00,0.9498200571267773,0.5087231979869161,0.40953412870150685,1.0,0.5061392742158661
2022-09-22 20:00:00,0.9498200571267773,0.5087231979869161,0.4120700810649461,1.0,0.5027676371399428
2022-09-22 21:00:00,0.9498200571267773,0.5087231979869161,0.410716575292554,1.0,0.5045671702504482
2022-09-22 22:00:00,0.9498200571267773,0.5087231979869161,0.40909365130954356,1.0,0.5067249042644666
2022-09-22 23:00:00,0.9498200571267773,0.5087231979869161,0.4138405435918665,1.0,0.5004137454882863
2022-09-23 00:00:00,0.9498200571267773,0.5087231979869161,0.41395814677904114,1.0,0.5002573879510387
2022-09-23 01:00:00,0.9498200571267773,0.5087231979869161,0.41198027499473994,1.0,0.5028870374411137
2022-09-23 02:00:00,0.9498200571267773,0.5087231979869161,0.4129873859249084,1.0,0.500812225960218
2022-09-23 03:00:00,0.9498200571267773,0.5087231979869161,0.411683059667153,1.0,0.4992320953233068
2022-09-23 04:00:00,0.9498200571267773,0.5087231979869161,0.4137763963988621,1.0,0.5017680754766447
2022-09-23 05:00:00,0.9498200571267773,0.5087231979869161,0.4141719707557224,1.0,0.5022472954239047
2022-09-23 06:00:00,0.9498200571267773,0.5087231979869161,0.4129980771237425,1.0,0.5008251778506845
2022-09-23 07:00:00,0.9498200571267773,0.5087231979869161,0.4124827613399408,1.0,0.5002008967302
2022-09-23 08:00:00,0.9498200571267773,0.5087231979869161,0.4101948447894518,1.0,0.49742919217037207
2022-09-23 09:00:00,0.9498200571267773,0.5087231979869161,0.40688484963042665,1.0,0.4934192868819482
2022-09-23 10:00:00,0.9498200571267773,0.5087231979869161,0.40716495903987904,1.0,0.49375862641217005
2022-09-23 11:00:00,0.9498200571267773,0.5087231979869161,0.40458196540157,1.0,0.49062944967546723
2022-09-23 12:00:00,0.9498200571267773,0.5087231979869161,0.40245227859382515,1.0,0.48804943309454335
2022-09-23 13:00:00,0.9498200571267773,0.5087231979869161,0.4031771418747744,1.0,0.48892757126817105
2022-09-23 14:00:00,0.9498200571267773,0.5087231979869161,0.397594197843628,1.0,0.48216409406657235
2022-09-23 15:00:00,0.9498200571267773,0.5087231979869161,0.39840245247548295,1.0,0.48314325698583865
2022-09-23 16:00:00,0.9498200571267773,0.5087231979869161,0.399244918943607,1.0,0.48416386595459776
2022-09-23 17:00:00,0.9498200571267773,0.5087231979869161,0.4003846007393178,1.0,0.48554453747832504
2022-09-23 18:00:00,0.9498200571267773,0.5087231979869161,0.40051930984462697,1.0,0.48570773129820277
2022-09-23 19:00:00,0.9498200571267773,0.5087231979869161,0.39757281544595985,1.0,0.4821381902856394
2022-09-23 20:00:00,0.9498200571267773,0.5087231979869161,0.40125272608464346,1.0,0.4865962309842036
2022-09-23 21:00:00,0.9498200571267773,0.5087231979869161,0.40216789270483905,1.0,0.48770491280813477
2022-09-23 22:00:00,0.9498200571267773,0.5087231979869161,0.4055634174545368,1.0,0.4918184332202906
2022-09-23 23:00:00,0.9498200571267773,0.5087231979869161,0.41252338789551024,1.0,0.5002501139139727
2022-09-24 00:00:00,0.9498200571267773,0.5087231979869161,0.4115675947197452,1.0,0.4990922149062688
2022-09-24 01:00:00,0.9498200571267773,0.5087231979869161,0.40852487953157157,1.0,0.4954061068795071
2022-09-24 02:00:00,0.9498200571267773,0.5087231979869161,0.40791975767756367,1.0,0.4939804846290671
2022-09-24 03:00:00,0.9498200571267773,0.5087231979869161,0.4080886786191419,1.0,0.4937761330320483
2022-09-24 04:00:00,0.9498200571267773,0.5087231979869161,0.40799031958986853,1.0,0.49389512256955287
2022-09-24 05:00:00,0.9498200571267773,0.5087231979869161,0.4088798273328624,1.0,0.49281904327385934
2022-09-24 06:00:00,0.9498200571267773,0.5087231979869161,0.40827256723908767,1.0,0.49355367433149633
2022-09-24 07:00:00,0.9498200571267773,0.5087231979869161,0.4070323881743366,1.0,0.49505397719568445
2022-09-24 08:00:00,0.9498200571267773,0.5087231979869161,0.4052576491678826,1.0,0.49720096232891914
2022-09-24 09:00:00,0.9498200571267773,0.5087231979869161,0.40710936480594195,1.0,0.49496085494894165
2022-09-24 10:00:00,0.9498200571267773,0.5087231979869161,0.405879876940025,1.0,0.49644822416774886
2022-09-24 11:00:00,0.9498200571267773,0.5087231979869161,0.406209165864114,1.0,0.4960498678900162
2022-09-24 12:00:00,0.9498200571267773,0.5087231979869161,0.4065234871098354,1.0,0.4956696187158168
2022-09-24 13:00:00,0.9498200571267773,0.5087231979869161,0.4086873857538493,1.0,0.4930518488907161
2022-09-24 14:00:00,0.9498200571267773,0.5087231979869161,0.4078919605605951,1.0,0.4940141121070575
2022-09-24 15:00:00,0.9498200571267773,0.5087231979869161,0.40720130911591484,1.0,0.4948496255986657
2022-09-24 16:00:00,0.9498200571267773,0.5087231979869161,0.40802880790567114,1.0,0.4938485614461815
2022-09-24 17:00:00,0.9498200571267773,0.5087231979869161,0.40736167709842575,1.0,0.4946556209179517
2022-09-24 18:00:00,0.9498200571267773,0.5087231979869161,0.40719489439661444,1.0,0.4948573857858942
2022-09-24 19:00:00,0.9498200571267773,0.5087231979869161,0.40811006101680997,1.0,0.49375026574128644
2022-09-24 20:00:00,0.9498200571267773,0.5087231979869161,0.40755411867743885,1.0,0.4944228153010949
2022-09-24 21:00:00,0.9498200571267773,0.5087231979869161,0.4084307969818318,1.0,0.4933622563798585
2022-09-24 22:00:00,0.9498200571267773,0.5087231979869161,0.40431468543071847,1.0,0.4983417098515173
2022-09-24 23:00:00,0.9498200571267773,0.5087231979869161,0.40290558542438926,1.0,0.5000463643127242
2022-09-25 00:00:00,0.9498200571267773,0.5087231979869161,0.403660384062074,1.0,0.4991332489488303
2022-09-25 01:00:00,0.9498200571267773,0.5087231979869161,0.4045392006062337,1.0,0.49807010329851775
2022-09-25 02:00:00,0.9498200571267773,0.5087231979869161,0.4048791807291569,1.0,0.4969672388945423
2022-09-25 03:00:00,0.9498200571267773,0.5087231979869161,0.40425267647748087,1.0,0.4977354493995343
2022-09-25 04:00:00,0.9498200571267773,0.5087231979869161,0.40651493415076817,1.0,0.4949615015692221
2022-09-25 05:00:00,0.9498200571267773,0.5087231979869161,0.4055548644954695,1.0,0.49613872517584795
2022-09-25 06:00:00,0.9498200571267773,0.5087231979869161,0.4052020549339455,1.0,0.49657133518719154
2022-09-25 07:00:00,0.9498200571267773,0.5087231979869161,0.4059461623727961,1.0,0.4956589213450851
2022-09-25 08:00:00,0.9498200571267773,0.5087231979869161,0.4074707273265331,1.0,0.49378952172030954
2022-09-25 09:00:00,0.9498200571267773,0.5087231979869161,0.40716923551941264,1.0,0.494159206639094
2022-09-25 10:00:00,0.9498200571267773,0.5087231979869161,0.4062754512968852,1.0,0.49525515200116443
2022-09-25 11:00:00,0.9498200571267773,0.5087231979869161,0.4068955408292607,1.0,0.49449480713274235
2022-09-25 12:00:00,0.9498200571267773,0.5087231979869161,0.40787699288222745,1.0,0.49329136473755025
2022-09-25 13:00:00,0.9498200571267773,0.5087231979869161,0.4072718710282196,1.0,0.4940333564539759
2022-09-25 14:00:00,0.9498200571267773,0.5087231979869161,0.40396829058849487,1.0,0.4980841592874658
2022-09-25 15:00:00,0.9498200571267773,0.5087231979869161,0.40357913095093506,1.0,0.49856134123937207
2022-09-25 16:00:00,0.9498200571267773,0.5087231979869161,0.40510369590467216,1.0,0.4966919416145964
2022-09-25 17:00:00,0.9498200571267773,0.5087231979869161,0.40480220409755163,1.0,0.497061626533381
2022-09-25 18:00:00,0.9498200571267773,0.5087231979869161,0.4054864408229315,1.0,0.4962226252992601
2022-09-25 19:00:00,0.9498200571267773,0.5087231979869161,0.40391911107385825,1.0,0.49814446250116823
2022-09-25 20:00:00,0.9498200571267773,0.5087231979869161,0.403568439752101,1.0,0.4985744506336552
2022-09-25 21:00:00,0.9498200571267773,0.5087231979869161,0.40330757450055,1.0,0.4988943198541637
2022-09-25 22:00:00,0.9498200571267773,0.5087231979869161,0.39992274094968633,1.0,0.5030447540842055
2022-09-25 23:00:00,0.9498200571267773,0.5087231979869161,0.4008293546108147,1.0,0.5019330774489953
2022-09-26 00:00:00,0.9498200571267773,0.5087231979869161,0.4012826614413789,1.0,0.5013772391313902
2022-09-26 01:00:00,0.9498200571267773,0.5087231979869161,0.4005556599206628,1.0,0.5022686779426436
2022-09-26 02:00:00,0.9498200571267773,0.5083670917483253,0.4028200558337168,1.0,0.49879635286183654
2022-09-26 03:00:00,0.9498200571267773,0.50773090470152,0.40231543124874913,1.0,0.499420562775962
2022-09-26 04:00:00,0.9498200571267773,0.5081271737518607,0.4026297524944705,1.0,0.49903175405826516
2022-09-26 05:00:00,0.9498200571267773,0.506450443484433,0.4012997673595134,1.0,0.5006769174760027
2022-09-26 06:00:00,0.9498200571267773,0.5053667689386037,0.4004401949732549,1.0,0.5017401902958266
2022-09-26 07:00:00,0.9498200571267773,0.5034770777529658,0.3989412888967196,1.0,0.5035943053373603
2022-09-26 08:00:00,0.9498200571267773,0.5091946740507373,0.4034764954421281,1.0,0.49798435098202076
2022-09-26 09:00:00,0.9498200571267773,0.5189639192101546,0.41122547635705525,1.0,0.4883990258600263
2022-09-26 10:00:00,0.9498200571267773,0.5138932927904901,0.4072034473556816,1.0,0.4933741904721874
2022-09-26 11:00:00,0.9498200571267773,0.5140900794617478,0.40735953885865894,1.0,0.4931811085919705
2022-09-26 12:00:00,0.9498200571267773,0.5081810879083696,0.4026725172898068,1.0,0.4989788549130003
2022-09-26 13:00:00,0.9498200571267773,0.5141278193713039,0.4073894742153943,1.0,0.4931440791902852
2022-09-26 14:00:00,0.9498200571267773,0.5166995246367797,0.4094293549529331,1.0,0.4906207899611508
2022-09-26 15:00:00,0.9498200571267773,0.5153354964771039,0.4083474056309261,1.0,0.49195913833635213
2022-09-26 16:00:00,0.9498200571267773,0.5146265253190115,0.4077850485722545,1.0,0.49265476209658515
2022-09-26 17:00:00,0.9498200571267773,0.5138474657574577,0.4071670972796459,1.0,0.49341915474566245
2022-09-26 18:00:00,0.9498200571267773,0.5146373081503134,0.4077936015313218,1.0,0.4926441822675321
2022-09-26 19:00:00,0.9498200571267773,0.5161253388699597,0.4089739098826021,1.0,0.49118416585822167
2022-09-26 20:00:00,0.9498200571267773,0.5169744868349753,0.40964745540914793,1.0,0.4903510043203
2022-09-26 21:00:00,0.9498200571267773,0.5146346124424879,0.40779146329155497,1.0,0.4926468272247954
2022-09-26 22:00:00,0.9498200571267773,0.5141386022026058,0.40739802717446155,1.0,0.4931334993612322
2022-09-26 23:00:00,0.9498200571267773,0.5153678449710093,0.4083730645081279,1.0,0.4919273988491932
2022-09-27 00:00:00,0.9498200571267773,0.5176591966226386,0.4101905683099182,1.0,0.4896791851754362
2022-09-27 01:00:00,0.9498200571267773,0.5208859588896978,0.4127500413107923,1.0,0.4865131713313337
2022-09-27 02:00:00,0.9498200571267773,0.5319078700923846,0.42178838080510717,1.0,0.47463463358267066
2022-09-27 03:00:00,0.9498200571267773,0.5319078700923846,0.4287419365267802,1.0,0.482451914292137
2022-09-27 04:00:00,0.9498200571267773,0.5319078700923846,0.42891513394789194,1.0,0.4826466251585167
2022-09-27 05:00:00,0.9498200571267773,0.5319078700923846,0.42779041983054883,1.0,0.48138220644597696
2022-09-27 06:00:00,0.9498200571267773,0.5319078700923846,0.4312158799369818,1.0,0.4852331546921531
2022-09-27 07:00:00,0.9498200571267773,0.5319078700923846,0.4308801762935923,1.0,0.4848557521486765
2022-09-27 08:00:00,0.9498200571267773,0.5319078700923846,0.43067276703621155,1.0,0.48462257987659213
2022-09-27 09:00:00,0.9498200571267773,0.5319078700923846,0.42988803304179146,1.0,0.4837403713832421
2022-09-27 10:00:00,0.9498200571267773,0.5319078700923846,0.4306513846385434,1.0,0.4845985414980267
2022-09-27 11:00:00,0.9498200571267773,0.5319078700923846,0.43151309526456866,1.0,0.48556728815421213
2022-09-27 12:00:00,0.9498200571267773,0.5319078700923846,0.4316734632470796,1.0,0.4857475759934526
2022-09-27 13:00:00,0.9498200571267773,0.5319078700923846,0.4325095149959031,1.0,0.4866874765953595
2022-09-27 14:00:00,0.9498200571267773,0.5319078700923846,0.43090797341056086,1.0,0.4848870020408115
2022-09-27 15:00:00,0.9498200571267773,0.5319078700923846,0.431145318024677,1.0,0.4851538280428873
2022-09-27 16:00:00,0.9498200571267773,0.5319078700923846,0.42449539234989125,1.0,0.4776778923090496
2022-09-27 17:00:00,0.9498200571267773,0.5319078700923846,0.4077486984962187,1.0,0.4588510342166325
2022-09-27 18:00:00,0.9498200571267773,0.5319078700923846,0.40443228861789315,1.0,0.45512268170113984
2022-09-27 19:00:00,0.9498200571267773,0.5319078700923846,0.4083474056309261,1.0,0.45952410881646355
2022-09-27 20:00:00,0.9498200571267773,0.5319078700923846,0.4070345264141035,1.0,0.45804815237254837
2022-09-27 21:00:00,0.9498200571267773,0.5319078700923846,0.40700245281760133,1.0,0.4580120948047003
2022-09-27 22:00:00,0.9498200571267773,0.5319078700923846,0.4052255755713804,1.0,0.45601450554591594
2022-09-27 23:00:00,0.9498200571267773,0.5319078700923846,0.4069896233790004,1.0,0.457997671777561
2022-09-28 00:00:00,0.9498200571267773,0.5319078700923846,0.4070644617708388,1.0,0.4580818061025399
2022-09-28 01:00:00,0.9498200571267773,0.5319078700923846,0.40740016541422835,1.0,0.4584592086460166
2022-09-28 02:00:00,0.9491551830867886,0.5315355345833199,0.4055206526592005,1.0,0.45570734147956504
2022-09-28 03:00:00,0.930456658441148,0.5210641907287595,0.39752363593132317,1.0,0.4646848565452715
2022-09-28 04:00:00,0.9360612162293199,0.5242027940605676,0.3999206027099195,1.0,0.46199400243065736
2022-09-28 05:00:00,0.9371311318106481,0.5248019565164168,0.4003781860200174,1.0,0.46148031573973186
2022-09-28 06:00:00,0.9399959057737368,0.5264062559893213,0.4016033974064007,1.0,0.46010488361870255
2022-09-28 07:00:00,0.9335364154416064,0.5227888826577459,0.39884079162767944,1.0,0.4632062070050375
2022-09-28 08:00:00,0.9377860801337975,0.5251687335337824,0.40065829542946974,1.0,0.4611658626719224
2022-09-28 09:00:00,0.9358462331919503,0.5240824016044858,0.39982865839994663,1.0,0.46209721984986196
2022-09-28 10:00:00,0.9314515799396726,0.521621355816208,0.39794914564491873,1.0,0.4642071759308128
2022-09-28 11:00:00,0.9490701897929448,0.5314879375657992,0.4054843025831647,1.0,0.45574814836622735
2022-09-28 12:00:00,0.9466403815101154,0.5301272228296183,0.40444511805649397,1.0,0.4569147452437497
2022-09-28 13:00:00,0.952434924308056,0.533372219494708,0.40692333794622926,1.0,0.45413267573541977
2022-09-28 14:00:00,0.9549347270681683,0.5347721317747295,0.40799245782963534,1.0,0.4529324731865286
2022-09-28 15:00:00,0.9679037037876314,0.5420348766834807,0.413539051784746,1.0,0.4467058223628808
2022-09-28 16:00:00,0.9731532895838674,0.5449746924715257,0.41578420353989876,1.0,0.4441853970102092
2022-09-28 17:00:00,0.9743131980645594,0.5456242517694556,0.4162802751657991,1.0,0.44362850302752377
2022-09-28 18:00:00,0.9661538418555528,0.5410549380874656,0.41279066786636176,1.0,0.4475459641471047
2022-09-28 19:00:00,0.976618016209383,0.5469149708916354,0.4172660036982995,1.0,0.44252191627744597
2022-09-28 20:00:00,0.975993065519355,0.5465649928216301,0.416998723727448,1.0,0.4428219669146688
2022-09-28 21:00:00,0.9772729645325324,0.547281747909001,0.41754611310775186,1.0,0.4422074632096365
2022-09-28 22:00:00,0.9796027807049573,0.548586466153981,0.4185425328390864,1.0,0.4410888744340698
2022-09-28 23:00:00,0.9731282915562662,0.5449606933487255,0.4157735123410647,1.0,0.4441973990356981
2022-09-29 00:00:00,0.9696285676921089,0.5430008161566955,0.4142767445042962,1.0,0.44587768260414584
2022-09-29 01:00:00,0.9707534789341595,0.5436307766827051,0.4147578484518289,1.0,0.4453375914571448
2022-09-29 02:00:00,0.9730062001895411,0.5448923210730043,0.41601299519494755,1.0,0.4432905691582812
2022-09-29 03:00:00,0.9730062001895411,0.5448923210730043,0.41475571021206203,1.0,0.44195215880107913
2022-09-29 04:00:00,0.9730062001895411,0.5448923210730043,0.4162011602944271,1.0,0.44349087547024346
2022-09-29 05:00:00,0.9730062001895411,0.5448923210730043,0.4177984254002357,1.0,0.44519120291383174
2022-09-29 06:00:00,0.9730062001895411,0.5448923210730043,0.4151127962531197,1.0,0.4423322855521893
2022-09-29 07:00:00,0.9730062001895411,0.5448923210730043,0.41359036953914946,1.0,0.4407116253917677
2022-09-29 08:00:00,0.9730062001895411,0.5448923210730043,0.413117818550684,1.0,0.4402085834037717
2022-09-29 09:00:00,0.9730062001895411,0.5448923210730043,0.4127735619482272,1.0,0.4398421139012044
2022-09-29 10:00:00,0.9730062001895411,0.5448923210730043,0.41565163267435634,1.0,0.4429058899909902
2022-09-29 11:00:00,0.9730062001895411,0.5448923210730043,0.4147150836564927,1.0,0.44190891084736006
2022-09-29 12:00:00,0.9730062001895411,0.5448923210730043,0.41527744071516426,1.0,0.4425075535751562
2022-09-29 13:00:00,0.9730062001895411,0.5448923210730043,0.40995963841510247,1.0,0.4368466240541332
2022-09-29 14:00:00,0.9730062001895411,0.5448923210730043,0.4051571518988425,1.0,0.4317342606829158
2022-09-29 15:00:00,0.9730062001895411,0.5448923210730043,0.4096282112512466,1.0,0.4364938118001089
2022-09-29 16:00:00,0.9730062001895411,0.5448923210730043,0.4115675947197452,1.0,0.43855833253817395
2022-09-29 17:00:00,0.9730062001895411,0.5448923210730043,0.4150016077852455,1.0,0.4422139227314843
2022-09-29 18:00:00,0.9730062001895411,0.5448923210730043,0.411069384854078,1.0,0.4380279760530922
2022-09-29 19:00:00,0.9730062001895411,0.5448923210730043,0.4118434276496639,1.0,0.4388519633818458
2022-09-29 20:00:00,0.9730062001895411,0.5448923210730043,0.41410354708318436,1.0,0.44125791533348285
2022-09-29 21:00:00,0.9730062001895411,0.5448923210730043,0.4162439250897633,1.0,0.44353639963205305
2022-09-29 22:00:00,0.9730062001895411,0.5448923210730043,0.41466376590208914,1.0,0.44185428185318854
2022-09-29 23:00:00,0.9730062001895411,0.5448923210730043,0.4151363168905546,1.0,0.44235732384118454
2022-09-30 00:00:00,0.9730062001895411,0.5448923210730043,0.41802080233598415,1.0,0.44542792855524166
2022-09-30 01:00:00,0.9730062001895411,0.5448923210730043,0.417146262271358,1.0,0.4444969594462354
2022-09-30 02:00:00,0.9730062001895411,0.5448923210730043,0.41627172220673186,1.0,0.4429449980857135
2022-09-30 03:00:00,0.9730062001895411,0.5448923210730043,0.4131563068664866,1.0,0.43963320446667586
2022-09-30 04:00:00,0.9730062001895411,0.5448923210730043,0.41399022037554334,1.0,0.44051968319792134
2022-09-30 05:00:00,0.9730062001895411,0.5448923210730043,0.41463383054535374,1.0,0.4412038629366518
2022-09-30 06:00:00,0.9730062001895411,0.5448923210730043,0.41497381066827693,1.0,0.44156527349631347
2022-09-30 07:00:00,0.9730062001895411,0.5448923210730043,0.4149438753115415,1.0,0.4415334511828841
2022-09-30 08:00:00,0.9730062001895411,0.5448923210730043,0.4175568043065859,1.0,0.44431108454078666
2022-09-30 09:00:00,0.9730062001895411,0.5448923210730043,0.4187798774532025,1.0,0.4456112533466134
2022-09-30 10:00:00,0.9730062001895411,0.5448923210730043,0.41671861431799556,1.0,0.44342005976476556
2022-09-30 11:00:00,0.9730062001895411,0.5448923210730043,0.4158248300954681,1.0,0.44246993640666143
2022-09-30 12:00:00,0.9730062001895411,0.5448923210730043,0.4147664014108961,1.0,0.441344790324696
2022-09-30 13:00:00,0.9730062001895411,0.5448923210730043,0.41177714221689277,1.0,0.4381671050265391
2022-09-30 14:00:00,0.9730062001895411,0.5448923210730043,0.4155147853292804,1.0,0.44214034816042913
2022-09-30 15:00:00,0.9730062001895411,0.5448923210730043,0.42657589964299947,1.0,0.4538986929725648
2022-09-30 16:00:00,0.9730062001895411,0.5448923210730043,0.4215916627465604,1.0,0.4486002777865822
2022-09-30 17:00:00,0.9730062001895411,0.5448923210730043,0.420640146050329,1.0,0.44758878282400716
2022-09-30 18:00:00,0.9730062001895411,0.5448923210730043,0.41987037973427666,1.0,0.44677049476439595
2022-09-30 19:00:00,0.9730062001895411,0.5448923210730043,0.4196822146347972,1.0,0.4465704687942688
2022-09-30 20:00:00,0.9730062001895411,0.5448923210730043,0.4155468589257825,1.0,0.44217444349624624
2022-09-30 21:00:00,0.9730062001895411,0.5448923210730043,0.41446490960377563,1.0,0.441024294168015
2022-09-30 22:00:00,0.9730062001895411,0.5448923210730043,0.41309429791324903,1.0,0.4395672868174294
2022-09-30 23:00:00,0.9730062001895411,0.5448923210730043,0.4136481020128534,1.0,0.44015599961587193
2022-10-01 00:00:00,0.9730062001895411,0.5448923210730043,0.4143665505745022,1.0,0.44091973513817573
2022-10-01 01:00:00,0.9730062001895411,0.5448923210730043,0.413970976217642,1.0,0.44049922599643104
2022-10-01 02:00:00,0.9730062001895411,0.5448923210730043,0.4144007624107713,1.0,0.44033876397692745
2022-10-01 03:00:00,0.9730062001895411,0.5448923210730043,0.41422756498965946,1.0,0.44052262044870616
2022-10-01 04:00:00,0.9730062001895411,0.5448923210730043,0.414289573942897,1.0,0.4404567952921434
2022-10-01 05:00:00,0.9730062001895411,0.5448923210730043,0.41408216468551623,1.0,0.44067696909168086
2022-10-01 06:00:00,0.9730062001895411,0.5448923210730043,0.41225396968489186,1.0,0.442617676293789
2022-10-01 07:00:00,0.9730062001895411,0.5448923210730043,0.41168947438645354,1.0,0.4432169122018083
2022-10-01 08:00:00,0.9730062001895411,0.5448923210730043,0.4120978781819146,1.0,0.4427833741016883
2022-10-01 09:00:00,0.9730062001895411,0.5448923210730043,0.4125896733282814,1.0,0.44226131251515627
2022-10-01 10:00:00,0.9730062001895411,0.5448923210730043,0.4124827613399408,1.0,0.44237480416440234
2022-10-01 11:00:00,0.9730062001895411,0.5448923210730043,0.4124271671060037,1.0,0.4424338198220103
2022-10-01 12:00:00,0.9730062001895411,0.5448923210730043,0.41207221930471283,1.0,0.4428106120975074
2022-10-01 13:00:00,0.9730062001895411,0.5448923210730043,0.4117215479829557,1.0,0.4431828647070345
2022-10-01 14:00:00,0.9730062001895411,0.5448923210730043,0.412480623100174,1.0,0.44237707399738724
2022-10-01 15:00:00,0.9730062001895411,0.5448923210730043,0.41222189608838966,1.0,0.4426517237885628
2022-10-01 16:00:00,0.9730062001895411,0.5448923210730043,0.41246993190133996,1.0,0.44238842316231186
2022-10-01 17:00:00,0.9730062001895411,0.5448923210730043,0.4116809214273862,1.0,0.44322599153374803
2022-10-01 18:00:00,0.9730062001895411,0.5448923210730043,0.41127037939215827,1.0,0.4436617994668531
2022-10-01 19:00:00,0.9730062001895411,0.5448923210730043,0.41177286573735916,1.0,0.44312838871539645
2022-10-01 20:00:00,0.9730062001895411,0.5448923210730043,0.4110608318950107,1.0,0.4438842430993754
2022-10-01 21:00:00,0.9730062001895411,0.5448923210730043,0.41076361656742383,1.0,0.44419974988427957
2022-10-01 22:00:00,0.9730062001895411,0.5448923210730043,0.41157828591857926,1.0,0.4433349435170243
2022-10-01 23:00:00,0.9730062001895411,0.5448923210730043,0.41227535208256,1.0,0.4425949779639398
2022-10-02 00:00:00,0.9730062001895411,0.5448923210730043,0.4120658045854124,1.0,0.44281742159646215
2022-10-02 01:00:00,0.9730062001895411,0.5448923210730043,0.4113238353863286,1.0,0.44360505364223
2022-10-02 02:00:00,0.9730062001895411,0.5448923210730043,0.41196316907660546,1.0,0.44230989804224197
2022-10-02 03:00:00,0.9730062001895411,0.5448923210730043,0.4121363664977172,1.0,0.4421241276565254
2022-10-02 04:00:00,0.9730062001895411,0.5448923210730043,0.4120059338719417,1.0,0.4422640288112008
2022-10-02 05:00:00,0.9730062001895411,0.5448923210730043,0.4125533232522456,1.0,0.4416769026538743
2022-10-02 06:00:00,0.9730062001895411,0.5448923210730043,0.41246993190133996,1.0,0.4417663476544045
2022-10-02 07:00:00,0.9730062001895411,0.5448923210730043,0.41137942962026575,1.0,0.4429360130459534
2022-10-02 08:00:00,0.9730062001895411,0.5448923210730043,0.4114777886495391,1.0,0.44283051381455885
2022-10-02 09:00:00,0.9730062001895411,0.5448923210730043,0.4114521297723373,1.0,0.4428580353531836
2022-10-02 10:00:00,0.9730062001895411,0.5448923210730043,0.4109945464622396,1.0,0.44334883612532366
2022-10-02 11:00:00,0.9730062001895411,0.5448923210730043,0.4076011599523087,1.0,0.44698855960843775
2022-10-02 12:00:00,0.9730062001895411,0.5448923210730043,0.4094357696722335,1.0,0.44502076959677306
2022-10-02 13:00:00,0.9730062001895411,0.5448923210730043,0.4087921595024231,1.0,0.44571110152394217
2022-10-02 14:00:00,0.9730062001895411,0.5448923210730043,0.4088135419000912,1.0,0.44568816690842156
2022-10-02 15:00:00,0.9730062001895411,0.5448923210730043,0.4076182658704432,1.0,0.4469702119160213
2022-10-02 16:00:00,0.9730062001895411,0.5448923210730043,0.408497082414603,1.0,0.446027599218126
2022-10-02 17:00:00,0.9730062001895411,0.5448923210730043,0.409658146607982,1.0,0.44478224959535917
2022-10-02 18:00:00,0.9730062001895411,0.5448923210730043,0.40961324357287887,1.0,0.4448304122879524
2022-10-02 19:00:00,0.9730062001895411,0.5448923210730043,0.41004089152624135,1.0,0.44437171997754105
2022-10-02 20:00:00,0.9730062001895411,0.5448923210730043,0.4109881317429391,1.0,0.4433557165099799
2022-10-02 21:00:00,0.9730062001895411,0.5448923210730043,0.4103381068538282,1.0,0.44405292882180514
2022-10-02 22:00:00,0.9730062001895411,0.5448923210730043,0.40962393477171294,1.0,0.4448189449801921
2022-10-02 23:00:00,0.9730062001895411,0.5448923210730043,0.4090230893972388,1.0,0.44546340767632003
2022-10-03 00:00:00,0.9730062001895411,0.5448923210730043,0.40661970789934193,1.0,0.44804125846083187
2022-10-03 01:00:00,0.9730062001895411,0.5448923210730043,0.40735953885865894,1.0,0.4472477207638202
2022-10-03 02:00:00,0.9730062001895411,0.5448923210730043,0.41007510336251035,1.0,0.4437157897431369
2022-10-03 03:00:00,0.9730062001895411,0.5448923210730043,0.40832816147302486,1.0,0.4456041434331643
2022-10-03 04:00:00,0.9730062001895411,0.5448923210730043,0.4089739098826021,1.0,0.4449061228525177
2022-10-03 05:00:00,0.9730062001895411,0.5448923210730043,0.40748997148443444,1.0,0.4465101833921493
2022-10-03 06:00:00,0.9730062001895411,0.5448923210730043,0.41059683386561246,1.0,0.4431518260951973
2022-10-03 07:00:00,0.9730062001895411,0.5448923210730043,0.409566202298009,1.0,0.4442658854325207
2022-10-03 08:00:00,0.9730062001895411,0.5448923210730043,0.4096282112512466,1.0,0.44419885696616723
2022-10-03 09:00:00,0.9730062001895411,0.5448923210730043,0.40957689349684306,1.0,0.4442543288003908
2022-10-03 10:00:00,0.9730062001895411,0.5448923210730043,0.4092198074557855,1.0,0.44464032031352974
2022-10-03 11:00:00,0.9730062001895411,0.5448923210730043,0.41038514812869814,1.0,0.4433806474113695
2022-10-03 12:00:00,0.9730062001895411,0.5448923210730043,0.41070802233348674,1.0,0.44303163712104626
2022-10-03 13:00:00,0.9730062001895411,0.5448923210730043,0.41082348728089463,1.0,0.4429068254940432
2022-10-03 14:00:00,0.9730062001895411,0.5448923210730043,0.40920911625695144,1.0,0.44465187694565966
2022-10-03 15:00:00,0.9730062001895411,0.5448923210730043,0.41426177682592846,1.0,0.439190212601064
2022-10-03 16:00:00,0.9730062001895411,0.5448923210730043,0.4126217469247836,1.0,0.44096299996979227
2022-10-03 17:00:00,0.9730062001895411,0.5448923210730043,0.4141912149136237,1.0,0.4392664863731214
2022-10-03 18:00:00,0.9730062001895411,0.5448923210730043,0.41711205043508903,1.0,0.4361092144752299
2022-10-03 19:00:00,0.9730062001895411,0.5448923210730043,0.418512597482351,1.0,0.4345952956662116
2022-10-03 20:00:00,0.9730062001895411,0.5448923210730043,0.41706500916021916,1.0,0.4361600636566015
2022-10-03 21:00:00,0.9730062001895411,0.5448923210730043,0.41810205544712303,1.0,0.43503907034000017
2022-10-03 22:00:00,0.9730062001895411,0.5448923210730043,0.41724889778016505,1.0,0.43596128958396696
2022-10-03 23:00:00,0.9730062001895411,0.5448923210730043,0.4165411404173502,1.0,0.4367263386309671
2022-10-04 00:00:00,0.9730062001895411,0.5448923210730043,0.4188632688041082,1.0,0.4342162381323505
2022-10-04 01:00:00,0.9730062001895411,0.5448923210730043,0.41743278640011083,1.0,0.43576251551133255
2022-10-04 02:00:00,0.9730062001895411,0.5448923210730043,0.41625889276813094,1.0,0.4364102348888908
2022-10-04 03:00:00,0.9730062001895411,0.5448923210730043,0.4170607326806855,1.0,0.437250068920596
2022-10-04 04:00:00,0.9730062001895411,0.5448923210730043,0.41813840552315884,1.0,0.4383788058592078
2022-10-04 05:00:00,0.9730062001895411,0.5448923210730043,0.41806998185062083,1.0,0.43830714002183563
2022-10-04 06:00:00,0.9730062001895411,0.5448923210730043,0.4184313443712121,1.0,0.43868562522545745
2022-10-04 07:00:00,0.9730062001895411,0.5448923210730043,0.4233557105541804,1.0,0.4438433259588363
2022-10-04 08:00:00,0.9730062001895411,0.5448923210730043,0.42602851026269556,1.0,0.44664277273118697
2022-10-04 09:00:00,0.9730062001895411,0.5448923210730043,0.4243777891627166,1.0,0.4449138344045832
2022-10-04 10:00:00,0.9730062001895411,0.5448923210730043,0.42551105623912705,1.0,0.4461007998360599
2022-10-04 11:00:00,0.9730062001895411,0.5448923210730043,0.42599857490596016,1.0,0.44661141892733663
2022-10-04 12:00:00,0.9730062001895411,0.5448923210730043,0.4254511855256563,1.0,0.4460380922283592
2022-10-04 13:00:00,0.9730062001895411,0.5448923210730043,0.42639201102305363,1.0,0.4470234974922267
2022-10-04 14:00:00,0.9730062001895411,0.5448923210730043,0.4288723691525557,1.0,0.4496213840969681
2022-10-04 15:00:00,0.9730062001895411,0.5448923210730043,0.4291503403222413,1.0,0.44991252656129255
2022-10-04 16:00:00,0.9730062001895411,0.5448923210730043,0.4289194104274256,1.0,0.44967065436016146
2022-10-04 17:00:00,0.9730062001895411,0.5448923210730043,0.4266999175494746,1.0,0.4473459937604015
2022-10-04 18:00:00,0.9730062001895411,0.5448923210730043,0.42732214532161694,1.0,0.4479977049690047
2022-10-04 19:00:00,0.9730062001895411,0.5448923210730043,0.4294176202930928,1.0,0.4501924712385276
2022-10-04 20:00:00,0.9730062001895411,0.5448923210730043,0.43151523350433546,1.0,0.4523894770654684
2022-10-04 21:00:00,0.9730062001895411,0.5448923210730043,0.4338501913296943,1.0,0.45483507376579396
2022-10-04 22:00:00,0.9730062001895411,0.5448923210730043,0.4329585453469336,1.0,0.45390117832253773
2022-10-04 23:00:00,0.9730062001895411,0.5448923210730043,0.43321941059848473,1.0,0.4541744043275192
2022-10-05 00:00:00,0.9730062001895411,0.5448923210730043,0.43406615354614236,1.0,0.45506126906499994
2022-10-05 01:00:00,0.9730062001895411,0.5448923210730043,0.4308288585391888,1.0,0.4516705791343288
2022-10-05 02:00:00,0.9730062001895411,0.5448923210730043,0.43141473623529536,1.0,0.4516510277400662
2022-10-05 03:00:00,0.9730062001895411,0.5448923210730043,0.4309336322877626,1.0,0.4511478204100889
2022-10-05 04:00:00,0.9730062001895411,0.5448923210730043,0.4309036969310272,1.0,0.45111650973177914
2022-10-05 05:00:00,0.9730062001895411,0.5448923210730043,0.4294518321293618,1.0,0.4495979418337586
2022-10-05 06:00:00,0.9730062001895411,0.5448923210730043,0.4310234383579687,1.0,0.4512417524450179
2022-10-05 07:00:00,0.9730062001895411,0.5448923210730043,0.43217594959228045,1.0,0.45244721355994144
2022-10-05 08:00:00,0.9730062001895411,0.5448923210730043,0.4316264219722097,1.0,0.4518724389652562
2022-10-05 09:00:00,0.9730062001895411,0.5448923210730043,0.4297041444218457,1.0,0.449861846122369
2022-10-05 10:00:00,0.9730062001895411,0.5448923210730043,0.4287825630823496,1.0,0.4488979245258346
2022-10-05 11:00:00,0.9730062001895411,0.5448923210730043,0.429494596924698,1.0,0.44964267137420105
2022-10-05 12:00:00,0.9730062001895411,0.5448923210730043,0.4275060339415627,1.0,0.44756274774362803
2022-10-05 13:00:00,0.9730062001895411,0.5448923210730043,0.4273135923625496,1.0,0.4473614648116371
2022-10-05 14:00:00,0.9730062001895411,0.5448923210730043,0.42513900251970177,1.0,0.4450869676801396
2022-10-05 15:00:00,0.9730062001895411,0.5448923210730043,0.42422383589950613,1.0,0.44412975551467154
2022-10-05 16:00:00,0.9730062001895411,0.5448923210730043,0.4268324884150169,1.0,0.44685825748165975
2022-10-05 17:00:00,0.9730062001895411,0.5448923210730043,0.4318017576330883,1.0,0.4520558300810702
2022-10-05 18:00:00,0.9730062001895411,0.5448923210730043,0.4302857456384185,1.0,0.450470167872386
2022-10-05 19:00:00,0.9730062001895411,0.5448923210730043,0.4324859943584682,1.0,0.45277150272814903
2022-10-05 20:00:00,0.9730062001895411,0.5448923210730043,0.4293534731000884,1.0,0.44949506389074106
2022-10-05 21:00:00,0.9730062001895411,0.5448923210730043,0.4264647111751253,1.0,0.4464735834338549
2022-10-05 22:00:00,0.9730062001895411,0.5448923210730043,0.4278567052633199,1.0,0.447929529975256
2022-10-05 23:00:00,0.9730062001895411,0.5448923210730043,0.4308523791766237,1.0,0.45106283428324817
2022-10-06 00:00:00,0.9730062001895411,0.5448923210730043,0.4301531747728762,1.0,0.4503315062970145
2022-10-06 01:00:00,0.9730062001895411,0.5448923210730043,0.4325608327503066,1.0,0.4528497794239233
2022-10-06 02:00:00,0.9730062001895411,0.5448923210730043,0.4347311461136209,1.0,0.4544826375760349
2022-10-06 03:00:00,0.9730062001895411,0.5448923210730043,0.4338480530899275,1.0,0.4554050143796467
2022-10-06 04:00:00,0.9730062001895411,0.5448923210730043,0.43435909239419557,1.0,0.454871241846806
2022-10-06 05:00:00,0.9730062001895411,0.5448923210730043,0.43435909239419557,1.0,0.454871241846806
2022-10-06 06:00:00,0.9730062001895411,0.5448923210730043,0.4332600371540542,1.0,0.4560191877960952
2022-10-06 07:00:00,0.9730062001895411,0.5448923210730043,0.4305701315274046,1.0,0.45882875200661244
2022-10-06 08:00:00,0.9730062001895411,0.5448923210730043,0.43153875414177045,1.0,0.4578170408878809
2022-10-06 09:00:00,0.9730062001895411,0.5448923210730043,0.42991369191899326,1.0,0.45951439287515683
2022-10-06 10:00:00,0.9730062001895411,0.5448923210730043,0.4289322398660264,1.0,0.46053950414115635
2022-10-06 11:00:00,0.9730062001895411,0.5448923210730043,0.4296186148311732,1.0,0.45982259626232
2022-10-06 12:00:00,0.9730062001895411,0.5448923210730043,0.43203696400743763,1.0,0.45729666850230816
2022-10-06 13:00:00,0.9730062001895411,0.5448923210730043,0.43089514397195994,1.0,0.4584892816091573
2022-10-06 14:00:00,0.9730062001895411,0.5448923210730043,0.4291866903982771,1.0,0.460273734553675
2022-10-06 15:00:00,0.9730062001895411,0.5448923210730043,0.4290028017783312,1.0,0.4604658033311826
2022-10-06 16:00:00,0.9730062001895411,0.5448923210730043,0.4270398976723977,1.0,0.46251602586318163
2022-10-06 17:00:00,0.9730062001895411,0.5448923210730043,0.4278524287837863,1.0,0.46166734986954366
2022-10-06 18:00:00,0.9730062001895411,0.5448923210730043,0.42926366702988233,1.0,0.4601933336700672
2022-10-06 19:00:00,0.9730062001895411,0.5448923210730043,0.42720240389467545,1.0,0.462346290664454
2022-10-06 20:00:00,0.9730062001895411,0.5448923210730043,0.42707410950866675,1.0,0.46248029213713365
2022-10-06 21:00:00,0.9730062001895411,0.5448923210730043,0.42789519357912253,1.0,0.46162268271198376
2022-10-06 22:00:00,0.9730062001895411,0.5448923210730043,0.42487386078861705,1.0,0.46477841739359016
2022-10-06 23:00:00,0.9730062001895411,0.5448923210730043,0.4246664515312362,1.0,0.4649950531077557
2022-10-07 00:00:00,0.9730062001895411,0.5448923210730043,0.4259643630696912,1.0,0.4636394048758129
2022-10-07 01:00:00,0.9730062001895411,0.5448923210730043,0.426558793724865,1.0,0.4630185313857304
2022-10-07 02:00:00,0.9730062001895411,0.5448923210730043,0.42664646155530433,1.0,0.4622906838824063
2022-10-07 03:00:00,0.9730062001895411,0.5448923210730043,0.42713611846190425,1.0,0.4617606165663702
2022-10-07 04:00:00,0.9730062001895411,0.5448923210730043,0.42643691405815665,1.0,0.4625175249172166
2022-10-07 05:00:00,0.9730062001895411,0.5448923210730043,0.4255367151163288,1.0,0.46349201548512586
2022-10-07 06:00:00,0.9730062001895411,0.5448923210730043,0.42610976337383444,1.0,0.46287167469605295
2022-10-07 07:00:00,0.9730062001895411,0.5448923210730043,0.4236657553203682,1.0,0.4655173818673601
2022-10-07 08:00:00,0.9730062001895411,0.5448923210730043,0.4251667996366703,1.0,0.463892459352699
2022-10-07 09:00:00,0.9730062001895411,0.5448923210730043,0.42618460176567285,1.0,0.4627906600407636
2022-10-07 10:00:00,0.9730062001895411,0.5448923210730043,0.42633855502888335,1.0,0.46262400132131115
2022-10-07 11:00:00,0.9730062001895411,0.5448923210730043,0.4266935028301741,1.0,0.4622397603847959
2022-10-07 12:00:00,0.9730062001895411,0.5448923210730043,0.42674054410504403,1.0,0.46218883688718543
2022-10-07 13:00:00,0.9730062001895411,0.5448923210730043,0.41858315939465573,1.0,0.4710194343137268
2022-10-07 14:00:00,0.9730062001895411,0.5448923210730043,0.41827739110800166,1.0,0.47135043704819474
2022-10-07 15:00:00,0.9730062001895411,0.5448923210730043,0.4191177193363588,1.0,0.470440758204517
2022-10-07 16:00:00,0.9730062001895411,0.5448923210730043,0.4178411901955719,1.0,0.47182263675331
2022-10-07 17:00:00,0.9730062001895411,0.5448923210730043,0.41411210004225163,1.0,0.4758594812911574
2022-10-07 18:00:00,0.9730062001895411,0.5448923210730043,0.4143751035335695,1.0,0.4755747726454262
2022-10-07 19:00:00,0.9730062001895411,0.5448923210730043,0.41510851977358604,1.0,0.4747808290235904
2022-10-07 20:00:00,0.9730062001895411,0.5448923210730043,0.41525392007772927,1.0,0.4746234291218854
2022-10-07 21:00:00,0.9730062001895411,0.5448923210730043,0.41711205043508903,1.0,0.4726119509662721
2022-10-07 22:00:00,0.9730062001895411,0.5448923210730043,0.41757604846448726,1.0,0.472109660103478
2022-10-07 23:00:00,0.9730062001895411,0.5448923210730043,0.4171590917099589,1.0,0.47256102746866163
2022-10-08 00:00:00,0.9730062001895411,0.5448923210730043,0.41670364663962794,1.0,0.4730540595137083
2022-10-08 01:00:00,0.9730062001895411,0.5448923210730043,0.4175183159907833,1.0,0.47217215712327265
2022-10-08 02:00:00,0.9730062001895411,0.5445108964482532,0.41805501417225316,1.0,0.47094395479495427
2022-10-08 03:00:00,0.9730062001895411,0.5436428126242595,0.4173878833650078,1.0,0.4716947548833121
2022-10-08 04:00:00,0.9730062001895411,0.5420179377742197,0.4161391513411895,1.0,0.4731000986384436
2022-10-08 05:00:00,0.9730062001895411,0.5404181038037182,0.4149096634752725,1.0,0.47448378469871855
2022-10-08 06:00:00,0.9730062001895411,0.542162618411552,0.4162503398090638,1.0,0.4729749652903839
2022-10-08 07:00:00,0.9730062001895411,0.5423045167289355,0.41635939003717115,1.0,0.4728522383528639
2022-10-08 08:00:00,0.9730062001895411,0.5418871687366309,0.41603865407214935,1.0,0.4732131999338052
2022-10-08 09:00:00,0.9730062001895411,0.5410385611522779,0.4153864909432716,1.0,0.4739471551483858
2022-10-08 10:00:00,0.9730062001895411,0.5419567267353483,0.41609211006631963,1.0,0.47315303967031497
2022-10-08 11:00:00,0.9730062001895411,0.5420040261744762,0.41612846014235544,1.0,0.4731121306911416
2022-10-08 12:00:00,0.9730062001895411,0.5429054978378545,0.41682124982680263,1.0,0.4723324536763084
2022-10-08 13:00:00,0.9730062001895411,0.5423072990488843,0.416361528276938,1.0,0.4728498319423242
2022-10-08 14:00:00,0.9730062001895411,0.5413362693867886,0.41561528259832053,1.0,0.4736896692206477
2022-10-08 15:00:00,0.9730062001895411,0.5418982980164256,0.4160472070312166,1.0,0.4732035742916467
2022-10-08 16:00:00,0.9730062001895411,0.5416117190617098,0.41582696833523497,1.0,0.4734514345772264
2022-10-08 17:00:00,0.9730062001895411,0.5426578713624203,0.4166309464875563,1.0,0.4725466242143336
2022-10-08 18:00:00,0.9730062001895411,0.5419400328156562,0.41607928062771876,1.0,0.4731674781335526
2022-10-08 19:00:00,0.9730062001895411,0.5412416705085329,0.4155425824462489,1.0,0.4737714871789944
2022-10-08 20:00:00,0.9730062001895411,0.5410580373919188,0.41540145862163935,1.0,0.4739303102746086
2022-10-08 21:00:00,0.9730062001895411,0.5405794783607427,0.4150336813817476,1.0,0.47434421288742123
2022-10-08 22:00:00,0.9730062001895411,0.5368678635491794,0.4121812695328203,1.0,0.47755436454725914
2022-10-08 23:00:00,0.9730062001895411,0.5380531318473247,0.41309215967348223,1.0,0.47652923365738586
2022-10-09 00:00:00,0.9730062001895411,0.5395639315794678,0.4142532238668612,1.0,0.4752225527343784
2022-10-09 01:00:00,0.9730062001895411,0.5390158145495743,0.4138319906327992,1.0,0.47569661561068133
2022-10-09 02:00:00,0.9730062001895411,0.5388690073851052,0.41400946453344467,1.0,0.47483755976824576
2022-10-09 03:00:00,0.9730062001895411,0.5388690073851052,0.41313706270858525,1.0,0.475837149521163
2022-10-09 04:00:00,0.9730062001895411,0.5388690073851052,0.413220454059491,1.0,0.47574160050066355
2022-10-09 05:00:00,0.9730062001895411,0.5388690073851052,0.4136780373695888,1.0,0.47521730587535893
2022-10-09 06:00:00,0.9730062001895411,0.5388690073851052,0.4140928558843503,1.0,0.47474201074774636
2022-10-09 07:00:00,0.9730062001895411,0.5388690073851052,0.414494844960511,1.0,0.4742814154694414
2022-10-09 08:00:00,0.9730062001895411,0.5388690073851052,0.41408216468551623,1.0,0.4747542606221694
2022-10-09 09:00:00,0.9730062001895411,0.5388690073851052,0.41385978774976784,1.0,0.47500905801016785
2022-10-09 10:00:00,0.9730062001895411,0.5388690073851052,0.41424894738732754,1.0,0.47456316258117054
2022-10-09 11:00:00,0.9730062001895411,0.5388690073851052,0.4158291065750018,1.0,0.4727526311414504
2022-10-09 12:00:00,0.9730062001895411,0.5388690073851052,0.4154207027795407,1.0,0.4732205763444091
2022-10-09 13:00:00,0.9730062001895411,0.5388690073851052,0.4160578982300507,1.0,0.47249048382879805
2022-10-09 14:00:00,0.9730062001895411,0.5388690073851052,0.415348002627469,1.0,0.4733038754904856
2022-10-09 15:00:00,0.9730062001895411,0.5388690073851052,0.41607286590841835,1.0,0.47247333400460584
2022-10-09 16:00:00,0.9730062001895411,0.5388690073851052,0.41678062327123316,1.0,0.47166239231780294
2022-10-09 17:00:00,0.9730062001895411,0.5388690073851052,0.416179777896759,1.0,0.4723508352603758
2022-10-09 18:00:00,0.9730062001895411,0.5388690073851052,0.41576495938199737,1.0,0.47282613038798843
2022-10-09 19:00:00,0.9730062001895411,0.5388690073851052,0.4165646610547852,1.0,0.47190983978114764
2022-10-09 20:00:00,0.9730062001895411,0.5388690073851052,0.41539932038187255,1.0,0.47324507609325517
2022-10-09 21:00:00,0.9730062001895411,0.5388690073851052,0.41569867394922627,1.0,0.472902079609411
2022-10-09 22:00:00,0.9730062001895411,0.5388690073851052,0.41563666499598867,1.0,0.47297312888106446
2022-10-09 23:00:00,0.9730062001895411,0.5388690073851052,0.41391110550417126,1.0,0.47495025861293744
2022-10-10 00:00:00,0.9730062001895411,0.5388690073851052,0.4147599866915957,1.0,0.47397761858375087
2022-10-10 01:00:00,0.9730062001895411,0.5388690073851052,0.41591891264520786,1.0,0.47264973219629713
2022-10-10 02:00:00,0.9730062001895411,0.5388690073851052,0.4160856953470192,1.0,0.4717938627372963
2022-10-10 03:00:00,0.9730062001895411,0.5388690073851052,0.41545277637604283,1.0,0.4725108174240165
2022-10-10 04:00:00,0.9730062001895411,0.5388690073851052,0.4149973313057118,1.0,0.47302673414114976
2022-10-10 05:00:00,0.9730062001895411,0.5388690073851052,0.4153736615046708,1.0,0.4726004367598566
2022-10-10 06:00:00,0.9730062001895411,0.5388690073851052,0.4141912149136237,1.0,0.4739398825090333
2022-10-10 07:00:00,0.9730062001895411,0.5388690073851052,0.41378281111816256,1.0,0.47440251205350487
2022-10-10 08:00:00,0.9730062001895411,0.5388690073851052,0.4141463118785206,1.0,0.47399074753748305
2022-10-10 09:00:00,0.9730062001895411,0.5388690073851052,0.41044715708193563,1.0,0.4781810570240576
2022-10-10 10:00:00,0.9730062001895411,0.5388690073851052,0.4124186141469364,1.0,0.4759478400606924
2022-10-10 11:00:00,0.9730062001895411,0.5388690073851052,0.4112874853102928,1.0,0.47722915434878377
2022-10-10 12:00:00,0.9730062001895411,0.5388690073851052,0.4124784848604071,1.0,0.4758800200227595
2022-10-10 13:00:00,0.9730062001895411,0.5388690073851052,0.41433020049846647,1.0,0.47378244313526025
2022-10-10 14:00:00,0.9730062001895411,0.5388690073851052,0.41215561065561857,1.0,0.4762457637987552
2022-10-10 15:00:00,0.9730062001895411,0.5388690073851052,0.4109560581464369,1.0,0.47760458670162714
2022-10-10 16:00:00,0.9730062001895411,0.5388690073851052,0.4111613291640509,1.0,0.4773720608572854
2022-10-10 17:00:00,0.9730062001895411,0.5388690073851052,0.4084906676953025,1.0,0.4803973189779395
2022-10-10 18:00:00,0.9730062001895411,0.5388690073851052,0.41234591399486475,1.0,0.4760301929638968
2022-10-10 19:00:00,0.9730062001895411,0.5388690073851052,0.4101948447894518,1.0,0.4784668700410609
2022-10-10 20:00:00,0.9730062001895411,0.5388690073851052,0.4099489472162684,1.0,0.47874541662542863
2022-10-10 21:00:00,0.9730062001895411,0.5388690073851052,0.41064601338024914,1.0,0.4779557976123516
2022-10-10 22:00:00,0.9730062001895411,0.5388690073851052,0.4106973311346527,1.0,0.4778976661512661
2022-10-10 23:00:00,0.9730062001895411,0.5388690073851052,0.4082084200460833,1.0,0.48071704201390936
2022-10-11 00:00:00,0.9730062001895411,0.5388690073851052,0.4082191112449174,1.0,0.4807049312928499
2022-10-11 01:00:00,0.9730062001895411,0.5388690073851052,0.40641229864196116,1.0,0.48275164315189933
2022-10-11 02:00:00,0.9730062001895411,0.5384917990799357,0.40617281578807823,1.0,0.4823624063935594
2022-10-11 03:00:00,0.9730062001895411,0.5391714598069145,0.40668599333211314,1.0,0.4817535897238221
2022-10-11 04:00:00,0.9730062001895411,0.538808974085859,0.40641229864196116,1.0,0.48207829194768204
2022-10-11 05:00:00,0.9730062001895411,0.538732512254074,0.40635456616825727,1.0,0.48214678382302745
2022-10-11 06:00:00,0.9730062001895411,0.5383813542118017,0.40608942443717255,1.0,0.4824613391023917
2022-10-11 07:00:00,0.9730062001895411,0.5391629640478272,0.4066795786128126,1.0,0.4817611999321939
2022-10-11 08:00:00,0.9730062001895411,0.5398143055778485,0.40717137375917944,1.0,0.4811777506236957
2022-10-11 09:00:00,0.9730062001895411,0.5405336131805677,0.40771448665994975,1.0,0.48053341964822377
2022-10-11 10:00:00,0.9730062001895411,0.5393158877113974,0.4067950435602205,1.0,0.481624216181503
2022-10-11 11:00:00,0.9730062001895411,0.5400946656277272,0.4073830594960939,1.0,0.48092661374742907
2022-10-11 12:00:00,0.9730062001895411,0.5419325815102657,0.40877077710475496,1.0,0.47928027200301454
2022-10-11 13:00:00,0.9730062001895411,0.5417145236936933,0.4086061326427104,1.0,0.47947560068455525
2022-10-11 14:00:00,0.9730062001895411,0.5371919479395888,0.40519136373511144,1.0,0.4835267682744319
2022-10-11 15:00:00,0.9730062001895411,0.5384804714011527,0.40616426282901097,1.0,0.482372553338055
2022-10-11 16:00:00,0.9730062001895411,0.541584255387689,0.408507773613437,1.0,0.47959229054625496
2022-10-11 17:00:00,0.9730062001895411,0.5418193047224359,0.4086852475140825,1.0,0.47938174144797074
2022-10-11 18:00:00,0.9730062001895411,0.5411538035939358,0.40818276116888164,1.0,0.47997787443708845
2022-10-11 19:00:00,0.9730062001895411,0.5367813195837058,0.40488131896892365,1.0,0.4838945950123982
2022-10-11 20:00:00,0.9730062001895411,0.5374411568728144,0.4053795288345909,1.0,0.4833035354955283
2022-10-11 21:00:00,0.9730062001895411,0.538067011125574,0.40585207982305643,1.0,0.48274291681214515
2022-10-11 22:00:00,0.9730062001895411,0.5377470041999548,0.4056104587294066,1.0,0.48302956799414654
2022-10-11 23:00:00,0.9730062001895411,0.5386362269844187,0.4062818660161856,1.0,0.48223303285124025
2022-10-12 00:00:00,0.9730062001895411,0.5392450897190038,0.4067415875660502,1.0,0.4816876345846006
2022-10-12 01:00:00,0.9730062001895411,0.5400691783504655,0.40736381533819255,1.0,0.4809494443725442
2022-10-12 02:00:00,0.9730062001895411,0.5385495340468216,0.40678649060115324,1.0,0.48095905611378886
2022-10-12 03:00:00,0.9730062001895411,0.5386372007446227,0.4068527760339245,1.0,0.48103734806199683
2022-10-12 04:00:00,0.9730062001895411,0.5381083725998229,0.40645292519753057,1.0,0.48056507082603295
2022-10-12 05:00:00,0.9730062001895411,0.5394742763107226,0.40748569500490084,1.0,0.4817849098900466
2022-10-12 06:00:00,0.9730062001895411,0.5399578571276251,0.40785133400502577,1.0,0.48221677837854837
2022-10-12 07:00:00,0.9730062001895411,0.5409900617952823,0.4086317915199122,1.0,0.4831386029300287
2022-10-12 08:00:00,0.9730062001895411,0.5398588785978499,0.40777649561318735,1.0,0.48212838424347493
2022-10-12 09:00:00,0.9730062001895411,0.5407185778278985,0.40842652050229816,1.0,0.4828961504452557
2022-10-12 10:00:00,0.9730062001895411,0.5415245458560691,0.4090359188358396,1.0,0.48361593125942526
2022-10-12 11:00:00,0.9730062001895411,0.5410381370811731,0.40866814159594794,1.0,0.48318153722420715
2022-10-12 12:00:00,0.9730062001895411,0.5399663410016059,0.4078577487243262,1.0,0.4822243550186975
2022-10-12 13:00:00,0.9730062001895411,0.5388860610480578,0.40704094113340394,1.0,0.48125959617303865
2022-10-12 14:00:00,0.9730062001895411,0.5400483517834197,0.40791975767756367,1.0,0.4822975958734726
2022-10-12 15:00:00,0.9730062001895411,0.539310254747095,0.40736167709842575,1.0,0.4816384281804963
2022-10-12 16:00:00,0.9730062001895411,0.5406280831721039,0.40835809682976015,1.0,0.4828153329503314
2022-10-12 17:00:00,0.9730062001895411,0.5394827601847034,0.40749210972420125,1.0,0.48179248653019574
2022-10-12 18:00:00,0.9730062001895411,0.5392961149571271,0.4073509858995917,1.0,0.4816258004469144
2022-10-12 19:00:00,0.9730062001895411,0.5400002764975289,0.4078834076015279,1.0,0.48225466157929414
2022-10-12 20:00:00,0.9730062001895411,0.5406761584579948,0.40839444690579596,1.0,0.4828582672445099
2022-10-12 21:00:00,0.9730062001895411,0.5415358576880435,0.4090444717949069,1.0,0.48362603344629085
2022-10-12 22:00:00,0.9730062001895411,0.5417536104535493,0.40920911625695144,1.0,0.48382050054345244
2022-10-12 23:00:00,0.9730062001895411,0.5410042015852502,0.40864248271874626,1.0,0.4831512306636106
2022-10-13 00:00:00,0.9730062001895411,0.5411229758209806,0.4087322887889523,1.0,0.4832573036256987
2022-10-13 01:00:00,0.9730062001895411,0.5409363305934043,0.4085911649643427,1.0,0.48309061754241733
2022-10-13 02:00:00,0.9730062001895411,0.5390324768034395,0.407723039619017,1.0,0.48139035477379233
2022-10-13 03:00:00,0.9730062001895411,0.538430964081004,0.407267594548686,1.0,0.48085316557775115
2022-10-13 04:00:00,0.9730062001895411,0.538462028118313,0.40729111518612093,1.0,0.48088090774280495
2022-10-13 05:00:00,0.9730062001895411,0.5386653563625164,0.4074450684493314,1.0,0.4810624928231569
2022-10-13 06:00:00,0.9730062001895411,0.5385411002132809,0.4073509858995917,1.0,0.4809515241629418
2022-10-13 07:00:00,0.9730062001895411,0.5376628351584576,0.40668599333211314,1.0,0.4801671774964217
2022-10-13 08:00:00,0.9730062001895411,0.5361830573811988,0.4055655556943036,1.0,0.47884564163386034
2022-10-13 09:00:00,0.9730062001895411,0.5362451854558166,0.40561259696917346,1.0,0.4789011259639679
2022-10-13 10:00:00,0.9730062001895411,0.535832880960626,0.4053004139632188,1.0,0.47853291177325424
2022-10-13 11:00:00,0.9730062001895411,0.5272140226091112,0.3987745061949083,1.0,0.4708357219783363
2022-10-13 12:00:00,0.9730062001895411,0.5289818487323249,0.40011304428893263,1.0,0.4724145033713961
2022-10-13 13:00:00,0.9730062001895411,0.5186121082779466,0.3922614278651985,1.0,0.46315366427344756
2022-10-13 14:00:00,0.9730062001895411,0.5198179577262091,0.3931744562456273,1.0,0.46423056468053475
2022-10-13 15:00:00,0.9730062001895411,0.5193745891937097,0.3928387526022378,1.0,0.4638346083247673
2022-10-13 16:00:00,0.9730062001895411,0.5347061036073317,0.4044472562962608,1.0,0.477526627786304
2022-10-13 17:00:00,0.9730062001895411,0.5383716600097781,0.407222691513583,1.0,0.4808002032626485
2022-10-13 18:00:00,0.9730062001895411,0.5403823504246793,0.4087451182275532,1.0,0.48259587794612874
2022-10-13 19:00:00,0.9730062001895411,0.5477445272668809,0.4143195092996324,1.0,0.48917077106387163
2022-10-13 20:00:00,0.9730062001895411,0.5463748856218991,0.41328246301272853,1.0,0.487947593786501
2022-10-13 21:00:00,0.9730062001895411,0.5467307100492551,0.41355188122334685,1.0,0.4882653676771168
2022-10-13 22:00:00,0.9730062001895411,0.5472333826529804,0.4139324879018394,1.0,0.48871428634798686
2022-10-13 23:00:00,0.9730062001895411,0.5480777596671033,0.41457182159211625,1.0,0.4894683688344484
2022-10-14 00:00:00,0.9730062001895411,0.5465019657745263,0.4133786838022351,1.0,0.4880610844617209
2022-10-14 01:00:00,0.9730062001895411,0.5474310628904004,0.41408216468551623,1.0,0.488890827398329
2022-10-14 02:00:00,0.9730062001895411,0.5599103940296624,0.42382826154264586,1.0,0.4996856404580517
2022-10-14 03:00:00,0.9730062001895411,0.5599103940296624,0.4230670481856608,1.0,0.4987890362458694
2022-10-14 04:00:00,0.9730062001895411,0.5599103940296624,0.4228040446943429,1.0,0.49847925445345814
2022-10-14 05:00:00,0.9730062001895411,0.5599103940296624,0.4227505887001726,1.0,0.4984162906745127
2022-10-14 06:00:00,0.9730062001895411,0.5599103940296624,0.42258594423812806,1.0,0.4982223622353609
2022-10-14 07:00:00,0.9730062001895411,0.5599103940296624,0.42231866426727654,1.0,0.497907543340634
2022-10-14 08:00:00,0.9730062001895411,0.5599103940296624,0.41910488989775796,1.0,0.4941221609504373
2022-10-14 09:00:00,0.9730062001895411,0.5599103940296624,0.41860240355255707,1.0,0.49353030142835064
2022-10-14 10:00:00,0.9730062001895411,0.5599103940296624,0.4192695343598025,1.0,0.4943160893895891
2022-10-14 11:00:00,0.9730062001895411,0.5599103940296624,0.4200777889916575,1.0,0.49526810172724334
2022-10-14 12:00:00,0.9730062001895411,0.5599103940296624,0.4181469584822261,1.0,0.49299385003173596
2022-10-14 13:00:00,0.9730062001895411,0.5599103940296624,0.4225004146474556,1.0,0.4981216201890483
2022-10-14 14:00:00,0.9730062001895411,0.5599103940296624,0.41962448216109327,1.0,0.49473416888178645
2022-10-14 15:00:00,0.9730062001895411,0.5599103940296624,0.4153351731888682,1.0,0.4896819552592086
2022-10-14 16:00:00,0.9730062001895411,0.5599103940296624,0.41311140383138356,1.0,0.4870626620550805
2022-10-14 17:00:00,0.9730062001895411,0.5599103940296624,0.4119161278017356,1.0,0.48565479195786154
2022-10-14 18:00:00,0.9730062001895411,0.5599103940296624,0.4131584451062534,1.0,0.4871180701805523
2022-10-14 19:00:00,0.9730062001895411,0.5599103940296624,0.40998957377183787,1.0,0.4833855773646698
2022-10-14 20:00:00,0.9730062001895411,0.5599103940296624,0.40898887756096974,1.0,0.4822068954228121
2022-10-14 21:00:00,0.9730062001895411,0.5599103940296624,0.4091385543446466,1.0,0.48238319400385915
2022-10-14 22:00:00,0.9730062001895411,0.5599103940296624,0.40766530714531307,1.0,0.48064791225612435
2022-10-14 23:00:00,0.9730062001895411,0.5599103940296624,0.4087750535842885,1.0,0.4819550403070305
2022-10-15 00:00:00,0.9730062001895411,0.5599103940296624,0.4090850983504763,1.0,0.48232023022491377
2022-10-15 01:00:00,0.9730062001895411,0.5599103940296624,0.4096645613272824,1.0,0.48300275758868183
2022-10-15 02:00:00,0.9730062001895411,0.5599103940296624,0.4091150337072117,1.0,0.4816801837634319
2022-10-15 03:00:00,0.9730062001895411,0.5599103940296624,0.4095576493389418,1.0,0.48115958665193914
2022-10-15 04:00:00,0.9730062001895411,0.5599103940296624,0.40964317892961427,1.0,0.48105898817628834
2022-10-15 05:00:00,0.9730062001895411,0.5599103940296624,0.4093758989587628,1.0,0.481373358412697
2022-10-15 06:00:00,0.9730062001895411,0.5599103940296624,0.40914710730371384,1.0,0.4816424593350629
2022-10-15 07:00:00,0.9730062001895411,0.5599103940296624,0.40896963340306847,1.0,0.4818512011720382
2022-10-15 08:00:00,0.9730062001895411,0.5599103940296624,0.4089674951633016,1.0,0.4818537161339295
2022-10-15 09:00:00,0.9730062001895411,0.5599103940296624,0.406869881952059,1.0,0.48432089374926474
2022-10-15 10:00:00,0.9730062001895411,0.5599103940296624,0.40768455130321435,1.0,0.48336269326869113
2022-10-15 11:00:00,0.9730062001895411,0.5599103940296624,0.40870876815151735,1.0,0.4821580265227731
2022-10-15 12:00:00,0.9730062001895411,0.5599103940296624,0.4090038452393374,1.0,0.48181096178177796
2022-10-15 13:00:00,0.9730062001895411,0.5599103940296624,0.40893969804633307,1.0,0.481886410638516
2022-10-15 14:00:00,0.9730062001895411,0.5599103940296624,0.4090059834791043,1.0,0.4818084468198866
2022-10-15 15:00:00,0.9730062001895411,0.5599103940296624,0.40847570001693484,1.0,0.4824321573689215
2022-10-15 16:00:00,0.9730062001895411,0.5599103940296624,0.40812075221564403,1.0,0.48284964104287215
2022-10-15 17:00:00,0.9730062001895411,0.5599103940296624,0.4080844021396082,1.0,0.48289239539502377
2022-10-15 18:00:00,0.9730062001895411,0.5599103940296624,0.4077059337008825,1.0,0.4833375436497785
2022-10-15 19:00:00,0.9730062001895411,0.5599103940296624,0.4078834076015279,1.0,0.48312880181280304
2022-10-15 20:00:00,0.9730062001895411,0.5599103940296624,0.4075305980400039,1.0,0.48354377052486247
2022-10-15 21:00:00,0.9730062001895411,0.5599103940296624,0.4074557596481655,1.0,0.4836317941910569
2022-10-15 22:00:00,0.9730062001895411,0.5599103940296624,0.40689340258949386,1.0,0.48429322916846085
2022-10-15 23:00:00,0.9730062001895411,0.5599103940296624,0.4066282608584092,1.0,0.4846050844429782
2022-10-16 00:00:00,0.9730062001895411,0.5599103940296624,0.4068570525134581,1.0,0.48433598352061236
2022-10-16 01:00:00,0.9730062001895411,0.5599103940296624,0.4083623733092938,1.0,0.48256545034915876
2022-10-16 02:00:00,0.9730062001895411,0.5595184567538416,0.4084479028999663,1.0,0.48179049923175177
2022-10-16 03:00:00,0.9730062001895411,0.558675729401162,0.40783208984712443,1.0,0.4825161554224686
2022-10-16 04:00:00,0.9730062001895411,0.5588337407797894,0.4079475547945323,1.0,0.4823800948867092
2022-10-16 05:00:00,0.9730062001895411,0.5592931442324655,0.40828325843792174,1.0,0.4819845114771865
2022-10-16 06:00:00,0.9730062001895411,0.5596501329026978,0.40854412368947285,1.0,0.48167711545195224
2022-10-16 07:00:00,0.9730062001895411,0.5591731726301743,0.40819559060748245,1.0,0.4820878166987816
2022-10-16 08:00:00,0.9730062001895411,0.559205360133228,0.4082191112449174,1.0,0.4820601006637195
2022-10-16 09:00:00,0.9730062001895411,0.5601943943179701,0.4089418362860999,1.0,0.4812084624954476
2022-10-16 10:00:00,0.9730062001895411,0.5593984851515504,0.408360235069527,1.0,0.48189380445334684
2022-10-16 11:00:00,0.9730062001895411,0.5590561271645244,0.40811006101680997,1.0,0.4821886022808256
2022-10-16 12:00:00,0.9730062001895411,0.5595740533500254,0.40848852945553576,1.0,0.48174262608028084
2022-10-16 13:00:00,0.9730062001895411,0.5591965817233042,0.408212696525617,1.0,0.4820676595823728
2022-10-16 14:00:00,0.9730062001895411,0.5590385703446769,0.40809723157820915,1.0,0.4822037201181322
2022-10-16 15:00:00,0.9730062001895411,0.5590941669408606,0.4081378581337785,1.0,0.4821558469666613
2022-10-16 16:00:00,0.9730062001895411,0.5599251897469752,0.4087451182275532,1.0,0.4814402693341488
2022-10-16 17:00:00,0.9730062001895411,0.5593165533255955,0.4083003643560563,1.0,0.4819643543607776
2022-10-16 18:00:00,0.9730062001895411,0.5592463260462055,0.4082490466016528,1.0,0.48202482571000405
2022-10-16 19:00:00,0.9730062001895411,0.5591790249034568,0.4081998670870161,1.0,0.48208277741967936
2022-10-16 20:00:00,0.9730062001895411,0.5663948778607761,0.4134727663519748,1.0,0.4758693462866662
2022-10-16 21:00:00,0.9730062001895411,0.5649376618134343,0.41240792294810236,1.0,0.4771241267831141
2022-10-16 22:00:00,0.9730062001895411,0.5596237976729266,0.40852487953157157,1.0,0.4816997922079121
2022-10-16 23:00:00,0.9730062001895411,0.5640539685477771,0.4117621745385251,1.0,0.4778850579275464
2022-10-17 00:00:00,0.9730062001895411,0.5629420366241026,0.41094964342713647,1.0,0.4788425209569645
2022-10-17 01:00:00,0.9730062001895411,0.5620115251721856,0.41026968318129026,1.0,0.47964376633421435
2022-10-17 02:00:00,0.9730062001895411,0.5600651518369585,0.409134277865113,1.0,0.4803071886332382
2022-10-17 03:00:00,0.9730062001895411,0.5600651518369585,0.409703049643085,1.0,0.4809742302937156
2022-10-17 04:00:00,0.9730062001895411,0.5600651518369585,0.40937803719852955,1.0,0.4805930636305856
2022-10-17 05:00:00,0.9730062001895411,0.5600651518369585,0.41027609790059066,1.0,0.48164628730502373
2022-10-17 06:00:00,0.9730062001895411,0.5600651518369585,0.4112062321991539,1.0,0.48273712611069175
2022-10-17 07:00:00,0.9730062001895411,0.5600651518369585,0.41047709243867103,1.0,0.4818820087940647
2022-10-17 08:00:00,0.9730062001895411,0.5600651518369585,0.41165953902971814,1.0,0.4832687532987415
2022-10-17 09:00:00,0.9730062001895411,0.5600651518369585,0.410932537509002,1.0,0.4824161436575297
2022-10-17 10:00:00,0.9730062001895411,0.5600651518369585,0.4125725674101469,1.0,0.48433953070108693
2022-10-17 11:00:00,0.9730062001895411,0.5600651518369585,0.4138255759134988,1.0,0.4858090284944696
2022-10-17 12:00:00,0.9730062001895411,0.5600651518369585,0.41524750535842886,1.0,0.4874766326456633
2022-10-17 13:00:00,0.9730062001895411,0.5600651518369585,0.4164534725869109,1.0,0.4888909615799088
2022-10-17 14:00:00,0.9730062001895411,0.5600651518369585,0.417851881394406,1.0,0.49053098130153383
2022-10-17 15:00:00,0.9730062001895411,0.5600651518369585,0.4155040941304463,1.0,0.48777755369550274
2022-10-17 16:00:00,0.9730062001895411,0.5600651518369585,0.41677848503146636,1.0,0.4892721282430388
2022-10-17 17:00:00,0.9730062001895411,0.5600651518369585,0.4162952428441668,1.0,0.4887053935991744
2022-10-17 18:00:00,0.9730062001895411,0.5600651518369585,0.4165411404173502,1.0,0.48899377627193724
2022-10-17 19:00:00,0.9730062001895411,0.5600651518369585,0.41644278138807683,1.0,0.48887842320283215
2022-10-17 20:00:00,0.9730062001895411,0.5600651518369585,0.4166694348033589,1.0,0.489144236796857
2022-10-17 21:00:00,0.9730062001895411,0.5600651518369585,0.4166844024817266,1.0,0.4891617905247643
2022-10-17 22:00:00,0.9730062001895411,0.5600651518369585,0.4164598873062113,1.0,0.48889848460615476
2022-10-17 23:00:00,0.9730062001895411,0.5600651518369585,0.41641284603134143,1.0,0.4888433157470175
2022-10-18 00:00:00,0.9730062001895411,0.5600651518369585,0.4171270181134567,1.0,0.4896808793357374
2022-10-18 01:00:00,0.9730062001895411,0.5600651518369585,0.41813840552315884,1.0,0.4908670098071879
2022-10-18 02:00:00,0.9730062001895411,0.5600651518369585,0.4168533234233048,1.0,0.48867479746276676
2022-10-18 03:00:00,0.9730062001895411,0.5600651518369585,0.41593601856334234,1.0,0.4876004968981925
2022-10-18 04:00:00,0.9730062001895411,0.5600651518369585,0.41710991219532223,1.0,0.4889753011171931
2022-10-18 05:00:00,0.9730062001895411,0.5600651518369585,0.41780697835930297,1.0,0.4897916693783847
2022-10-18 06:00:00,0.9730062001895411,0.5600651518369585,0.41721896242342965,1.0,0.4891030151703243
2022-10-18 07:00:00,0.9730062001895411,0.5600651518369585,0.41912841053519284,1.0,0.49133926319868043
2022-10-18 08:00:00,0.9730062001895411,0.5600651518369585,0.41958813208505746,1.0,0.49187766557952767
2022-10-18 09:00:00,0.9730062001895411,0.5600651518369585,0.41681697334726897,1.0,0.488632226111723
2022-10-18 10:00:00,0.9730062001895411,0.5600651518369585,0.41671219959869515,1.0,0.4885095204528322
2022-10-18 11:00:00,0.9730062001895411,0.5600651518369585,0.4167271672770628,1.0,0.48852704983267375
2022-10-18 12:00:00,0.9730062001895411,0.5600651518369585,0.41744775407847856,1.0,0.4893709642621878
2022-10-18 13:00:00,0.9730062001895411,0.5600651518369585,0.4188333334473728,1.0,0.4909936839960901
2022-10-18 14:00:00,0.9730062001895411,0.5600651518369585,0.41700300020698167,1.0,0.4888500912611821
2022-10-18 15:00:00,0.9730062001895411,0.5600651518369585,0.4143195092996324,1.0,0.48570732387530646
2022-10-18 16:00:00,0.9730062001895411,0.5600651518369585,0.4133508866852665,1.0,0.4845729225798469
2022-10-18 17:00:00,0.9730062001895411,0.5600651518369585,0.4142040443522245,1.0,0.48557209723081457
2022-10-18 18:00:00,0.9730062001895411,0.5600651518369585,0.4140992706036507,1.0,0.4854493915719238
2022-10-18 19:00:00,0.9730062001895411,0.5600651518369585,0.4100922092806448,1.0,0.4807565261686322
2022-10-18 20:00:00,0.9730062001895411,0.5600651518369585,0.41004730624554175,1.0,0.48070393802910755
2022-10-18 21:00:00,0.9730062001895411,0.5600651518369585,0.4132140393401905,1.0,0.4844126539641529
2022-10-18 22:00:00,0.9730062001895411,0.5600651518369585,0.4116873361466867,1.0,0.482624657220316
2022-10-18 23:00:00,0.9730062001895411,0.5600651518369585,0.4122432784860578,1.0,0.4832757484715731
2022-10-19 00:00:00,0.9730062001895411,0.5600651518369585,0.4124271671060037,1.0,0.4834911094239121
2022-10-19 01:00:00,0.9730062001895411,0.5600651518369585,0.4104022540468326,1.0,0.48111963475106406
2022-10-19 02:00:00,0.9730062001895411,0.5600651518369585,0.41209360170238096,1.0,0.48242411130518736
2022-10-19 03:00:00,0.9730062001895411,0.5600651518369585,0.41167023022855215,1.0,0.48291924416951904
2022-10-19 04:00:00,0.9730062001895411,0.5600651518369585,0.41146709745070503,1.0,0.483156807917557
2022-10-19 05:00:00,0.9730062001895411,0.5600651518369585,0.4113174206670282,1.0,0.48333185488979546
2022-10-19 06:00:00,0.9730062001895411,0.5600651518369585,0.4108448696785627,1.0,0.48388450318786264
2022-10-19 07:00:00,0.9730062001895411,0.5600651518369585,0.4094806727073365,1.0,0.4854799313062648
2022-10-19 08:00:00,0.9730062001895411,0.5600651518369585,0.410055859204609,1.0,0.48480725079866266
2022-10-19 09:00:00,0.9730062001895411,0.5600651518369585,0.40958758469567713,1.0,0.48535489775466595
2022-10-19 10:00:00,0.9730062001895411,0.5600651518369585,0.41112070260848144,1.0,0.48356191662473746
2022-10-19 11:00:00,0.9730062001895411,0.5600651518369585,0.41000881792973914,1.0,0.4848622655613662
2022-10-19 12:00:00,0.9730062001895411,0.5600651518369585,0.4096966349237846,1.0,0.485227363532035
2022-10-19 13:00:00,0.9730062001895411,0.5600651518369585,0.4089119009293645,1.0,0.486145109800771
2022-10-19 14:00:00,0.9730062001895411,0.5600651518369585,0.4080694344612405,1.0,0.4871303741873705
2022-10-19 15:00:00,0.9730062001895411,0.5600651518369585,0.40866814159594794,1.0,0.4864301862984166
2022-10-19 16:00:00,0.9730062001895411,0.5600651518369585,0.41112070260848144,1.0,0.48356191662473746
2022-10-19 17:00:00,0.9730062001895411,0.5600651518369585,0.40926471049088853,1.0,0.4857324990804946
2022-10-19 18:00:00,0.9730062001895411,0.5600651518369585,0.4093074752862248,1.0,0.48568248565985506
2022-10-19 19:00:00,0.9730062001895411,0.5600651518369585,0.4094293549529331,1.0,0.4855399474110323
2022-10-19 20:00:00,0.9730062001895411,0.5600651518369585,0.4103487980526623,1.0,0.48446465886728163
2022-10-19 21:00:00,0.9730062001895411,0.5600651518369585,0.409566202298009,1.0,0.4853799044649857
2022-10-19 22:00:00,0.9730062001895411,0.5600651518369585,0.4095405434208073,1.0,0.48540991251736937
2022-10-19 23:00:00,0.9730062001895411,0.5600651518369585,0.40847356177716804,1.0,0.4866577473623266
2022-10-20 00:00:00,0.9730062001895411,0.5600651518369585,0.4080587432624065,1.0,0.4871428775425304
2022-10-20 01:00:00,0.9730062001895411,0.5600651518369585,0.40478295993965036,1.0,0.49097390556352105
2022-10-20 02:00:00,0.9730062001895411,0.5600651518369585,0.40634173672965634,1.0,0.4884755193292472
2022-10-20 03:00:00,0.9730062001895411,0.5600651518369585,0.4067030992502476,1.0,0.48804155795072524
2022-10-20 04:00:00,0.9730062001895411,0.5600651518369585,0.4062754512968852,1.0,0.48855512171228965
2022-10-20 05:00:00,0.9730062001895411,0.5600651518369585,0.40928609288855666,1.0,0.4849396328308761
2022-10-20 06:00:00,0.9730062001895411,0.5600651518369585,0.40833457619232527,1.0,0.48608231220035697
2022-10-20 07:00:00,0.9730062001895411,0.5600651518369585,0.40825118484141953,1.0,0.48618245713386204
2022-10-20 08:00:00,0.9730062001895411,0.5600651518369585,0.4085163265725043,1.0,0.48586404760169205
2022-10-20 09:00:00,0.9730062001895411,0.5600651518369585,0.4077936015313218,1.0,0.48673197035873594
2022-10-20 10:00:00,0.9730062001895411,0.5600651518369585,0.40937162247922915,1.0,0.4848369200785632
2022-10-20 11:00:00,0.9730062001895411,0.5600651518369585,0.40964959364891473,1.0,0.4845031036335463
2022-10-20 12:00:00,0.9730062001895411,0.5600651518369585,0.4098185145904929,1.0,0.48430024594772836
2022-10-20 13:00:00,0.9730062001895411,0.5600651518369585,0.40827256723908767,1.0,0.48615677894578385
2022-10-20 14:00:00,0.9730062001895411,0.5600651518369585,0.40904874827444054,1.0,0.4852246607185443
2022-10-20 15:00:00,0.9730062001895411,0.5600651518369585,0.4123288080767303,1.0,0.4812856266673452
2022-10-20 16:00:00,0.9730062001895411,0.5600651518369585,0.41078713720485877,1.0,0.4831370240277849
2022-10-20 17:00:00,0.9730062001895411,0.5600651518369585,0.4092732634499558,1.0,0.484955039743723
2022-10-20 18:00:00,0.9730062001895411,0.5600651518369585,0.40752418332070345,1.0,0.4870555155285216
2022-10-20 19:00:00,0.9730062001895411,0.5600651518369585,0.4067351728467498,1.0,0.4880030406686079
2022-10-20 20:00:00,0.9730062001895411,0.5600651518369585,0.4067586934841847,1.0,0.4879747946617219
2022-10-20 21:00:00,0.9730062001895411,0.5600651518369585,0.40601886252486774,1.0,0.4888632599692283
2022-10-20 22:00:00,0.9730062001895411,0.5600651518369585,0.406914784987162,1.0,0.4877873438887509
2022-10-20 23:00:00,0.9730062001895411,0.5600651518369585,0.4061236362734415,1.0,0.4887374368476451
2022-10-21 00:00:00,0.9730062001895411,0.5600651518369585,0.40630966313315414,1.0,0.48851403661136455
2022-10-21 01:00:00,0.9730062001895411,0.5600651518369585,0.406414436881728,1.0,0.48838821348978123
2022-10-21 02:00:00,0.9730062001895411,0.5596731062306726,0.40680145827952097,1.0,0.4872395728290242
2022-10-21 03:00:00,0.9730062001895411,0.5609691043624617,0.40774442201668515,1.0,0.4861113042574415
2022-10-21 04:00:00,0.9730062001895411,0.5592675557948746,0.4065063811917009,1.0,0.48759263646366907
2022-10-21 05:00:00,0.9730062001895411,0.5591470661726449,0.4064187133612616,1.0,0.4876975321812085
2022-10-21 06:00:00,0.9730062001895411,0.5590030663802238,0.4063139396126878,1.0,0.48782289535582884
2022-10-21 07:00:00,0.9730062001895411,0.5587797197634076,0.4061514333904101,1.0,0.488017336198097
2022-10-21 08:00:00,0.9730062001895411,0.5585446180614958,0.40598037420906513,1.0,0.48822201076890565
2022-10-21 09:00:00,0.9730062001895411,0.5571810281904069,0.4049882309572643,1.0,0.48940912327959585
2022-10-21 10:00:00,0.9730062001895411,0.5580391494023852,0.40561259696917346,1.0,0.4886620610961443
2022-10-21 11:00:00,0.9730062001895411,0.5577805375302822,0.405424431869694,1.0,0.4888872031240338
2022-10-21 12:00:00,0.9730062001895411,0.5560407849361345,0.40415859392774117,1.0,0.4904017949480178
2022-10-21 13:00:00,0.9730062001895411,0.554154093778292,0.4027858439974478,1.0,0.49204430837875723
2022-10-21 14:00:00,0.9730062001895411,0.5595614329222645,0.4067202051683821,1.0,0.4873367932501583
2022-10-21 15:00:00,0.9730062001895411,0.5569900080576036,0.4048492453724215,1.0,0.4895754213683779
2022-10-21 16:00:00,0.9730062001895411,0.5626353876747618,0.40895680396446754,1.0,0.4846606732368352
2022-10-21 17:00:00,0.9730062001895411,0.5614099200535464,0.40806515798170695,1.0,0.4857275394371752
2022-10-21 18:00:00,0.9730062001895411,0.5620887762178168,0.4085590913678405,1.0,0.4851365416139653
2022-10-21 19:00:00,0.9730062001895411,0.5618066541755227,0.4083538203502266,1.0,0.4853821510989356
2022-10-21 20:00:00,0.9730062001895411,0.5632290194720894,0.4093887283973636,1.0,0.48414386994554337
2022-10-21 21:00:00,0.9730062001895411,0.5629145709457822,0.4091599367423147,1.0,0.484417622184
2022-10-21 22:00:00,0.9730062001895411,0.5622651024942508,0.4086873857538493,1.0,0.4849830356858588
2022-10-21 23:00:00,0.9730062001895411,0.5632642847273761,0.40941438727456536,1.0,0.48411316875992205
2022-10-22 00:00:00,0.9730062001895411,0.5624120410579456,0.4087942977421899,1.0,0.4848551140791034
2022-10-22 01:00:00,0.9730062001895411,0.5625824897918317,0.40891831564866493,1.0,0.4847067250152671
2022-10-22 02:00:00,0.9730062001895411,0.5619505337721986,0.4087451182275532,1.0,0.4842318237558015
2022-10-22 03:00:00,0.9730062001895411,0.5619505337721986,0.40810578453727636,1.0,0.4834751836913678
2022-10-22 04:00:00,0.9730062001895411,0.5619505337721986,0.4086018561631768,1.0,0.4840622756477177
2022-10-22 05:00:00,0.9730062001895411,0.5619505337721986,0.4085163265725043,1.0,0.4839610528966229
2022-10-22 06:00:00,0.9730062001895411,0.5619505337721986,0.40841369106369735,1.0,0.48383958559530915
2022-10-22 07:00:00,0.9730062001895411,0.5619505337721986,0.4084906676953025,1.0,0.4839306860712944
2022-10-22 08:00:00,0.9730062001895411,0.5619505337721986,0.408884103812396,1.0,0.48439631072633055
2022-10-22 09:00:00,0.9730062001895411,0.5619505337721986,0.40872801230941874,1.0,0.48421157920558255
2022-10-22 10:00:00,0.9730062001895411,0.5619505337721986,0.40838803218649555,1.0,0.4838092187699807
2022-10-22 11:00:00,0.9730062001895411,0.5619505337721986,0.4089140391691313,1.0,0.48443173868921363
2022-10-22 12:00:00,0.9730062001895411,0.5619505337721986,0.40917704266044924,1.0,0.48474299864883025
2022-10-22 13:00:00,0.9730062001895411,0.5619505337721986,0.4092775399294894,1.0,0.4848619353813665
2022-10-22 14:00:00,0.9730062001895411,0.5619505337721986,0.40947639622780296,1.0,0.485097278277662
2022-10-22 15:00:00,0.9730062001895411,0.5619505337721986,0.4104065305263662,1.0,0.4861980756958179
2022-10-22 16:00:00,0.9730062001895411,0.5619505337721986,0.4103509362924291,1.0,0.48613228090760624
2022-10-22 17:00:00,0.9730062001895411,0.5619505337721986,0.409521299262906,1.0,0.48515042022198673
2022-10-22 18:00:00,0.9730062001895411,0.5619505337721986,0.40859971792341,1.0,0.48405974507894034
2022-10-22 19:00:00,0.9730062001895411,0.5619505337721986,0.40900170699957067,1.0,0.48453549200908586
2022-10-22 20:00:00,0.9730062001895411,0.5619505337721986,0.4093074752862248,1.0,0.48489736334424977
2022-10-22 21:00:00,0.9730062001895411,0.5619505337721986,0.409987435532071,1.0,0.48570208421545336
2022-10-22 22:00:00,0.9730062001895411,0.5619505337721986,0.40973726147935396,1.0,0.48540600766850106
2022-10-22 23:00:00,0.9730062001895411,0.5619505337721986,0.409521299262906,1.0,0.48515042022198673
2022-10-23 00:00:00,0.9730062001895411,0.5619505337721986,0.40973726147935396,1.0,0.48540600766850106
2022-10-23 01:00:00,0.9730062001895411,0.5619505337721986,0.4095533728594082,1.0,0.4851883787536473
2022-10-23 02:00:00,0.9730062001895411,0.5619505337721986,0.40921125449671825,1.0,0.48410479113673444
2022-10-23 03:00:00,0.9730062001895411,0.5619505337721986,0.4095512346196414,1.0,0.48450658858801127
2022-10-23 04:00:00,0.9730062001895411,0.5619505337721986,0.40960255237404486,1.0,0.48456723725990203
2022-10-23 05:00:00,0.9730062001895411,0.5619505337721986,0.40933527240319334,1.0,0.4842513587604706
2022-10-23 06:00:00,0.9730062001895411,0.5619505337721986,0.40914283082418024,1.0,0.48402392624088
2022-10-23 07:00:00,0.9730062001895411,0.5619505337721986,0.40914069258441343,1.0,0.48402139921288456
2022-10-23 08:00:00,0.9730062001895411,0.5619505337721986,0.4088071271807907,1.0,0.48362718284559403
2022-10-23 09:00:00,0.9730062001895411,0.5619505337721986,0.4092732634499558,1.0,0.48417807494860254
2022-10-23 10:00:00,0.9730062001895411,0.5619505337721986,0.40926471049088853,1.0,0.4841679668366207
2022-10-23 11:00:00,0.9730062001895411,0.5619505337721986,0.40898673932120294,1.0,0.483839453197212
2022-10-23 12:00:00,0.9730062001895411,0.5619505337721986,0.40860399440294354,1.0,0.4833871151860262
2022-10-23 13:00:00,0.9730062001895411,0.5619505337721986,0.4086211003210781,1.0,0.4834073314099898
2022-10-23 14:00:00,0.9730062001895411,0.5619505337721986,0.4091834573797497,1.0,0.48407193977279356
2022-10-23 15:00:00,0.9730062001895411,0.5619505337721986,0.40944859911083437,1.0,0.4843852912442295
2022-10-23 16:00:00,0.9730062001895411,0.5619505337721986,0.40942721671316623,1.0,0.484360020964275
2022-10-23 17:00:00,0.9730062001895411,0.5619505337721986,0.40917704266044924,1.0,0.48406435868880726
2022-10-23 18:00:00,0.9730062001895411,0.5619505337721986,0.415587485481352,1.0,0.49164038861917103
2022-10-23 19:00:00,0.9730062001895411,0.5619505337721986,0.414858345720869,1.0,0.49077867207272197
2022-10-23 20:00:00,0.9730062001895411,0.5619505337721986,0.41609211006631963,1.0,0.49223676722609755
2022-10-23 21:00:00,0.9730062001895411,0.5619505337721986,0.4160514835107502,1.0,0.492188753694184
2022-10-23 22:00:00,0.9730062001895411,0.5619505337721986,0.41696451189117895,1.0,0.4932677946482418
2022-10-23 23:00:00,0.9730062001895411,0.5619505337721986,0.41805501417225316,1.0,0.4945565789259221
2022-10-24 00:00:00,0.9730062001895411,0.5619505337721986,0.4175525278270523,1.0,0.4939627273469909
2022-10-24 01:00:00,0.9730062001895411,0.5619505337721986,0.4164791314641127,1.0,0.4926941592932743
2022-10-24 02:00:00,0.9730062001895411,0.5619505337721986,0.41425536210662806,1.0,0.4893799606287724
2022-10-24 03:00:00,0.9730062001895411,0.5619505337721986,0.4142510856270944,1.0,0.4893749136054547
2022-10-24 04:00:00,0.9730062001895411,0.5619505337721986,0.4137763963988621,1.0,0.48881469401718736
2022-10-24 05:00:00,0.9730062001895411,0.5619505337721986,0.41259394980781505,1.0,0.48741919206983675
2022-10-24 06:00:00,0.9730062001895411,0.5619505337721986,0.41257470564991366,1.0,0.48739648046490697
2022-10-24 07:00:00,0.9730062001895411,0.5619505337721986,0.41165740078995133,1.0,0.48631389396325525
2022-10-24 08:00:00,0.9730062001895411,0.5619505337721986,0.4123737111118334,1.0,0.487159270368974
2022-10-24 09:00:00,0.9730062001895411,0.5619505337721986,0.4126196086850168,1.0,0.4874494742097431
2022-10-24 10:00:00,0.9730062001895411,0.5619505337721986,0.4135860930596158,1.0,0.48859010147954857
2022-10-24 11:00:00,0.9730062001895411,0.5619505337721986,0.41402870869134595,1.0,0.489112468392933
2022-10-24 12:00:00,0.9730062001895411,0.5619505337721986,0.41438579473240356,1.0,0.48953389483996296
2022-10-24 13:00:00,0.9730062001895411,0.5619505337721986,0.413367992603401,1.0,0.4883327032903447
2022-10-24 14:00:00,0.9730062001895411,0.5619505337721986,0.4128740592172674,1.0,0.4877497720971476
2022-10-24 15:00:00,0.9730062001895411,0.5619505337721986,0.41122547635705525,1.0,0.4858041446081652
2022-10-24 16:00:00,0.9730062001895411,0.5619505337721986,0.4118049393338613,1.0,0.4864880162677167
2022-10-24 17:00:00,0.9730062001895411,0.5619505337721986,0.41118912628101945,1.0,0.4857612449099645
2022-10-24 18:00:00,0.9730062001895411,0.5619505337721986,0.4114756504097723,1.0,0.486099395472252
2022-10-24 19:00:00,0.9730062001895411,0.5619505337721986,0.41252980261481065,1.0,0.4873434867200709
2022-10-24 20:00:00,0.9730062001895411,0.5619505337721986,0.4127479030710255,1.0,0.48760088490927483
2022-10-24 21:00:00,0.9730062001895411,0.5619505337721986,0.4134984252291765,1.0,0.4884866375015353
2022-10-24 22:00:00,0.9730062001895411,0.5619505337721986,0.41320548638112325,1.0,0.4881409164042712
2022-10-24 23:00:00,0.9730062001895411,0.5619505337721986,0.4130215977611775,1.0,0.4879238944016091
2022-10-25 00:00:00,0.9730062001895411,0.5619505337721986,0.4123672963925329,1.0,0.4871516998339973
2022-10-25 01:00:00,0.9730062001895411,0.5619505337721986,0.4120144868310089,1.0,0.4867353204102851
2022-10-25 02:00:00,0.9730062001895411,0.5615571683985581,0.41173865390109016,1.0,0.4857288122485383
2022-10-25 03:00:00,0.9730062001895411,0.5619708664486893,0.41204228394797754,1.0,0.48537097679771
2022-10-25 04:00:00,0.9730062001895411,0.5628390496806547,0.41267947939848754,1.0,0.48462002634456336
2022-10-25 05:00:00,0.9730062001895411,0.5628099160151525,0.4126580970008194,1.0,0.4846452260241991
2022-10-25 06:00:00,0.9730062001895411,0.5627807823496502,0.41263671460315127,1.0,0.48467042570383495
2022-10-25 07:00:00,0.9730062001895411,0.5624428318298248,0.412388678790201,1.0,0.4849627419876102
2022-10-25 08:00:00,0.9730062001895411,0.5617960644556761,0.4119139895619688,1.0,0.4855221748755248
2022-10-25 09:00:00,0.9730062001895411,0.5614493738362,0.41165953902971814,1.0,0.48582205106319076
2022-10-25 10:00:00,0.9730062001895411,0.5605666237714835,0.41101165238037407,1.0,0.4865856013561553
2022-10-25 11:00:00,0.9730062001895411,0.5614872476013527,0.4116873361466867,1.0,0.48578929147966426
2022-10-25 12:00:00,0.9730062001895411,0.5616241758292131,0.41178783341572683,1.0,0.485670852985376
2022-10-25 13:00:00,0.9730062001895411,0.562326297167816,0.41230314919952854,1.0,0.4850635407061534
2022-10-25 14:00:00,0.9730062001895411,0.5668216217548048,0.4156024531597197,1.0,0.4811752301383502
2022-10-25 15:00:00,0.9730062001895411,0.5670925648439752,0.41580130945803323,1.0,0.4809408731177373
2022-10-25 16:00:00,0.9730062001895411,0.5747139317393495,0.4213949446880137,1.0,0.4743486369250135
2022-10-25 17:00:00,0.9730062001895411,0.5766280135628438,0.4227997682148093,1.0,0.4726930179729418
2022-10-25 18:00:00,0.9730062001895411,0.5854467741103584,0.4292722199889496,1.0,0.4650650749471867
2022-10-25 19:00:00,0.9730062001895411,0.589912965031845,0.4325501415514726,1.0,0.4612019640590194
2022-10-25 20:00:00,0.9730062001895411,0.5900498932597052,0.43265063882051275,1.0,0.46108352556473114
2022-10-25 21:00:00,0.9730062001895411,0.5875240044606649,0.43079678494268664,1.0,0.46326833778915455
2022-10-25 22:00:00,0.9730062001895411,0.5886776976145518,0.4316435278903442,1.0,0.46227043047557714
2022-10-25 23:00:00,0.9730062001895411,0.5838298556749866,0.4280854969183689,1.0,0.4664636571669733
2022-10-26 00:00:00,0.9730062001895411,0.5842697740240697,0.42840837112315744,1.0,0.4660831420044729
2022-10-26 01:00:00,0.9730062001895411,0.5868044029227607,0.430268639720284,1.0,0.46389076987615874
2022-10-26 02:00:00,0.9730062001895411,0.5882682591976538,0.43164566613011107,1.0,0.4615879016663074
2022-10-26 03:00:00,0.9730062001895411,0.5882682591976538,0.43122229465628226,1.0,0.46113557831122437
2022-10-26 04:00:00,0.9730062001895411,0.5882682591976538,0.4320497934460385,1.0,0.4620196648688866
2022-10-26 05:00:00,0.9730062001895411,0.5882682591976538,0.43105551195447084,1.0,0.46095739032285826
2022-10-26 06:00:00,0.9730062001895411,0.5882682591976538,0.4307989231824534,1.0,0.46068325495614126
2022-10-26 07:00:00,0.9730062001895411,0.5882682591976538,0.4314104597557617,1.0,0.4613366109134835
2022-10-26 08:00:00,0.9730062001895411,0.5882682591976538,0.43408112122451004,1.0,0.4641899031887296
2022-10-26 09:00:00,0.9730062001895411,0.5882682591976538,0.44103467694618304,1.0,0.47161897162676036
2022-10-26 10:00:00,0.9730062001895411,0.5882682591976538,0.43948017663571065,1.0,0.4699581681967332
2022-10-26 11:00:00,0.9730062001895411,0.5882682591976538,0.44095770031457787,1.0,0.4715367310167453
2022-10-26 12:00:00,0.9730062001895411,0.5882682591976538,0.43969186237262503,1.0,0.4701843298742747
2022-10-26 13:00:00,0.9730062001895411,0.5882682591976538,0.4384773421850758,1.0,0.4688867558051476
2022-10-26 14:00:00,0.9730062001895411,0.5882682591976538,0.43855645705644786,1.0,0.46897128087655204
2022-10-26 15:00:00,0.9730062001895411,0.5882682591976538,0.4444815194502842,1.0,0.4753015233863255
2022-10-26 16:00:00,0.9730062001895411,0.5882682591976538,0.44481508485390686,1.0,0.4756578993630575
2022-10-26 17:00:00,0.9730062001895411,0.5882682591976538,0.44306600472465457,1.0,0.4737892099466033
2022-10-26 18:00:00,0.9730062001895411,0.5882682591976538,0.44429335435080475,1.0,0.47510049078406635
2022-10-26 19:00:00,0.9730062001895411,0.5882682591976538,0.4416376605604241,1.0,0.47226318973854536
2022-10-26 20:00:00,0.9730062001895411,0.5882682591976538,0.4430809724030223,1.0,0.47380520117632846
2022-10-26 21:00:00,0.9730062001895411,0.5882682591976538,0.4426896745256957,1.0,0.47338714474208504
2022-10-26 22:00:00,0.9730062001895411,0.5882682591976538,0.4425399977420188,1.0,0.4732272324448335
2022-10-26 23:00:00,0.9730062001895411,0.5882682591976538,0.4442292071578004,1.0,0.4750319569423871
2022-10-27 00:00:00,0.9730062001895411,0.5882682591976538,0.443164363753928,1.0,0.4738942951705115
2022-10-27 01:00:00,0.9730062001895411,0.5882682591976538,0.44282224539123805,1.0,0.4735287813482222
2022-10-27 02:00:00,0.9730062001895411,0.5882682591976538,0.4422385059348983,1.0,0.4722430617616351
2022-10-27 03:00:00,0.9730062001895411,0.5882682591976538,0.4413383069930704,1.0,0.47128263387801783
2022-10-27 04:00:00,0.9730062001895411,0.5882682591976538,0.4428628719468074,1.0,0.4729092017664243
2022-10-27 05:00:00,0.9730062001895411,0.5882682591976538,0.44381866512257245,1.0,0.47392894348608455
2022-10-27 06:00:00,0.9730062001895411,0.5882682591976538,0.44387212111674273,1.0,0.47398597602074116
2022-10-27 07:00:00,0.9730062001895411,0.5882682591976538,0.4421016585898223,1.0,0.4720970584729142
2022-10-27 08:00:00,0.9730062001895411,0.5882682591976538,0.4419926083617149,1.0,0.4719807121022147
2022-10-27 09:00:00,0.9730062001895411,0.5882682591976538,0.44191563173010967,1.0,0.4718985852523092
2022-10-27 10:00:00,0.9730062001895411,0.5882682591976538,0.43982870971770105,1.0,0.46967203509931515
2022-10-27 11:00:00,0.9730062001895411,0.5882682591976538,0.43849658634297706,1.0,0.46825078433567235
2022-10-27 12:00:00,0.9730062001895411,0.5882682591976538,0.4400575013727499,1.0,0.4699161343476454
2022-10-27 13:00:00,0.9730062001895411,0.5882682591976538,0.44219360289979526,1.0,0.4721951544325236
2022-10-27 14:00:00,0.9730062001895411,0.5882682591976538,0.4379000174480365,1.0,0.46761430124890463
2022-10-27 15:00:00,0.9730062001895411,0.5882682591976538,0.43889643717937094,1.0,0.46867738769490386
2022-10-27 16:00:00,0.9730062001895411,0.5882682591976538,0.4387959399103307,1.0,0.46857016652974937
2022-10-27 17:00:00,0.9730062001895411,0.5882682591976538,0.4390161786063125,1.0,0.4688051405725347
2022-10-27 18:00:00,0.9730062001895411,0.5882682591976538,0.4391979289864915,1.0,0.46899905119036717
2022-10-27 19:00:00,0.9730062001895411,0.5882682591976538,0.43916157891045565,1.0,0.46896026906680066
2022-10-27 20:00:00,0.9730062001895411,0.5882682591976538,0.44020503991666,1.0,0.47007354414329766
2022-10-27 21:00:00,0.9730062001895411,0.5882682591976538,0.43514168814884885,1.0,0.46467142246062354
2022-10-27 22:00:00,0.9730062001895411,0.5882682591976538,0.43540896811970037,1.0,0.4649565851339066
2022-10-27 23:00:00,0.9730062001895411,0.5882682591976538,0.4324795796391678,1.0,0.46183120223472435
2022-10-28 00:00:00,0.9730062001895411,0.5882682591976538,0.4330547661364402,1.0,0.46244487230762943
2022-10-28 01:00:00,0.9730062001895411,0.5882682591976538,0.4327981773644227,1.0,0.4621711161412777
2022-10-28 02:00:00,0.9730062001895411,0.5878564714162154,0.43362781439394593,1.0,0.4624079778121052
2022-10-28 03:00:00,0.9730062001895411,0.58502118545417,0.4315344776622368,1.0,0.46463821412313866
2022-10-28 04:00:00,0.9730062001895411,0.5870426661502963,0.43302696901947163,1.0,0.4630481171414213
2022-10-28 05:00:00,0.9730062001895411,0.5858320946159399,0.4321331847969442,1.0,0.4640003528697277
2022-10-28 06:00:00,0.9730062001895411,0.58692392588018,0.4329393011890324,1.0,0.46314151825352784
2022-10-28 07:00:00,0.9730062001895411,0.5859913803441447,0.43225078798411887,1.0,0.4638750586949505
2022-10-28 08:00:00,0.9730062001895411,0.5808334188544585,0.4284425829594265,1.0,0.46793231188182544
2022-10-28 09:00:00,0.9730062001895411,0.583703458066294,0.43056157856833727,1.0,0.46567473865993153
2022-10-28 10:00:00,0.9730062001895411,0.5843985230620967,0.43107475611237217,1.0,0.4651280004427221
2022-10-28 11:00:00,0.9730062001895411,0.5836078866293711,0.4304910166560325,1.0,0.46574991516479786
2022-10-28 12:00:00,0.9730062001895411,0.58354127623394,0.43044183714139583,1.0,0.46580231091061375
2022-10-28 13:00:00,0.9730062001895411,0.58459835424839,0.43122229465628226,1.0,0.4649708132052744
2022-10-28 14:00:00,0.9730062001895411,0.5921456016611482,0.43679454748859464,1.0,0.45903414739674203
2022-10-28 15:00:00,0.9730062001895411,0.5929188614689788,0.4373654575063335,1.0,0.4584259011300965
2022-10-28 16:00:00,0.9730062001895411,0.5925134068880938,0.43706610393897977,1.0,0.45874483175680203
2022-10-28 17:00:00,0.9730062001895411,0.5988500827664955,0.4417445725487647,1.0,0.4537604016765761
2022-10-28 18:00:00,0.9730062001895411,0.596776472195684,0.44021359287572726,1.0,0.45539150402458417
2022-10-28 19:00:00,0.9730062001895411,0.5967648877790872,0.44020503991666,1.0,0.4554006163282044
2022-10-28 20:00:00,0.9730062001895411,0.5961074721372238,0.4397196594895936,1.0,0.45591773955864834
2022-10-28 21:00:00,0.9730062001895411,0.5967040695919545,0.4401601368815569,1.0,0.45544845592221017
2022-10-28 22:00:00,0.9730062001895411,0.5957164980770847,0.439430997121074,1.0,0.4562252798058286
2022-10-28 23:00:00,0.9730062001895411,0.596811225445474,0.44023925175292894,1.0,0.4553641671137238
2022-10-29 00:00:00,0.9730062001895411,0.5956846409314438,0.43940747648363904,1.0,0.456250338640784
2022-10-29 01:00:00,0.9730062001895411,0.5965795371135398,0.44006819257158397,1.0,0.45554641318612693
2022-10-29 02:00:00,0.9730062001895411,0.5963179233374322,0.44018365751899186,1.0,0.4547760293407624
2022-10-29 03:00:00,0.9730062001895411,0.5963179233374322,0.44243950047297864,1.0,0.45710458454864505
2022-10-29 04:00:00,0.9730062001895411,0.5963179233374322,0.44288211610470873,1.0,0.45756146694488364
2022-10-29 05:00:00,0.9730062001895411,0.5963179233374322,0.4412762980398328,1.0,0.4559038887826847
2022-10-29 06:00:00,0.9730062001895411,0.5963179233374322,0.4407973323320669,1.0,0.45540948464375985
2022-10-29 07:00:00,0.9730062001895411,0.5963179233374322,0.4413618276305053,1.0,0.4559921752360641
2022-10-29 08:00:00,0.9730062001895411,0.5963179233374322,0.443322593496672,1.0,0.4580161421797877
2022-10-29 09:00:00,0.9730062001895411,0.5963179233374322,0.4464615294743522,1.0,0.461256255018813
2022-10-29 10:00:00,0.9730062001895411,0.5963179233374322,0.4471414897201985,1.0,0.4619581323231796
2022-10-29 11:00:00,0.9730062001895411,0.5963179233374322,0.4433268699762057,1.0,0.4580205565024567
2022-10-29 12:00:00,0.9730062001895411,0.5963179233374322,0.44167187239669303,1.0,0.45631221362956453
2022-10-29 13:00:00,0.9730062001895411,0.5963179233374322,0.44314298135625985,1.0,0.4578307406276909
2022-10-29 14:00:00,0.9730062001895411,0.5963179233374322,0.44345944084174804,1.0,0.4581574005051948
2022-10-29 15:00:00,0.9730062001895411,0.5963179233374322,0.4440303508594869,1.0,0.4587467125815026
2022-10-29 16:00:00,0.9730062001895411,0.5963179233374322,0.4464743589129531,1.0,0.46126949798682
2022-10-29 17:00:00,0.9730062001895411,0.5963179233374322,0.4451572032165968,1.0,0.4599098866047766
2022-10-29 18:00:00,0.9730062001895411,0.5963179233374322,0.4440560097366886,1.0,0.45877319851751636
2022-10-29 19:00:00,0.9730062001895411,0.5963179233374322,0.4449476557194492,1.0,0.459693584793997
2022-10-29 20:00:00,0.9730062001895411,0.5963179233374322,0.4446333344737278,1.0,0.4593691320778276
2022-10-29 21:00:00,0.9730062001895411,0.5963179233374322,0.4449155821229471,1.0,0.45966047737397975
2022-10-29 22:00:00,0.9730062001895411,0.5963179233374322,0.4448043936550728,1.0,0.4595457049845864
2022-10-29 23:00:00,0.9730062001895411,0.5963179233374322,0.44293557209887907,1.0,0.4576166459782458
2022-10-30 00:00:00,0.9730062001895411,0.5963179233374322,0.443983309584617,1.0,0.4586981550321439
2022-10-30 01:00:00,0.9730062001895411,0.5963179233374322,0.4419840554026477,1.0,0.45663445918439954
2022-10-30 02:00:00,0.9730062001895411,0.5963179233374322,0.4433760494908423,1.0,0.45743002297814445
2022-10-30 03:00:00,0.9730062001895411,0.5963179233374322,0.44288211610470873,1.0,0.45692087994017105
2022-10-30 04:00:00,0.9730062001895411,0.5963179233374322,0.4433632200522415,1.0,0.4574167984836517
2022-10-30 05:00:00,0.9730062001895411,0.5963179233374322,0.4426661538882607,1.0,0.4566982676162086
2022-10-30 06:00:00,0.9730062001895411,0.5963179233374322,0.44390205647347813,1.0,0.45797222725235
2022-10-30 07:00:00,0.9730062001895411,0.5963179233374322,0.4458136428250081,1.0,0.45994267693177965
2022-10-30 08:00:00,0.9730062001895411,0.5963179233374322,0.4449476557194492,1.0,0.45905002355351454
2022-10-30 09:00:00,0.9730062001895411,0.5963179233374322,0.4434850997189498,1.0,0.4575424311813334
2022-10-30 10:00:00,0.9730062001895411,0.5963179233374322,0.4415670986481193,1.0,0.4555653692546573
2022-10-30 11:00:00,0.9730062001895411,0.5963179233374322,0.44138107178840663,1.0,0.45537361408451144
2022-10-30 12:00:00,0.9730062001895411,0.5963179233374322,0.4432028520697306,1.0,0.45725149230249146
2022-10-30 13:00:00,0.9730062001895411,0.5963179233374322,0.44224919713373234,1.0,0.456268471545192
2022-10-30 14:00:00,0.9730062001895411,0.5963179233374322,0.44062627315072195,1.0,0.4545955729918507
2022-10-30 15:00:00,0.9730062001895411,0.5963179233374322,0.44256779485898734,1.0,0.456596879825097
2022-10-30 16:00:00,0.9730062001895411,0.5963179233374322,0.4412249802854294,1.0,0.4552127160681822
2022-10-30 17:00:00,0.9730062001895411,0.5963179233374322,0.43961488574101987,1.0,0.45355304200933366
2022-10-30 18:00:00,0.9730062001895411,0.5963179233374322,0.4408465118467036,1.0,0.4548225934806441
2022-10-30 19:00:00,0.9730062001895411,0.5963179233374322,0.4412142890865953,1.0,0.45520169565610485
2022-10-30 20:00:00,0.9730062001895411,0.5963179233374322,0.44057281715655167,1.0,0.454540470931464
2022-10-30 21:00:00,0.9730062001895411,0.5963179233374322,0.4413040951568014,1.0,0.45529426711755455
2022-10-30 22:00:00,0.9730062001895411,0.5963179233374322,0.4414666013790791,1.0,0.4554617773811302
2022-10-30 23:00:00,0.9730062001895411,0.5963179233374322,0.43926207617949586,1.0,0.4531893684107812
2022-10-31 00:00:00,0.9730062001895411,0.5963179233374322,0.44010881912715344,1.0,0.4540621850473071
2022-10-31 01:00:00,0.9730062001895411,0.5963179233374322,0.438338356600233,1.0,0.4522372048072984
2022-10-31 02:00:00,0.9730062001895411,0.5963179233374322,0.43789787920826967,1.0,0.45115066463338904
2022-10-31 03:00:00,0.9730062001895411,0.5963179233374322,0.4367838562897606,1.0,0.45229737387416064
2022-10-31 04:00:00,0.9730062001895411,0.5963179233374322,0.4378059348982967,1.0,0.4512453066628577
2022-10-31 05:00:00,0.9730062001895411,0.5963179233374322,0.4387446221559273,1.0,0.45027907757130536
2022-10-31 06:00:00,0.9730062001895411,0.5963179233374322,0.43839608907393696,1.0,0.4506378368923145
2022-10-31 07:00:00,0.9730062001895411,0.5963179233374322,0.4377931054596959,1.0,0.4512585125274347
2022-10-31 08:00:00,0.9730062001895411,0.5963179233374322,0.43843457738973957,1.0,0.45059821929858346
2022-10-31 09:00:00,0.9730062001895411,0.5963179233374322,0.4371879836056881,1.0,0.4518813891399843
2022-10-31 10:00:00,0.9730062001895411,0.5963179233374322,0.4420161289991498,1.0,0.4469115821041641
2022-10-31 11:00:00,0.9730062001895411,0.5963179233374322,0.44280513947310346,1.0,0.4460994214326771
2022-10-31 12:00:00,0.9730062001895411,0.5963179233374322,0.4423881827185751,1.0,0.4465286120314304
2022-10-31 13:00:00,0.9730062001895411,0.5963179233374322,0.44167828711599355,1.0,0.44725933653802574
2022-10-31 14:00:00,0.9730062001895411,0.5963179233374322,0.4336919615869503,1.0,0.45547998723722355
2022-10-31 15:00:00,0.9730062001895411,0.5963179233374322,0.4339293062010664,1.0,0.4552356787425486
2022-10-31 16:00:00,0.9730062001895411,0.5963179233374322,0.43529777965182614,1.0,0.453827053187666
2022-10-31 17:00:00,0.9730062001895411,0.5963179233374322,0.43477818738849083,1.0,0.45436189070303545
2022-10-31 18:00:00,0.9730062001895411,0.5963179233374322,0.43471617843525323,1.0,0.4544257190484911
2022-10-31 19:00:00,0.9730062001895411,0.5963179233374322,0.43601622821347497,1.0,0.45308752477135267
2022-10-31 20:00:00,0.9730062001895411,0.5963179233374322,0.4346199576457467,1.0,0.4545247630328188
2022-10-31 21:00:00,0.9730062001895411,0.5963179233374322,0.43533412972786195,1.0,0.4537896365713644
2022-10-31 22:00:00,0.9730062001895411,0.5963179233374322,0.43544104171620257,1.0,0.4536795876998892
2022-10-31 23:00:00,0.9730062001895411,0.5963179233374322,0.4369420860325047,1.0,0.4521345015443773
2022-11-01 00:00:00,0.9730062001895411,0.5963179233374322,0.437256407278226,1.0,0.4518109578622403
2022-11-01 01:00:00,0.9730062001895411,0.5963179233374322,0.4364738115235728,1.0,0.45261651560143873
2022-11-01 02:00:00,0.9730062001895411,0.5963179233374322,0.4376819169918217,1.0,0.4507413523143558
2022-11-01 03:00:00,0.9730062001895411,0.5963179233374322,0.43909529347768445,1.0,0.4492871101038574
2022-11-01 04:00:00,0.9730062001895411,0.5963179233374322,0.4370254773834103,1.0,0.4514167719189292
2022-11-01 05:00:00,0.9730062001895411,0.5963179233374322,0.4373034485530959,1.0,0.45113076361731835
2022-11-01 06:00:00,0.9730062001895411,0.5963179233374322,0.4380454177521797,1.0,0.4503673414584031
2022-11-01 07:00:00,0.9730062001895411,0.5963179233374322,0.44013875448388884,1.0,0.44821347894088726
2022-11-01 08:00:00,0.9730062001895411,0.5963179233374322,0.43956784446615,1.0,0.4488008959911189
2022-11-01 09:00:00,0.9730062001895411,0.5963179233374322,0.4391979289864915,1.0,0.4491815070386472
2022-11-01 10:00:00,0.9730062001895411,0.5963179233374322,0.4394352736006076,1.0,0.4489372999503487
2022-11-01 11:00:00,0.9730062001895411,0.5963179233374322,0.4399249305072076,1.0,0.44843348532674177
2022-11-01 12:00:00,0.9730062001895411,0.5963179233374322,0.4378914644889692,1.0,0.45052574605621837
2022-11-01 13:00:00,0.9730062001895411,0.5963179233374322,0.4383447713195334,1.0,0.4500593325182068
2022-11-01 14:00:00,0.9730062001895411,0.5963179233374322,0.4357403952835563,1.0,0.4527390102979149
2022-11-01 15:00:00,0.9730062001895411,0.5963179233374322,0.4354389034764357,1.0,0.45304921930196984
2022-11-01 16:00:00,0.9730062001895411,0.5963179233374322,0.4362621257866584,1.0,0.4522021947164299
2022-11-01 17:00:00,0.9730062001895411,0.5963179233374322,0.43553298602617546,1.0,0.4529524164921938
2022-11-01 18:00:00,0.9730062001895411,0.5963179233374322,0.4361787344357528,1.0,0.4522879972069131
2022-11-01 19:00:00,0.9730062001895411,0.5963179233374322,0.4366983266990881,1.0,0.45175338168928664
2022-11-01 20:00:00,0.9730062001895411,0.5963179233374322,0.43632627297966275,1.0,0.4521361928006735
2022-11-01 21:00:00,0.9730062001895411,0.5963179233374322,0.43703616858224437,1.0,0.45140577159963646
2022-11-01 22:00:00,0.9730062001895411,0.5963179233374322,0.4364182172896357,1.0,0.452041590054756
2022-11-01 23:00:00,0.9730062001895411,0.5963179233374322,0.4369335330734374,1.0,0.45151137466484664
2022-11-02 00:00:00,0.9730062001895411,0.5963179233374322,0.43704258330154483,1.0,0.45139917140806085
2022-11-02 01:00:00,0.9730062001895411,0.5963179233374322,0.43780379665853,1.0,0.45061594867441873
2022-11-02 02:00:00,0.9730062001895411,0.5963179233374322,0.43755576084557973,1.0,0.45024011812516607
2022-11-02 03:00:00,0.9730062001895411,0.5963179233374322,0.43775247890412644,1.0,0.45003787913022475
2022-11-02 04:00:00,0.9730062001895411,0.5963179233374322,0.43787435857083473,1.0,0.44991257888335895
2022-11-02 05:00:00,0.9730062001895411,0.5963179233374322,0.43782304081643125,1.0,0.44996533688203927
2022-11-02 06:00:00,0.9730062001895411,0.5963179233374322,0.43710245401501563,1.0,0.45070614711350904
2022-11-02 07:00:00,0.9730062001895411,0.5963179233374322,0.4368886300383344,1.0,0.45092597210801044
2022-11-02 08:00:00,0.9730062001895411,0.5963179233374322,0.43580454247656064,1.0,0.45204048483013265
2022-11-02 09:00:00,0.9730062001895411,0.5963179233374322,0.43755362260581293,1.0,0.45024231637511103
2022-11-02 10:00:00,0.9730062001895411,0.5963179233374322,0.43667480606165315,1.0,0.45114579710251185
2022-11-02 11:00:00,0.9730062001895411,0.5963179233374322,0.4355244330671082,1.0,0.45232845557292956
2022-11-02 12:00:00,0.9730062001895411,0.5963179233374322,0.4359927075760401,1.0,0.4518470388349714
2022-11-02 13:00:00,0.9730062001895411,0.5963179233374322,0.4352785354939248,1.0,0.4525812543166062
2022-11-02 14:00:00,0.9730062001895411,0.5963179233374322,0.43528067373369167,1.0,0.4525790560666611
2022-11-02 15:00:00,0.9730062001895411,0.5963179233374322,0.4360205046930086,1.0,0.4518184615856862
2022-11-02 16:00:00,0.9730062001895411,0.5963179233374322,0.4355051889092069,1.0,0.4523482398224346
2022-11-02 17:00:00,0.9730062001895411,0.5963179233374322,0.4379213998457046,1.0,0.4498642173845686
2022-11-02 18:00:00,0.9730062001895411,0.5963179233374322,0.4361680432369187,1.0,0.4516667823394802
2022-11-02 19:00:00,0.9730062001895411,0.5963179233374322,0.4364631203247388,1.0,0.4513634238470683
2022-11-02 20:00:00,0.9730062001895411,0.5963179233374322,0.43210538767997564,1.0,0.4558434572350072
2022-11-02 21:00:00,0.9730062001895411,0.5963179233374322,0.4304653577788307,1.0,0.45752951494283306
2022-11-02 22:00:00,0.9730062001895411,0.5963179233374322,0.4299821155915312,1.0,0.4580263194304062
2022-11-02 23:00:00,0.9730062001895411,0.5963179233374322,0.42910116080760463,1.0,0.4589319984077521
2022-11-03 00:00:00,0.9730062001895411,0.5963179233374322,0.4299457655154954,1.0,0.4580636896794715
2022-11-03 01:00:00,0.9730062001895411,0.5963179233374322,0.4310362677965696,1.0,0.45694258220751427
2022-11-03 02:00:00,0.9730062001895411,0.5963179233374322,0.4332429312359197,1.0,0.454043649926288
2022-11-03 03:00:00,0.9730062001895411,0.5963179233374322,0.43283666568022544,1.0,0.4544690319212842
2022-11-03 04:00:00,0.9730062001895411,0.5963179233374322,0.4333477049844935,1.0,0.45393394614863114
2022-11-03 05:00:00,0.9730062001895411,0.5963179233374322,0.43439544247023143,1.0,0.452836908372062
2022-11-03 06:00:00,0.9730062001895411,0.5963179233374322,0.434786740347558,1.0,0.4524271983453025
2022-11-03 07:00:00,0.9730062001895411,0.5963179233374322,0.4333006637096236,1.0,0.45398320090594646
2022-11-03 08:00:00,0.9730062001895411,0.5963179233374322,0.433227963557552,1.0,0.4540593218945247
2022-11-03 09:00:00,0.9730062001895411,0.5963179233374322,0.4331424339668795,1.0,0.45414887599873444
2022-11-03 10:00:00,0.9730062001895411,0.5963179233374322,0.4335743583997756,1.0,0.45369662777247527
2022-11-03 11:00:00,0.9730062001895411,0.5963179233374322,0.4325052385163695,1.0,0.4548160540750969
2022-11-03 12:00:00,0.9730062001895411,0.5963179233374322,0.42960578539257227,1.0,0.4578519382078067
2022-11-03 13:00:00,0.9730062001895411,0.5963179233374322,0.42907122545086923,1.0,0.4584116513591175
2022-11-03 14:00:00,0.9730062001895411,0.5963179233374322,0.4290134929771653,1.0,0.45847210037945907
2022-11-03 15:00:00,0.9730062001895411,0.5963179233374322,0.4335422848032734,1.0,0.45373021056155394
2022-11-03 16:00:00,0.9730062001895411,0.5963179233374322,0.4321032494402088,1.0,0.45523695836488265
2022-11-03 17:00:00,0.9730062001895411,0.5963179233374322,0.4330697338148079,1.0,0.4542249969873127
2022-11-03 18:00:00,0.9730062001895411,0.5963179233374322,0.43161786901314253,1.0,0.4557451779062728
2022-11-03 19:00:00,0.9730062001895411,0.5963179233374322,0.4319321902588638,1.0,0.45541606657330214
2022-11-03 20:00:00,0.9730062001895411,0.5963179233374322,0.4323705294110603,1.0,0.45495710178922727
2022-11-03 21:00:00,0.9730062001895411,0.5963179233374322,0.4317953429137879,1.0,0.45555935314003765
2022-11-03 22:00:00,0.9730062001895411,0.5963179233374322,0.43226147918295293,1.0,0.4550712832720946
2022-11-03 23:00:00,0.9730062001895411,0.5963179233374322,0.43090155869126046,1.0,0.4564951935290293
2022-11-04 00:00:00,0.9730062001895411,0.5963179233374322,0.4312201564165154,1.0,0.4561616044908481
2022-11-04 01:00:00,0.9730062001895411,0.5963179233374322,0.43273830665095203,1.0,0.45457201914112544
2022-11-04 02:00:00,0.9730062001895411,0.5963179233374322,0.432864462797194,1.0,0.4538042655333435
2022-11-04 03:00:00,0.9730062001895411,0.5963179233374322,0.4333840550605293,1.0,0.4543484945385687
2022-11-04 04:00:00,0.9730062001895411,0.5963179233374322,0.43356152896117467,1.0,0.45453438345804886
2022-11-04 05:00:00,0.9730062001895411,0.5963179233374322,0.43372831166298603,1.0,0.4547090742498495
2022-11-04 06:00:00,0.9730062001895411,0.5963179233374322,0.4361808726755195,1.0,0.4572779247395338
2022-11-04 07:00:00,0.9730062001895411,0.5963179233374322,0.43970683005099276,1.0,0.460971067248243
2022-11-04 08:00:00,0.9730062001895411,0.5963179233374322,0.4398479538756023,1.0,0.4611188825336128
2022-11-04 09:00:00,0.9730062001895411,0.5963179233374322,0.4391829613081238,1.0,0.460422358991946
2022-11-04 10:00:00,0.9730062001895411,0.5963179233374322,0.43887719302146966,1.0,0.4601020925403115
2022-11-04 11:00:00,0.9730062001895411,0.5963179233374322,0.44066476146652456,1.0,0.46197441948832896
2022-11-04 12:00:00,0.9730062001895411,0.5963179233374322,0.4386462631266539,1.0,0.45986021298243357
2022-11-04 13:00:00,0.9730062001895411,0.5963179233374322,0.4429612309760808,1.0,0.46437977731389213
2022-11-04 14:00:00,0.9730062001895411,0.5963179233374322,0.44298261337374895,1.0,0.4644021735692512
2022-11-04 15:00:00,0.9730062001895411,0.5963179233374322,0.4527992721431834,1.0,0.47468429440459603
2022-11-04 16:00:00,0.9730062001895411,0.5963179233374322,0.44467823750883095,1.0,0.4661781966192247
2022-11-04 17:00:00,0.9730062001895411,0.5963179233374322,0.44349579091778385,1.0,0.46493968369786864
2022-11-04 18:00:00,0.9730062001895411,0.5963179233374322,0.4432563080639009,1.0,0.4646888456378471
2022-11-04 19:00:00,0.9730062001895411,0.5963179233374322,0.4470238865330239,1.0,0.4686350658321137
2022-11-04 20:00:00,0.9730062001895411,0.5963179233374322,0.45040872008388744,1.0,0.472180393055453
2022-11-04 21:00:00,0.9730062001895411,0.5963179233374322,0.45088340931211973,1.0,0.4726775899244242
2022-11-04 22:00:00,0.9730062001895411,0.5963179233374322,0.451779331774414,1.0,0.4736159930239688
2022-11-04 23:00:00,0.9730062001895411,0.5963179233374322,0.45185630840601926,1.0,0.4736966195432615
2022-11-05 00:00:00,0.9730062001895411,0.5963179233374322,0.4512725689496795,1.0,0.473085201771959
2022-11-05 01:00:00,0.9730062001895411,0.5963179233374322,0.4574499436359997,1.0,0.47955547994519176
2022-11-05 02:00:00,0.9730062001895411,0.5963179233374322,0.45585267853019107,1.0,0.47721345599665704
2022-11-05 03:00:00,0.9730062001895411,0.5963179233374322,0.4563252295186566,1.0,0.47770773774531783
2022-11-05 04:00:00,0.9730062001895411,0.5963179233374322,0.45766162937291416,1.0,0.4791055933693585
2022-11-05 05:00:00,0.9730062001895411,0.5963179233374322,0.4559211022027291,1.0,0.47728502620460794
2022-11-05 06:00:00,0.9730062001895411,0.5963179233374322,0.45650056517953513,1.0,0.4778911364031919
2022-11-05 07:00:00,0.9730062001895411,0.5963179233374322,0.45669300675854824,1.0,0.47809242761305376
2022-11-05 08:00:00,0.9730062001895411,0.5963179233374322,0.4563359207174907,1.0,0.4777189205903102
2022-11-05 09:00:00,0.9730062001895411,0.5963179233374322,0.45439226076945843,1.0,0.4756858793707055
2022-11-05 10:00:00,0.9730062001895411,0.5963179233374322,0.4543388047752881,1.0,0.47562996514574385
2022-11-05 11:00:00,0.9730062001895411,0.5963179233374322,0.45501021206206715,1.0,0.4763322478112619
2022-11-05 12:00:00,0.9730062001895411,0.5963179233374322,0.456787089308288,1.0,0.47819083664898626
2022-11-05 13:00:00,0.9730062001895411,0.5963179233374322,0.4548284616818881,1.0,0.4761421394463924
2022-11-05 14:00:00,0.9730062001895411,0.5963179233374322,0.4539261245002934,1.0,0.4751983073290401
2022-11-05 15:00:00,0.9730062001895411,0.5963179233374322,0.45418912799161126,1.0,0.4754734053158513
2022-11-05 16:00:00,0.9730062001895411,0.5963179233374322,0.4545248316350008,1.0,0.4758245466486103
2022-11-05 17:00:00,0.9730062001895411,0.5963179233374322,0.4551449211673763,1.0,0.4764731516581652
2022-11-05 18:00:00,0.9730062001895411,0.5963179233374322,0.4549717237462645,1.0,0.4762919895692895
2022-11-05 19:00:00,0.9730062001895411,0.5963179233374322,0.45436232541272303,1.0,0.47565456740472695
2022-11-05 20:00:00,0.9730062001895411,0.5963179233374322,0.4552069301206138,1.0,0.4765380121591206
2022-11-05 21:00:00,0.9730062001895411,0.5963179233374322,0.4556324398342094,1.0,0.47698308938981515
2022-11-05 22:00:00,0.9730062001895411,0.5963179233374322,0.4552796302726854,1.0,0.47661405550506847
2022-11-05 23:00:00,0.9730062001895411,0.5963179233374322,0.4544628226817632,1.0,0.4757596861476548
2022-11-06 00:00:00,0.9730062001895411,0.5963179233374322,0.45452696987476754,1.0,0.47582678321760874
2022-11-06 01:00:00,0.9730062001895411,0.5963179233374322,0.45505939157670383,1.0,0.4763836888982266
2022-11-06 02:00:00,0.9730062001895411,0.5963179233374322,0.45227754164008116,1.0,0.47281104732116364
2022-11-06 03:00:00,0.9730062001895411,0.5963179233374322,0.4532440260146803,1.0,0.4738205556224584
2022-11-06 04:00:00,0.9730062001895411,0.5963179233374322,0.4531820170614428,1.0,0.4737557862845435
2022-11-06 05:00:00,0.9730062001895411,0.5963179233374322,0.4530302020379991,1.0,0.47359721307792413
2022-11-06 06:00:00,0.9730062001895411,0.5963179233374322,0.45143721341172405,1.0,0.4719333111211441
2022-11-06 07:00:00,0.9730062001895411,0.5963179233374322,0.4518541701662524,1.0,0.4723688290829859
2022-11-06 08:00:00,0.9730062001895411,0.5963179233374322,0.4522903710786821,1.0,0.47282444787383576
2022-11-06 09:00:00,0.9730062001895411,0.5963179233374322,0.45353910310250034,1.0,0.4741287683339156
2022-11-06 10:00:00,0.9730062001895411,0.5963179233374322,0.45325257897374754,1.0,0.4738294893242398
2022-11-06 11:00:00,0.9730062001895411,0.5963179233374322,0.4537807241961502,1.0,0.47438114540923937
2022-11-06 12:00:00,0.9730062001895411,0.5963179233374322,0.45361394149433876,1.0,0.4742069382245026
2022-11-06 13:00:00,0.9730062001895411,0.5963179233374322,0.4530109578800978,1.0,0.47357711224891613
2022-11-06 14:00:00,0.9730062001895411,0.5963179233374322,0.4528292074999188,1.0,0.47338727108606204
2022-11-06 15:00:00,0.9730062001895411,0.5963179233374322,0.4529297047689589,1.0,0.47349224208199303
2022-11-06 16:00:00,0.9730062001895411,0.5963179233374322,0.45332955560535276,1.0,0.47390989264027206
2022-11-06 17:00:00,0.9730062001895411,0.5963179233374322,0.4536524298101414,1.0,0.4742471398825188
2022-11-06 18:00:00,0.9730062001895411,0.5963179233374322,0.4534001175176576,1.0,0.47398359567996834
2022-11-06 19:00:00,0.9730062001895411,0.5963179233374322,0.452871972295255,1.0,0.4734319395949689
2022-11-06 20:00:00,0.9730062001895411,0.5963179233374322,0.45232030643541743,1.0,0.47285571583007047
2022-11-06 21:00:00,0.9730062001895411,0.5963179233374322,0.45255337457,1.0,0.47309915920361284
2022-11-06 22:00:00,0.9730062001895411,0.5963179233374322,0.45083850627701666,1.0,0.47130795199644826
2022-11-06 23:00:00,0.9730062001895411,0.5963179233374322,0.45107798913089964,1.0,0.4715580956463266
2022-11-07 00:00:00,0.9730062001895411,0.5963179233374322,0.4461921112637339,1.0,0.46645471850371945
2022-11-07 01:00:00,0.9730062001895411,0.5963179233374322,0.4460723698367925,1.0,0.4663296466787803
2022-11-07 02:00:00,0.9730062001895411,0.5963179233374322,0.44788559715904913,1.0,0.46756807618053814
2022-11-07 03:00:00,0.9730062001895411,0.5963179233374322,0.4478471088432465,1.0,0.46760822128071283
2022-11-07 04:00:00,0.9730062001895411,0.5963179233374322,0.44635461748601163,1.0,0.4691649590541537
2022-11-07 05:00:00,0.9730062001895411,0.5963179233374322,0.4458863429770798,1.0,0.469653391106279
2022-11-07 06:00:00,0.9730062001895411,0.5963179233374322,0.44515506497683005,1.0,0.4704161480095982
2022-11-07 07:00:00,0.9730062001895411,0.5963179233374322,0.44515506497683005,1.0,0.4704161480095982
2022-11-07 08:00:00,0.9730062001895411,0.5963179233374322,0.4403782373377717,1.0,0.47539860099794595
2022-11-07 09:00:00,0.9730062001895411,0.5963179233374322,0.44208669091145464,1.0,0.4736166046068583
2022-11-07 10:00:00,0.9730062001895411,0.5963179233374322,0.441342583472604,1.0,0.4743927432102356
2022-11-07 11:00:00,0.9730062001895411,0.5963179233374322,0.4429804751339821,1.0,0.47268434616946825
2022-11-07 12:00:00,0.9730062001895411,0.5963179233374322,0.44243736223321184,1.0,0.4732508381385999
2022-11-07 13:00:00,0.9730062001895411,0.5963179233374322,0.44306386648488777,1.0,0.47259736511908973
2022-11-07 14:00:00,0.9730062001895411,0.5963179233374322,0.44219146466002845,1.0,0.47350732072304935
2022-11-07 15:00:00,0.9730062001895411,0.5963179233374322,0.4408165764899682,1.0,0.4749413929126231
2022-11-07 16:00:00,0.9730062001895411,0.5963179233374322,0.44311946071882485,1.0,0.47253937775217075
2022-11-07 17:00:00,0.9730062001895411,0.5963179233374322,0.4408465118467036,1.0,0.47491016894582055
2022-11-07 18:00:00,0.9730062001895411,0.5963179233374322,0.4418365168587376,1.0,0.4738775477579938
2022-11-07 19:00:00,0.9730062001895411,0.5963179233374322,0.441979778923114,1.0,0.47372811877401017
2022-11-07 20:00:00,0.9730062001895411,0.5963179233374322,0.44483219077204145,1.0,0.47075292079439696
2022-11-07 21:00:00,0.9730062001895411,0.5963179233374322,0.4438849505553436,1.0,0.471740936315363
2022-11-07 22:00:00,0.9730062001895411,0.5963179233374322,0.4413468599521377,1.0,0.47438828264354954
2022-11-07 23:00:00,0.9730062001895411,0.5963179233374322,0.43657003231307934,1.0,0.4793707356318973
2022-11-08 00:00:00,0.9730062001895411,0.5963179233374322,0.43931767041343295,1.0,0.47650482153609297
2022-11-08 01:00:00,0.9730062001895411,0.5963179233374322,0.43775247890412644,1.0,0.47813738894319713
2022-11-08 02:00:00,0.9730062001895411,0.5959005007910959,0.4401665516008574,1.0,0.47496479979710576
2022-11-08 03:00:00,0.9730062001895411,0.5906135738825354,0.4362578493071248,1.0,0.4791787653456037
2022-11-08 04:00:00,0.9730062001895411,0.5820873919752944,0.4299543184745626,1.0,0.48597459162403495
2022-11-08 05:00:00,0.9730062001895411,0.5672070643251063,0.4189530748743142,1.0,0.4978350143521652
2022-11-08 06:00:00,0.9730062001895411,0.5690812047172,0.42033865424320854,1.0,0.4963412235012753
2022-11-08 07:00:00,0.9730062001895411,0.5714267723992802,0.42207276669409316,1.0,0.4944716797048684
2022-11-08 08:00:00,0.9730062001895411,0.5718201105062627,0.42236356730237956,1.0,0.4941581680448051
2022-11-08 09:00:00,0.9730062001895411,0.5699517544980953,0.42098226441301895,1.0,0.49564734843010577
2022-11-08 10:00:00,0.9730062001895411,0.5712416721136412,0.42193591934901714,1.0,0.4946192146037217
2022-11-08 11:00:00,0.9730062001895411,0.5688006620967786,0.42013124498582777,1.0,0.4965648310823499
2022-11-08 12:00:00,0.9730062001895411,0.5690233608779378,0.42029588944787233,1.0,0.49638732815716696
2022-11-08 13:00:00,0.9730062001895411,0.5697117025651575,0.42080479051237357,1.0,0.49583868275205617
2022-11-08 14:00:00,0.9730062001895411,0.5649193404822883,0.41726172721876587,1.0,0.49965845349268045
2022-11-08 15:00:00,0.9730062001895411,0.5608066435107494,0.414221150270359,1.0,0.5029364945265777
2022-11-08 16:00:00,0.9730062001895411,0.5639591327505366,0.41655183161618425,1.0,0.500423790780482
2022-11-08 17:00:00,0.9730062001895411,0.5885283034771348,0.43471617843525323,1.0,0.4808408381904982
2022-11-08 18:00:00,0.9730062001895411,0.5585767635071935,0.4125725674101469,1.0,0.5047138290112013
2022-11-08 19:00:00,0.9730062001895411,0.5370848850293416,0.39668330770296595,1.0,0.5218440139077487
2022-11-08 20:00:00,0.9730062001895411,0.527060547685211,0.3892721686711952,1.0,0.5298339507737738
2022-11-08 21:00:00,0.9730062001895411,0.524101835306952,0.3870847493897464,1.0,0.5321922039226324
2022-11-08 22:00:00,0.9730062001895411,0.5401824226218298,0.3989733624932218,1.0,0.5193751095847501
2022-11-08 23:00:00,0.9730062001895411,0.5331515039595154,0.3937753016201015,1.0,0.5249791305083819
2022-11-09 00:00:00,0.9730062001895411,0.5356185437040462,0.39559922014119225,1.0,0.5230127669346023
2022-11-09 01:00:00,0.9730062001895411,0.5295015577020737,0.3910768430343846,1.0,0.5278883342951457
2022-11-09 02:00:00,0.9723250958494084,0.5284251982456708,0.39082880722143437,1.0,0.5274907645160399
2022-11-09 03:00:00,0.9620215644790286,0.5228255838468806,0.3866827603135857,1.0,0.5330804769105644
2022-11-09 04:00:00,0.9719265580191977,0.5282086066624272,0.39066843923892347,1.0,0.527706973092414
2022-11-09 05:00:00,0.9688657874831799,0.5265451833031167,0.38943681313323975,1.0,0.5293674549589669
2022-11-09 06:00:00,0.9763317295024597,0.5306026656292128,0.39244104000561075,1.0,0.5253171476282258
2022-11-09 07:00:00,0.9711560515474571,0.527789862934823,0.39035839447273574,1.0,0.5281249763400706
2022-11-09 08:00:00,0.9677658230717984,0.5259473905333645,0.3889941975015096,1.0,0.5299641906297594
2022-11-09 09:00:00,0.9632118641319244,0.5234724707088346,0.38716172602135157,1.0,0.5324347339624605
2022-11-09 10:00:00,0.9427907857119296,0.5123743179834345,0.37894447059749264,1.0,0.5435132614158683
2022-11-09 11:00:00,0.9386459922777387,0.5101217655177014,0.3772766435793792,1.0,0.5457618306101588
2022-11-09 12:00:00,0.9451979542064021,0.5136825311462255,0.3799130932118585,1.0,0.542207361614569
2022-11-09 13:00:00,0.9347509492171464,0.5080049437774676,0.37570931383030587,1.0,0.5478749090965881
2022-11-09 14:00:00,0.9329761274132748,0.5070403892600895,0.3749951417481906,1.0,0.5488377579567073
2022-11-09 15:00:00,0.936345100537989,0.5088713101104418,0.3763507857603495,1.0,0.5470100747910918
2022-11-09 16:00:00,0.9078151057326411,0.49336624063797924,0.3648705764523352,1.0,0.5624877260784575
2022-11-09 17:00:00,0.9063325450042575,0.49256051994831324,0.36427400755739464,1.0,0.5632920219825691
2022-11-09 18:00:00,0.8995627157284122,0.4888813509209492,0.36154989009447597,1.0,0.5669646849999102
2022-11-09 19:00:00,0.8807729854934131,0.4786697797429593,0.35398907427902837,1.0,0.5771581986806934
2022-11-09 20:00:00,0.8901572229354403,0.4837697895564011,0.35776520570721854,1.0,0.5720672074023384
2022-11-09 21:00:00,0.8610586474923252,0.46795571609184433,0.3460562047441553,1.0,0.5878533162586645
2022-11-09 22:00:00,0.8336923831511924,0.45308309404245295,0.3350442699450729,1.0,0.602699638503018
2022-11-09 23:00:00,0.8414505862459601,0.45729941019626097,0.3381661000046186,1.0,0.5984907782162692
2022-11-10 00:00:00,0.8444847875932974,0.45894839411668864,0.3393870349114683,1.0,0.5968447102548079
2022-11-10 01:00:00,0.8621692395791789,0.46855928463714974,0.3465030968554191,1.0,0.5872508150258354
2022-11-10 02:00:00,0.8544352754778751,0.4643561415413869,0.34387306194224015,1.0,0.5900581175881711
2022-11-10 03:00:00,0.858664070982085,0.46665434623875757,0.3455772390363894,1.0,0.5871377850755839
2022-11-10 04:00:00,0.8670049323780924,0.4711873171098575,0.3489385519498181,1.0,0.5813777314873945
2022-11-10 05:00:00,0.8731703782700521,0.4745380245858233,0.3514231865588538,1.0,0.5771199819521043
2022-11-10 06:00:00,0.884922927883383,0.4809251304888045,0.3561593876423427,1.0,0.5690038759102217
2022-11-10 07:00:00,0.8841058205964967,0.480481060823315,0.35583009871825355,1.0,0.5695681559691156
2022-11-10 08:00:00,0.8875811795114997,0.4823697986862733,0.3572306457655155,1.0,0.5671681336407034
2022-11-10 09:00:00,0.8922768934653589,0.4849217574782093,0.3591229879591442,1.0,0.5639253553801769
2022-11-10 10:00:00,0.8846364097438254,0.4807694177489575,0.3560439226949348,1.0,0.5692017403464572
2022-11-10 11:00:00,0.8693766658666517,0.4724762725674795,0.34989434512558315,1.0,0.5797398536541116
2022-11-10 12:00:00,0.8689362768743688,0.4722369363191961,0.34971687122493766,1.0,0.5800439786209182
2022-11-10 13:00:00,0.8836813492786337,0.480250375282801,0.3556590395369086,1.0,0.5698612884672423
2022-11-10 14:00:00,0.9358541801354658,0.5086045117812271,0.3766843511639722,1.0,0.5338316402912459
2022-11-10 15:00:00,0.934379142305892,0.507802879527941,0.3760899205087984,1.0,0.5348502757222361
2022-11-10 16:00:00,0.9301397350187356,0.5054989076920575,0.37438146693511554,1.0,0.5377779365472765
2022-11-10 17:00:00,0.9424812385856015,0.5122060897825019,0.37935501263272053,1.0,0.5292551091642429
2022-11-10 18:00:00,0.9109324078854363,0.4950603869837993,0.36664103897925565,1.0,0.551042182087509
2022-11-10 19:00:00,0.9197454936225662,0.49984999551872106,0.3701926552319306,1.0,0.5449560185951536
2022-11-10 20:00:00,0.9246746668012499,0.5025288313579398,0.37217907997529903,1.0,0.5415520174606575
2022-11-10 21:00:00,0.9598315037032503,0.5216353612510113,0.3863470566701962,1.0,0.5172733183033146
2022-11-10 22:00:00,0.9464129041673072,0.5143428146015127,0.3809394482999283,1.0,0.5265399694003445
2022-11-10 23:00:00,0.9445027832369238,0.5133047296691997,0.38016968198387596,1.0,0.5278590656419146
2022-11-11 00:00:00,0.9326016686623408,0.5068368838270387,0.3753736101869164,1.0,0.5360777680581416
2022-11-11 01:00:00,0.9302299351737815,0.5055479283694168,0.37441781701115134,1.0,0.5377156458914245
2022-11-11 02:00:00,0.913869410528955,0.496656546756672,0.36834093959387126,1.0,0.547303117067932
2022-11-11 03:00:00,0.9173029742696046,0.4985225703819872,0.36695536022497705,1.0,0.5452468056122053
2022-11-11 04:00:00,0.92482184301649,0.502608816561497,0.3639211979958707,1.0,0.5407438643225815
2022-11-11 05:00:00,0.9234971656474121,0.5018889000393847,0.3644557579375737,1.0,0.5415371943595131
2022-11-11 06:00:00,0.9089416107159857,0.493978457294414,0.37032950257700653,1.0,0.5502543048053177
2022-11-11 07:00:00,0.9137528389204761,0.49659319410272607,0.36838798086874114,1.0,0.547372930111182
2022-11-11 08:00:00,0.906546594032693,0.4926768482224348,0.37129598695160565,1.0,0.5516886455120901
2022-11-11 09:00:00,0.9073784914204739,0.4931289557983214,0.3709602833082161,1.0,0.5511904342488969
2022-11-11 10:00:00,0.9073096081972817,0.49309152013917146,0.3709880804251847,1.0,0.5512316874108175
2022-11-11 11:00:00,0.9103351713082555,0.49473580947567614,0.36976714551833495,1.0,0.5494197216064656
2022-11-11 12:00:00,0.9095827545626192,0.4943268968911163,0.3700707755652223,1.0,0.5498703330674428
2022-11-11 13:00:00,0.9067108540264586,0.4927661178711767,0.3712297015188345,1.0,0.5515902725875106
2022-11-11 14:00:00,0.9119353815701015,0.4956054686343879,0.3691213971087577,1.0,0.5484613789218522
2022-11-11 15:00:00,0.9326798291698595,0.5068793613706677,0.3607501884216882,1.0,0.536037830543503
2022-11-11 16:00:00,0.934767520703526,0.5080139498095166,0.3599077219535643,1.0,0.5347875424052988
2022-11-11 17:00:00,0.9367227445002848,0.5090765465961545,0.3591187114796106,1.0,0.5336165872707876
2022-11-11 18:00:00,0.9329235698057697,0.5070118260107362,0.3606518293924149,1.0,0.5358918578167076
2022-11-11 19:00:00,0.9365478870875666,0.5089815176152358,0.35918927339191536,1.0,0.5337213068356627
2022-11-11 20:00:00,0.9359385354977908,0.508650356015064,0.35943517096509875,1.0,0.5340862386526511
2022-11-11 21:00:00,0.9477334627920593,0.5150604927279525,0.354675449244175,1.0,0.527022428003812
2022-11-11 22:00:00,0.9383865392758464,0.5099807617479276,0.3584473041928316,1.0,0.5326201647444015
2022-11-11 23:00:00,0.9320863737085125,0.5065568387687612,0.3609896712755712,1.0,0.5363932424000484
2022-11-12 00:00:00,0.9245039204479113,0.5024360365961901,0.3640494923818794,1.0,0.540934263531445
2022-11-12 01:00:00,0.9330719336711064,0.5070924566612128,0.36059195867894417,1.0,0.5358030048525713
2022-11-12 02:00:00,0.933092113806147,0.5071034238695107,0.36033109342739306,1.0,0.5346662717660802
2022-11-12 03:00:00,0.933092113806147,0.5071034238695107,0.3602776374332228,1.0,0.5347454924715092
2022-11-12 04:00:00,0.933092113806147,0.5071034238695107,0.3606432764333476,1.0,0.5342036228463749
2022-11-12 05:00:00,0.933092113806147,0.5071034238695107,0.3576155289235417,1.0,0.5386906836018728
2022-11-12 06:00:00,0.933092113806147,0.5071034238695107,0.35628340554881777,1.0,0.5406648635811632
2022-11-12 07:00:00,0.933092113806147,0.5071034238695107,0.35746371390009807,1.0,0.5389156704052911
2022-11-12 08:00:00,0.933092113806147,0.5071034238695107,0.35876804015785346,1.0,0.5369826851928238
2022-11-12 09:00:00,0.933092113806147,0.5071034238695107,0.35917644395331455,1.0,0.5363774390033463
2022-11-12 10:00:00,0.933092113806147,0.5071034238695107,0.35965754790084725,1.0,0.5356644526544855
2022-11-12 11:00:00,0.933092113806147,0.5071034238695107,0.35925983530422023,1.0,0.5362538547028771
2022-11-12 12:00:00,0.933092113806147,0.5071034238695107,0.3597986717254568,1.0,0.535455309992153
2022-11-12 13:00:00,0.933092113806147,0.5071034238695107,0.359717418614318,1.0,0.535575725464405
2022-11-12 14:00:00,0.933092113806147,0.5071034238695107,0.35923203818725163,1.0,0.5362950494697002
2022-11-12 15:00:00,0.933092113806147,0.5071034238695107,0.3604893231701372,1.0,0.5344317784780103
2022-11-12 16:00:00,0.933092113806147,0.5071034238695107,0.36120777173178603,1.0,0.5333670521970447
2022-11-12 17:00:00,0.933092113806147,0.5071034238695107,0.3602990198308909,1.0,0.5347138041893376
2022-11-12 18:00:00,0.933092113806147,0.5071034238695107,0.3603289551876263,1.0,0.5346694405942973
2022-11-12 19:00:00,0.933092113806147,0.5071034238695107,0.35984785124009355,1.0,0.5353824269431582
2022-11-12 20:00:00,0.933092113806147,0.5071034238695107,0.3603481993455276,1.0,0.5346409211403429
2022-11-12 21:00:00,0.933092113806147,0.5071034238695107,0.35873596656135126,1.0,0.5370302176160812
2022-11-12 22:00:00,0.933092113806147,0.5071034238695107,0.3587830078362211,1.0,0.5369605033953038
2022-11-12 23:00:00,0.933092113806147,0.5071034238695107,0.3591400938772787,1.0,0.536431309083038
2022-11-13 00:00:00,0.933092113806147,0.5071034238695107,0.3586718193683469,1.0,0.5371252824625959
2022-11-13 01:00:00,0.933092113806147,0.5071034238695107,0.3592427293860857,1.0,0.5362792053286144
2022-11-13 02:00:00,0.933092113806147,0.5071034238695107,0.3600189104214385,1.0,0.534380387678615
2022-11-13 03:00:00,0.933092113806147,0.5071034238695107,0.36039524062039746,1.0,0.5338224897064133
2022-11-13 04:00:00,0.933092113806147,0.5071034238695107,0.360786538497724,1.0,0.5332424026103173
2022-11-13 05:00:00,0.933092113806147,0.5071034238695107,0.3597110038950176,1.0,0.5348368496558709
2022-11-13 06:00:00,0.933092113806147,0.5071034238695107,0.35961264486574424,1.0,0.5349826638986054
2022-11-13 07:00:00,0.933092113806147,0.5071034238695107,0.35585361935568843,1.0,0.5405553038709378
2022-11-13 08:00:00,0.933092113806147,0.5071034238695107,0.35778444986511987,1.0,0.5376929068885622
2022-11-13 09:00:00,0.933092113806147,0.5071034238695107,0.35518007382914263,1.0,0.541553814446185
2022-11-13 10:00:00,0.933092113806147,0.5071034238695107,0.3528365630447166,1.0,0.545027997273077
2022-11-13 11:00:00,0.933092113806147,0.5071034238695107,0.35379021798071475,1.0,0.5436142330935206
2022-11-13 12:00:00,0.933092113806147,0.5071034238695107,0.35535540949002126,1.0,0.5412938847091365
2022-11-13 13:00:00,0.933092113806147,0.5071034238695107,0.3543012572849829,1.0,0.5428566330062695
2022-11-13 14:00:00,0.933092113806147,0.5071034238695107,0.35559275410413743,1.0,0.5409420286016684
2022-11-13 15:00:00,0.933092113806147,0.5071034238695107,0.3548187113085514,1.0,0.5420895232944922
2022-11-13 16:00:00,0.933092113806147,0.5071034238695107,0.35357211752449996,1.0,0.5439375603274101
2022-11-13 17:00:00,0.933092113806147,0.5071034238695107,0.35377738854211394,1.0,0.543633252342573
2022-11-13 18:00:00,0.933092113806147,0.5071034238695107,0.35309956653603447,1.0,0.5446381026675043
2022-11-13 19:00:00,0.933092113806147,0.5071034238695107,0.35256073011479777,1.0,0.5454369111277021
2022-11-13 20:00:00,0.933092113806147,0.5071034238695107,0.353127363653003,1.0,0.5445968942945576
2022-11-13 21:00:00,0.933092113806147,0.5071034238695107,0.35168191357063805,1.0,0.5467397296877866
2022-11-13 22:00:00,0.933092113806147,0.5071034238695107,0.34960568275706344,1.0,0.5498176781594218
2022-11-13 23:00:00,0.933092113806147,0.5071034238695107,0.3507025997574381,1.0,0.5481915323654477
2022-11-14 00:00:00,0.933092113806147,0.5071034238695107,0.3482885270607072,1.0,0.5517703210621276
2022-11-14 01:00:00,0.933092113806147,0.5071034238695107,0.3468494916976426,1.0,0.5539036468308305
2022-11-14 02:00:00,0.933092113806147,0.5071034238695107,0.3431546133805913,1.0,0.5586330457647577
2022-11-14 03:00:00,0.933092113806147,0.5071034238695107,0.34501488197771785,1.0,0.5556086993499858
2022-11-14 04:00:00,0.933092113806147,0.5071034238695107,0.3441980743867956,1.0,0.556936630764288
2022-11-14 05:00:00,0.933092113806147,0.5071034238695107,0.34096505585937564,1.0,0.5621927362575467
2022-11-14 06:00:00,0.933092113806147,0.5071034238695107,0.33831577678829544,1.0,0.5664998227034115
2022-11-14 07:00:00,0.933092113806147,0.5071034238695107,0.3548443701857532,1.0,0.539628330995151
2022-11-14 08:00:00,0.933092113806147,0.5071034238695107,0.3588043902338892,1.0,0.5331902970179585
2022-11-14 09:00:00,0.933092113806147,0.5071034238695107,0.35754924349077055,1.0,0.5352308617828677
2022-11-14 10:00:00,0.933092113806147,0.5071034238695107,0.35732686655502205,1.0,0.5355923928485415
2022-11-14 11:00:00,0.933092113806147,0.5071034238695107,0.3579747532043661,1.0,0.5345390859937418
2022-11-14 12:00:00,0.933092113806147,0.5071034238695107,0.3572605811222509,1.0,0.5357001569161943
2022-11-14 13:00:00,0.933092113806147,0.5071034238695107,0.358840740309925,1.0,0.5331312005937617
2022-11-14 14:00:00,0.933092113806147,0.5071034238695107,0.3567367123793819,1.0,0.536551840676676
2022-11-14 15:00:00,0.933092113806147,0.5071034238695107,0.354185792337575,1.0,0.5406990191511852
2022-11-14 16:00:00,0.933092113806147,0.5071034238695107,0.35387574757138723,1.0,0.5412030768869805
2022-11-14 17:00:00,0.933092113806147,0.5071034238695107,0.35130344513191225,1.0,0.5453850179639581
2022-11-14 18:00:00,0.933092113806147,0.5071034238695107,0.35368330599237413,1.0,0.5415159403091983
2022-11-14 19:00:00,0.933092113806147,0.5071034238695107,0.35435043679961953,1.0,0.5404313471121767
2022-11-14 20:00:00,0.933092113806147,0.5071034238695107,0.3466591883583964,1.0,0.5529354552201472
2022-11-14 21:00:00,0.933092113806147,0.5071034238695107,0.347095389270826,1.0,0.552226298129787
2022-11-14 22:00:00,0.933092113806147,0.5071034238695107,0.3498986216051167,1.0,0.5476689209461479
2022-11-14 23:00:00,0.933092113806147,0.5071034238695107,0.3499285569618521,1.0,0.5476202533026918
2022-11-15 00:00:00,0.933092113806147,0.5071034238695107,0.3543611279984536,1.0,0.5404139658109424
2022-11-15 01:00:00,0.933092113806147,0.5071034238695107,0.35321503148344235,1.0,0.5422772413032615
2022-11-15 02:00:00,0.933092113806147,0.506748451472802,0.3564950912857321,1.0,0.5361625824478111
2022-11-15 03:00:00,0.933092113806147,0.5053824222916461,0.35745729918079755,1.0,0.5376079025693408
2022-11-15 04:00:00,0.933092113806147,0.5035944418745331,0.35871672240344993,1.0,0.5394996660172985
2022-11-15 05:00:00,0.933092113806147,0.5051426082798431,0.3576262201223757,1.0,0.5378616365462315
2022-11-15 06:00:00,0.933092113806147,0.5084908975838764,0.35526774165958197,1.0,0.5343189963372378
2022-11-15 07:00:00,0.933092113806147,0.5056616993686823,0.3572605811222509,1.0,0.5373124149000503
2022-11-15 08:00:00,0.933092113806147,0.5028082161902677,0.3592705265030543,1.0,0.5403315280428012
2022-11-15 09:00:00,0.933092113806147,0.5004920378231078,0.36090200344513196,1.0,0.542782148604417
2022-11-15 10:00:00,0.933092113806147,0.5042319221590725,0.3582676920524194,1.0,0.538825183293918
2022-11-15 11:00:00,0.933092113806147,0.5016516448168891,0.36008519585420967,1.0,0.5415552324123629
2022-11-15 12:00:00,0.933092113806147,0.5046386952930167,0.3579811679236665,1.0,0.5383947990799514
2022-11-15 13:00:00,0.933092113806147,0.5030783864060964,0.359080223163808,1.0,0.5400456758409875
2022-11-15 14:00:00,0.933092113806147,0.4977144451547574,0.362858492831765,1.0,0.5457209661848607
2022-11-15 15:00:00,0.933092113806147,0.5000275879015148,0.36122915412945417,1.0,0.543273557445737
2022-11-15 16:00:00,0.933092113806147,0.49847335025539957,0.362323932890062,1.0,0.5449180105617886
2022-11-15 17:00:00,0.933092113806147,0.49777515756280877,0.3628157280364288,1.0,0.5456567297350149
2022-11-15 18:00:00,0.933092113806147,0.498181930696753,0.3625292039076759,1.0,0.5452263455210482
2022-11-15 19:00:00,0.933092113806147,0.5061929329391318,0.35688638916305876,1.0,0.5367503459638999
2022-11-15 20:00:00,0.933092113806147,0.5024287636399466,0.3595378064739058,1.0,0.5407330058543373
2022-11-15 21:00:00,0.933092113806147,0.5030328521000578,0.35911229676031015,1.0,0.5400938531783718
2022-11-15 22:00:00,0.933092113806147,0.5009352384018829,0.3605898204391773,1.0,0.5423132225205428
2022-11-15 23:00:00,0.933092113806147,0.5018641382450688,0.35993551907053284,1.0,0.5413304048379027
2022-11-16 00:00:00,0.933092113806147,0.5011871948952961,0.36041234653853194,1.0,0.542046641253683
2022-11-16 01:00:00,0.933092113806147,0.5045476266809397,0.35804531511667087,1.0,0.53849115375472
2022-11-16 02:00:00,0.933092113806147,0.5016737836408051,0.359569880070408,1.0,0.5400240917983675
2022-11-16 03:00:00,0.933092113806147,0.499132208246012,0.3613937985914987,1.0,0.5427599571935042
2022-11-16 04:00:00,0.933092113806147,0.49837241724287923,0.36193904973203583,1.0,0.5435778302014291
2022-11-16 05:00:00,0.933092113806147,0.5001631403522235,0.36065396763218166,1.0,0.5416502157788298
2022-11-16 06:00:00,0.933092113806147,0.49979963249974435,0.3609148328837328,1.0,0.542041511884582
2022-11-16 07:00:00,0.933092113806147,0.5013579489493067,0.3597965334856901,1.0,0.5403640703820539
2022-11-16 08:00:00,0.933092113806147,0.5027106748921393,0.3588257726315573,1.0,0.5389079356934348
2022-11-16 09:00:00,0.933092113806147,0.5036969134099312,0.35811801526874254,1.0,0.537846304455697
2022-11-16 10:00:00,0.933092113806147,0.5050347414899571,0.3571579456134439,1.0,0.5364062064927235
2022-11-16 11:00:00,0.933092113806147,0.5054459225034171,0.3568628685256238,1.0,0.5359635928649054
2022-11-16 12:00:00,0.933092113806147,0.5062533866675307,0.35628340554881777,1.0,0.5350944023349147
2022-11-16 13:00:00,0.933092113806147,0.5076448470536601,0.35528484757771644,1.0,0.5335965721596171
2022-11-16 14:00:00,0.933092113806147,0.5119235132516939,0.3522143352725743,1.0,0.5289908245542051
2022-11-16 15:00:00,0.933092113806147,0.5127160795530011,0.35164556349460224,1.0,0.52813767074986
2022-11-16 16:00:00,0.933092113806147,0.5143220691635444,0.35049305226029054,1.0,0.5264089117252659
2022-11-16 17:00:00,0.933092113806147,0.5123108576846636,0.3519363641028887,1.0,0.5285738696874199
2022-11-16 18:00:00,0.933092113806147,0.5101089535618593,0.3535165232905628,1.0,0.5309440977378374
2022-11-16 19:00:00,0.933092113806147,0.5108836424277986,0.35296058095119165,1.0,0.5301101880042669
2022-11-16 20:00:00,0.933092113806147,0.5106393174777716,0.3531359166120703,1.0,0.5303731903048545
2022-11-16 21:00:00,0.933092113806147,0.5098676081843936,0.35368972071167465,1.0,0.5312038926932958
2022-11-16 22:00:00,0.933092113806147,0.5108747037101147,0.3529669956704921,1.0,0.5301198100396542
2022-11-16 23:00:00,0.933092113806147,0.5073319919347231,0.35550936275323175,1.0,0.5339333433981743
2022-11-17 00:00:00,0.933092113806147,0.5075792964573114,0.3553318888525864,1.0,0.5336671337524577
2022-11-17 01:00:00,0.933092113806147,0.5063695899974217,0.35620001419791203,1.0,0.5349693158748791
2022-11-17 02:00:00,0.933092113806147,0.5062659553984661,0.35602467853703346,1.0,0.5339577221295762
2022-11-17 03:00:00,0.933092113806147,0.5062659553984661,0.3535571498461323,1.0,0.5376537908729673
2022-11-17 04:00:00,0.933092113806147,0.5062659553984661,0.35247947700365895,1.0,0.5392680184697344
2022-11-17 05:00:00,0.933092113806147,0.5062659553984661,0.3520069260151935,1.0,0.5399758444595866
2022-11-17 06:00:00,0.933092113806147,0.5062659553984661,0.3536255735186703,1.0,0.5375513002319027
2022-11-17 07:00:00,0.933092113806147,0.5062659553984661,0.3533198052320161,1.0,0.5380093052841601
2022-11-17 08:00:00,0.933092113806147,0.5062659553984661,0.35429056608614884,1.0,0.5365552193140564
2022-11-17 09:00:00,0.933092113806147,0.5062659553984661,0.35333691115015065,1.0,0.5379836826238938
2022-11-17 10:00:00,0.933092113806147,0.5062659553984661,0.3523469061381166,1.0,0.5394665940867971
2022-11-17 11:00:00,0.933092113806147,0.5062659553984661,0.3525372094773629,1.0,0.5391815419913362
2022-11-17 12:00:00,0.933092113806147,0.5062659553984661,0.3539869360392615,1.0,0.5370100215337805
2022-11-17 13:00:00,0.933092113806147,0.5062659553984661,0.3536384029572711,1.0,0.5375320832367031
2022-11-17 14:00:00,0.933092113806147,0.5062659553984661,0.35180379323734634,1.0,0.5402801135502471
2022-11-17 15:00:00,0.933092113806147,0.5062659553984661,0.35207748792749827,1.0,0.5398701509859888
2022-11-17 16:00:00,0.933092113806147,0.5062659553984661,0.3526804715417393,1.0,0.5389669522116072
2022-11-17 17:00:00,0.933092113806147,0.5062659553984661,0.3551779355893759,1.0,0.5352260438127502
2022-11-17 18:00:00,0.933092113806147,0.5062659553984661,0.3560738580516702,1.0,0.5338840569813109
2022-11-17 19:00:00,0.933092113806147,0.5062659553984661,0.35620001419791203,1.0,0.5336950898618481
2022-11-17 20:00:00,0.933092113806147,0.5062659553984661,0.35456212253653396,1.0,0.5361484595823314
2022-11-17 21:00:00,0.933092113806147,0.5062659553984661,0.3560503374142352,1.0,0.5339192881391769
2022-11-17 22:00:00,0.933092113806147,0.5062659553984661,0.3559819137416972,1.0,0.5340217787802415
2022-11-17 23:00:00,0.933092113806147,0.5062659553984661,0.35639031753715833,1.0,0.5334100377663873
2022-11-18 00:00:00,0.933092113806147,0.5062659553984661,0.3560032961393653,1.0,0.5339897504549088
2022-11-18 01:00:00,0.933092113806147,0.5062659553984661,0.3614857429014716,1.0,0.5257776878396098
2022-11-18 02:00:00,0.933092113806147,0.5062659553984661,0.3602605315150883,1.0,0.5268653731791483
2022-11-18 03:00:00,0.933092113806147,0.5062659553984661,0.3608293032930603,1.0,0.5276961456379656
2022-11-18 04:00:00,0.933092113806147,0.5062659553984661,0.35950145639787,1.0,0.5257566354991476
2022-11-18 05:00:00,0.933092113806147,0.5062659553984661,0.35850717490630235,1.0,0.5243043452985835
2022-11-18 06:00:00,0.933092113806147,0.5062659553984661,0.3584943454677014,1.0,0.524285606070189
2022-11-18 07:00:00,0.933092113806147,0.5062659553984661,0.3582270654968499,1.0,0.5238952054786395
2022-11-18 08:00:00,0.933092113806147,0.5062659553984661,0.35723492224504916,1.0,0.5224460384828078
2022-11-18 09:00:00,0.933092113806147,0.5062659553984661,0.35704248066603606,1.0,0.5221649500568921
2022-11-18 10:00:00,0.933092113806147,0.5062659553984661,0.35705958658417053,1.0,0.5221899356947514
2022-11-18 11:00:00,0.933092113806147,0.5062659553984661,0.3576668466779452,1.0,0.5230769258387519
2022-11-18 12:00:00,0.933092113806147,0.5062659553984661,0.35732686655502205,1.0,0.5225803362863009
2022-11-18 13:00:00,0.933092113806147,0.5062659553984661,0.3578293529002229,1.0,0.523314289398414
2022-11-18 14:00:00,0.933092113806147,0.5062659553984661,0.3573118988766543,1.0,0.522558473853174
2022-11-18 15:00:00,0.933092113806147,0.5062659553984661,0.35618077004001075,1.0,0.5209062985497366
2022-11-18 16:00:00,0.933092113806147,0.5062659553984661,0.35610165516863873,1.0,0.5207907399746379
2022-11-18 17:00:00,0.933092113806147,0.5062659553984661,0.35524208278238023,1.0,0.5195352116722146
2022-11-18 18:00:00,0.933092113806147,0.5062659553984661,0.35400618019716285,1.0,0.5177299993368897
2022-11-18 19:00:00,0.933092113806147,0.5062659553984661,0.35382656805675056,1.0,0.5174676501393685
2022-11-18 20:00:00,0.933092113806147,0.5062659553984661,0.35527415637888243,1.0,0.5195820597432006
2022-11-18 21:00:00,0.933092113806147,0.5062659553984661,0.3549192085775916,1.0,0.5190636077576228
2022-11-18 22:00:00,0.933092113806147,0.5062659553984661,0.3552142856654117,1.0,0.5194946100106935
2022-11-18 23:00:00,0.933092113806147,0.5062659553984661,0.3555115009929985,1.0,0.5199287354684965
2022-11-19 00:00:00,0.933092113806147,0.5062659553984661,0.3561658023616431,1.0,0.5208844361166097
2022-11-19 01:00:00,0.933092113806147,0.5062659553984661,0.35546445971812873,1.0,0.5198600249643839
2022-11-19 02:00:00,0.933092113806147,0.5062659553984661,0.3554815656362632,1.0,0.5191571681670223
2022-11-19 03:00:00,0.933092113806147,0.5062659553984661,0.35461771677047105,1.0,0.5204171645436588
2022-11-19 04:00:00,0.933092113806147,0.5062659553984661,0.35472462875881167,1.0,0.5202612243980355
2022-11-19 05:00:00,0.933092113806147,0.5062659553984661,0.3548208495483182,1.0,0.5201208782669745
2022-11-19 06:00:00,0.933092113806147,0.5062659553984661,0.3541237833843375,1.0,0.5211376080164386
2022-11-19 07:00:00,0.933092113806147,0.5062659553984661,0.3543311926417183,1.0,0.5208350841339293
2022-11-19 08:00:00,0.933092113806147,0.5062659553984661,0.35408101858900126,1.0,0.5211999840746879
2022-11-19 09:00:00,0.933092113806147,0.5062659553984661,0.3550175676068649,1.0,0.5198339483990275
2022-11-19 10:00:00,0.933092113806147,0.5062659553984661,0.35480588186995055,1.0,0.5201427098873618
2022-11-19 11:00:00,0.933092113806147,0.5062659553984661,0.3548978261799235,1.0,0.5200086013621257
2022-11-19 12:00:00,0.933092113806147,0.5062659553984661,0.3557296014492134,1.0,0.5187953870291762
2022-11-19 13:00:00,0.933092113806147,0.5062659553984661,0.3551886267882099,1.0,0.5195844441660302
2022-11-19 14:00:00,0.933092113806147,0.5062659553984661,0.35508812951916974,1.0,0.5197310279029161
2022-11-19 15:00:00,0.933092113806147,0.5062659553984661,0.35514158551334,1.0,0.5196530578301045
2022-11-19 16:00:00,0.933092113806147,0.5062659553984661,0.35528484757771644,1.0,0.5194440980349693
2022-11-19 17:00:00,0.933092113806147,0.5062659553984661,0.35525491222098105,1.0,0.5194877612757438
2022-11-19 18:00:00,0.933092113806147,0.5062659553984661,0.35439533983472266,1.0,0.5207415200465553
2022-11-19 19:00:00,0.933092113806147,0.5062659553984661,0.3545663990160676,1.0,0.520492015813558
2022-11-19 20:00:00,0.933092113806147,0.5062659553984661,0.3546668962851077,1.0,0.5203454320766722
2022-11-19 21:00:00,0.933092113806147,0.5062659553984661,0.35478022299274886,1.0,0.5201801355223113
2022-11-19 22:00:00,0.933092113806147,0.5062659553984661,0.3557659515252492,1.0,0.5187423673796643
2022-11-19 23:00:00,0.933092113806147,0.5062659553984661,0.3569975776309329,1.0,0.5169459369020836
2022-11-20 00:00:00,0.933092113806147,0.5062659553984661,0.35623636427394784,1.0,0.5180562307389216
2022-11-20 01:00:00,0.933092113806147,0.5062659553984661,0.35668967110451205,1.0,0.5173950445214787
2022-11-20 02:00:00,0.933092113806147,0.5062659553984661,0.3558450663966213,1.0,0.5179001518962655
2022-11-20 03:00:00,0.933092113806147,0.5062659553984661,0.3558835547124239,1.0,0.5179560973276502
2022-11-20 04:00:00,0.933092113806147,0.5062659553984661,0.35580657808081867,1.0,0.5178442064648807
2022-11-20 05:00:00,0.933092113806147,0.5062659553984661,0.3558899694317243,1.0,0.5179654215662144
2022-11-20 06:00:00,0.933092113806147,0.5062659553984661,0.35595411662472864,1.0,0.5180586639518557
2022-11-20 07:00:00,0.933092113806147,0.5062659553984661,0.3559690843030964,1.0,0.5180804205085054
2022-11-20 08:00:00,0.933092113806147,0.5062659553984661,0.3566020032740727,1.0,0.5190004120468337
2022-11-20 09:00:00,0.933092113806147,0.5062659553984661,0.35436540447798726,1.0,0.515749360867471
2022-11-20 10:00:00,0.933092113806147,0.5062659553984661,0.354675449244175,1.0,0.516200032398071
2022-11-20 11:00:00,0.933092113806147,0.5062659553984661,0.35459419613303617,1.0,0.5160819253762586
2022-11-20 12:00:00,0.933092113806147,0.5062659553984661,0.35248589172295935,1.0,0.5130173589681786
2022-11-20 13:00:00,0.933092113806147,0.5062659553984661,0.3524752005241253,1.0,0.5130018185705717
2022-11-20 14:00:00,0.933092113806147,0.5062659553984661,0.35369185895144145,1.0,0.5147703158182365
2022-11-20 15:00:00,0.933092113806147,0.5062659553984661,0.35296913391025897,1.0,0.5137197849400104
2022-11-20 16:00:00,0.933092113806147,0.5062659553984661,0.35361488231983623,1.0,0.5146584249554669
2022-11-20 17:00:00,0.933092113806147,0.5062659553984661,0.35373034726724406,1.0,0.5148262612496213
2022-11-20 18:00:00,0.933092113806147,0.5062659553984661,0.3529285073546895,1.0,0.5136607314291041
2022-11-20 19:00:00,0.933092113806147,0.5062659553984661,0.35382015333745015,1.0,0.5149568005895193
2022-11-20 20:00:00,0.933092113806147,0.5062659553984661,0.3538607798930196,1.0,0.5150158541004255
2022-11-20 21:00:00,0.933092113806147,0.5062659553984661,0.35282373360611574,1.0,0.5135084355325565
2022-11-20 22:00:00,0.933092113806147,0.5062659553984661,0.34734983980307665,1.0,0.5055517519578255
2022-11-20 23:00:00,0.933092113806147,0.5062659553984661,0.3475679402592915,1.0,0.5058687760690063
2022-11-21 00:00:00,0.933092113806147,0.5062659553984661,0.3472493425340365,1.0,0.5054056722203207
2022-11-21 01:00:00,0.933092113806147,0.5062659553984661,0.3470098596801535,1.0,0.5050575673139263
2022-11-21 02:00:00,0.933092113806147,0.5062659553984661,0.3457889247733038,1.0,0.5025782507492725
2022-11-21 03:00:00,0.933092113806147,0.5062659553984661,0.3415295511578141,1.0,0.5087607515608151
2022-11-21 04:00:00,0.933092113806147,0.5062659553984661,0.3428573980530044,1.0,0.5068333755548071
2022-11-21 05:00:00,0.933092113806147,0.5062659553984661,0.34447176907694754,1.0,0.5044901084299503
2022-11-21 06:00:00,0.933092113806147,0.5062659553984661,0.3461524255336619,1.0,0.5020506276880465
2022-11-21 07:00:00,0.933092113806147,0.5062659553984661,0.34323586649173016,1.0,0.5062840268381188
2022-11-21 08:00:00,0.933092113806147,0.5062659553984661,0.34210473765508653,1.0,0.5079258656580515
2022-11-21 09:00:00,0.933092113806147,0.5062659553984661,0.3420021021462795,1.0,0.5080748415812213
2022-11-21 10:00:00,0.933092113806147,0.5062659553984661,0.34360364373162183,1.0,0.5057501964467607
2022-11-21 11:00:00,0.933092113806147,0.5062659553984661,0.3440719182405537,1.0,0.505070493797299
2022-11-21 12:00:00,0.933092113806147,0.5062659553984661,0.34307763674898606,1.0,0.5065136980530054
2022-11-21 13:00:00,0.933092113806147,0.5062659553984661,0.3437404910766978,1.0,0.5055515618825345
2022-11-21 14:00:00,0.933092113806147,0.5062659553984661,0.3450041907788838,1.0,0.5037172958285075
2022-11-21 15:00:00,0.933092113806147,0.5062659553984661,0.3448096109601039,1.0,0.5039997293495168
2022-11-21 16:00:00,0.933092113806147,0.5062659553984661,0.3440398446440515,1.0,0.5051170487732894
2022-11-21 17:00:00,0.933092113806147,0.5062659553984661,0.3418844989591049,1.0,0.5082455431598533
2022-11-21 18:00:00,0.933092113806147,0.5062659553984661,0.3415252746782804,1.0,0.5087669588909471
2022-11-21 19:00:00,0.933092113806147,0.5062659553984661,0.3406699787715556,1.0,0.5100084249173613
2022-11-21 20:00:00,0.933092113806147,0.5062659553984661,0.33527733807965543,1.0,0.5178358682139027
2022-11-21 21:00:00,0.933092113806147,0.5062659553984661,0.3366030467350789,1.0,0.5159115958729608
2022-11-21 22:00:00,0.933092113806147,0.5062659553984661,0.3336757964943131,1.0,0.5201605133483632
2022-11-21 23:00:00,0.933092113806147,0.5062659553984661,0.33562800940141263,1.0,0.5173268671430729
2022-11-22 00:00:00,0.933092113806147,0.5062659553984661,0.3365624201795095,1.0,0.5159705655092154
2022-11-22 01:00:00,0.933092113806147,0.5062659553984661,0.3384098593380352,1.0,0.5132889988921608
2022-11-22 02:00:00,0.933092113806147,0.5059115692296872,0.3373022511388265,1.0,0.5141930818092793
2022-11-22 03:00:00,0.933092113806147,0.5086594812317867,0.3391368608587513,1.0,0.5114001878988836
2022-11-22 04:00:00,0.933092113806147,0.5069876746291108,0.3380206997004754,1.0,0.5130993611170963
2022-11-22 05:00:00,0.933092113806147,0.5061229470760025,0.3374433749634361,1.0,0.5139782438161719
2022-11-22 06:00:00,0.933092113806147,0.5055176377888267,0.33703924764750864,1.0,0.5145934617055248
2022-11-22 07:00:00,0.933092113806147,0.5018025120051024,0.33455888951800655,1.0,0.5183694021904418
2022-11-22 08:00:00,0.933092113806147,0.5042269518484467,0.33617753702148334,1.0,0.5159052755119227
2022-11-22 09:00:00,0.933092113806147,0.5032052922579224,0.33549543853587027,1.0,0.5169436591452748
2022-11-22 10:00:00,0.933092113806147,0.5018569578140019,0.33459523959404236,1.0,0.5183140651316112
2022-11-22 11:00:00,0.933092113806147,0.5053831246138988,0.3369494415773025,1.0,0.5147301767920476
2022-11-22 12:00:00,0.933092113806147,0.5038234123236628,0.33590811881086496,1.0,0.5163154207714913
2022-11-22 13:00:00,0.933092113806147,0.5065745270204035,0.33774486677055665,1.0,0.513519271739988
2022-11-22 14:00:00,0.933092113806147,0.5172779325110989,0.3448908640712427,1.0,0.5026406569980976
2022-11-22 15:00:00,0.933092113806147,0.5156413555494754,0.34379822355040174,1.0,0.5043040238841257
2022-11-22 16:00:00,0.933092113806147,0.5195326295384626,0.34639618486707846,1.0,0.5003490517382858
2022-11-22 17:00:00,0.933092113806147,0.5172170813129172,0.3448502375156733,1.0,0.5027025042991435
2022-11-22 18:00:00,0.933092113806147,0.5144275342804828,0.3429878306787799,1.0,0.5055377147839392
2022-11-22 19:00:00,0.933092113806147,0.5163683672330146,0.3442836039774681,1.0,0.5035651113926807
2022-11-22 20:00:00,0.933092113806147,0.5172202840075584,0.34485237575544014,1.0,0.5026992491780359
2022-11-22 21:00:00,0.933092113806147,0.5161858136384696,0.3441617243107598,1.0,0.5037506532958189
2022-11-22 22:00:00,0.933092113806147,0.5166405962775117,0.34446535435764714,1.0,0.5032884260985273
2022-11-22 23:00:00,0.933092113806147,0.5177711474858346,0.34522015299533176,1.0,0.5021393683475137
2022-11-23 00:00:00,0.933092113806147,0.5191386980976022,0.3461331813757606,1.0,0.5007494316345312
2022-11-23 01:00:00,0.933092113806147,0.5176686612573181,0.3451517293227938,1.0,0.5022435322229597
2022-11-23 02:00:00,0.933092113806147,0.5186278321118907,0.3460348223464872,1.0,0.5001793034049701
2022-11-23 03:00:00,0.933092113806147,0.5186278321118907,0.35219295287490615,1.0,0.5090688837651688
2022-11-23 04:00:00,0.933092113806147,0.5186278321118907,0.35377525030234713,1.0,0.5113530120521643
2022-11-23 05:00:00,0.933092113806147,0.5186278321118907,0.3521480498398031,1.0,0.5090040639083756
2022-11-23 06:00:00,0.933092113806147,0.5186278321118907,0.3511623213073027,1.0,0.5075811137187745
2022-11-23 07:00:00,0.933092113806147,0.5186278321118907,0.35194064058242225,1.0,0.5087046579031883
2022-11-23 08:00:00,0.933092113806147,0.5186278321118907,0.3536683383140065,1.0,0.5111986790597998
2022-11-23 09:00:00,0.933092113806147,0.5186278321118907,0.3527809688107795,1.0,0.5099177152231739
2022-11-23 10:00:00,0.933092113806147,0.5186278321118907,0.35327062571737944,1.0,0.5106245603282035
2022-11-23 11:00:00,0.933092113806147,0.5186278321118907,0.3542691836884807,1.0,0.5120660304768885
2022-11-23 12:00:00,0.933092113806147,0.5186278321118907,0.3537560061444458,1.0,0.5113252321135386
2022-11-23 13:00:00,0.933092113806147,0.5186278321118907,0.35219295287490615,1.0,0.5090688837651688
2022-11-23 14:00:00,0.933092113806147,0.5186278321118907,0.3497318389033054,1.0,0.5055161382809366
2022-11-23 15:00:00,0.933092113806147,0.5186278321118907,0.35117301250613675,1.0,0.5075965470180108
2022-11-23 16:00:00,0.933092113806147,0.5186278321118907,0.3503113018801115,1.0,0.5063526230995525
2022-11-23 17:00:00,0.933092113806147,0.5186278321118907,0.3484125449671823,1.0,0.5036116691551579
2022-11-23 18:00:00,0.933092113806147,0.5186278321118907,0.34963347987403204,1.0,0.5053741519279612
2022-11-23 19:00:00,0.933092113806147,0.5186278321118907,0.35256073011479777,1.0,0.5095997892589028
2022-11-23 20:00:00,0.933092113806147,0.5186278321118907,0.3513996659214188,1.0,0.5079237329618237
2022-11-23 21:00:00,0.933092113806147,0.5186278321118907,0.35444451934935933,1.0,0.5123191365843665
2022-11-23 22:00:00,0.933092113806147,0.5186278321118907,0.3516477017343691,1.0,0.5082817855041095
2022-11-23 23:00:00,0.933092113806147,0.5186278321118907,0.35221219703280743,1.0,0.5090966637037944
2022-11-24 00:00:00,0.933092113806147,0.5186278321118907,0.3541579952206065,1.0,0.5119055241648294
2022-11-24 01:00:00,0.933092113806147,0.5186278321118907,0.35330911403318205,1.0,0.5106801202054547
2022-11-24 02:00:00,0.933092113806147,0.5182647926294124,0.3571878809701793,1.0,0.5155565380078139
2022-11-24 03:00:00,0.933092113806147,0.516597746931571,0.3560375079756343,1.0,0.513898203656527
2022-11-24 04:00:00,0.933092113806147,0.5171895791402842,0.3564459117710954,1.0,0.5144869431752924
2022-11-24 05:00:00,0.933092113806147,0.5167464796332372,0.35614014348444134,1.0,0.5140461591376827
2022-11-24 06:00:00,0.933092113806147,0.515417181112096,0.3552228386244789,1.0,0.5127238070248535
2022-11-24 07:00:00,0.933092113806147,0.5172546496972632,0.35649081480619854,1.0,0.5145516736982981
2022-11-24 08:00:00,0.933092113806147,0.5144318269635578,0.35454287837863263,1.0,0.511743601962197
2022-11-24 09:00:00,0.933092113806147,0.5134619658047765,0.3538736093316205,1.0,0.5107788089288275
2022-11-24 10:00:00,0.933092113806147,0.5138028115794281,0.3541088157059698,1.0,0.5111178735731428
2022-11-24 11:00:00,0.933092113806147,0.5124177382951621,0.35315302253020475,1.0,0.5097400381548802
2022-11-24 12:00:00,0.933092113806147,0.5129847817202643,0.35354432040753137,1.0,0.5103041184267864
2022-11-24 13:00:00,0.933092113806147,0.5119064696331848,0.35280021296868075,1.0,0.5092314411884075
2022-11-24 14:00:00,0.933092113806147,0.5133380218867214,0.353788079740948,1.0,0.5106555126945311
2022-11-24 15:00:00,0.933092113806147,0.51167097618888,0.35263770674640305,1.0,0.5089971783432443
2022-11-24 16:00:00,0.933092113806147,0.5124208368931136,0.3531551607699716,1.0,0.5097431205607377
2022-11-24 17:00:00,0.933092113806147,0.514400840984044,0.3545214959809645,1.0,0.5117127779036229
2022-11-24 18:00:00,0.933092113806147,0.5132884443194994,0.353753867904679,1.0,0.5106061942008127
2022-11-24 19:00:00,0.933092113806147,0.5132419653502287,0.35372179430817685,1.0,0.5105599581129515
2022-11-24 20:00:00,0.933092113806147,0.5130405564833891,0.35358280872333403,1.0,0.5103596017322198
2022-11-24 21:00:00,0.933092113806147,0.5127214008943971,0.35336257002735233,1.0,0.5100421139289064
2022-11-24 22:00:00,0.933092113806147,0.5123402733463777,0.35309956653603447,1.0,0.509662978008445
2022-11-24 23:00:00,0.933092113806147,0.5141498545499824,0.3543482985598528,1.0,0.5114631030291727
2022-11-25 00:00:00,0.933092113806147,0.5137718255999143,0.35408743330830167,1.0,0.5110870495145686
2022-11-25 01:00:00,0.933092113806147,0.5115067504974571,0.352524380038762,1.0,0.5088338108328017
2022-11-25 02:00:00,0.933092113806147,0.5110865130658149,0.3524816152434258,1.0,0.5080598783635076
2022-11-25 03:00:00,0.933092113806147,0.5110865130658149,0.352524380038762,1.0,0.507998317128761
2022-11-25 04:00:00,0.933092113806147,0.5110865130658149,0.35168619005017165,1.0,0.5092049173297952
2022-11-25 05:00:00,0.933092113806147,0.5110865130658149,0.34958643859916216,1.0,0.5122275739558553
2022-11-25 06:00:00,0.933092113806147,0.5110865130658149,0.34896848730655344,1.0,0.5131171337979443
2022-11-25 07:00:00,0.933092113806147,0.5110865130658149,0.3503540666754477,1.0,0.5111225497921531
2022-11-25 08:00:00,0.933092113806147,0.5110865130658149,0.35111955651196647,1.0,0.5100206036901882
2022-11-25 09:00:00,0.933092113806147,0.5110865130658149,0.3508308941434468,1.0,0.510436142024728
2022-11-25 10:00:00,0.933092113806147,0.5110865130658149,0.3506726644007027,1.0,0.5106639185932906
2022-11-25 11:00:00,0.933092113806147,0.5110865130658149,0.35144456895652193,1.0,0.5095527383061137
2022-11-25 12:00:00,0.933092113806147,0.5110865130658149,0.3526120478692013,1.0,0.5078721165975304
2022-11-25 13:00:00,0.933092113806147,0.5110865130658149,0.35205610552983013,1.0,0.5086724126492368
2022-11-25 14:00:00,0.933092113806147,0.5110865130658149,0.35175889020224327,1.0,0.509100263230726
2022-11-25 15:00:00,0.933092113806147,0.5110865130658149,0.3527809688107795,1.0,0.5076289497202812
2022-11-25 16:00:00,0.933092113806147,0.5110865130658149,0.3522228882316415,1.0,0.5084323238337248
2022-11-25 17:00:00,0.933092113806147,0.5110865130658149,0.35163701053553503,1.0,0.5092757127497538
2022-11-25 18:00:00,0.933092113806147,0.5110865130658149,0.35216301751817075,1.0,0.5085185095623702
2022-11-25 19:00:00,0.933092113806147,0.5110865130658149,0.3518508345122162,1.0,0.5089679065760206
2022-11-25 20:00:00,0.933092113806147,0.5110865130658149,0.3524495416469236,1.0,0.5081060492895676
2022-11-25 21:00:00,0.933092113806147,0.5110865130658149,0.352513688839928,1.0,0.5080137074374477
2022-11-25 22:00:00,0.933092113806147,0.5110865130658149,0.3519748524186913,1.0,0.5087893789952553
2022-11-25 23:00:00,0.933092113806147,0.5110865130658149,0.3525671448340983,1.0,0.5079367558940143
2022-11-26 00:00:00,0.933092113806147,0.5110865130658149,0.35245595636622407,1.0,0.5080968151043557
2022-11-26 01:00:00,0.933092113806147,0.5110865130658149,0.35362129703913664,1.0,0.5064192714575096
2022-11-26 02:00:00,0.933092113806147,0.5110865130658149,0.3547609788348475,1.0,0.5040673823295976
2022-11-26 03:00:00,0.933092113806147,0.5110865130658149,0.3546668962851077,1.0,0.5042008911179349
2022-11-26 04:00:00,0.933092113806147,0.5110865130658149,0.3545663990160676,1.0,0.5043435027782041
2022-11-26 05:00:00,0.933092113806147,0.5110865130658149,0.35471607579974446,1.0,0.5041311024331221
2022-11-26 06:00:00,0.933092113806147,0.5110865130658149,0.35456212253653396,1.0,0.5043495713594922
2022-11-26 07:00:00,0.933092113806147,0.5110865130658149,0.35319151084600736,1.0,0.5062945516623144
2022-11-26 08:00:00,0.933092113806147,0.5110865130658149,0.353753867904679,1.0,0.5054965332229349
2022-11-26 09:00:00,0.933092113806147,0.5110865130658149,0.35342885546012354,1.0,0.5059577454008272
2022-11-26 10:00:00,0.933092113806147,0.5110865130658149,0.3538479504544187,1.0,0.5053630244345977
2022-11-26 11:00:00,0.933092113806147,0.5110865130658149,0.35398052131996105,1.0,0.5051748984146679
2022-11-26 12:00:00,0.933092113806147,0.5110865130658149,0.3536640618344729,1.0,0.5056239734299841
2022-11-26 13:00:00,0.933092113806147,0.5110865130658149,0.35368972071167465,1.0,0.5055875619422557
2022-11-26 14:00:00,0.933092113806147,0.5110865130658149,0.35404253027319865,1.0,0.505086903985991
2022-11-26 15:00:00,0.933092113806147,0.5110865130658149,0.35343099369989034,1.0,0.5059547111101832
2022-11-26 16:00:00,0.933092113806147,0.5110865130658149,0.3522464088690765,1.0,0.5076357081269748
2022-11-26 17:00:00,0.933092113806147,0.5110865130658149,0.3521309439216686,1.0,0.5077995598217524
2022-11-26 18:00:00,0.933092113806147,0.5110865130658149,0.3523511826176502,1.0,0.5074870278854174
2022-11-26 19:00:00,0.933092113806147,0.5110865130658149,0.35148733375185814,1.0,0.5087128813056049
2022-11-26 20:00:00,0.933092113806147,0.5110865130658149,0.35169474300923886,1.0,0.5084185551131342
2022-11-26 21:00:00,0.933092113806147,0.5110865130658149,0.3519320876233551,1.0,0.508081748851647
2022-11-26 22:00:00,0.933092113806147,0.5110865130658149,0.3522528235883769,1.0,0.5076266052550428
2022-11-26 23:00:00,0.933092113806147,0.5110865130658149,0.35037544907311585,1.0,0.5102907124404995
2022-11-27 00:00:00,0.933092113806147,0.5110865130658149,0.3510233357224599,1.0,0.509371322375359
2022-11-27 01:00:00,0.933092113806147,0.5110865130658149,0.3511772889856704,1.0,0.509152853448989
2022-11-27 02:00:00,0.933092113806147,0.5110865130658149,0.3515835545413647,1.0,0.5078706416819737
2022-11-27 03:00:00,0.933092113806147,0.5110865130658149,0.35254148595689655,1.0,0.5064886696068034
2022-11-27 04:00:00,0.933092113806147,0.5110865130658149,0.3525393477171297,1.0,0.5064917543658998
2022-11-27 05:00:00,0.933092113806147,0.5110865130658149,0.3533198052320161,1.0,0.5053658172957276
2022-11-27 06:00:00,0.933092113806147,0.5110865130658149,0.35275530993357773,1.0,0.5061801936971672
2022-11-27 07:00:00,0.933092113806147,0.5110865130658149,0.35311453421440214,1.0,0.5056619541689783
2022-11-27 08:00:00,0.933092113806147,0.5110865130658149,0.35326207275831223,1.0,0.5054491057913293
2022-11-27 09:00:00,0.933092113806147,0.5110865130658149,0.3525928037113,1.0,0.5064146353884907
2022-11-27 10:00:00,0.933092113806147,0.5110865130658149,0.35240250037205373,1.0,0.506689178948067
2022-11-27 11:00:00,0.933092113806147,0.5110865130658149,0.3528579454423847,1.0,0.5060321252605418
2022-11-27 12:00:00,0.933092113806147,0.5110865130658149,0.3530568017406982,1.0,0.5057452426645801
2022-11-27 13:00:00,0.933092113806147,0.5110865130658149,0.3532107550039087,1.0,0.5055231400096419
2022-11-27 14:00:00,0.933092113806147,0.5110865130658149,0.3527595864131114,1.0,0.5061740241789744
2022-11-27 15:00:00,0.933092113806147,0.5110865130658149,0.3527724158517122,1.0,0.5061555156243963
2022-11-27 16:00:00,0.933092113806147,0.5110865130658149,0.3535272144893969,1.0,0.5050665956633804
2022-11-27 17:00:00,0.933092113806147,0.5110865130658149,0.35275744817334453,1.0,0.5061771089380709
2022-11-27 18:00:00,0.933092113806147,0.5110865130658149,0.3526141861089681,1.0,0.5063837877975271
2022-11-27 19:00:00,0.933092113806147,0.5110865130658149,0.35330911403318205,1.0,0.5053812410912094
2022-11-27 20:00:00,0.933092113806147,0.5110865130658149,0.3531123959746354,1.0,0.5056650389280746
2022-11-27 21:00:00,0.933092113806147,0.5110865130658149,0.35318937260624056,1.0,0.5055539876006057
2022-11-27 22:00:00,0.933092113806147,0.5110865130658149,0.3535956381619349,1.0,0.5049678833722968
2022-11-27 23:00:00,0.933092113806147,0.5110865130658149,0.3535079703314956,1.0,0.5050943584952475
2022-11-28 00:00:00,0.933092113806147,0.5110865130658149,0.35045242570472107,1.0,0.5095024792439494
2022-11-28 01:00:00,0.933092113806147,0.5110865130658149,0.350749641032308,1.0,0.509073697729555
2022-11-28 02:00:00,0.933092113806147,0.5110865130658149,0.34430712461490304,1.0,0.5176570528447968
2022-11-28 03:00:00,0.933092113806147,0.5110865130658149,0.34375545875506547,1.0,0.5184853654922905
2022-11-28 04:00:00,0.933092113806147,0.5110865130658149,0.3450319878958523,1.0,0.5165686885521598
2022-11-28 05:00:00,0.933092113806147,0.5110865130658149,0.34572263934053266,1.0,0.515531692485724
2022-11-28 06:00:00,0.933092113806147,0.5110865130658149,0.3446898695331624,1.0,0.5170823708141714
2022-11-28 07:00:00,0.933092113806147,0.5110865130658149,0.3458145836505056,1.0,0.5153936403778083
2022-11-28 08:00:00,0.933092113806147,0.5110865130658149,0.3460177164283527,1.0,0.515088641534739
2022-11-28 09:00:00,0.933092113806147,0.5110865130658149,0.34624864632316843,1.0,0.5147419060078812
2022-11-28 10:00:00,0.933092113806147,0.5110865130658149,0.3458744543639763,1.0,0.5153037459819564
2022-11-28 11:00:00,0.933092113806147,0.5110865130658149,0.34544252993108027,1.0,0.5159522698377459
2022-11-28 12:00:00,0.933092113806147,0.5110865130658149,0.3458017542119047,1.0,0.5154129034626338
2022-11-28 13:00:00,0.933092113806147,0.5110865130658149,0.3452244294748654,1.0,0.5162797422797784
2022-11-28 14:00:00,0.933092113806147,0.5110865130658149,0.3450619232525877,1.0,0.5165237413542338
2022-11-28 15:00:00,0.933092113806147,0.5110865130658149,0.34589797500141123,1.0,0.515268430326443
2022-11-28 16:00:00,0.933092113806147,0.5110865130658149,0.34434133645117204,1.0,0.5176056846185956
2022-11-28 17:00:00,0.933092113806147,0.5110865130658149,0.34791433510151504,1.0,0.5122409154947124
2022-11-28 18:00:00,0.933092113806147,0.5110865130658149,0.345741883498434,1.0,0.5155027978584857
2022-11-28 19:00:00,0.933092113806147,0.5110865130658149,0.3447112519308305,1.0,0.5170502656727957
2022-11-28 20:00:00,0.933092113806147,0.5110865130658149,0.3460198546681196,1.0,0.5150854310206013
2022-11-28 21:00:00,0.933092113806147,0.5110865130658149,0.3467917592239387,1.0,0.5139264354169378
2022-11-28 22:00:00,0.933092113806147,0.5110865130658149,0.34553019776151955,1.0,0.5158206387581055
2022-11-28 23:00:00,0.933092113806147,0.5110865130658149,0.34593860155698064,1.0,0.5152074305578291
2022-11-29 00:00:00,0.933092113806147,0.5110865130658149,0.34579320125283747,1.0,0.5154257455191841
2022-11-29 01:00:00,0.933092113806147,0.5110865130658149,0.34503840261515273,1.0,0.5165590570097471
2022-11-29 02:00:00,0.933092113806147,0.5110865130658149,0.3466121470835265,1.0,0.513471400426369
2022-11-29 03:00:00,0.933092113806147,0.5110865130658149,0.3468922564929789,1.0,0.5130569924587887
2022-11-29 04:00:00,0.933092113806147,0.5110865130658149,0.34738618987911246,1.0,0.5123262425312235
2022-11-29 05:00:00,0.933092113806147,0.5110865130658149,0.3504588404240215,1.0,0.5077804085662404
2022-11-29 06:00:00,0.933092113806147,0.5110865130658149,0.3516156281378669,1.0,0.5060689985627219
2022-11-29 07:00:00,0.933092113806147,0.5110865130658149,0.3511601830675358,1.0,0.5067428069374899
2022-11-29 08:00:00,0.933092113806147,0.5110865130658149,0.35116873602660315,1.0,0.5067301532590904
2022-11-29 09:00:00,0.933092113806147,0.5110865130658149,0.35187435514965115,1.0,0.5056862247911402
2022-11-29 10:00:00,0.933092113806147,0.5110865130658149,0.35226779126674457,1.0,0.505104155584768
2022-11-29 11:00:00,0.933092113806147,0.5110865130658149,0.3520154789742607,1.0,0.5054774390975502
2022-11-29 12:00:00,0.933092113806147,0.5110865130658149,0.351852972751983,1.0,0.5057178589871387
2022-11-29 13:00:00,0.933092113806147,0.5110865130658149,0.3516968812490057,1.0,0.5059487886179277
2022-11-29 14:00:00,0.933092113806147,0.5110865130658149,0.3501209985408652,1.0,0.5082802288630165
2022-11-29 15:00:00,0.933092113806147,0.5110865130658149,0.3490240815404906,1.0,0.5099030631177391
2022-11-29 16:00:00,0.933092113806147,0.5110865130658149,0.34964844755239977,1.0,0.5089793445945832
2022-11-29 17:00:00,0.933092113806147,0.5110865130658149,0.3500568513478608,1.0,0.508375131451012
2022-11-29 18:00:00,0.933092113806147,0.5110865130658149,0.3493768911020146,1.0,0.5093810988837639
2022-11-29 19:00:00,0.933092113806147,0.5110865130658149,0.35025356940640756,1.0,0.5080840968478259
2022-11-29 20:00:00,0.933092113806147,0.5110865130658149,0.3503583431549813,1.0,0.5079290892874333
2022-11-29 21:00:00,0.933092113806147,0.5110865130658149,0.3518230373952476,1.0,0.5057621468615366
2022-11-29 22:00:00,0.933092113806147,0.5110865130658149,0.35116873602660315,1.0,0.5067301532590904
2022-11-29 23:00:00,0.933092113806147,0.5110865130658149,0.3518829081087184,1.0,0.5056735711127407
2022-11-30 00:00:00,0.933092113806147,0.5110865130658149,0.3506833555995368,1.0,0.5074482495082562
2022-11-30 01:00:00,0.933092113806147,0.5110865130658149,0.35936674729256085,1.0,0.4946016025132688
2022-11-30 02:00:00,0.933092113806147,0.5110865130658149,0.36012582240977914,1.0,0.49275973839120324
2022-11-30 03:00:00,0.933092113806147,0.5110865130658149,0.361776543509758,1.0,0.4950156154152588
2022-11-30 04:00:00,0.933092113806147,0.5110865130658149,0.35931115305862366,1.0,0.4916464104816628
2022-11-30 05:00:00,0.933092113806147,0.5110865130658149,0.36005953697700793,1.0,0.49266915265578126
2022-11-30 06:00:00,0.933092113806147,0.5110865130658149,0.35976445988918787,1.0,0.49226590002712883
2022-11-30 07:00:00,0.933092113806147,0.5110865130658149,0.3596789302985154,1.0,0.4921490152072296
2022-11-30 08:00:00,0.933092113806147,0.5110865130658149,0.3601087164916446,1.0,0.4927363614272233
2022-11-30 09:00:00,0.933092113806147,0.5110865130658149,0.3603139875092586,1.0,0.4930168849949816
2022-11-30 10:00:00,0.933092113806147,0.5110865130658149,0.360036016339573,1.0,0.492637009330309
2022-11-30 11:00:00,0.933092113806147,0.5110865130658149,0.35977301284825514,1.0,0.4922775885091188
2022-11-30 12:00:00,0.933092113806147,0.5110865130658149,0.36004884577817386,1.0,0.49265454205329384
2022-11-30 13:00:00,0.933092113806147,0.5110865130658149,0.35790846777159496,1.0,0.489729499435315
2022-11-30 14:00:00,0.933092113806147,0.5110865130658149,0.3585862897776744,1.0,0.49065581163301664
2022-11-30 15:00:00,0.933092113806147,0.5110865130658149,0.3593475031346595,1.0,0.49169608653012
2022-11-30 16:00:00,0.933092113806147,0.5110865130658149,0.35973880101198613,1.0,0.49223083458115907
2022-11-30 17:00:00,0.933092113806147,0.5110865130658149,0.35966396262014766,1.0,0.4921285603637472
2022-11-30 18:00:00,0.933092113806147,0.5110865130658149,0.3581393976664107,1.0,0.490045088449043
2022-11-30 19:00:00,0.933092113806147,0.5110865130658149,0.36094904472000183,1.0,0.4938847547827336
2022-11-30 20:00:00,0.933092113806147,0.5110865130658149,0.3639019538379693,1.0,0.4979202031897553
2022-11-30 21:00:00,0.933092113806147,0.5110865130658149,0.36474442030609333,1.0,0.499071518665763
2022-11-30 22:00:00,0.933092113806147,0.5110865130658149,0.3648470558149003,1.0,0.4992117804496421
2022-11-30 23:00:00,0.933092113806147,0.5110865130658149,0.36577719011346355,1.0,0.5004829028660465
2022-12-01 00:00:00,0.933092113806147,0.5110865130658149,0.36608082016035093,1.0,0.5008978439766889
2022-12-01 01:00:00,0.933092113806147,0.5110865130658149,0.3660850966398845,1.0,0.5009036882176837
2022-12-01 02:00:00,0.933092113806147,0.5110865130658149,0.3651079210664514,1.0,0.49886888689570935
2022-12-01 03:00:00,0.933092113806147,0.5110865130658149,0.36532815976243305,1.0,0.49916944680658415
2022-12-01 04:00:00,0.933092113806147,0.5110865130658149,0.3658755491427369,1.0,0.4999164694976905
2022-12-01 05:00:00,0.933092113806147,0.5110865130658149,0.365646757487688,1.0,0.49960423735726706
2022-12-01 06:00:00,0.933092113806147,0.5110865130658149,0.3650523268325142,1.0,0.4987930174036438
2022-12-01 07:00:00,0.933092113806147,0.5110865130658149,0.3652362154524601,1.0,0.4990439703389374
2022-12-01 08:00:00,0.933092113806147,0.5110865130658149,0.3641371602123187,1.0,0.4975440888419504
2022-12-01 09:00:00,0.933092113806147,0.5110865130658149,0.365077985709716,1.0,0.49882803409228943
2022-12-01 10:00:00,0.933092113806147,0.5110865130658149,0.3650715709904156,1.0,0.49881927992012803
2022-12-01 11:00:00,0.933092113806147,0.5110865130658149,0.364680273113089,1.0,0.49828527541828255
2022-12-01 12:00:00,0.933092113806147,0.5110865130658149,0.3648727146921021,1.0,0.4985479005831246
2022-12-01 13:00:00,0.933092113806147,0.5110865130658149,0.36558261029468364,1.0,0.49951669563565304
2022-12-01 14:00:00,0.933092113806147,0.5110865130658149,0.3645562552066138,1.0,0.49811602808982863
2022-12-01 15:00:00,0.933092113806147,0.5110865130658149,0.3649325854055728,1.0,0.4986296061899643
2022-12-01 16:00:00,0.933092113806147,0.5110865130658149,0.3621699796268515,1.0,0.494859476045787
2022-12-01 17:00:00,0.933092113806147,0.5110865130658149,0.362255509217524,1.0,0.4949761983412724
2022-12-01 18:00:00,0.933092113806147,0.5110865130658149,0.3619561556501703,1.0,0.49456767030707355
2022-12-01 19:00:00,0.933092113806147,0.5110865130658149,0.36121632469085335,1.0,0.4935580224511252
2022-12-01 20:00:00,0.933092113806147,0.5110865130658149,0.36163541968514845,1.0,0.4941299616990035
2022-12-01 21:00:00,0.933092113806147,0.5110865130658149,0.36088917400653103,1.0,0.4931115596708936
2022-12-01 22:00:00,0.933092113806147,0.5110865130658149,0.36103671255044106,1.0,0.49331290563060587
2022-12-01 23:00:00,0.933092113806147,0.5110865130658149,0.3618406907027624,1.0,0.4944100952081683
2022-12-02 00:00:00,0.933092113806147,0.5110865130658149,0.3621699796268515,1.0,0.494859476045787
2022-12-02 01:00:00,0.933092113806147,0.5110865130658149,0.36340802045183573,1.0,0.4965490312729377
2022-12-02 02:00:00,0.933092113806147,0.5110865130658149,0.36102388311184025,1.0,0.49260478099907246
2022-12-02 03:00:00,0.933092113806147,0.5110865130658149,0.3609426300007013,1.0,0.4927155110627595
2022-12-02 04:00:00,0.933092113806147,0.5110865130658149,0.3605320879654734,1.0,0.4932749892792832
2022-12-02 05:00:00,0.933092113806147,0.5110865130658149,0.3611136891820463,1.0,0.49248239513920794
2022-12-02 06:00:00,0.933092113806147,0.5110865130658149,0.36123984532828823,1.0,0.49231047214558865
2022-12-02 07:00:00,0.933092113806147,0.5110865130658149,0.36068390298891706,1.0,0.49306809889713127
2022-12-02 08:00:00,0.933092113806147,0.5110865130658149,0.36166749328165065,1.0,0.4917276823367097
2022-12-02 09:00:00,0.933092113806147,0.5110865130658149,0.3618428289425293,1.0,0.49148873851506936
2022-12-02 10:00:00,0.933092113806147,0.5110865130658149,0.36181503182556074,1.0,0.49152661985264645
2022-12-02 11:00:00,0.933092113806147,0.5110865130658149,0.3619604321297039,1.0,0.49132847131762764
2022-12-02 12:00:00,0.933092113806147,0.5110865130658149,0.3625227891883755,1.0,0.49056210271895184
2022-12-02 13:00:00,0.933092113806147,0.5110865130658149,0.36325620542839204,1.0,0.48956261819672453
2022-12-02 14:00:00,0.933092113806147,0.5110865130658149,0.3602669462343887,1.0,0.4936363189607882
2022-12-02 15:00:00,0.933092113806147,0.5110865130658149,0.360707423626352,1.0,0.49303604545764296
2022-12-02 16:00:00,0.933092113806147,0.5110865130658149,0.3612804718838577,1.0,0.4922551071137451
2022-12-02 17:00:00,0.933092113806147,0.5110865130658149,0.3612184629306201,1.0,0.49233961163603257
2022-12-02 18:00:00,0.933092113806147,0.5110865130658149,0.36122701588968736,1.0,0.49232795583985495
2022-12-02 19:00:00,0.933092113806147,0.5110865130658149,0.36163114320561485,1.0,0.49177721947046443
2022-12-02 20:00:00,0.933092113806147,0.5110865130658149,0.3623560064865642,1.0,0.49078939074441463
2022-12-02 21:00:00,0.933092113806147,0.5110865130658149,0.36324123775002437,1.0,0.48958301584003533
2022-12-02 22:00:00,0.933092113806147,0.5110865130658149,0.3628627693112987,1.0,0.4900987848208931
2022-12-02 23:00:00,0.933092113806147,0.5110865130658149,0.36355555899574576,1.0,0.4891546653305093
2022-12-03 00:00:00,0.933092113806147,0.5110865130658149,0.36457549936451517,1.0,0.487764711636333
2022-12-03 01:00:00,0.933092113806147,0.5110865130658149,0.3636817151419877,1.0,0.48898274233688993
2022-12-03 02:00:00,0.933092113806147,0.5110865130658149,0.36369026810105487,1.0,0.48828144162782405
2022-12-03 03:00:00,0.933092113806147,0.5110865130658149,0.36325620542839204,1.0,0.4876993920195321
2022-12-03 04:00:00,0.933092113806147,0.5110865130658149,0.36306376384937894,1.0,0.48744134046905785
2022-12-03 05:00:00,0.933092113806147,0.5110865130658149,0.3629525753815047,1.0,0.4872922440176727
2022-12-03 06:00:00,0.933092113806147,0.5110865130658149,0.36289911938733443,1.0,0.48722056303142985
2022-12-03 07:00:00,0.933092113806147,0.5110865130658149,0.3621571501882507,1.0,0.4862256309423792
2022-12-03 08:00:00,0.933092113806147,0.5110865130658149,0.3618321377436952,1.0,0.4857898105460226
2022-12-03 09:00:00,0.933092113806147,0.5110865130658149,0.36150926353890656,1.0,0.4853568573891157
2022-12-03 10:00:00,0.933092113806147,0.5110865130658149,0.3621614266677842,1.0,0.48623136542127854
2022-12-03 11:00:00,0.933092113806147,0.5110865130658149,0.36184496718229603,1.0,0.48580701398272086
2022-12-03 12:00:00,0.933092113806147,0.5110865130658149,0.3614878811412384,1.0,0.4853281849946186
2022-12-03 13:00:00,0.933092113806147,0.5110865130658149,0.36189842317646637,1.0,0.4858786949689637
2022-12-03 14:00:00,0.933092113806147,0.5110865130658149,0.36163114320561485,1.0,0.48552029003774944
2022-12-03 15:00:00,0.933092113806147,0.5110865130658149,0.3614942958605389,1.0,0.4853367867129678
2022-12-03 16:00:00,0.933092113806147,0.5110865130658149,0.36181503182556074,1.0,0.48576687263042495
2022-12-03 17:00:00,0.933092113806147,0.5110865130658149,0.36166749328165065,1.0,0.4855690331083946
2022-12-03 18:00:00,0.933092113806147,0.5110865130658149,0.3620288558022419,1.0,0.4860535965753963
2022-12-03 19:00:00,0.933092113806147,0.5110865130658149,0.3619860910069057,1.0,0.48599625178640204
2022-12-03 20:00:00,0.933092113806147,0.5110865130658149,0.3616332814453817,1.0,0.48552315727719925
2022-12-03 21:00:00,0.933092113806147,0.5110865130658149,0.3612505365271223,1.0,0.4850099214157004
2022-12-03 22:00:00,0.933092113806147,0.5110865130658149,0.3615477518547092,1.0,0.48540846769921064
2022-12-03 23:00:00,0.933092113806147,0.5110865130658149,0.36054919388360795,1.0,0.4840694668761942
2022-12-04 00:00:00,0.933092113806147,0.5110865130658149,0.3602241814390525,1.0,0.48363364647983764
2022-12-04 01:00:00,0.933092113806147,0.5110865130658149,0.3615285076968079,1.0,0.4853826625441632
2022-12-04 02:00:00,0.933092113806147,0.5110865130658149,0.3619347732525022,1.0,0.48524713847289164
2022-12-04 03:00:00,0.933092113806147,0.5110865130658149,0.36205879115897727,1.0,0.48508107196818556
2022-12-04 04:00:00,0.933092113806147,0.5110865130658149,0.36177226703022447,1.0,0.48546474285836855
2022-12-04 05:00:00,0.933092113806147,0.5110865130658149,0.3627857926796934,1.0,0.4841075786647359
2022-12-04 06:00:00,0.933092113806147,0.5110865130658149,0.3630145843347423,1.0,0.4838012145957091
2022-12-04 07:00:00,0.933092113806147,0.5110865130658149,0.3626660512527519,1.0,0.4842679187382452
2022-12-04 08:00:00,0.933092113806147,0.5110865130658149,0.3625420333462768,1.0,0.4844339852429513
2022-12-04 09:00:00,0.933092113806147,0.5110865130658149,0.36292905474406983,1.0,0.4839157432196443
2022-12-04 10:00:00,0.933092113806147,0.5110865130658149,0.3626339776562498,1.0,0.4843108669722209
2022-12-04 11:00:00,0.933092113806147,0.5110865130658149,0.3626852954106532,1.0,0.48424214979785984
2022-12-04 12:00:00,0.933092113806147,0.5110865130658149,0.36148360466170487,1.0,0.48585127696415004
2022-12-04 13:00:00,0.933092113806147,0.5110865130658149,0.36175088463255634,1.0,0.4854933750143524
2022-12-04 14:00:00,0.933092113806147,0.5110865130658149,0.36150926353890656,1.0,0.48581691837696955
2022-12-04 15:00:00,0.933092113806147,0.5110865130658149,0.3627772397206262,1.0,0.4841190315271294
2022-12-04 16:00:00,0.933092113806147,0.5110865130658149,0.3632754495862934,1.0,0.4834519022927065
2022-12-04 17:00:00,0.933092113806147,0.5110865130658149,0.36292691650430303,1.0,0.48391860643524265
2022-12-04 18:00:00,0.933092113806147,0.5110865130658149,0.3637480005747588,1.0,0.4828191316454643
2022-12-04 19:00:00,0.933092113806147,0.5110865130658149,0.36398534518887504,1.0,0.48250131471404395
2022-12-04 20:00:00,0.933092113806147,0.5110865130658149,0.3644600344171073,1.0,0.48186568085120335
2022-12-04 21:00:00,0.933092113806147,0.5110865130658149,0.3645263198498785,1.0,0.48177692116765347
2022-12-04 22:00:00,0.933092113806147,0.5110865130658149,0.36497962668044265,1.0,0.4811699194607966
2022-12-04 23:00:00,0.933092113806147,0.5110865130658149,0.3648235351774653,1.0,0.4813789341994785
2022-12-05 00:00:00,0.933092113806147,0.5110865130658149,0.36492830892603917,1.0,0.4812386366351578
2022-12-05 01:00:00,0.933092113806147,0.5110865130658149,0.36720125779816043,1.0,0.4781950384540785
2022-12-05 02:00:00,0.933092113806147,0.5110865130658149,0.36829389831900144,1.0,0.47605259346189316
2022-12-05 03:00:00,0.933092113806147,0.5110865130658149,0.36782562381006956,1.0,0.4754480321099022
2022-12-05 04:00:00,0.933092113806147,0.5110865130658149,0.3668655541547709,1.0,0.47420854331061485
2022-12-05 05:00:00,0.933092113806147,0.5110865130658149,0.37019906995123103,1.0,0.478512247181637
2022-12-05 06:00:00,0.933092113806147,0.5110865130658149,0.3698505368692407,1.0,0.4780622768602922
2022-12-05 07:00:00,0.933092113806147,0.5110865130658149,0.36919409726082936,1.0,0.4772147867458574
2022-12-05 08:00:00,0.933092113806147,0.5110865130658149,0.3692945945298695,1.0,0.4773445327894354
2022-12-05 09:00:00,0.933092113806147,0.5110865130658149,0.37026749362376904,1.0,0.47860058491343477
2022-12-05 10:00:00,0.933092113806147,0.5110865130658149,0.36909359999178915,1.0,0.4770850407022794
2022-12-05 11:00:00,0.933092113806147,0.5110865130658149,0.3689781350443813,1.0,0.47693597077987077
2022-12-05 12:00:00,0.933092113806147,0.5110865130658149,0.3692625209333673,1.0,0.47730312447765516
2022-12-05 13:00:00,0.933092113806147,0.5110865130658149,0.36808007434232026,1.0,0.4757765380500252
2022-12-05 14:00:00,0.933092113806147,0.5110865130658149,0.36757758799711937,1.0,0.4751278078321354
2022-12-05 15:00:00,0.933092113806147,0.5110865130658149,0.3670387515758827,1.0,0.47443214819422797
2022-12-05 16:00:00,0.933092113806147,0.5110865130658149,0.3643787813059684,1.0,0.47099801887059
2022-12-05 17:00:00,0.933092113806147,0.5110865130658149,0.36356411195481303,1.0,0.469946247751373
2022-12-05 18:00:00,0.933092113806147,0.5110865130658149,0.3638121477677632,1.0,0.47026647202913985
2022-12-05 19:00:00,0.933092113806147,0.5110865130658149,0.3636581945045527,1.0,0.47006771213259485
2022-12-05 20:00:00,0.933092113806147,0.5110865130658149,0.36107947734577733,1.0,0.46673848386546685
2022-12-05 21:00:00,0.933092113806147,0.5110865130658149,0.36132109843942706,1.0,0.46705042648087763
2022-12-05 22:00:00,0.933092113806147,0.5110865130658149,0.3620480999601432,1.0,0.46798901488122885
2022-12-05 23:00:00,0.933092113806147,0.5110865130658149,0.36146222226403674,1.0,0.46723262305271057
2022-12-06 00:00:00,0.933092113806147,0.5110865130658149,0.36190697613553363,1.0,0.467806818309396
2022-12-06 01:00:00,0.933092113806147,0.5110865130658149,0.3635491442764453,1.0,0.4699269238725422
2022-12-06 02:00:00,0.933092113806147,0.5110865130658149,0.36327972606582704,1.0,0.4689216801498988
2022-12-06 03:00:00,0.933092113806147,0.5110865130658149,0.3633331820599973,1.0,0.4688527635818387
2022-12-06 04:00:00,0.933092113806147,0.5110865130658149,0.3627024013287878,1.0,0.469665979084948
2022-12-06 05:00:00,0.933092113806147,0.5110865130658149,0.36269384836972046,1.0,0.4696770057358377
2022-12-06 06:00:00,0.933092113806147,0.5110865130658149,0.36210797067361394,1.0,0.47043233132177653
2022-12-06 07:00:00,0.933092113806147,0.5110865130658149,0.3626681894925187,1.0,0.4697100856885066
2022-12-06 08:00:00,0.933092113806147,0.5110865130658149,0.3626660512527519,1.0,0.46971284235122895
2022-12-06 09:00:00,0.933092113806147,0.5110865130658149,0.3633203526213964,1.0,0.4688693035581732
2022-12-06 10:00:00,0.933092113806147,0.5110865130658149,0.362039547001076,1.0,0.4705205445288934
2022-12-06 11:00:00,0.933092113806147,0.5110865130658149,0.36191980557413445,1.0,0.4706749176413481
2022-12-06 12:00:00,0.933092113806147,0.5110865130658149,0.3622576474572908,1.0,0.47023936493120827
2022-12-06 13:00:00,0.933092113806147,0.5110865130658149,0.3625163744690751,1.0,0.4699058087417972
2022-12-06 14:00:00,0.933092113806147,0.5110865130658149,0.36229185929355984,1.0,0.4701952583276497
2022-12-06 15:00:00,0.933092113806147,0.5110865130658149,0.3619925057262061,1.0,0.4705811911087863
2022-12-06 16:00:00,0.933092113806147,0.5110865130658149,0.3622640621765913,1.0,0.47023109494304094
2022-12-06 17:00:00,0.933092113806147,0.5110865130658149,0.36231110345146106,1.0,0.47017044836314814
2022-12-06 18:00:00,0.933092113806147,0.5110865130658149,0.36178295822905854,1.0,0.47085134405558193
2022-12-06 19:00:00,0.933092113806147,0.5110865130658149,0.36205879115897727,1.0,0.47049573456439187
2022-12-06 20:00:00,0.933092113806147,0.5110865130658149,0.36203313228177547,1.0,0.4705288145170607
2022-12-06 21:00:00,0.933092113806147,0.5110865130658149,0.36247147143397196,1.0,0.4699636986589678
2022-12-06 22:00:00,0.933092113806147,0.5110865130658149,0.36252065094860875,1.0,0.4699002954163524
2022-12-06 23:00:00,0.933092113806147,0.5110865130658149,0.3621015559543135,1.0,0.47044060130994375
2022-12-07 00:00:00,0.933092113806147,0.5110865130658149,0.3644835550545422,1.0,0.4673696790371851
2022-12-07 01:00:00,0.933092113806147,0.5110865130658149,0.3640088658263099,1.0,0.46798165816155896
2022-12-07 02:00:00,0.933092113806147,0.5107287525066688,0.3635512825162121,1.0,0.4679150938034908
2022-12-07 03:00:00,0.933092113806147,0.51107677532729,0.36379931832916235,1.0,0.4682339423702838
2022-12-07 04:00:00,0.933092113806147,0.5101977176855487,0.3631728140774864,1.0,0.4674285748696775
2022-12-07 05:00:00,0.933092113806147,0.5105967438505712,0.3634571999664724,1.0,0.4677941512436728
2022-12-07 06:00:00,0.933092113806147,0.5095946781429206,0.36274302788435714,1.0,0.4668760872668724
2022-12-07 07:00:00,0.933092113806147,0.5080465766305023,0.3616396961646821,1.0,0.46545776088355206
2022-12-07 08:00:00,0.933092113806147,0.5023372022542778,0.35757062588843863,1.0,0.46022699517142285
2022-12-07 09:00:00,0.933092113806147,0.5032492620600435,0.3582206507775495,1.0,0.46106259831198365
2022-12-07 10:00:00,0.933092113806147,0.5044523409485702,0.3590780849240412,1.0,0.46216482482305243
2022-12-07 11:00:00,0.933092113806147,0.5042033246200222,0.3589006110233957,1.0,0.4619366831761229
2022-12-07 12:00:00,0.933092113806147,0.5032912648142565,0.3582505861342849,1.0,0.46110108003556216
2022-12-07 13:00:00,0.933092113806147,0.5032432616665845,0.35821637429801584,1.0,0.461057100922901
2022-12-07 14:00:00,0.933092113806147,0.5050643810813866,0.3595142858364708,1.0,0.4627255585094814
2022-12-07 15:00:00,0.933092113806147,0.5045033442929714,0.35911443500007695,1.0,0.46221155263025476
2022-12-07 16:00:00,0.933092113806147,0.5045483472439138,0.35914650859657915,1.0,0.4622527830483746
2022-12-07 17:00:00,0.933092113806147,0.50368429058582,0.35853069554373723,1.0,0.46146115902047485
2022-12-07 18:00:00,0.933092113806147,0.5036362874381481,0.3584964837074683,1.0,0.4614171799078138
2022-12-07 19:00:00,0.933092113806147,0.5029342414034468,0.35799613560203425,1.0,0.4607739853851452
2022-12-07 20:00:00,0.933092113806147,0.503897304553614,0.358682510567181,1.0,0.4616563163329085
2022-12-07 21:00:00,0.933092113806147,0.5040263130129822,0.35877445487715387,1.0,0.4617745101981852
2022-12-07 22:00:00,0.933092113806147,0.5043113317022839,0.35897758765500104,1.0,0.46203563617961046
2022-12-07 23:00:00,0.933092113806147,0.504695356883659,0.35925128234515297,1.0,0.4623874690808992
2022-12-08 00:00:00,0.933092113806147,0.5045153450798895,0.3591229879591442,1.0,0.4622225474084201
2022-12-08 01:00:00,0.933092113806147,0.5038102988484586,0.3586205016139434,1.0,0.4615766041912102
2022-12-08 02:00:00,0.933092113806147,0.5035363847411086,0.35892840814036436,1.0,0.4613256519105609
2022-12-08 03:00:00,0.933092113806147,0.5040367116405394,0.3592854941814219,1.0,0.46086726669741096
2022-12-08 04:00:00,0.933092113806147,0.5037371146947724,0.35907167020474073,1.0,0.46114174886097387
2022-12-08 05:00:00,0.933092113806147,0.5031319288643231,0.3586397457718447,1.0,0.4616962028313708
2022-12-08 06:00:00,0.933092113806147,0.5032757353982913,0.35874238128065167,1.0,0.4615644513928607
2022-12-08 07:00:00,0.933092113806147,0.5027993762545216,0.35840240115772853,1.0,0.4620008780329257
2022-12-08 08:00:00,0.933092113806147,0.5034734693824975,0.35888350510526124,1.0,0.46138329316490917
2022-12-08 09:00:00,0.933092113806147,0.5037281267863994,0.35906525548544027,1.0,0.4611499833258807
2022-12-08 10:00:00,0.933092113806147,0.5027394568653683,0.35835963636239226,1.0,0.4620557744656383
2022-12-08 11:00:00,0.933092113806147,0.5033686104514791,0.3588086667134228,1.0,0.4614793619221562
2022-12-08 12:00:00,0.933092113806147,0.5042284536858304,0.35942234152649793,1.0,0.46069159811273064
2022-12-08 13:00:00,0.933092113806147,0.5035333887716509,0.3589262699005975,1.0,0.4613283967321966
2022-12-08 14:00:00,0.933092113806147,0.5044351755784097,0.359569880070408,1.0,0.4605022054198722
2022-12-08 15:00:00,0.933092113806147,0.5056814988728005,0.3604593878134018,1.0,0.45936035961945054
2022-12-08 16:00:00,0.933092113806147,0.5061968056195197,0.3608271650532935,1.0,0.45888825029812236
2022-12-08 17:00:00,0.933092113806147,0.5070626407927863,0.36144511634590215,1.0,0.4580949968454256
2022-12-08 18:00:00,0.933092113806147,0.5076708225926935,0.3618791790185651,1.0,0.45753779805339284
2022-12-08 19:00:00,0.933092113806147,0.5161494161579001,0.3679303975586434,1.0,0.4497699528245626
2022-12-08 20:00:00,0.933092113806147,0.5162093355470535,0.36797316235397964,1.0,0.44971505639185005
2022-12-08 21:00:00,0.933092113806147,0.5145435765285888,0.3667843010436321,1.0,0.45124117722125984
2022-12-08 22:00:00,0.933092113806147,0.5141930481020414,0.36653412699091503,1.0,0.45156232135262847
2022-12-08 23:00:00,0.933092113806147,0.5148042258714062,0.3669703279033447,1.0,0.4510023777389601
2022-12-09 00:00:00,0.933092113806147,0.5154333794575169,0.3674193582543753,1.0,0.450425965195478
2022-12-09 01:00:00,0.933092113806147,0.5148641452605596,0.367013092698681,1.0,0.4509474813062475
2022-12-09 02:00:00,0.933092113806147,0.5153926735200924,0.3676481499094242,1.0,0.44948641885254836
2022-12-09 03:00:00,0.933092113806147,0.5153926735200924,0.36723119315489583,1.0,0.44897726010739736
2022-12-09 04:00:00,0.933092113806147,0.5153926735200924,0.3669489455056766,1.0,0.4486325988029874
2022-12-09 05:00:00,0.933092113806147,0.5153926735200924,0.3673958376169404,1.0,0.4491783125349698
2022-12-09 06:00:00,0.933092113806147,0.5153926735200924,0.3672932021081333,1.0,0.44905298115154796
2022-12-09 07:00:00,0.933092113806147,0.5153926735200924,0.3672504373127971,1.0,0.4490007597417889
2022-12-09 08:00:00,0.933092113806147,0.5153926735200924,0.3671563547630574,1.0,0.44888587264031893
2022-12-09 09:00:00,0.933092113806147,0.5153926735200924,0.36699598678054646,1.0,0.4486900423537224
2022-12-09 10:00:00,0.933092113806147,0.5153926735200924,0.36775720013753155,1.0,0.44961958344743397
2022-12-09 11:00:00,0.933092113806147,0.5153926735200924,0.36723974611396304,1.0,0.4489877043893491
2022-12-09 12:00:00,0.933092113806147,0.5153926735200924,0.36775720013753155,1.0,0.44961958344743397
2022-12-09 13:00:00,0.933092113806147,0.5153926735200924,0.3681549127341587,1.0,0.4501052425581935
2022-12-09 14:00:00,0.933092113806147,0.5153926735200924,0.36586485794390283,1.0,0.4473087860655947
2022-12-09 15:00:00,0.933092113806147,0.5153926735200924,0.3659418345755081,1.0,0.4474027846031611
2022-12-09 16:00:00,0.933092113806147,0.5153926735200924,0.3664421826809421,1.0,0.44801377509734225
2022-12-09 17:00:00,0.933092113806147,0.5153926735200924,0.3659760464117771,1.0,0.4474445617309683
2022-12-09 18:00:00,0.933092113806147,0.5153926735200924,0.3661449673533553,1.0,0.44765083629951674
2022-12-09 19:00:00,0.933092113806147,0.5153926735200924,0.3657536694760286,1.0,0.44717301040022106
2022-12-09 20:00:00,0.933092113806147,0.5153926735200924,0.36568738404325746,1.0,0.44709206721509454
2022-12-09 21:00:00,0.933092113806147,0.5153926735200924,0.36477649390259553,1.0,0.44597975118722616
2022-12-09 22:00:00,0.933092113806147,0.5153926735200924,0.36505018859274746,1.0,0.4463139682096843
2022-12-09 23:00:00,0.933092113806147,0.5153926735200924,0.3654372099905404,1.0,0.44678657196800386
2022-12-10 00:00:00,0.933092113806147,0.5153926735200924,0.36540941287357187,1.0,0.4467526280516605
2022-12-10 01:00:00,0.933092113806147,0.5153926735200924,0.3659054844994723,1.0,0.44735839640486585
2022-12-10 02:00:00,0.933092113806147,0.5150318986486284,0.36587768738250376,1.0,0.446698197195675
2022-12-10 03:00:00,0.933092113806147,0.5147132335642944,0.36565103396722165,1.0,0.4469745822488236
2022-12-10 04:00:00,0.933092113806147,0.5149146539477886,0.3657942960315981,1.0,0.4467998860359844
2022-12-10 05:00:00,0.933092113806147,0.5150078484535843,0.36586058146436923,1.0,0.4467190564449693
2022-12-10 06:00:00,0.933092113806147,0.5144697253394732,0.3654778365461099,1.0,0.4471857821479276
2022-12-10 07:00:00,0.933092113806147,0.51492367277093,0.3658007107508985,1.0,0.4467920638174991
2022-12-10 08:00:00,0.933092113806147,0.5150499362949115,0.3658905168211046,1.0,0.4466825527587044
2022-12-10 09:00:00,0.933092113806147,0.5147102272899139,0.36564889572745485,1.0,0.44697718965498534
2022-12-10 10:00:00,0.933092113806147,0.5148244657163733,0.36573014883859367,1.0,0.44687810822083773
2022-12-10 11:00:00,0.933092113806147,0.515377620202387,0.36612358495568714,1.0,0.44639834548707047
2022-12-10 12:00:00,0.933092113806147,0.5155129025495099,0.3662198057451937,1.0,0.44628101220979044
2022-12-10 13:00:00,0.933092113806147,0.515212275111459,0.3660059817685125,1.0,0.4465417528259683
2022-12-10 14:00:00,0.933092113806147,0.515206262562698,0.36600170528897885,1.0,0.4465469676382919
2022-12-10 15:00:00,0.933092113806147,0.5154407519643776,0.36616848799079016,1.0,0.44634358995767315
2022-12-10 16:00:00,0.933092113806147,0.5167274373992354,0.36708365461098574,1.0,0.44522762012043193
2022-12-10 17:00:00,0.933092113806147,0.5161171636999922,0.3666495919383229,1.0,0.445756923571273
2022-12-10 18:00:00,0.933092113806147,0.5154768272569438,0.36619414686799195,1.0,0.44631230108373177
2022-12-10 19:00:00,0.933092113806147,0.5160269754685769,0.36658544474531857,1.0,0.4458351457561263
2022-12-10 20:00:00,0.933092113806147,0.5157053041098624,0.3663566530902696,1.0,0.44611413821543666
2022-12-10 21:00:00,0.933092113806147,0.5156151158784471,0.36629250589726525,1.0,0.44619236040029003
2022-12-10 22:00:00,0.933092113806147,0.5141931480964663,0.3652811184875632,1.0,0.4474256635148112
2022-12-10 23:00:00,0.933092113806147,0.5144967818088977,0.36549708070401116,1.0,0.44716231549247165
2022-12-11 00:00:00,0.933092113806147,0.5143164053460672,0.3653687863180024,1.0,0.4473187598621784
2022-12-11 01:00:00,0.933092113806147,0.5147432963080995,0.36567241636488973,1.0,0.4469485081872058
2022-12-11 02:00:00,0.933092113806147,0.5146921165083405,0.3661492438328888,1.0,0.4457416792993142
2022-12-11 03:00:00,0.933092113806147,0.5141397361519804,0.36575580771579547,1.0,0.44622006033480827
2022-12-11 04:00:00,0.933092113806147,0.5144219304644686,0.3659568022538757,1.0,0.4459756700231972
2022-12-11 05:00:00,0.933092113806147,0.5148242074631223,0.3662433263826286,1.0,0.44562728383430467
2022-12-11 06:00:00,0.933092113806147,0.5149262777463628,0.36631602653470025,1.0,0.4455388873386155
2022-12-11 07:00:00,0.933092113806147,0.5148842488062049,0.36628609117796485,1.0,0.44557528589566403
2022-12-11 08:00:00,0.933092113806147,0.5151964637902346,0.36650846811371335,1.0,0.4453048966147325
2022-12-11 09:00:00,0.933092113806147,0.5150043314923701,0.36637162076863733,1.0,0.44547129001838265
2022-12-11 10:00:00,0.933092113806147,0.5147551599185772,0.36619414686799195,1.0,0.4456870814637414
2022-12-11 11:00:00,0.933092113806147,0.5146951185754947,0.3661513820726557,1.0,0.4457390794023821
2022-12-11 12:00:00,0.933092113806147,0.514818203328814,0.36623904990309497,1.0,0.44563248362816876
2022-12-11 13:00:00,0.933092113806147,0.5146050565608707,0.36608723487965134,1.0,0.4458170763103431
2022-12-11 14:00:00,0.933092113806147,0.5144159263301604,0.3659525257743422,1.0,0.4459808698170612
2022-12-11 15:00:00,0.933092113806147,0.5144489490688559,0.3659760464117771,1.0,0.44595227095080886
2022-12-11 16:00:00,0.933092113806147,0.5143588870542319,0.3659118992187727,1.0,0.44603026785876987
2022-12-11 17:00:00,0.933092113806147,0.5146080586280248,0.36608937311941814,1.0,0.4458144764134111
2022-12-11 18:00:00,0.933092113806147,0.5150313500967574,0.36639086492653866,1.0,0.44544789094599435
2022-12-11 19:00:00,0.933092113806147,0.5159079537057637,0.36701523093844773,1.0,0.44468872104184065
2022-12-11 20:00:00,0.933092113806147,0.5150823852383776,0.3664272150025744,1.0,0.44540369269814983
2022-12-11 21:00:00,0.933092113806147,0.5128098204027002,0.3648085674990977,1.0,0.44737181467569903
2022-12-11 22:00:00,0.933092113806147,0.5131460519239628,0.3650480503529806,1.0,0.4470806262193114
2022-12-11 23:00:00,0.933092113806147,0.5127467769924634,0.3647636644639946,1.0,0.4474264125112718
2022-12-12 00:00:00,0.933092113806147,0.5123114772551143,0.3644536196978068,1.0,0.4478033975664167
2022-12-12 01:00:00,0.933092113806147,0.5082917093357325,0.36159051665004543,1.0,0.45128465955840935
2022-12-12 02:00:00,0.933092113806147,0.5080166518374896,0.3616482491237493,1.0,0.4505904213085618
2022-12-12 03:00:00,0.933092113806147,0.5080166518374896,0.36052994972570657,1.0,0.4519820327533858
2022-12-12 04:00:00,0.933092113806147,0.5080166518374896,0.36085496217026203,1.0,0.4515775873621558
2022-12-12 05:00:00,0.933092113806147,0.5080166518374896,0.36118638933411795,1.0,0.45116515949609903
2022-12-12 06:00:00,0.933092113806147,0.5080166518374896,0.36147718994240435,1.0,0.450803287303946
2022-12-12 07:00:00,0.933092113806147,0.5080166518374896,0.3613232366791939,1.0,0.45099486669979166
2022-12-12 08:00:00,0.933092113806147,0.5080166518374896,0.3610089154334725,1.0,0.45138600796631007
2022-12-12 09:00:00,0.933092113806147,0.5080166518374896,0.3612676424452568,1.0,0.45106404814829154
2022-12-12 10:00:00,0.933092113806147,0.5080166518374896,0.361800064147193,1.0,0.4504015027376583
2022-12-12 11:00:00,0.933092113806147,0.5080166518374896,0.3623453152877301,1.0,0.4497229923773713
2022-12-12 12:00:00,0.933092113806147,0.5080166518374896,0.3623260711298288,1.0,0.44974693980185204
2022-12-12 13:00:00,0.933092113806147,0.5080166518374896,0.3617936494278926,1.0,0.4504094852124852
2022-12-12 14:00:00,0.933092113806147,0.5080166518374896,0.361971123328538,1.0,0.45018863674227416
2022-12-12 15:00:00,0.933092113806147,0.5080166518374896,0.3629632665803388,1.0,0.44895401396904605
2022-12-12 16:00:00,0.933092113806147,0.5080166518374896,0.3628007603580611,1.0,0.449156236664661
2022-12-12 17:00:00,0.933092113806147,0.5080166518374896,0.3626297011767161,1.0,0.44936910266004515
2022-12-12 18:00:00,0.933092113806147,0.5080166518374896,0.3628007603580611,1.0,0.449156236664661
2022-12-12 19:00:00,0.933092113806147,0.5080166518374896,0.36315784639911874,1.0,0.44871187889929653
2022-12-12 20:00:00,0.933092113806147,0.5080166518374896,0.36356197371504617,1.0,0.4482089829852015
2022-12-12 21:00:00,0.933092113806147,0.5080166518374896,0.36524690665129417,1.0,0.4461122529306674
2022-12-12 22:00:00,0.933092113806147,0.5080166518374896,0.3663823119674714,1.0,0.4446993548863051
2022-12-12 23:00:00,0.933092113806147,0.5080166518374896,0.3659888758503779,1.0,0.4451889466756887
2022-12-13 00:00:00,0.933092113806147,0.5080166518374896,0.36707723989168534,1.0,0.4438345867800569
2022-12-13 01:00:00,0.933092113806147,0.5080166518374896,0.36597818465154386,1.0,0.4452022508004002
2022-12-13 02:00:00,0.933092113806147,0.5080166518374896,0.36570021348185827,1.0,0.44491733392377647
2022-12-13 03:00:00,0.933092113806147,0.5080166518374896,0.36587982562227056,1.0,0.4451355885253922
2022-12-13 04:00:00,0.933092113806147,0.5080166518374896,0.36586058146436923,1.0,0.4451122041037905
2022-12-13 05:00:00,0.933092113806147,0.5080166518374896,0.3662454646223954,1.0,0.4455798925358241
2022-12-13 06:00:00,0.933092113806147,0.5080166518374896,0.3666346242599552,1.0,0.4460527775059914
2022-12-13 07:00:00,0.933092113806147,0.5080166518374896,0.3658755491427369,1.0,0.44513039198725846
2022-12-13 08:00:00,0.933092113806147,0.5080166518374896,0.36615565855218934,1.0,0.44547076523501633
2022-12-13 09:00:00,0.933092113806147,0.5080166518374896,0.3659974288094452,1.0,0.4452784933240691
2022-12-13 10:00:00,0.933092113806147,0.5080166518374896,0.3720101590337209,1.0,0.4525848259400609
2022-12-13 11:00:00,0.933092113806147,0.5080166518374896,0.37103512170005454,1.0,0.4514000152455757
2022-12-13 12:00:00,0.933092113806147,0.5080166518374896,0.3721427298992633,1.0,0.4527459186222058
2022-12-13 13:00:00,0.933092113806147,0.5080166518374896,0.371712943706134,1.0,0.45222366653976825
2022-12-13 14:00:00,0.933092113806147,0.5080166518374896,0.3819572504289309,1.0,0.46467197363906293
2022-12-13 15:00:00,0.933092113806147,0.5080166518374896,0.38138206393165847,1.0,0.4639730392600793
2022-12-13 16:00:00,0.933092113806147,0.5080166518374896,0.37882686741031796,1.0,0.4608681077251895
2022-12-13 17:00:00,0.933092113806147,0.5080166518374896,0.3789209499600577,1.0,0.4609824315641311
2022-12-13 18:00:00,0.933092113806147,0.5080166518374896,0.37652612142122815,1.0,0.4580723702092553
2022-12-13 19:00:00,0.933092113806147,0.5080166518374896,0.3780720687726333,1.0,0.45995091874459026
2022-12-13 20:00:00,0.933092113806147,0.5080166518374896,0.37863442583130485,1.0,0.4606342635091727
2022-12-13 21:00:00,0.933092113806147,0.5080166518374896,0.3787862408547485,1.0,0.4608187406129192
2022-12-13 22:00:00,0.933092113806147,0.5080166518374896,0.37920961232857736,1.0,0.4613331978881563
2022-12-13 23:00:00,0.933092113806147,0.5080166518374896,0.37937211855085506,1.0,0.4615306663372371
2022-12-14 00:00:00,0.933092113806147,0.5080166518374896,0.3794170215859581,1.0,0.461585229987641
2022-12-14 01:00:00,0.933092113806147,0.5080166518374896,0.3802872851710506,1.0,0.46264272549785035
2022-12-14 02:00:00,0.933092113806147,0.5076610401812033,0.379508965895931,1.0,0.46105058804174986
2022-12-14 03:00:00,0.933092113806147,0.5080524507636193,0.37980190474398423,1.0,0.4614060616056149
2022-12-14 04:00:00,0.933092113806147,0.5076896102967081,0.37953034829359916,1.0,0.46107653501721446
2022-12-14 05:00:00,0.933092113806147,0.5073953381070083,0.37931010959761746,1.0,0.4608092811699289
2022-12-14 06:00:00,0.933092113806147,0.5078896011052418,0.379680025077276,1.0,0.46125816384546675
2022-12-14 07:00:00,0.933092113806147,0.5078267468511313,0.3796329838024061,1.0,0.4612010804994446
2022-12-14 08:00:00,0.933092113806147,0.5083952921496772,0.3800584935160017,1.0,0.46171742531119025
2022-12-14 09:00:00,0.933092113806147,0.5093466769959879,0.3807705273583502,1.0,0.46258145959416186
2022-12-14 10:00:00,0.933092113806147,0.5086267100852664,0.3802316909371135,1.0,0.4619275958124537
2022-12-14 11:00:00,0.933092113806147,0.5089609804366728,0.38048186498983055,1.0,0.4622311754253896
2022-12-14 12:00:00,0.933092113806147,0.5088752700901583,0.3804177177968262,1.0,0.4621533344989958
2022-12-14 13:00:00,0.933092113806147,0.5113380140466741,0.3822608804758182,1.0,0.4643899637840451
2022-12-14 14:00:00,0.933092113806147,0.5107608977134768,0.3818289560429222,1.0,0.46386583487966004
2022-12-14 15:00:00,0.933092113806147,0.5155006798757271,0.3853762958160635,1.0,0.4681704381092388
2022-12-14 16:00:00,0.933092113806147,0.5154721097602223,0.38535491341839534,1.0,0.4681444911337742
2022-12-14 17:00:00,0.933092113806147,0.5166749116229755,0.3862551123602233,1.0,0.4692368588008344
2022-12-14 18:00:00,0.933092113806147,0.5164606357566893,0.3860947443777124,1.0,0.46904225648484976
2022-12-14 19:00:00,0.933092113806147,0.5200576132987467,0.3887867882441288,1.0,0.47230898069584415
2022-12-14 20:00:00,0.933092113806147,0.5078924581167923,0.3796821633170428,1.0,0.4612607585430132
2022-12-14 21:00:00,0.933092113806147,0.5071067799404096,0.3790941473811695,1.0,0.4605472167177364
2022-12-14 22:00:00,0.933092113806147,0.5089952645752785,0.38050752386703224,1.0,0.46226231179594707
2022-12-14 23:00:00,0.933092113806147,0.5090409767600863,0.3805417357033013,1.0,0.46230382695669053
2022-12-15 00:00:00,0.933092113806147,0.5083067247916123,0.37999220808323053,1.0,0.46163698968725003
2022-12-15 01:00:00,0.933092113806147,0.5078696020243885,0.3796650573989083,1.0,0.4612400009626415
2022-12-15 02:00:00,0.933092113806147,0.5026765010498468,0.3763058827252464,1.0,0.4565236999890273
2022-12-15 03:00:00,0.933092113806147,0.5050273687179753,0.37806779229309967,1.0,0.45865872480876146
2022-12-15 04:00:00,0.933092113806147,0.5053383451449486,0.3783008604276822,1.0,0.45894114920845935
2022-12-15 05:00:00,0.933092113806147,0.5048533360386599,0.3779373596673241,1.0,0.45850067078691226
2022-12-15 06:00:00,0.933092113806147,0.505010250749518,0.3780549628544988,1.0,0.4586431785115304
2022-12-15 07:00:00,0.933092113806147,0.505055898665404,0.37808917469076775,1.0,0.4586846353041466
2022-12-15 08:00:00,0.933092113806147,0.5042256771952276,0.3774669469186255,1.0,0.4579306398884396
2022-12-15 09:00:00,0.933092113806147,0.5023854955860738,0.37608778226903167,1.0,0.4562594129360991
2022-12-15 10:00:00,0.933092113806147,0.5043968568798001,0.3775952413046342,1.0,0.4580861028607503
2022-12-15 11:00:00,0.933092113806147,0.5034468096304229,0.3768832074622857,1.0,0.45722328336442564
2022-12-15 12:00:00,0.933092113806147,0.5049731618178606,0.3780271657375302,1.0,0.45860949486752967
2022-12-15 13:00:00,0.933092113806147,0.5039061417840257,0.3772274640647425,1.0,0.45764044234012613
2022-12-15 14:00:00,0.933092113806147,0.49885919408388124,0.3734449179172518,1.0,0.4530568757064979
2022-12-15 15:00:00,0.933092113806147,0.4974384027019299,0.3723800745133794,1.0,0.4517665330363188
2022-12-15 16:00:00,0.933092113806147,0.4967536839636401,0.3718668969693445,1.0,0.45114468114707584
2022-12-15 17:00:00,0.933092113806147,0.4958321666616918,0.37117624552466416,1.0,0.45030777214613643
2022-12-15 18:00:00,0.933092113806147,0.4958435786406632,0.37118479848373137,1.0,0.4503181363442904
2022-12-15 19:00:00,0.933092113806147,0.49594058046192097,0.37125749863580304,1.0,0.45040623202859986
2022-12-15 20:00:00,0.933092113806147,0.49706751338535626,0.3721021033436938,1.0,0.4514296965963122
2022-12-15 21:00:00,0.933092113806147,0.4963599706891235,0.37157181988152443,1.0,0.4507871163107612
2022-12-15 22:00:00,0.933092113806147,0.49575228280889133,0.3711163748111935,1.0,0.4502352227590581
2022-12-15 23:00:00,0.933092113806147,0.4942059596582535,0.36995744885758125,1.0,0.4488308739091844
2022-12-16 00:00:00,0.933092113806147,0.49469667475402784,0.370325226097473,1.0,0.4492765344298086
2022-12-16 01:00:00,0.933092113806147,0.49658821026855343,0.3717428790628694,1.0,0.4509944002738422
2022-12-16 02:00:00,0.933092113806147,0.49476762802137536,0.37089827435497863,1.0,0.44934097318528676
2022-12-16 03:00:00,0.933092113806147,0.4951835778586081,0.37121045736093317,1.0,0.44896321341671447
2022-12-16 04:00:00,0.933092113806147,0.49591006558802153,0.3717557085014702,1.0,0.44830342751955043
2022-12-16 05:00:00,0.933092113806147,0.4948644930519638,0.3709709745070502,1.0,0.4492530017323316
2022-12-16 06:00:00,0.933092113806147,0.49545707912144615,0.37141572837854714,1.0,0.4487148234318997
2022-12-16 07:00:00,0.933092113806147,0.49580180467148155,0.3716744553903314,1.0,0.4484017485552062
2022-12-16 08:00:00,0.933092113806147,0.49812656540560446,0.3734192590400501,1.0,0.44629043368428134
2022-12-16 09:00:00,0.933092113806147,0.4901067106671777,0.36740011409647394,1.0,0.45357395250983723
2022-12-16 10:00:00,0.933092113806147,0.4848076236996915,0.3634229881302034,1.0,0.4583865084656219
2022-12-16 11:00:00,0.933092113806147,0.48352843550162633,0.3624629184749048,1.0,0.4595482491237656
2022-12-16 12:00:00,0.933092113806147,0.4845113306649504,0.36320061119445496,1.0,0.4586555976158378
2022-12-16 13:00:00,0.933092113806147,0.4846936648401757,0.36333745853953087,1.0,0.45849000429262804
2022-12-16 14:00:00,0.933092113806147,0.4822407003890974,0.3614964341003057,1.0,0.4607177519689348
2022-12-16 15:00:00,0.933092113806147,0.48452557552238984,0.363211302393289,1.0,0.458642660637462
2022-12-16 16:00:00,0.933092113806147,0.4828902658883376,0.36198395276713885,1.0,0.46012782575499994
2022-12-16 17:00:00,0.933092113806147,0.47832906253621643,0.35856063090047263,1.0,0.46427024623091995
2022-12-16 18:00:00,0.933092113806147,0.47793590447088685,0.35826555381265257,1.0,0.46462730683409104
2022-12-16 19:00:00,0.933092113806147,0.4782806300209222,0.3585242808244368,1.0,0.46431423195739757
2022-12-16 20:00:00,0.933092113806147,0.4798931478830712,0.35973452453245247,1.0,0.46284976600526095
2022-12-16 21:00:00,0.933092113806147,0.48010397177317554,0.35989275427519657,1.0,0.46265829872529957
2022-12-16 22:00:00,0.933092113806147,0.4790071177503356,0.35906953196497393,1.0,0.46365444606023354
2022-12-16 23:00:00,0.933092113806147,0.47585900425621075,0.3567067770226465,1.0,0.4665135182812777
2022-12-17 00:00:00,0.933092113806147,0.47326928917371336,0.3547631170746143,1.0,0.4688654609499918
2022-12-17 01:00:00,0.933092113806147,0.47536613218880475,0.35633686154298805,1.0,0.4669611377330791
2022-12-17 02:00:00,0.933092113806147,0.47365365586584585,0.3555499893088012,1.0,0.4672842128786362
2022-12-17 03:00:00,0.933092113806147,0.47341752941414594,0.35537251540815573,1.0,0.4675171640271304
2022-12-17 04:00:00,0.933092113806147,0.4738414190684023,0.3556911131334108,1.0,0.46709897461597827
2022-12-17 05:00:00,0.933092113806147,0.47476316569913424,0.3563839028178579,1.0,0.46618962314474816
2022-12-17 06:00:00,0.933092113806147,0.47424823934060806,0.3559968814200649,1.0,0.466697625046886
2022-12-17 07:00:00,0.933092113806147,0.4748342881243451,0.35643735881202826,1.0,0.4661194571361656
2022-12-17 08:00:00,0.933092113806147,0.4758442265623384,0.35719643392924655,1.0,0.4651230998142932
2022-12-17 09:00:00,0.933092113806147,0.4751301574132219,0.35665973574777665,1.0,0.4658275665404622
2022-12-17 10:00:00,0.933092113806147,0.47439048419102964,0.3561037934084055,1.0,0.4665572930297209
2022-12-17 11:00:00,0.933092113806147,0.4754715450542337,0.3569163245197941,1.0,0.4654907696992659
2022-12-17 12:00:00,0.933092113806147,0.4747830799781932,0.35639887049622554,1.0,0.46616997666234516
2022-12-17 13:00:00,0.933092113806147,0.4743648801179538,0.35608454925050426,1.0,0.4665825527928105
2022-12-17 14:00:00,0.933092113806147,0.4736650354538795,0.3555585422678684,1.0,0.46727298631726305
2022-12-17 15:00:00,0.933092113806147,0.4731671784774039,0.3551843503086763,1.0,0.467764148377341
2022-12-17 16:00:00,0.933092113806147,0.4745469535264934,0.35622139659558016,1.0,0.46640292781083925
2022-12-17 17:00:00,0.933092113806147,0.4743876392940212,0.35610165516863873,1.0,0.4665600996700641
2022-12-17 18:00:00,0.933092113806147,0.47378452112823366,0.3556483483380745,1.0,0.46715510742284433
2022-12-17 19:00:00,0.933092113806147,0.4745241943504259,0.3562042906774457,1.0,0.46642538093358565
2022-12-17 20:00:00,0.933092113806147,0.47431367197180196,0.35604606093470154,1.0,0.4666330723189901
2022-12-17 21:00:00,0.933092113806147,0.47455548821751864,0.35622781131488057,1.0,0.46639450788980935
2022-12-17 22:00:00,0.933092113806147,0.4748911860645137,0.3564801236073645,1.0,0.46606332432929953
2022-12-17 23:00:00,0.933092113806147,0.4756877572268746,0.35707883074207186,1.0,0.4652774650331748
2022-12-18 00:00:00,0.933092113806147,0.4767033854588847,0.35784218233882376,1.0,0.4642754944306159
2022-12-18 01:00:00,0.933092113806147,0.4759381081636166,0.3572669958415513,1.0,0.4650304806829642
2022-12-18 02:00:00,0.933092113806147,0.474655188771138,0.35655282375943603,1.0,0.46531370130459127
2022-12-18 03:00:00,0.933092113806147,0.474655188771138,0.35690563332096004,1.0,0.4657735496514396
2022-12-18 04:00:00,0.933092113806147,0.474655188771138,0.35716649857251115,1.0,0.46611355873213955
2022-12-18 05:00:00,0.933092113806147,0.474655188771138,0.3575898700463399,1.0,0.46666537674835756
2022-12-18 06:00:00,0.933092113806147,0.474655188771138,0.3570702777830046,1.0,0.4659881455466355
2022-12-18 07:00:00,0.933092113806147,0.474655188771138,0.3569847481923321,1.0,0.46587666715952075
2022-12-18 08:00:00,0.933092113806147,0.474655188771138,0.35723919872458276,1.0,0.4662083153611872
2022-12-18 09:00:00,0.933092113806147,0.474655188771138,0.35736963135035826,1.0,0.4663783199015371
2022-12-18 10:00:00,0.933092113806147,0.474655188771138,0.3561636641218762,1.0,0.46480647464321917
2022-12-18 11:00:00,0.933092113806147,0.474655188771138,0.3563518292213557,1.0,0.4650517270948717
2022-12-18 12:00:00,0.933092113806147,0.474655188771138,0.3564330823324946,1.0,0.4651576315626307
2022-12-18 13:00:00,0.933092113806147,0.474655188771138,0.35672815942031466,1.0,0.4655422319981765
2022-12-18 14:00:00,0.933092113806147,0.474655188771138,0.3564758471278308,1.0,0.465213370756188
2022-12-18 15:00:00,0.933092113806147,0.474655188771138,0.3558728635135898,1.0,0.4644274481270291
2022-12-18 16:00:00,0.933092113806147,0.474655188771138,0.3558814164726571,1.0,0.4644385959657406
2022-12-18 17:00:00,0.933092113806147,0.474655188771138,0.3560995169288719,1.0,0.4647228658528831
2022-12-18 18:00:00,0.933092113806147,0.474655188771138,0.35654213256060197,1.0,0.4652997665062019
2022-12-18 19:00:00,0.933092113806147,0.474655188771138,0.35724133696434957,1.0,0.466211102320865
2022-12-18 20:00:00,0.933092113806147,0.474655188771138,0.35736321663105786,1.0,0.4663699590225035
2022-12-18 21:00:00,0.933092113806147,0.474655188771138,0.3574679903796316,1.0,0.466506520046719
2022-12-18 22:00:00,0.933092113806147,0.474655188771138,0.3572178163269147,1.0,0.4661804457644085
2022-12-18 23:00:00,0.933092113806147,0.474655188771138,0.3575385522919365,1.0,0.46659848971608875
2022-12-19 00:00:00,0.933092113806147,0.474655188771138,0.35703606594673565,1.0,0.4659435541917896
2022-12-19 01:00:00,0.933092113806147,0.474655188771138,0.35781652346162207,1.0,0.4669607944742117
2022-12-19 02:00:00,0.933092113806147,0.4743229301389982,0.3580538680757382,1.0,0.4666159697513156
2022-12-19 03:00:00,0.933092113806147,0.4725462972951058,0.3567110535021802,1.0,0.46836373526014724
2022-12-19 04:00:00,0.933092113806147,0.47136659045449564,0.3558194075194195,1.0,0.46952427382254025
2022-12-19 05:00:00,0.933092113806147,0.47218701007985997,0.356439497051795,1.0,0.46871718465444917
2022-12-19 06:00:00,0.933092113806147,0.47202009712159615,0.35631334090555306,1.0,0.4688813855541643
2022-12-19 07:00:00,0.933092113806147,0.47295367807459693,0.35701896002860106,1.0,0.46796297374219864
2022-12-19 08:00:00,0.933092113806147,0.47252649406276936,0.35669608582381246,1.0,0.4683832167228253
2022-12-19 09:00:00,0.933092113806147,0.4734685621153429,0.3574081196661609,1.0,0.46745645571256905
2022-12-19 10:00:00,0.933092113806147,0.4733469136881337,0.357316175356188,1.0,0.46757612755473427
2022-12-19 11:00:00,0.933092113806147,0.4738306783637795,0.3576818143563128,1.0,0.46710022325217027
2022-12-19 12:00:00,0.933092113806147,0.4728292006141969,0.35692487747886137,1.0,0.46808542865046066
2022-12-19 13:00:00,0.933092113806147,0.4730894716677608,0.35712159553740813,1.0,0.467829386569549
2022-12-19 14:00:00,0.933092113806147,0.47215589071476,0.3564159764143601,1.0,0.4687477983815147
2022-12-19 15:00:00,0.933092113806147,0.47289426837758786,0.35697405699349805,1.0,0.4680214181302328
2022-12-19 16:00:00,0.933092113806147,0.4709931580732953,0.3555371598702003,1.0,0.4698916385473265
2022-12-19 17:00:00,0.933092113806147,0.47005391905391264,0.3548272642676186,1.0,0.47081561649148596
2022-12-19 18:00:00,0.933092113806147,0.46910619293495726,0.3541109539457366,1.0,0.47174794363393596
2022-12-19 19:00:00,0.933092113806147,0.4675389085471923,0.3529263691149227,1.0,0.4732897622515995
2022-12-19 20:00:00,0.933092113806147,0.4678529312313835,0.3531637137290388,1.0,0.47298084191484746
2022-12-19 21:00:00,0.933092113806147,0.4691118510013391,0.3541152304252702,1.0,0.47174237750174225
2022-12-19 22:00:00,0.933092113806147,0.4687865121843843,0.3538693328520868,1.0,0.4720624301028818
2022-12-19 23:00:00,0.933092113806147,0.46384136216667093,0.35013168973969927,1.0,0.476927229640203
2022-12-20 00:00:00,0.933092113806147,0.46445526236909873,0.3505956877690975,1.0,0.47632330429718317
2022-12-20 01:00:00,0.933092113806147,0.46517949486597204,0.35114307714940135,1.0,0.47561083937638554
2022-12-20 02:00:00,0.933092113806147,0.46783922573962233,0.3536490941561052,1.0,0.4716958207439802
2022-12-20 03:00:00,0.933092113806147,0.471822543317858,0.3566640122273103,1.0,0.46767966700787705
2022-12-20 04:00:00,0.933092113806147,0.47196097066632153,0.35676878597588413,1.0,0.46754009854470746
2022-12-20 05:00:00,0.933092113806147,0.4738170271549036,0.3581736095026796,1.0,0.46566874180384243
2022-12-20 06:00:00,0.933092113806147,0.47368424990229585,0.3580731122336395,1.0,0.4658026135950458
2022-12-20 07:00:00,0.933092113806147,0.47514762472891003,0.35918072043284816,1.0,0.464327175555825
2022-12-20 08:00:00,0.933092113806147,0.47417298319380985,0.358443027713298,1.0,0.46530985146997783
2022-12-20 09:00:00,0.933092113806147,0.4747690683065812,0.3588941963040953,1.0,0.46470885257755395
2022-12-20 10:00:00,0.933092113806147,0.47446961322623166,0.35866754288881325,1.0,0.4650107761917574
2022-12-20 11:00:00,0.933092113806147,0.47342434549293577,0.35787639417509276,1.0,0.4660646605054866
2022-12-20 12:00:00,0.933092113806147,0.47442723750731425,0.3586354692923111,1.0,0.4650535012315032
2022-12-20 13:00:00,0.933092113806147,0.47454871456821074,0.358727413602284,1.0,0.464931022784232
2022-12-20 14:00:00,0.933092113806147,0.4738848283051715,0.35822492725708316,1.0,0.46560038174024915
2022-12-20 15:00:00,0.933092113806147,0.47692457987551296,0.36052567324617296,1.0,0.46253557222248537
2022-12-20 16:00:00,0.933092113806147,0.4774104881190992,0.36089345048606464,1.0,0.46204565843340045
2022-12-20 17:00:00,0.933092113806147,0.47499789718873525,0.35906739372520713,1.0,0.4644781373629267
2022-12-20 18:00:00,0.933092113806147,0.4745261141847882,0.3587103076841495,1.0,0.46495380947209636
2022-12-20 19:00:00,0.933092113806147,0.47509959891413694,0.35914437035681235,1.0,0.46437559726753685
2022-12-20 20:00:00,0.933092113806147,0.47695283035479125,0.3605470556438411,1.0,0.46250708886265485
2022-12-20 21:00:00,0.933092113806147,0.4757295846020423,0.35962119782481144,1.0,0.4637404183433163
2022-12-20 22:00:00,0.933092113806147,0.4762606936124737,0.3600231869009721,1.0,0.4632049311785026
2022-12-20 23:00:00,0.933092113806147,0.47603751482617546,0.359854265959394,1.0,0.46342994972116364
2022-12-21 00:00:00,0.933092113806147,0.47674660185605994,0.3603909641408638,1.0,0.4627150173894176
2022-12-21 01:00:00,0.933092113806147,0.47525215150223965,0.35925983530422023,1.0,0.464221787124452
2022-12-21 02:00:00,0.933092113806147,0.4752864334952304,0.3597901187663896,1.0,0.46285502966001985
2022-12-21 03:00:00,0.933092113806147,0.4747842729696107,0.35940951208789707,1.0,0.4623660034463521
2022-12-21 04:00:00,0.933092113806147,0.47445984341654174,0.3591636145147137,1.0,0.46205005954426337
2022-12-21 05:00:00,0.933092113806147,0.47322136886178284,0.35822492725708316,1.0,0.4608439780397682
2022-12-21 06:00:00,0.933092113806147,0.47436392511389525,0.35909091436264207,1.0,0.46195665004277625
2022-12-21 07:00:00,0.933092113806147,0.47443445327760586,0.35914437035681235,1.0,0.46202533349975206
2022-12-21 08:00:00,0.933092113806147,0.47387304909446915,0.35871886064321673,1.0,0.4614786131822246
2022-12-21 09:00:00,0.933092113806147,0.4752159053315198,0.35973666277221933,1.0,0.46278634620304404
2022-12-21 10:00:00,0.933092113806147,0.4753428560261989,0.3598328835617259,1.0,0.4629099764256005
2022-12-21 11:00:00,0.933092113806147,0.47512562928197016,0.3596682390996813,1.0,0.462698431378115
2022-12-21 12:00:00,0.933092113806147,0.47565882219962263,0.36007236641560886,1.0,0.46321767831285215
2022-12-21 13:00:00,0.933092113806147,0.4743836729997342,0.35910588204100974,1.0,0.4619758814107295
2022-12-21 14:00:00,0.933092113806147,0.4746827124138673,0.3593325354562918,1.0,0.4622670992683069
2022-12-21 15:00:00,0.933092113806147,0.47330600265823564,0.3582890744500875,1.0,0.46092639818813913
2022-12-21 16:00:00,0.933092113806147,0.4751566616740028,0.3596917597371162,1.0,0.4627286520991843
2022-12-21 17:00:00,0.933092113806147,0.47287437029632656,0.35796192376576524,1.0,0.46050605543144724
2022-12-21 18:00:00,0.933092113806147,0.4738391955758881,0.35869320176601505,1.0,0.4614456451228763
2022-12-21 19:00:00,0.933092113806147,0.47311134492639423,0.3581415359061774,1.0,0.46073683184688585
2022-12-21 20:00:00,0.933092113806147,0.4721183083813485,0.35738887550825965,1.0,0.45976976877266656
2022-12-21 21:00:00,0.933092113806147,0.47286872804322966,0.35795764728623164,1.0,0.46050056075488915
2022-12-21 22:00:00,0.933092113806147,0.473235474494525,0.35823561845591717,1.0,0.4608577147311633
2022-12-21 23:00:00,0.933092113806147,0.47243991680786895,0.3576326348416762,1.0,0.4600829653364762
2022-12-22 00:00:00,0.933092113806147,0.4741720885086023,0.35894551405849884,1.0,0.46176983103980207
2022-12-22 01:00:00,0.933092113806147,0.47500149971383937,0.35957415654994157,1.0,0.46257754849383753
2022-12-22 02:00:00,0.933092113806147,0.47356647727245177,0.35873810480111806,1.0,0.4608572338894902
2022-12-22 03:00:00,0.933092113806147,0.47356647727245177,0.35946724456160095,1.0,0.45992170503501895
2022-12-22 04:00:00,0.933092113806147,0.47356647727245177,0.3594757975206682,1.0,0.4599107310895119
2022-12-22 05:00:00,0.933092113806147,0.47356647727245177,0.35911229676031015,1.0,0.46037712377355916
2022-12-22 06:00:00,0.933092113806147,0.47356647727245177,0.35886853742689356,1.0,0.4606898812205086
2022-12-22 07:00:00,0.933092113806147,0.47356647727245177,0.3585413867425713,1.0,0.46110963463615107
2022-12-22 08:00:00,0.933092113806147,0.47356647727245177,0.35895192877779925,1.0,0.46058288525181534
2022-12-22 09:00:00,0.933092113806147,0.47356647727245177,0.3591571997954132,1.0,0.4603195105596475
2022-12-22 10:00:00,0.933092113806147,0.47356647727245177,0.35937316201186126,1.0,0.46004241843559585
2022-12-22 11:00:00,0.933092113806147,0.47356647727245177,0.3588514315087591,1.0,0.46071182911152253
2022-12-22 12:00:00,0.933092113806147,0.47356647727245177,0.35911443500007695,1.0,0.46037438028718247
2022-12-22 13:00:00,0.933092113806147,0.47356647727245177,0.3587017547250822,1.0,0.46090387315789494
2022-12-22 14:00:00,0.933092113806147,0.47356647727245177,0.35799613560203425,1.0,0.461809223662222
2022-12-22 15:00:00,0.933092113806147,0.47356647727245177,0.3556868366538771,1.0,0.4647721889491105
2022-12-22 16:00:00,0.933092113806147,0.47356647727245177,0.35492134681735843,1.0,0.4657543570719865
2022-12-22 17:00:00,0.933092113806147,0.47356647727245177,0.35544093908069374,1.0,0.46508768988243654
2022-12-22 18:00:00,0.933092113806147,0.47356647727245177,0.3539612771620597,1.0,0.4669861824551466
2022-12-22 19:00:00,0.933092113806147,0.47356647727245177,0.35448942238446235,1.0,0.4663085413200897
2022-12-22 20:00:00,0.933092113806147,0.47356647727245177,0.355494395074864,1.0,0.46501910272301783
2022-12-22 21:00:00,0.933092113806147,0.47356647727245177,0.3579982738418011,1.0,0.46180648017584514
2022-12-22 22:00:00,0.933092113806147,0.47356647727245177,0.3583446686840246,1.0,0.46136203538281195
2022-12-22 23:00:00,0.933092113806147,0.47356647727245177,0.35842164531562987,1.0,0.46126326987324895
2022-12-23 00:00:00,0.933092113806147,0.47356647727245177,0.3588557079882927,1.0,0.460706342138769
2022-12-23 01:00:00,0.933092113806147,0.47356647727245177,0.35799399736226745,1.0,0.4618119671485987
2022-12-23 02:00:00,0.933092113806147,0.47356647727245177,0.3583874334793608,1.0,0.46066196530736514
2022-12-23 03:00:00,0.933092113806147,0.47356647727245177,0.3594843504797355,1.0,0.4592537792853559
2022-12-23 04:00:00,0.933092113806147,0.47356647727245177,0.35902676716963766,1.0,0.4598412097116911
2022-12-23 05:00:00,0.933092113806147,0.47356647727245177,0.3592085175498167,1.0,0.4596078845423524
2022-12-23 06:00:00,0.933092113806147,0.47356647727245177,0.35879369903505515,1.0,0.4601404149288432
2022-12-23 07:00:00,0.933092113806147,0.47356647727245177,0.35927480298258785,1.0,0.4595227894805936
2022-12-23 08:00:00,0.933092113806147,0.47356647727245177,0.35942234152649793,1.0,0.4593333843431303
2022-12-23 09:00:00,0.933092113806147,0.47356647727245177,0.3591657527544805,1.0,0.4596627845821968
2022-12-23 10:00:00,0.933092113806147,0.47356647727245177,0.35925983530422023,1.0,0.459542004494539
2022-12-23 11:00:00,0.933092113806147,0.47356647727245177,0.3596233360645783,1.0,0.45907535415586154
2022-12-23 12:00:00,0.933092113806147,0.47356647727245177,0.3593218442574577,1.0,0.4594623994367647
2022-12-23 13:00:00,0.933092113806147,0.47356647727245177,0.3599077219535643,1.0,0.4587102688908962
2022-12-23 14:00:00,0.933092113806147,0.47356647727245177,0.3592405911463189,1.0,0.4595667095124691
2022-12-23 15:00:00,0.933092113806147,0.47356647727245177,0.3581201535085093,1.0,0.4610050905563927
2022-12-23 16:00:00,0.933092113806147,0.47356647727245177,0.359080223163808,1.0,0.45977258466188564
2022-12-23 17:00:00,0.933092113806147,0.47356647727245177,0.35894551405849884,1.0,0.4599455197873955
2022-12-23 18:00:00,0.933092113806147,0.47356647727245177,0.3592576970644534,1.0,0.45954474949653135
2022-12-23 19:00:00,0.933092113806147,0.47356647727245177,0.3591400938772787,1.0,0.4596957246061035
2022-12-23 20:00:00,0.933092113806147,0.47356647727245177,0.3593475031346595,1.0,0.45942945941285807
2022-12-23 21:00:00,0.933092113806147,0.47356647727245177,0.3585798750583739,1.0,0.46041491512806526
2022-12-23 22:00:00,0.933092113806147,0.47356647727245177,0.3586974782455486,1.0,0.46026394001849313
2022-12-23 23:00:00,0.933092113806147,0.47356647727245177,0.3581885771810473,1.0,0.46091725049264165
2022-12-24 00:00:00,0.933092113806147,0.47356647727245177,0.35801751799970233,1.0,0.46113685065201926
2022-12-24 01:00:00,0.933092113806147,0.47356647727245177,0.3585242808244368,1.0,0.46048628517986295
2022-12-24 02:00:00,0.933092113806147,0.47356647727245177,0.3586482987309119,1.0,0.4596821484769801
2022-12-24 03:00:00,0.933092113806147,0.47356647727245177,0.35892840814036436,1.0,0.4593235785556959
2022-12-24 04:00:00,0.933092113806147,0.47356647727245177,0.35923631466678524,1.0,0.4589294253597806
2022-12-24 05:00:00,0.933092113806147,0.47356647727245177,0.3590011082924359,1.0,0.45923051460666037
2022-12-24 06:00:00,0.933092113806147,0.47356647727245177,0.35886426094736,1.0,0.4594056938048449
2022-12-24 07:00:00,0.933092113806147,0.47356647727245177,0.3587573489590194,1.0,0.4595425525534267
2022-12-24 08:00:00,0.933092113806147,0.47356647727245177,0.3593838532106953,1.0,0.45874056028673776
2022-12-24 09:00:00,0.933092113806147,0.47356647727245177,0.3589369610994316,1.0,0.45931262985580945
2022-12-24 10:00:00,0.933092113806147,0.47356647727245177,0.3590246289298709,1.0,0.45920040568197235
2022-12-24 11:00:00,0.933092113806147,0.47356647727245177,0.3589412375789652,1.0,0.45930715550586615
2022-12-24 12:00:00,0.933092113806147,0.47356647727245177,0.3589369610994316,1.0,0.45931262985580945
2022-12-24 13:00:00,0.933092113806147,0.47356647727245177,0.3588706756666604,1.0,0.45939748227993005
2022-12-24 14:00:00,0.933092113806147,0.47356647727245177,0.3587316900818176,1.0,0.4595753986530863
2022-12-24 15:00:00,0.933092113806147,0.47356647727245177,0.35903745836847173,1.0,0.4591839826321426
2022-12-24 16:00:00,0.933092113806147,0.47356647727245177,0.3591721674737809,1.0,0.4590115406089296
2022-12-24 17:00:00,0.933092113806147,0.47356647727245177,0.3591571997954132,1.0,0.4590307008337311
2022-12-24 18:00:00,0.933092113806147,0.47356647727245177,0.35926838826328744,1.0,0.4588883677352061
2022-12-24 19:00:00,0.933092113806147,0.47356647727245177,0.35927480298258785,1.0,0.4588801562102912
2022-12-24 20:00:00,0.933092113806147,0.47356647727245177,0.3592641117837538,1.0,0.4588938420851494
2022-12-24 21:00:00,0.933092113806147,0.47356647727245177,0.35923203818725163,1.0,0.4589348997097239
2022-12-24 22:00:00,0.933092113806147,0.47356647727245177,0.3588877815847949,1.0,0.459375584880157
2022-12-24 23:00:00,0.933092113806147,0.47356647727245177,0.3589412375789652,1.0,0.45930715550586615
2022-12-25 00:00:00,0.933092113806147,0.47356647727245177,0.35914437035681235,1.0,0.45904712388356084
2022-12-25 01:00:00,0.933092113806147,0.47356647727245177,0.35927480298258785,1.0,0.4588801562102912
2022-12-25 02:00:00,0.933092113806147,0.47356647727245177,0.3593261207369914,1.0,0.45817090942826955
2022-12-25 03:00:00,0.933092113806147,0.47356647727245177,0.3589177169415303,1.0,0.4576508087953868
2022-12-25 04:00:00,0.933092113806147,0.47356647727245177,0.35903959660823853,1.0,0.4578060220732627
2022-12-25 05:00:00,0.933092113806147,0.47356647727245177,0.35886853742689356,1.0,0.45758817887624376
2022-12-25 06:00:00,0.933092113806147,0.47356647727245177,0.35906525548544027,1.0,0.45783869855281556
2022-12-25 07:00:00,0.933092113806147,0.47356647727245177,0.35901393773103685,1.0,0.45777334559370997
2022-12-25 08:00:00,0.933092113806147,0.47356647727245177,0.3588813668654945,1.0,0.45760451711602024
2022-12-25 09:00:00,0.933092113806147,0.47356647727245177,0.3589946935731355,1.0,0.4577488382340453
2022-12-25 10:00:00,0.933092113806147,0.47356647727245177,0.35903745836847173,1.0,0.4578032990333
2022-12-25 11:00:00,0.933092113806147,0.47356647727245177,0.35889205806432856,1.0,0.4576181323158339
2022-12-25 12:00:00,0.933092113806147,0.47356647727245177,0.3588450167894586,1.0,0.4575582254366537
2022-12-25 13:00:00,0.933092113806147,0.47356647727245177,0.35874665776018533,1.0,0.4574329655983678
2022-12-25 14:00:00,0.933092113806147,0.47356647727245177,0.3586162251344097,1.0,0.4572668601606408
2022-12-25 15:00:00,0.933092113806147,0.47356647727245177,0.35902676716963766,1.0,0.45778968383348634
2022-12-25 16:00:00,0.933092113806147,0.47356647727245177,0.35818643894128055,1.0,0.45671952912813063
2022-12-25 17:00:00,0.933092113806147,0.47356647727245177,0.3586504369706788,1.0,0.45731042880004463
2022-12-25 18:00:00,0.933092113806147,0.47356647727245177,0.35824203317521763,1.0,0.45679032816716175
2022-12-25 19:00:00,0.933092113806147,0.47356647727245177,0.35791060601136176,1.0,0.4563682569729375
2022-12-25 20:00:00,0.933092113806147,0.47356647727245177,0.358237756695684,1.0,0.4567848820872363
2022-12-25 21:00:00,0.933092113806147,0.47356647727245177,0.357668984917712,1.0,0.4560605534571482
2022-12-25 22:00:00,0.933092113806147,0.47356647727245177,0.3590331818889381,1.0,0.45779785295337455
2022-12-25 23:00:00,0.933092113806147,0.47356647727245177,0.35882149615202374,1.0,0.4575282719970636
2022-12-26 00:00:00,0.933092113806147,0.47356647727245177,0.3590481495673058,1.0,0.4578169142331137
2022-12-26 01:00:00,0.933092113806147,0.47356647727245177,0.3589989700526691,1.0,0.45775428431397075
2022-12-26 02:00:00,0.933092113806147,0.47323498073836107,0.35949931815810315,1.0,0.45774972770739736
2022-12-26 03:00:00,0.933092113806147,0.47223418726167277,0.3602605315150883,1.0,0.45871777309730205
2022-12-26 04:00:00,0.933092113806147,0.472065514203804,0.360388825901097,1.0,0.4588809268147017
2022-12-26 05:00:00,0.933092113806147,0.47256028850688586,0.36001249570213806,1.0,0.45840234257699597
2022-12-26 06:00:00,0.933092113806147,0.473291205090984,0.3594565533627669,1.0,0.4576953431349308
2022-12-26 07:00:00,0.933092113806147,0.4732659041323036,0.3594757975206682,1.0,0.4577198161925408
2022-12-26 08:00:00,0.933092113806147,0.47348517910753307,0.3593090148188569,1.0,0.45750771635992127
2022-12-26 09:00:00,0.933092113806147,0.4736313624243527,0.35919782635098263,1.0,0.4573663164715082
2022-12-26 10:00:00,0.933092113806147,0.47381128035274617,0.35906097900590667,1.0,0.4571922858396152
2022-12-26 11:00:00,0.933092113806147,0.4733811640551806,0.359388129690229,1.0,0.4576083278189844
2022-12-26 12:00:00,0.933092113806147,0.47299602723971357,0.3596810685382822,1.0,0.4579808621403802
2022-12-26 13:00:00,0.933092113806147,0.47311409838022167,0.3595912624680761,1.0,0.4578666545382005
2022-12-26 14:00:00,0.933092113806147,0.4736735306888199,0.3591657527544805,1.0,0.4573255280421583
2022-12-26 15:00:00,0.933092113806147,0.47385344861721335,0.35902890540940446,1.0,0.4571514974102653
2022-12-26 16:00:00,0.933092113806147,0.47448597258422137,0.35854780146187176,1.0,0.4565396709700166
2022-12-26 17:00:00,0.933092113806147,0.4736313624243527,0.35919782635098263,1.0,0.4573663164715082
2022-12-26 18:00:00,0.933092113806147,0.4737578672177543,0.35910160556147613,1.0,0.45724395118345845
2022-12-26 19:00:00,0.933092113806147,0.4741992283858444,0.3587659019180866,1.0,0.456817032289596
2022-12-26 20:00:00,0.933092113806147,0.4735357810248937,0.3592705265030543,1.0,0.4574587702447014
2022-12-26 21:00:00,0.933092113806147,0.4735526483306806,0.3592576970644534,1.0,0.45744245487296137
2022-12-26 22:00:00,0.933092113806147,0.4737803569588035,0.3590844996433416,1.0,0.45722219735447184
2022-12-26 23:00:00,0.933092113806147,0.4736313624243527,0.35919782635098263,1.0,0.4573663164715082
2022-12-27 00:00:00,0.933092113806147,0.4713458424902304,0.3609362152814009,1.0,0.45957704934227356
2022-12-27 01:00:00,0.933092113806147,0.4727430176529104,0.35987351011729524,1.0,0.45822559271647967
2022-12-27 02:00:00,0.933092113806147,0.47217325905730906,0.3598029482049905,1.0,0.4574944681596731
2022-12-27 03:00:00,0.933092113806147,0.47181173034682217,0.36007878113490926,1.0,0.457844757766202
2022-12-27 04:00:00,0.933092113806147,0.4719406475614144,0.35998042210563586,1.0,0.4577198482941064
2022-12-27 05:00:00,0.933092113806147,0.47150625259920154,0.3603118492694917,1.0,0.45814073890660234
2022-12-27 06:00:00,0.933092113806147,0.47210039280558297,0.3598585424389276,1.0,0.4575650691656402
2022-12-27 07:00:00,0.933092113806147,0.47153988317692114,0.36028619039229004,1.0,0.45810815382692527
2022-12-27 08:00:00,0.933092113806147,0.4721788641535957,0.3597986717254568,1.0,0.45748903731306023
2022-12-27 09:00:00,0.933092113806147,0.4727141508489677,0.35939026792999573,1.0,0.456970391461533
2022-12-27 10:00:00,0.933092113806147,0.4718958067911214,0.3600146339419049,1.0,0.45776329506700925
2022-12-27 11:00:00,0.933092113806147,0.4723862527162005,0.3596404419827128,1.0,0.4572880959883848
2022-12-27 12:00:00,0.933092113806147,0.4731877814851869,0.35902890540940446,1.0,0.45651148492274707
2022-12-27 13:00:00,0.933092113806147,0.4737623038545653,0.358590566257208,1.0,0.4559548231449299
2022-12-27 14:00:00,0.933092113806147,0.4735381000031006,0.35876162543855294,1.0,0.4561720570094439
2022-12-27 15:00:00,0.933092113806147,0.4748524950823124,0.35775879098791813,1.0,0.4548985234787305
2022-12-27 16:00:00,0.933092113806147,0.47410981982433553,0.3583254245261233,1.0,0.4556181106549332
2022-12-27 17:00:00,0.933092113806147,0.47469835493443047,0.35787639417509276,1.0,0.45504787176058387
2022-12-27 18:00:00,0.933092113806147,0.4774084189890103,0.3558087163205854,1.0,0.4524220574232705
2022-12-27 19:00:00,0.933092113806147,0.47858829175734335,0.35490851737875756,1.0,0.45127886421126545
2022-12-27 20:00:00,0.933092113806147,0.47717580749311567,0.35598619022123085,1.0,0.4526474375577038
2022-12-27 21:00:00,0.933092113806147,0.47781759101793336,0.3554965333146309,1.0,0.45202560562053246
2022-12-27 22:00:00,0.933092113806147,0.47675262272347596,0.3563090644260195,1.0,0.4530574664769741
2022-12-27 23:00:00,0.933092113806147,0.47715338710796923,0.3560032961393653,1.0,0.4526691609441552
2022-12-28 00:00:00,0.933092113806147,0.4767021768568964,0.3563475527418221,1.0,0.45310634409648975
2022-12-28 01:00:00,0.933092113806147,0.4771954253301188,0.3559712225428631,1.0,0.4526284295945588
2022-12-28 02:00:00,0.933092113806147,0.4762849536440417,0.3561615258821094,1.0,0.4522360818597151
2022-12-28 03:00:00,0.933092113806147,0.47590798816611596,0.35587927823289023,1.0,0.4525940133656953
2022-12-28 04:00:00,0.933092113806147,0.4749627186722264,0.3551715208700754,1.0,0.4534915537329638
2022-12-28 05:00:00,0.933092113806147,0.47526257757512186,0.3553960360455907,1.0,0.45320683548957047
2022-12-28 06:00:00,0.933092113806147,0.4736490510976366,0.3541879305773419,1.0,0.45473889079925844
2022-12-28 07:00:00,0.933092113806147,0.4738660918273514,0.35435043679961953,1.0,0.45453280902308807
2022-12-28 08:00:00,0.933092113806147,0.4748456309101433,0.3550838530396361,1.0,0.45360272942800317
2022-12-28 09:00:00,0.933092113806147,0.4747313989471355,0.3549983234489636,1.0,0.4537111935207244
2022-12-28 10:00:00,0.933092113806147,0.4751711920047156,0.3553276123730527,1.0,0.4532936067637475
2022-12-28 11:00:00,0.933092113806147,0.47539108853350565,0.3554922568350973,1.0,0.453084813385259
2022-12-28 12:00:00,0.933092113806147,0.47578518880588255,0.35578733392291734,1.0,0.4527106122653707
2022-12-28 13:00:00,0.933092113806147,0.4750569600417078,0.35524208278238023,1.0,0.4534020708564688
2022-12-28 14:00:00,0.933092113806147,0.4749398722796248,0.35515441495194094,1.0,0.45351324655150804
2022-12-28 15:00:00,0.933092113806147,0.47742727327411977,0.35701682178883426,1.0,0.45115144093250237
2022-12-28 16:00:00,0.933092113806147,0.472909399137161,0.3536341264777375,1.0,0.4554411957996287
2022-12-28 17:00:00,0.933092113806147,0.4737889852523211,0.3542927043259156,1.0,0.4546060222856749
2022-12-28 18:00:00,0.933092113806147,0.47472854314806034,0.35499618520919685,1.0,0.45371390512304244
2022-12-28 19:00:00,0.933092113806147,0.47444581903961597,0.3547844994722824,1.0,0.4539823537525276
2022-12-28 20:00:00,0.933092113806147,0.4734348661669969,0.354027562594831,1.0,0.45494226097311086
2022-12-28 21:00:00,0.933092113806147,0.47348055895220004,0.35406177443109993,1.0,0.45489887533602236
2022-12-28 22:00:00,0.933092113806147,0.4714729322023378,0.352558591875031,1.0,0.4568051317655987
2022-12-28 23:00:00,0.933092113806147,0.47119877549111916,0.35235332085741705,1.0,0.4570654455881297
2022-12-29 00:00:00,0.933092113806147,0.4719841202367978,0.3529413367932904,1.0,0.456319754950671
2022-12-29 01:00:00,0.933092113806147,0.4730379100955448,0.35373034726724406,1.0,0.4553191736953173
2022-12-29 02:00:00,0.933092113806147,0.47140033902466527,0.35299906926699426,1.0,0.4556134092083553
2022-12-29 03:00:00,0.933092113806147,0.4712377873889507,0.352877189600286,1.0,0.45577051708204397
2022-12-29 04:00:00,0.933092113806147,0.4717282940791772,0.35324496684017764,1.0,0.455296437182492
2022-12-29 05:00:00,0.933092113806147,0.472047693784441,0.3534844496940606,1.0,0.45498773399208603
2022-12-29 06:00:00,0.933092113806147,0.47222735611865185,0.3536191587993698,1.0,0.45481408844748267
2022-12-29 07:00:00,0.933092113806147,0.47192791889496705,0.35339464362385453,1.0,0.4551034976884883
2022-12-29 08:00:00,0.933092113806147,0.47172544229609453,0.3532428286004109,1.0,0.45529919346097775
2022-12-29 09:00:00,0.933092113806147,0.4709526090806795,0.35266336562360484,1.0,0.45604614493062073
2022-12-29 10:00:00,0.933092113806147,0.4726979003272994,0.3539719683608938,1.0,0.454359302497331
2022-12-29 11:00:00,0.933092113806147,0.4730743356942175,0.35425421601011303,1.0,0.4539954737372096
2022-12-29 12:00:00,0.933092113806147,0.47288896979384115,0.3541152304252702,1.0,0.45417463183878454
2022-12-29 13:00:00,0.933092113806147,0.4734222532303084,0.3545150812616641,1.0,0.45365920776194596
2022-12-29 14:00:00,0.933092113806147,0.47335666221940603,0.3544659017470274,1.0,0.45372260216711857
2022-12-29 15:00:00,0.933092113806147,0.47379583681414367,0.3547951906711165,1.0,0.4532981352803104
2022-12-29 16:00:00,0.933092113806147,0.47335381043632324,0.35446376350726055,1.0,0.4537253584456044
2022-12-29 17:00:00,0.933092113806147,0.4737758743325648,0.35478022299274886,1.0,0.4533174292297107
2022-12-29 18:00:00,0.933092113806147,0.4733737729179023,0.3544787311856283,1.0,0.453706064496204
2022-12-29 19:00:00,0.933092113806147,0.4738899456558733,0.35486575258342135,1.0,0.45320717809028
2022-12-29 20:00:00,0.933092113806147,0.47329392299158635,0.35441886047215754,1.0,0.45378324029380546
2022-12-29 21:00:00,0.933092113806147,0.472860451963014,0.3540938480276021,1.0,0.4542021946236422
2022-12-29 22:00:00,0.933092113806147,0.47280626808444254,0.3540532214720327,1.0,0.45425456391487173
2022-12-29 23:00:00,0.933092113806147,0.4734678817596317,0.35454929309793304,1.0,0.4536151073061737
2022-12-30 00:00:00,0.933092113806147,0.4739298706190312,0.35489568794015663,1.0,0.4531685901914793
2022-12-30 01:00:00,0.933092113806147,0.47375020828482034,0.3547609788348475,1.0,0.4533422357360826
2022-12-30 02:00:00,0.933092113806147,0.472497466204017,0.3543183632031174,1.0,0.45327492744305053
2022-12-30 03:00:00,0.933092113806147,0.47240064107185686,0.3542456630510458,1.0,0.4531820414322384
2022-12-30 04:00:00,0.933092113806147,0.47222977319157416,0.35411736866503707,1.0,0.4530181249425697
2022-12-30 05:00:00,0.933092113806147,0.472645551700262,0.3544295516709916,1.0,0.4534169884007634
2022-12-30 06:00:00,0.933092113806147,0.4709254817054161,0.3531380548518371,1.0,0.45176689573809903
2022-12-30 07:00:00,0.933092113806147,0.47057805034884137,0.352877189600286,1.0,0.4514335988757729
2022-12-30 08:00:00,0.933092113806147,0.4686330043116232,0.3514167718395533,1.0,0.4495676828350448
2022-12-30 09:00:00,0.933092113806147,0.46935634500482,0.35195988474032364,1.0,0.45026159597464205
2022-12-30 10:00:00,0.933092113806147,0.4698376228676163,0.3523212472609149,1.0,0.45072329408720874
2022-12-30 11:00:00,0.933092113806147,0.4690459350223064,0.35172681660574107,1.0,0.449963814351744
2022-12-30 12:00:00,0.933092113806147,0.4692595198726598,0.35188718458825197,1.0,0.4501687099638298
2022-12-30 13:00:00,0.933092113806147,0.4692965412467211,0.35191498170522056,1.0,0.45020422520325803
2022-12-30 14:00:00,0.933092113806147,0.46847637542136406,0.35129916865237865,1.0,0.4494174260528485
2022-12-30 15:00:00,0.933092113806147,0.46690723872076795,0.3501209985408652,1.0,0.44791212628939153
2022-12-30 16:00:00,0.933092113806147,0.47091409051339733,0.35312950189276987,1.0,0.45175596797212114
2022-12-30 17:00:00,0.933092113806147,0.47070050566304394,0.35296913391025897,1.0,0.4515510723600354
2022-12-30 18:00:00,0.933092113806147,0.4703302919224314,0.3526911627405734,1.0,0.4511959199657533
2022-12-30 19:00:00,0.933092113806147,0.4712814564560051,0.3534053348226886,1.0,0.4521083884249087
2022-12-30 20:00:00,0.933092113806147,0.47014803285012985,0.35255431539549736,1.0,0.45102107571010674
2022-12-30 21:00:00,0.933092113806147,0.47139536837619356,0.3534908644133611,1.0,0.4522176660846878
2022-12-30 22:00:00,0.933092113806147,0.4718054512888721,0.353798770939782,1.0,0.45261106565989256
2022-12-30 23:00:00,0.933092113806147,0.47183677706692384,0.35382229157721695,1.0,0.45264111701633175
2022-12-31 00:00:00,0.933092113806147,0.4724376624459181,0.35427346016801436,1.0,0.4532175566716666
2022-12-31 01:00:00,0.933092113806147,0.4716630613886365,0.35369185895144145,1.0,0.4524744685851687
2022-12-31 02:00:00,0.933092113806147,0.47101962705965394,0.3532087429202881,1.0,0.45185721099196496
